seconds,phase,visible,playback_s,frame_ms,image_ms,detect_ms,rt,width,height,rotation,mirrored,sensor_fov,tag_m,x,y,z,qx,qy,qz,qw,processed_frames
2.1771,inicio,True,2.1266,106.332,119.993,20.057,True,512,512,0,False,60.00,0.1000,-0.000034,0.000116,0.277195,0.002541,-0.001034,-0.000204,0.999996,1
2.7684,inicio,True,2.7681,133.088,1.474,1.465,True,512,512,0,False,60.00,0.1000,-0.000034,0.000116,0.277195,0.002541,-0.001034,-0.000204,0.999996,2
2.9566,inicio,True,2.9565,117.500,1.722,1.264,True,640,480,0,False,60.00,0.1000,-0.000244,0.000274,1.039444,0.000479,-0.014225,-0.000350,0.999899,4
3.0897,inicio,True,3.0896,101.876,1.704,1.378,True,640,480,0,False,60.00,0.1000,-0.000244,0.000274,1.039444,0.000479,-0.014225,-0.000350,0.999899,5
3.1898,inicio,True,3.1896,92.101,1.735,1.384,True,640,480,0,False,60.00,0.1000,-0.000244,0.000274,1.039444,0.000479,-0.014225,-0.000350,0.999899,6
3.2898,inicio,True,3.2896,83.720,1.587,1.229,True,640,480,0,False,60.00,0.1000,-0.000244,0.000274,1.039444,0.000479,-0.014225,-0.000350,0.999899,7
3.4231,inicio,True,3.4229,74.372,1.621,1.255,True,640,480,0,False,60.00,0.1000,-0.000244,0.000274,1.039444,0.000479,-0.014225,-0.000350,0.999899,8
3.5564,inicio,True,3.5563,66.761,2.558,1.265,True,640,480,0,False,60.00,0.1000,-0.000244,0.000274,1.039444,0.000479,-0.014225,-0.000350,0.999899,10
3.6897,inicio,True,3.6896,60.560,2.074,1.233,True,640,480,0,False,60.00,0.1000,-0.000244,0.000274,1.039444,0.000479,-0.014225,-0.000350,0.999899,11
3.7897,inicio,True,3.7896,56.677,1.735,1.230,True,640,480,0,False,60.00,0.1000,-0.000244,0.000274,1.039444,0.000479,-0.014225,-0.000350,0.999899,12
3.9231,inicio,True,3.9229,52.346,2.138,1.215,True,640,480,0,False,60.00,0.1000,-0.000244,0.000274,1.039444,0.000479,-0.014225,-0.000350,0.999899,14
4.0231,inicio,True,4.0229,49.635,2.077,1.233,True,640,480,0,False,60.00,0.1000,-0.000244,0.000274,1.039444,0.000479,-0.014225,-0.000350,0.999899,15
4.1231,inicio,True,4.1230,47.311,2.124,1.245,True,640,480,0,False,60.00,0.1000,-0.000244,0.000274,1.039444,0.000479,-0.014225,-0.000350,0.999899,16
4.2564,inicio,True,4.2563,44.717,1.970,1.261,True,640,480,0,False,60.00,0.1000,-0.000244,0.000274,1.039444,0.000479,-0.014225,-0.000350,0.999899,17
4.3897,inicio,True,4.3896,42.606,2.029,1.237,True,640,480,0,False,60.00,0.1000,-0.000244,0.000274,1.039444,0.000479,-0.014225,-0.000350,0.999899,19
4.5230,inicio,True,4.5229,40.884,1.994,1.210,True,640,480,0,False,60.00,0.1000,-0.000244,0.000274,1.039444,0.000479,-0.014225,-0.000350,0.999899,20
4.6231,inicio,True,4.6229,39.809,2.087,1.201,True,640,480,0,False,60.00,0.1000,-0.000244,0.000274,1.039444,0.000479,-0.014225,-0.000350,0.999899,21
4.7231,inicio,True,4.7229,38.886,2.527,1.262,True,640,480,0,False,60.00,0.1000,-0.000244,0.000274,1.039444,0.000479,-0.014225,-0.000350,0.999899,23
4.8231,inicio,True,4.8229,38.094,2.185,1.398,True,640,480,0,False,60.00,0.1000,-0.000244,0.000274,1.039444,0.000479,-0.014225,-0.000350,0.999899,24
4.9564,inicio,True,4.9563,37.210,2.115,1.270,True,640,480,0,False,60.00,0.1000,-0.000244,0.000274,1.039444,0.000479,-0.014225,-0.000350,0.999899,26
5.0898,inicio,True,5.0896,36.491,1.800,1.230,True,640,480,0,False,60.00,0.1000,-0.000244,0.000274,1.039444,0.000479,-0.014225,-0.000350,0.999899,27
5.2231,inicio,True,5.2229,35.905,1.946,1.176,True,640,480,0,False,60.00,0.1000,-0.000244,0.000274,1.039444,0.000479,-0.014225,-0.000350,0.999899,29
5.3231,inicio,True,5.3230,35.540,1.899,1.219,True,640,480,0,False,60.00,0.1000,-0.000244,0.000274,1.039444,0.000479,-0.014225,-0.000350,0.999899,30
5.4564,inicio,True,5.4563,35.130,1.935,1.271,True,640,480,0,False,60.00,0.1000,-0.000244,0.000274,1.039444,0.000479,-0.014225,-0.000350,0.999899,32
5.5898,inicio,True,5.5896,34.798,2.030,1.238,True,640,480,0,False,60.00,0.1000,-0.000244,0.000274,1.039444,0.000479,-0.014225,-0.000350,0.999899,33
5.7231,inicio,True,5.7230,34.526,1.706,1.186,True,640,480,0,False,60.00,0.1000,-0.000244,0.000274,1.039444,0.000479,-0.014225,-0.000350,0.999899,35
5.8564,inicio,True,5.8563,34.304,2.361,1.219,True,640,480,0,False,60.00,0.1000,-0.000244,0.000274,1.039444,0.000479,-0.014225,-0.000350,0.999899,36
5.9564,inicio,True,5.9563,34.166,1.936,1.207,True,640,480,0,False,60.00,0.1000,-0.000244,0.000274,1.039444,0.000479,-0.014225,-0.000350,0.999899,38
6.0565,inicio,True,6.0563,34.047,2.036,1.227,True,640,480,0,False,60.00,0.1000,-0.000244,0.000274,1.039444,0.000479,-0.014225,-0.000350,0.999899,39
6.1897,inicio,True,6.1896,33.914,1.971,1.195,True,640,480,0,False,60.00,0.1000,-0.000244,0.000274,1.039444,0.000479,-0.014225,-0.000350,0.999899,40
6.2898,inicio,True,6.2896,33.832,2.047,1.209,True,640,480,0,False,60.00,0.1000,-0.000244,0.000274,1.039444,0.000479,-0.014225,-0.000350,0.999899,41
6.4231,inicio,True,6.4229,33.739,2.031,1.216,True,640,480,0,False,60.00,0.1000,-0.000244,0.000274,1.039444,0.000479,-0.014225,-0.000350,0.999899,42
6.5564,inicio,True,6.5563,33.664,1.930,1.215,True,640,480,0,False,60.00,0.1000,-0.000244,0.000274,1.039444,0.000479,-0.014225,-0.000350,0.999899,44
6.6564,inicio,True,6.6563,33.618,1.689,1.236,True,640,480,0,False,60.00,0.1000,-0.000244,0.000274,1.039444,0.000479,-0.014225,-0.000350,0.999899,45
6.7897,inicio,True,6.7896,33.564,1.950,1.204,True,640,480,0,False,60.00,0.1000,-0.000244,0.000274,1.039444,0.000479,-0.014225,-0.000350,0.999899,46
6.8898,inicio,True,6.8896,33.532,1.980,1.226,True,640,480,0,False,60.00,0.1000,-0.000244,0.000274,1.039444,0.000479,-0.014225,-0.000350,0.999899,47
7.0231,inicio,True,7.0229,33.495,2.026,1.204,True,640,480,0,False,60.00,0.1000,-0.000244,0.000274,1.039444,0.000479,-0.014225,-0.000350,0.999899,48
7.1231,inicio,True,7.1230,33.473,2.272,1.222,True,640,480,0,False,60.00,0.1000,-0.000244,0.000274,1.039444,0.000479,-0.014225,-0.000350,0.999899,49
7.2564,inicio,True,7.2563,33.447,1.946,1.203,True,640,480,0,False,60.00,0.1000,-0.000244,0.000274,1.039444,0.000479,-0.014225,-0.000350,0.999899,51
7.3897,inicio,True,7.3896,33.425,1.710,1.203,True,640,480,0,False,60.00,0.1000,-0.000244,0.000274,1.039444,0.000479,-0.014225,-0.000350,0.999899,52
7.4897,inicio,True,7.4896,33.412,1.712,1.186,True,640,480,0,False,60.00,0.1000,-0.000244,0.000274,1.039444,0.000479,-0.014225,-0.000350,0.999899,53
7.6231,inicio,True,7.6230,33.398,2.030,1.215,True,640,480,0,False,60.00,0.1000,-0.000244,0.000274,1.039444,0.000479,-0.014225,-0.000350,0.999899,55
7.7231,inicio,True,7.7230,33.389,1.993,1.218,True,640,480,0,False,60.00,0.1000,-0.000244,0.000274,1.039444,0.000479,-0.014225,-0.000350,0.999899,56
7.8564,inicio,True,7.8563,33.379,1.966,1.195,True,640,480,0,False,60.00,0.1000,-0.000244,0.000274,1.039444,0.000479,-0.014225,-0.000350,0.999899,58
7.9898,inicio,True,7.9896,33.370,1.748,1.214,True,640,480,0,False,60.00,0.1000,-0.000244,0.000274,1.039444,0.000479,-0.014225,-0.000350,0.999899,59
8.1233,inicio,True,8.1230,33.366,2.298,1.401,True,640,480,0,False,60.00,0.1000,-0.000244,0.000274,1.039444,0.000479,-0.014225,-0.000350,0.999899,61
8.2565,inicio,True,8.2563,33.358,2.425,1.409,True,640,480,0,False,60.00,0.1000,-0.000244,0.000274,1.039444,0.000479,-0.014225,-0.000350,0.999899,62
8.3898,inicio,True,8.3896,33.354,1.906,1.228,True,640,480,0,False,60.00,0.1000,-0.000244,0.000274,1.039444,0.000479,-0.014225,-0.000350,0.999899,64
8.5230,inicio,True,8.5229,33.348,1.958,1.230,True,640,480,0,False,60.00,0.1000,-0.000244,0.000274,1.039444,0.000479,-0.014225,-0.000350,0.999899,65
8.6231,inicio,True,8.6230,33.348,1.991,1.309,True,640,480,0,False,60.00,0.1000,-0.000244,0.000274,1.039444,0.000479,-0.014225,-0.000350,0.999899,66
8.7564,inicio,True,8.7563,33.343,1.985,1.223,True,640,480,0,False,60.00,0.1000,-0.000244,0.000274,1.039444,0.000479,-0.014225,-0.000350,0.999899,68
8.8564,inicio,True,8.8563,33.342,1.948,1.236,True,640,480,0,False,60.00,0.1000,-0.000244,0.000274,1.039444,0.000479,-0.014225,-0.000350,0.999899,69
8.9564,inicio,True,8.9563,33.341,1.839,1.239,True,640,480,0,False,60.00,0.1000,-0.000244,0.000274,1.039444,0.000479,-0.014225,-0.000350,0.999899,70
9.0565,inicio,True,9.0563,33.339,1.714,1.600,True,640,480,0,False,60.00,0.1000,-0.000244,0.000274,1.039444,0.000479,-0.014225,-0.000350,0.999899,72
9.1565,inicio,True,9.1563,33.340,1.676,1.359,True,640,480,0,False,60.00,0.1000,-0.000244,0.000274,1.039444,0.000479,-0.014225,-0.000350,0.999899,73
9.2897,inicio,True,9.2896,33.337,1.629,1.235,True,640,480,0,False,60.00,0.1000,-0.000244,0.000274,1.039444,0.000479,-0.014225,-0.000350,0.999899,74
9.3898,inicio,True,9.3896,33.337,1.653,1.247,True,640,480,0,False,60.00,0.1000,-0.000244,0.000274,1.039444,0.000479,-0.014225,-0.000350,0.999899,76
9.5231,inicio,True,9.5230,33.337,1.671,1.271,True,640,480,0,False,60.00,0.1000,-0.000244,0.000274,1.039444,0.000479,-0.014225,-0.000350,0.999899,77
9.6564,inicio,True,9.6563,33.337,1.548,1.246,True,640,480,0,False,60.00,0.1000,-0.000244,0.000274,1.039444,0.000479,-0.014225,-0.000350,0.999899,79
9.7898,inicio,True,9.7896,33.336,1.686,1.245,True,640,480,0,False,60.00,0.1000,-0.000244,0.000274,1.039444,0.000479,-0.014225,-0.000350,0.999899,80
9.9230,inicio,True,9.9229,33.333,1.316,1.225,True,640,480,0,False,60.00,0.1000,-0.000244,0.000274,1.039444,0.000479,-0.014225,-0.000350,0.999899,81
10.0231,inicio,True,10.0229,33.335,1.558,1.254,True,640,480,0,False,60.00,0.1000,-0.000244,0.000274,1.039444,0.000479,-0.014225,-0.000350,0.999899,83
10.1231,inicio,True,10.1230,33.335,1.732,1.356,True,640,480,0,False,60.00,0.1000,-0.000244,0.000274,1.039444,0.000479,-0.014225,-0.000350,0.999899,84
10.2231,inicio,True,10.2230,33.335,1.726,1.404,True,640,480,0,False,60.00,0.1000,-0.000244,0.000274,1.039444,0.000479,-0.014225,-0.000350,0.999899,85
10.3564,inicio,True,10.3563,33.333,1.677,1.251,True,640,480,0,False,60.00,0.1000,-0.000244,0.000274,1.039444,0.000479,-0.014225,-0.000350,0.999899,87
10.4898,inicio,True,10.4896,33.335,1.996,1.259,True,640,480,0,False,60.00,0.1000,-0.000244,0.000274,1.039444,0.000479,-0.014225,-0.000350,0.999899,89
10.6231,inicio,True,10.6230,33.334,2.159,1.236,True,640,480,0,False,60.00,0.1000,-0.000244,0.000274,1.039444,0.000479,-0.014225,-0.000350,0.999899,90
10.7564,inicio,True,10.7563,33.334,2.126,1.241,True,640,480,0,False,60.00,0.1000,-0.000244,0.000274,1.039444,0.000479,-0.014225,-0.000350,0.999899,92
10.8898,inicio,True,10.8896,33.334,1.824,1.253,True,640,480,0,False,60.00,0.1000,-0.000244,0.000274,1.039444,0.000479,-0.014225,-0.000350,0.999899,93
11.0231,inicio,True,11.0229,33.333,1.542,1.271,True,640,480,0,False,60.00,0.1000,-0.000244,0.000274,1.039444,0.000479,-0.014225,-0.000350,0.999899,94
11.1231,inicio,True,11.1230,33.335,1.634,1.451,True,640,480,0,False,60.00,0.1000,-0.000244,0.000274,1.039444,0.000479,-0.014225,-0.000350,0.999899,96
11.2565,inicio,True,11.2563,33.334,1.606,1.412,True,640,480,0,False,60.00,0.1000,-0.000244,0.000274,1.039444,0.000479,-0.014225,-0.000350,0.999899,97
11.3897,inicio,True,11.3896,33.332,1.599,1.257,True,640,480,0,False,60.00,0.1000,-0.000244,0.000274,1.039444,0.000479,-0.014225,-0.000350,0.999899,99
11.4897,inicio,True,11.4896,33.333,1.550,1.291,True,640,480,0,False,60.00,0.1000,-0.000244,0.000274,1.039444,0.000479,-0.014225,-0.000350,0.999899,100
11.6230,inicio,True,11.6229,33.332,1.665,1.281,True,640,480,0,False,60.00,0.1000,-0.000244,0.000274,1.039444,0.000479,-0.014225,-0.000350,0.999899,102
11.7231,inicio,True,11.7229,33.333,1.533,1.241,True,640,480,0,False,60.00,0.1000,-0.000244,0.000274,1.039444,0.000479,-0.014225,-0.000350,0.999899,103
11.8564,inicio,True,11.8563,33.334,1.590,1.267,True,640,480,0,False,60.00,0.1000,-0.000244,0.000274,1.039444,0.000479,-0.014225,-0.000350,0.999899,105
11.9898,inicio,True,11.9896,33.334,1.762,1.251,True,640,480,0,False,60.00,0.1000,-0.000244,0.000274,1.039444,0.000479,-0.014225,-0.000350,0.999899,106
12.1231,inicio,True,12.1230,33.335,1.755,1.415,True,640,480,0,False,60.00,0.1000,-0.000244,0.000274,1.039444,0.000479,-0.014225,-0.000350,0.999899,108
12.2232,inicio,True,12.2230,33.337,1.905,1.438,True,640,480,0,False,60.00,0.1000,-0.000244,0.000274,1.039444,0.000479,-0.014225,-0.000350,0.999899,109
12.3564,inicio,True,12.3563,33.332,1.611,1.245,True,640,480,0,False,60.00,0.1000,-0.000244,0.000274,1.039444,0.000479,-0.014225,-0.000350,0.999899,110
12.4564,inicio,True,12.4563,33.334,1.587,1.257,True,640,480,0,False,60.00,0.1000,-0.000244,0.000274,1.039444,0.000479,-0.014225,-0.000350,0.999899,112
12.5897,inicio,True,12.5896,33.332,1.644,1.231,True,640,480,0,False,60.00,0.1000,-0.000244,0.000274,1.039444,0.000479,-0.014225,-0.000350,0.999899,113
12.6898,inicio,True,12.6896,33.333,1.828,1.408,True,640,480,0,False,60.00,0.1000,-0.000244,0.000274,1.039444,0.000479,-0.014225,-0.000350,0.999899,114
12.8231,inicio,True,12.8229,33.334,1.639,1.250,True,640,480,0,False,60.00,0.1000,-0.000244,0.000274,1.039444,0.000479,-0.014225,-0.000350,0.999899,116
12.9231,inicio,True,12.9230,33.334,1.756,1.258,True,640,480,0,False,60.00,0.1000,-0.000244,0.000274,1.039444,0.000479,-0.014225,-0.000350,0.999899,117
13.0564,inicio,True,13.0563,33.334,2.071,1.496,True,640,480,0,False,60.00,0.1000,-0.000244,0.000274,1.039444,0.000479,-0.014225,-0.000350,0.999899,119
13.1565,inicio,True,13.1563,33.335,2.309,1.494,True,640,480,0,False,60.00,0.1000,-0.000244,0.000274,1.039444,0.000479,-0.014225,-0.000350,0.999899,120
13.2897,inicio,True,13.2896,33.332,1.629,1.336,True,640,480,0,False,60.00,0.1000,-0.000244,0.000274,1.039444,0.000479,-0.014225,-0.000350,0.999899,121
13.3897,inicio,True,13.3896,33.333,1.576,1.281,True,640,480,0,False,60.00,0.1000,-0.000244,0.000274,1.039444,0.000479,-0.014225,-0.000350,0.999899,123
13.5231,inicio,True,13.5230,33.335,1.569,1.231,True,640,480,0,False,60.00,0.1000,-0.000244,0.000274,1.039444,0.000479,-0.014225,-0.000350,0.999899,124
13.6564,inicio,True,13.6562,33.331,1.656,1.222,True,640,480,0,False,60.00,0.1000,-0.000244,0.000274,1.039444,0.000479,-0.014225,-0.000350,0.999899,126
13.7564,inicio,True,13.7563,33.333,1.742,1.269,True,640,480,0,False,60.00,0.1000,-0.000244,0.000274,1.039444,0.000479,-0.014225,-0.000350,0.999899,127
13.8564,inicio,True,13.8563,33.333,1.590,1.239,True,640,480,0,False,60.00,0.1000,-0.000244,0.000274,1.039444,0.000479,-0.014225,-0.000350,0.999899,128
13.9565,inicio,True,13.9563,33.335,1.589,1.238,True,640,480,0,False,60.00,0.1000,-0.000244,0.000274,1.039444,0.000479,-0.014225,-0.000350,0.999899,129
14.0899,inicio,True,14.0897,33.337,2.200,1.819,True,640,480,0,False,60.00,0.1000,-0.000244,0.000274,1.039444,0.000479,-0.014225,-0.000350,0.999899,131
14.2231,inicio,True,14.2230,33.333,1.903,1.465,True,640,480,0,False,60.00,0.1000,-0.000244,0.000274,1.039444,0.000479,-0.014225,-0.000350,0.999899,132
14.3564,inicio,True,14.3563,33.333,1.774,1.238,True,640,480,0,False,60.00,0.1000,-0.000244,0.000274,1.039444,0.000479,-0.014225,-0.000350,0.999899,134
14.4564,inicio,True,14.4563,33.333,1.739,1.261,True,640,480,0,False,60.00,0.1000,-0.000244,0.000274,1.039444,0.000479,-0.014225,-0.000350,0.999899,135
14.5898,inicio,True,14.5896,33.334,1.353,1.271,True,640,480,0,False,60.00,0.1000,-0.000244,0.000274,1.039444,0.000479,-0.014225,-0.000350,0.999899,137
14.7231,inicio,True,14.7230,33.335,1.693,1.241,True,640,480,0,False,60.00,0.1000,-0.000244,0.000274,1.039444,0.000479,-0.014225,-0.000350,0.999899,138
14.8564,inicio,True,14.8563,33.332,1.745,4.251,True,640,480,0,False,60.00,0.1000,-0.000244,0.000274,1.039444,0.000479,-0.014225,-0.000350,0.999899,140
14.9897,inicio,True,14.9896,33.340,1.594,1.301,True,640,480,0,False,60.00,0.1000,-0.000244,0.000274,1.039444,0.000479,-0.014225,-0.000350,0.999899,141
15.0897,inicio,True,15.0896,33.339,1.440,1.282,True,640,480,0,False,60.00,0.1000,-0.000244,0.000274,1.039444,0.000479,-0.014225,-0.000350,0.999899,142
15.1898,inicio,True,15.1896,33.339,1.679,1.281,True,640,480,0,False,60.00,0.1000,-0.000244,0.000274,1.039444,0.000479,-0.014225,-0.000350,0.999899,143
15.3231,inicio,True,15.3229,33.337,1.588,1.262,True,640,480,0,False,60.00,0.1000,-0.000244,0.000274,1.039444,0.000479,-0.014225,-0.000350,0.999899,145
15.4564,inicio,True,15.4563,33.337,1.558,1.255,True,640,480,0,False,60.00,0.1000,-0.000244,0.000274,1.039444,0.000479,-0.014225,-0.000350,0.999899,146
15.5564,inicio,True,15.5563,33.336,1.557,1.293,True,640,480,0,False,60.00,0.1000,-0.000244,0.000274,1.039444,0.000479,-0.014225,-0.000350,0.999899,147
15.6564,inicio,True,15.6563,33.336,1.692,1.249,True,640,480,0,False,60.00,0.1000,-0.000244,0.000274,1.039444,0.000479,-0.014225,-0.000350,0.999899,148
15.7564,inicio,True,15.7563,33.335,1.555,1.264,True,640,480,0,False,60.00,0.1000,-0.000244,0.000274,1.039444,0.000479,-0.014225,-0.000350,0.999899,150
15.8898,inicio,True,15.8896,33.336,1.327,1.267,True,640,480,0,False,60.00,0.1000,-0.000244,0.000274,1.039444,0.000479,-0.014225,-0.000350,0.999899,151
16.0231,inicio,True,16.0229,33.334,1.563,1.252,True,640,480,0,False,60.00,0.1000,-0.000244,0.000274,1.039444,0.000479,-0.014225,-0.000350,0.999899,153
16.1231,inicio,True,16.1230,33.335,1.726,1.285,True,640,480,0,False,60.00,0.1000,-0.000244,0.000274,1.039444,0.000479,-0.014225,-0.000350,0.999899,154
16.2564,inicio,True,16.2563,33.334,1.321,1.235,True,640,480,0,False,60.00,0.1000,-0.000244,0.000274,1.039444,0.000479,-0.014225,-0.000350,0.999899,156
16.3564,inicio,True,16.3563,33.334,1.535,1.247,True,640,480,0,False,60.00,0.1000,-0.000244,0.000274,1.039444,0.000479,-0.014225,-0.000350,0.999899,157
16.4897,inicio,True,16.4896,33.334,1.563,1.258,True,640,480,0,False,60.00,0.1000,-0.000244,0.000274,1.039444,0.000479,-0.014225,-0.000350,0.999899,159
16.5897,inicio,True,16.5896,33.334,1.594,1.244,True,640,480,0,False,60.00,0.1000,-0.000244,0.000274,1.039444,0.000479,-0.014225,-0.000350,0.999899,160
16.6898,inicio,True,16.6896,33.335,1.612,1.244,True,640,480,0,False,60.00,0.1000,-0.000244,0.000274,1.039444,0.000479,-0.014225,-0.000350,0.999899,161
16.7898,inicio,True,16.7896,33.335,1.712,1.237,True,640,480,0,False,60.00,0.1000,-0.000244,0.000274,1.039444,0.000479,-0.014225,-0.000350,0.999899,162
16.9231,inicio,True,16.9230,33.334,1.532,1.223,True,640,480,0,False,60.00,0.1000,-0.000244,0.000274,1.039444,0.000479,-0.014225,-0.000350,0.999899,164
17.0565,inicio,True,17.0563,33.335,1.730,1.306,True,640,480,0,False,60.00,0.1000,-0.000244,0.000274,1.039444,0.000479,-0.014225,-0.000350,0.999899,166
17.1897,inicio,True,17.1896,33.333,1.563,1.239,True,640,480,0,False,60.00,0.1000,-0.000244,0.000274,1.039444,0.000479,-0.014225,-0.000350,0.999899,167
17.3231,inicio,True,17.3230,33.334,1.600,1.220,True,640,480,0,False,60.00,0.1000,-0.000244,0.000274,1.039444,0.000479,-0.014225,-0.000350,0.999899,169
17.4564,inicio,True,17.4563,33.332,1.683,1.256,True,640,480,0,False,60.00,0.1000,-0.000244,0.000274,1.039444,0.000479,-0.014225,-0.000350,0.999899,170
17.5564,inicio,True,17.5563,33.334,1.567,1.242,True,640,480,0,False,60.00,0.1000,-0.000244,0.000274,1.039444,0.000479,-0.014225,-0.000350,0.999899,171
17.6897,inicio,True,17.6896,33.333,1.547,1.253,True,640,480,0,False,60.00,0.1000,-0.000244,0.000274,1.039444,0.000479,-0.014225,-0.000350,0.999899,173
17.7897,inicio,True,17.7896,33.333,1.542,1.254,True,640,480,0,False,60.00,0.1000,-0.000244,0.000274,1.039444,0.000479,-0.014225,-0.000350,0.999899,174
17.8898,inicio,True,17.8896,33.335,1.542,1.265,True,640,480,0,False,60.00,0.1000,-0.000244,0.000274,1.039444,0.000479,-0.014225,-0.000350,0.999899,176
17.9898,inicio,True,17.9896,33.334,1.300,1.263,True,640,480,0,False,60.00,0.1000,-0.000244,0.000274,1.039444,0.000479,-0.014225,-0.000350,0.999899,177
18.0898,inicio,True,18.0896,33.334,1.826,1.283,True,640,480,0,False,60.00,0.1000,-0.000244,0.000274,1.039444,0.000479,-0.014225,-0.000350,0.999899,178
18.1898,inicio,True,18.1896,33.334,1.541,1.436,True,640,480,0,False,60.00,0.1000,-0.000244,0.000274,1.039444,0.000479,-0.014225,-0.000350,0.999899,179
18.3231,inicio,True,18.3230,33.335,1.555,1.398,True,640,480,0,False,60.00,0.1000,-0.000244,0.000274,1.039444,0.000479,-0.014225,-0.000350,0.999899,180
18.4564,inicio,True,18.4563,33.332,1.557,1.277,True,640,480,0,False,60.00,0.1000,-0.000244,0.000274,1.039444,0.000479,-0.014225,-0.000350,0.999899,182
18.5564,inicio,True,18.5563,33.334,1.532,1.223,True,640,480,0,False,60.00,0.1000,-0.000244,0.000274,1.039444,0.000479,-0.014225,-0.000350,0.999899,183
18.6564,inicio,True,18.6563,33.334,1.560,1.227,True,640,480,0,False,60.00,0.1000,-0.000244,0.000274,1.039444,0.000479,-0.014225,-0.000350,0.999899,184
18.7897,inicio,True,18.7896,33.332,1.641,1.270,True,640,480,0,False,60.00,0.1000,-0.000244,0.000274,1.039444,0.000479,-0.014225,-0.000350,0.999899,186
18.8897,inicio,True,18.8896,33.333,1.550,1.262,True,640,480,0,False,60.00,0.1000,-0.000244,0.000274,1.039444,0.000479,-0.014225,-0.000350,0.999899,187
19.0231,inicio,True,19.0230,33.335,1.359,1.247,True,640,480,0,False,60.00,0.1000,-0.000244,0.000274,1.039444,0.000479,-0.014225,-0.000350,0.999899,189
19.1564,inicio,True,19.1563,33.333,1.543,1.269,True,640,480,0,False,60.00,0.1000,-0.000244,0.000274,1.039444,0.000479,-0.014225,-0.000350,0.999899,190
19.2897,inicio,True,19.2896,33.332,1.628,1.239,True,640,480,0,False,60.00,0.1000,-0.000244,0.000274,1.039444,0.000479,-0.014225,-0.000350,0.999899,192
19.3898,inicio,True,19.3896,33.334,1.684,1.251,True,640,480,0,False,60.00,0.1000,-0.000244,0.000274,1.039444,0.000479,-0.014225,-0.000350,0.999899,193
19.5231,inicio,True,19.5230,33.334,1.686,1.271,True,640,480,0,False,60.00,0.1000,-0.000244,0.000274,1.039444,0.000479,-0.014225,-0.000350,0.999899,194
19.6564,inicio,True,19.6563,33.332,1.532,1.242,True,640,480,0,False,60.00,0.1000,-0.000244,0.000274,1.039444,0.000479,-0.014225,-0.000350,0.999899,196
19.7564,inicio,True,19.7563,33.333,1.567,1.235,True,640,480,0,False,60.00,0.1000,-0.000244,0.000274,1.039444,0.000479,-0.014225,-0.000350,0.999899,197
19.8564,inicio,True,19.8563,33.334,1.566,1.232,True,640,480,0,False,60.00,0.1000,-0.000244,0.000274,1.039444,0.000479,-0.014225,-0.000350,0.999899,199
19.9897,inicio,True,19.9896,33.332,1.695,1.250,True,640,480,0,False,60.00,0.1000,-0.000244,0.000274,1.039444,0.000479,-0.014225,-0.000350,0.999899,200
20.0897,inicio,True,20.0896,33.333,1.653,1.324,True,640,480,0,False,60.00,0.1000,-0.000244,0.000274,1.039444,0.000479,-0.014225,-0.000350,0.999899,201
20.1898,inicio,True,20.1896,33.335,1.545,1.273,True,640,480,0,False,60.00,0.1000,-0.000244,0.000274,1.039444,0.000479,-0.014225,-0.000350,0.999899,202
20.3231,inicio,True,20.3230,33.335,1.571,1.221,True,640,480,0,False,60.00,0.1000,-0.000244,0.000274,1.039444,0.000479,-0.014225,-0.000350,0.999899,204
20.4564,inicio,True,20.4563,33.332,1.554,1.225,True,640,480,0,False,60.00,0.1000,-0.000244,0.000274,1.039444,0.000479,-0.014225,-0.000350,0.999899,205
20.5564,inicio,True,20.5563,33.335,1.682,1.226,True,640,480,0,False,60.00,0.1000,-0.000244,0.000274,1.039444,0.000479,-0.014225,-0.000350,0.999899,207
20.6897,inicio,True,20.6896,33.333,1.557,1.264,True,640,480,0,False,60.00,0.1000,-0.000244,0.000274,1.039444,0.000479,-0.014225,-0.000350,0.999899,208
20.7898,inicio,True,20.7896,33.334,1.555,1.247,True,640,480,0,False,60.00,0.1000,-0.000244,0.000274,1.039444,0.000479,-0.014225,-0.000350,0.999899,209
20.9231,inicio,True,20.9229,33.333,1.553,1.243,True,640,480,0,False,60.00,0.1000,-0.000244,0.000274,1.039444,0.000479,-0.014225,-0.000350,0.999899,211
21.0564,inicio,True,21.0563,33.334,1.337,1.245,True,640,480,0,False,60.00,0.1000,-0.000244,0.000274,1.039444,0.000479,-0.014225,-0.000350,0.999899,212
21.1897,inicio,True,21.1896,33.333,1.563,1.266,True,640,480,0,False,60.00,0.1000,-0.000244,0.000274,1.039444,0.000479,-0.014225,-0.000350,0.999899,214
21.2897,inicio,True,21.2896,33.334,1.554,1.246,True,640,480,0,False,60.00,0.1000,-0.000244,0.000274,1.039444,0.000479,-0.014225,-0.000350,0.999899,215
21.4231,inicio,True,21.4230,33.334,1.550,1.212,True,640,480,0,False,60.00,0.1000,-0.000244,0.000274,1.039444,0.000479,-0.014225,-0.000350,0.999899,217
21.5564,inicio,True,21.5563,33.333,1.620,1.222,True,640,480,0,False,60.00,0.1000,-0.000244,0.000274,1.039444,0.000479,-0.014225,-0.000350,0.999899,218
21.6897,inicio,True,21.6896,33.332,1.317,1.239,True,640,480,0,False,60.00,0.1000,-0.000244,0.000274,1.039444,0.000479,-0.014225,-0.000350,0.999899,220
21.7897,inicio,True,21.7896,33.332,1.544,1.267,True,640,480,0,False,60.00,0.1000,-0.000244,0.000274,1.039444,0.000479,-0.014225,-0.000350,0.999899,221
21.8898,inicio,True,21.8896,33.334,1.562,1.238,True,640,480,0,False,60.00,0.1000,-0.000244,0.000274,1.039444,0.000479,-0.014225,-0.000350,0.999899,222
22.0231,inicio,True,22.0229,33.333,1.558,1.264,True,640,480,0,False,60.00,0.1000,-0.000244,0.000274,1.039444,0.000479,-0.014225,-0.000350,0.999899,224
22.1564,inicio,True,22.1563,33.333,1.618,1.255,True,640,480,0,False,60.00,0.1000,-0.000244,0.000274,1.039444,0.000479,-0.014225,-0.000350,0.999899,226
22.2897,inicio,True,22.2896,33.332,1.569,1.243,True,640,480,0,False,60.00,0.1000,-0.000244,0.000274,1.039444,0.000479,-0.014225,-0.000350,0.999899,227
22.3898,inicio,True,22.3896,33.335,1.608,1.253,True,640,480,0,False,60.00,0.1000,-0.000244,0.000274,1.039444,0.000479,-0.014225,-0.000350,0.999899,229
22.5231,inicio,True,22.5229,33.332,1.557,1.260,True,640,480,0,False,60.00,0.1000,-0.000244,0.000274,1.039444,0.000479,-0.014225,-0.000350,0.999899,230
22.6231,inicio,True,22.6230,33.335,1.548,1.240,True,640,480,0,False,60.00,0.1000,-0.000244,0.000274,1.039444,0.000479,-0.014225,-0.000350,0.999899,232
22.7564,inicio,True,22.7563,33.334,1.555,1.235,True,640,480,0,False,60.00,0.1000,-0.000244,0.000274,1.039444,0.000479,-0.014225,-0.000350,0.999899,233
22.8897,inicio,True,22.8896,33.333,1.685,1.276,True,640,480,0,False,60.00,0.1000,-0.000244,0.000274,1.039444,0.000479,-0.014225,-0.000350,0.999899,234
22.9897,inicio,True,22.9896,33.333,1.550,1.247,True,640,480,0,False,60.00,0.1000,-0.000244,0.000274,1.039444,0.000479,-0.014225,-0.000350,0.999899,235
23.0897,inicio,True,23.0896,33.334,1.538,1.247,True,640,480,0,False,60.00,0.1000,-0.000244,0.000274,1.039444,0.000479,-0.014225,-0.000350,0.999899,237
23.1898,inicio,True,23.1896,33.334,1.577,1.236,True,640,480,0,False,60.00,0.1000,-0.000244,0.000274,1.039444,0.000479,-0.014225,-0.000350,0.999899,238
23.3231,inicio,True,23.3230,33.334,1.546,1.268,True,640,480,0,False,60.00,0.1000,-0.000244,0.000274,1.039444,0.000479,-0.014225,-0.000350,0.999899,239
23.4564,inicio,True,23.4563,33.333,1.686,1.252,True,640,480,0,False,60.00,0.1000,-0.000244,0.000274,1.039444,0.000479,-0.014225,-0.000350,0.999899,241
23.5564,inicio,True,23.5563,33.334,1.548,1.270,True,640,480,0,False,60.00,0.1000,-0.000244,0.000274,1.039444,0.000479,-0.014225,-0.000350,0.999899,242
23.6897,inicio,True,23.6896,33.332,1.532,1.238,True,640,480,0,False,60.00,0.1000,-0.000244,0.000274,1.039444,0.000479,-0.014225,-0.000350,0.999899,243
23.7897,inicio,True,23.7896,33.334,1.592,1.279,True,640,480,0,False,60.00,0.1000,-0.000244,0.000274,1.039444,0.000479,-0.014225,-0.000350,0.999899,245
23.9231,inicio,True,23.9230,33.335,1.555,1.257,True,640,480,0,False,60.00,0.1000,-0.000244,0.000274,1.039444,0.000479,-0.014225,-0.000350,0.999899,247
24.0564,inicio,True,24.0563,33.332,1.547,1.258,True,640,480,0,False,60.00,0.1000,-0.000244,0.000274,1.039444,0.000479,-0.014225,-0.000350,0.999899,248
24.1565,inicio,True,24.1563,33.336,1.751,1.441,True,640,480,0,False,60.00,0.1000,-0.000244,0.000274,1.039444,0.000479,-0.014225,-0.000350,0.999899,250
24.2897,inicio,True,24.2896,33.333,1.725,1.393,True,640,480,0,False,60.00,0.1000,-0.000244,0.000274,1.039444,0.000479,-0.014225,-0.000350,0.999899,251
24.3897,inicio,True,24.3896,33.333,1.601,1.273,True,640,480,0,False,60.00,0.1000,-0.000244,0.000274,1.039444,0.000479,-0.014225,-0.000350,0.999899,252
24.4897,inicio,True,24.4896,33.333,1.718,1.323,True,640,480,0,False,60.00,0.1000,-0.000244,0.000274,1.039444,0.000479,-0.014225,-0.000350,0.999899,253
24.5898,inicio,True,24.5896,33.334,1.598,1.301,True,640,480,0,False,60.00,0.1000,-0.000244,0.000274,1.039444,0.000479,-0.014225,-0.000350,0.999899,254
24.7231,inicio,True,24.7230,33.334,1.608,1.263,True,640,480,0,False,60.00,0.1000,-0.000244,0.000274,1.039444,0.000479,-0.014225,-0.000350,0.999899,256
24.8231,inicio,True,24.8230,33.334,2.104,1.291,True,640,480,0,False,60.00,0.1000,-0.000244,0.000274,1.039444,0.000479,-0.014225,-0.000350,0.999899,257
24.9231,inicio,True,24.9230,33.334,1.796,1.257,True,640,480,0,False,60.00,0.1000,-0.000244,0.000274,1.039444,0.000479,-0.014225,-0.000350,0.999899,259
25.0231,inicio,True,25.0230,33.334,1.572,1.285,True,640,480,0,False,60.00,0.1000,-0.000244,0.000274,1.039444,0.000479,-0.014225,-0.000350,0.999899,260
25.1231,inicio,True,25.1230,33.336,1.709,1.546,True,640,480,0,False,60.00,0.1000,-0.000244,0.000274,1.039444,0.000479,-0.014225,-0.000350,0.999899,261
25.2564,inicio,True,25.2563,33.333,1.725,1.395,True,640,480,0,False,60.00,0.1000,-0.000244,0.000274,1.039444,0.000479,-0.014225,-0.000350,0.999899,263
25.3898,inicio,True,25.3896,33.335,1.671,1.278,True,640,480,0,False,60.00,0.1000,-0.000244,0.000274,1.039444,0.000479,-0.014225,-0.000350,0.999899,264
25.5231,inicio,True,25.5229,33.332,1.602,1.316,True,640,480,0,False,60.00,0.1000,-0.000244,0.000274,1.039444,0.000479,-0.014225,-0.000350,0.999899,266
25.6564,inicio,True,25.6563,33.332,1.301,1.308,True,640,480,0,False,60.00,0.1000,-0.000244,0.000274,1.039444,0.000479,-0.014225,-0.000350,0.999899,268
25.7897,inicio,True,25.7896,33.334,1.531,1.315,True,640,480,0,False,60.00,0.1000,-0.000244,0.000274,1.039444,0.000479,-0.014225,-0.000350,0.999899,270
25.9231,inicio,True,25.9229,33.333,1.611,1.267,True,640,480,0,False,60.00,0.1000,-0.000244,0.000274,1.039444,0.000479,-0.014225,-0.000350,0.999899,271
26.0564,inicio,True,26.0563,33.334,1.672,1.322,True,640,480,0,False,60.00,0.1000,-0.000244,0.000274,1.039444,0.000479,-0.014225,-0.000350,0.999899,273
26.1897,inicio,True,26.1896,33.334,1.570,1.407,True,640,480,0,False,60.00,0.1000,-0.000244,0.000274,1.039444,0.000479,-0.014225,-0.000350,0.999899,274
26.3231,inicio,True,26.3229,33.332,1.541,1.289,True,640,480,0,False,60.00,0.1000,-0.000244,0.000274,1.039444,0.000479,-0.014225,-0.000350,0.999899,276
26.4231,inicio,True,26.4229,33.334,1.557,1.302,True,640,480,0,False,60.00,0.1000,-0.000244,0.000274,1.039444,0.000479,-0.014225,-0.000350,0.999899,277
26.5564,inicio,True,26.5563,33.334,1.684,1.286,True,640,480,0,False,60.00,0.1000,-0.000244,0.000274,1.039444,0.000479,-0.014225,-0.000350,0.999899,278
26.6564,inicio,True,26.6563,33.335,1.689,1.298,True,640,480,0,False,60.00,0.1000,-0.000244,0.000274,1.039444,0.000479,-0.014225,-0.000350,0.999899,279
26.7898,inicio,True,26.7896,33.342,1.558,1.271,True,640,480,0,False,60.00,0.1000,-0.000244,0.000274,1.039444,0.000479,-0.014225,-0.000350,0.999899,281
26.9230,inicio,True,26.9229,33.339,1.557,1.274,True,640,480,0,False,60.00,0.1000,-0.000244,0.000274,1.039444,0.000479,-0.014225,-0.000350,0.999899,282
27.0231,inicio,True,27.0229,33.338,1.318,1.277,True,640,480,0,False,60.00,0.1000,-0.000244,0.000274,1.039444,0.000479,-0.014225,-0.000350,0.999899,283
27.1231,inicio,True,27.1229,33.339,1.685,1.342,True,640,480,0,False,60.00,0.1000,-0.000244,0.000274,1.039444,0.000479,-0.014225,-0.000350,0.999899,284
27.2231,inicio,True,27.2230,33.339,1.683,1.312,True,640,480,0,False,60.00,0.1000,-0.000244,0.000274,1.039444,0.000479,-0.014225,-0.000350,0.999899,286
27.3231,inicio,True,27.3230,33.338,1.561,1.313,True,640,480,0,False,60.00,0.1000,-0.000244,0.000274,1.039444,0.000479,-0.014225,-0.000350,0.999899,287
27.4564,inicio,True,27.4563,33.337,1.559,1.342,True,640,480,0,False,60.00,0.1000,-0.000244,0.000274,1.039444,0.000479,-0.014225,-0.000350,0.999899,288
27.5564,inicio,True,27.5563,33.337,1.687,1.331,True,640,480,0,False,60.00,0.1000,-0.000244,0.000274,1.039444,0.000479,-0.014225,-0.000350,0.999899,289
27.6897,inicio,True,27.6896,33.335,1.604,1.270,True,640,480,0,False,60.00,0.1000,-0.000244,0.000274,1.039444,0.000479,-0.014225,-0.000350,0.999899,291
27.7898,inicio,True,27.7896,33.336,1.559,1.252,True,640,480,0,False,60.00,0.1000,-0.000244,0.000274,1.039444,0.000479,-0.014225,-0.000350,0.999899,292
27.9231,inicio,True,27.9229,33.335,1.552,1.258,True,640,480,0,False,60.00,0.1000,-0.000244,0.000274,1.039444,0.000479,-0.014225,-0.000350,0.999899,293
28.0231,inicio,True,28.0230,33.335,1.543,1.266,True,640,480,0,False,60.00,0.1000,-0.000244,0.000274,1.039444,0.000479,-0.014225,-0.000350,0.999899,294
28.1232,inicio,True,28.1230,33.336,1.638,1.279,True,640,480,0,False,60.00,0.1000,-0.000244,0.000274,1.039444,0.000479,-0.014225,-0.000350,0.999899,295
28.2565,inicio,True,28.2563,33.335,1.495,1.418,True,640,480,0,False,60.00,0.1000,-0.000244,0.000274,1.039444,0.000479,-0.014225,-0.000350,0.999899,297
28.3898,inicio,True,28.3896,33.334,1.992,1.300,True,640,480,0,False,60.00,0.1000,-0.000244,0.000274,1.039444,0.000479,-0.014225,-0.000350,0.999899,298
28.4898,inicio,True,28.4896,33.334,1.310,1.286,True,640,480,0,False,60.00,0.1000,-0.000244,0.000274,1.039444,0.000479,-0.014225,-0.000350,0.999899,299
28.6231,inicio,True,28.6229,33.333,1.364,1.332,True,640,480,0,False,60.00,0.1000,-0.000244,0.000274,1.039444,0.000479,-0.014225,-0.000350,0.999899,301
28.7231,inicio,True,28.7230,33.335,1.310,1.283,True,640,480,0,False,60.00,0.1000,-0.000244,0.000274,1.039444,0.000479,-0.014225,-0.000350,0.999899,302
28.8564,inicio,True,28.8563,33.335,1.606,1.269,True,640,480,0,False,60.00,0.1000,-0.000244,0.000274,1.039444,0.000479,-0.014225,-0.000350,0.999899,304
28.9898,inicio,True,28.9896,33.334,1.620,1.280,True,640,480,0,False,60.00,0.1000,-0.000244,0.000274,1.039444,0.000479,-0.014225,-0.000350,0.999899,305
29.0898,inicio,True,29.0896,33.334,1.914,1.565,True,640,480,0,False,60.00,0.1000,-0.000244,0.000274,1.039444,0.000479,-0.014225,-0.000350,0.999899,307
29.1899,inicio,True,29.1897,33.337,1.954,1.618,True,640,480,0,False,60.00,0.1000,-0.000244,0.000274,1.039444,0.000479,-0.014225,-0.000350,0.999899,308
29.3231,inicio,True,29.3230,33.334,1.742,1.482,True,640,480,0,False,60.00,0.1000,-0.000244,0.000274,1.039444,0.000479,-0.014225,-0.000350,0.999899,309
29.4564,inicio,True,29.4563,33.334,1.553,1.279,True,640,480,0,False,60.00,0.1000,-0.000244,0.000274,1.039444,0.000479,-0.014225,-0.000350,0.999899,311
29.5898,inicio,True,29.5896,33.334,1.636,1.266,True,640,480,0,False,60.00,0.1000,-0.000244,0.000274,1.039444,0.000479,-0.014225,-0.000350,0.999899,312
29.7231,inicio,True,29.7230,33.334,1.541,1.289,True,640,480,0,False,60.00,0.1000,-0.000244,0.000274,1.039444,0.000479,-0.014225,-0.000350,0.999899,314
29.8564,inicio,True,29.8563,33.334,1.702,1.285,True,640,480,0,False,60.00,0.1000,-0.000244,0.000274,1.039444,0.000479,-0.014225,-0.000350,0.999899,316
29.9897,inicio,True,29.9896,33.332,1.626,1.345,True,640,480,0,False,60.00,0.1000,-0.000244,0.000274,1.039444,0.000479,-0.014225,-0.000350,0.999899,317
30.0897,inicio,True,30.0896,33.332,1.638,1.345,True,640,480,0,False,60.00,0.1000,-0.000244,0.000274,1.039444,0.000479,-0.014225,-0.000350,0.999899,318
30.1899,inicio,True,30.1896,33.335,1.875,1.442,True,640,480,0,False,60.00,0.1000,-0.000244,0.000274,1.039444,0.000479,-0.014225,-0.000350,0.999899,320
30.3231,inicio,True,30.3229,33.333,1.613,1.277,True,640,480,0,False,60.00,0.1000,-0.000244,0.000274,1.039444,0.000479,-0.014225,-0.000350,0.999899,321
30.4231,inicio,True,30.4229,33.332,1.650,1.305,True,640,480,0,False,60.00,0.1000,-0.000244,0.000274,1.039444,0.000479,-0.014225,-0.000350,0.999899,322
30.5231,inicio,True,30.5229,33.333,1.744,1.312,True,640,480,0,False,60.00,0.1000,-0.000244,0.000274,1.039444,0.000479,-0.014225,-0.000350,0.999899,323
30.6564,inicio,True,30.6563,33.333,1.717,1.308,True,640,480,0,False,60.00,0.1000,-0.000244,0.000274,1.039444,0.000479,-0.014225,-0.000350,0.999899,324
30.7564,inicio,True,30.7563,33.334,1.627,1.343,True,640,480,0,False,60.00,0.1000,-0.000244,0.000274,1.039444,0.000479,-0.014225,-0.000350,0.999899,326
30.8898,inicio,True,30.8896,33.333,1.592,1.344,True,640,480,0,False,60.00,0.1000,-0.000244,0.000274,1.039444,0.000479,-0.014225,-0.000350,0.999899,327
31.0231,inicio,True,31.0230,33.334,1.681,1.286,True,640,480,0,False,60.00,0.1000,-0.000244,0.000274,1.039444,0.000479,-0.014225,-0.000350,0.999899,329
31.1564,inicio,True,31.1563,33.333,1.768,1.403,True,640,480,0,False,60.00,0.1000,-0.000244,0.000274,1.039444,0.000479,-0.014225,-0.000350,0.999899,330
31.2564,inicio,True,31.2563,33.333,1.701,1.411,True,640,480,0,False,60.00,0.1000,-0.000244,0.000274,1.039444,0.000479,-0.014225,-0.000350,0.999899,331
31.3898,inicio,True,31.3896,33.334,1.589,1.269,True,640,480,0,False,60.00,0.1000,-0.000244,0.000274,1.039444,0.000479,-0.014225,-0.000350,0.999899,333
31.4898,inicio,True,31.4896,33.334,1.581,1.256,True,640,480,0,False,60.00,0.1000,-0.000244,0.000274,1.039444,0.000479,-0.014225,-0.000350,0.999899,334
31.6231,inicio,True,31.6230,33.334,1.591,1.305,True,640,480,0,False,60.00,0.1000,-0.000244,0.000274,1.039444,0.000479,-0.014225,-0.000350,0.999899,335
31.7564,inicio,True,31.7563,33.334,1.566,1.258,True,640,480,0,False,60.00,0.1000,-0.000244,0.000274,1.039444,0.000479,-0.014225,-0.000350,0.999899,336
31.8898,inicio,True,31.8896,33.332,1.614,1.263,True,640,480,0,False,60.00,0.1000,-0.000244,0.000274,1.039444,0.000479,-0.014225,-0.000350,0.999899,338
31.9898,inicio,True,31.9896,33.335,1.612,1.292,True,640,480,0,False,60.00,0.1000,-0.000244,0.000274,1.039444,0.000479,-0.014225,-0.000350,0.999899,339
32.1231,inicio,True,32.1229,33.334,1.545,1.264,True,640,480,0,False,60.00,0.1000,-0.000244,0.000274,1.039444,0.000479,-0.014225,-0.000350,0.999899,340
32.2231,inicio,True,32.2230,33.335,1.715,1.297,True,640,480,0,False,60.00,0.1000,-0.000244,0.000274,1.039444,0.000479,-0.014225,-0.000350,0.999899,341
32.3564,inicio,True,32.3563,33.334,1.571,1.323,True,640,480,0,False,60.00,0.1000,-0.000244,0.000274,1.039444,0.000479,-0.014225,-0.000350,0.999899,343
32.4898,inicio,True,32.4896,33.334,1.566,1.245,True,640,480,0,False,60.00,0.1000,-0.000244,0.000274,1.039444,0.000479,-0.014225,-0.000350,0.999899,344
32.6231,inicio,True,32.6229,33.333,1.553,1.244,True,640,480,0,False,60.00,0.1000,-0.000244,0.000274,1.039444,0.000479,-0.014225,-0.000350,0.999899,345
32.7564,inicio,True,32.7563,33.333,1.568,1.284,True,640,480,0,False,60.00,0.1000,-0.000244,0.000274,1.039444,0.000479,-0.014225,-0.000350,0.999899,347
32.8898,inicio,True,32.8896,33.333,1.287,1.290,True,640,480,0,False,60.00,0.1000,-0.000244,0.000274,1.039444,0.000479,-0.014225,-0.000350,0.999899,349
32.9898,inicio,True,32.9896,33.335,1.560,1.249,True,640,480,0,False,60.00,0.1000,-0.000244,0.000274,1.039444,0.000479,-0.014225,-0.000350,0.999899,350
33.0898,inicio,True,33.0897,33.335,1.824,1.261,True,640,480,0,False,60.00,0.1000,-0.000244,0.000274,1.039444,0.000479,-0.014225,-0.000350,0.999899,351
33.2231,inicio,True,33.2229,33.333,1.635,1.228,True,640,480,0,False,60.00,0.1000,-0.000244,0.000274,1.039444,0.000479,-0.014225,-0.000350,0.999899,352
33.3564,inicio,True,33.3563,33.334,1.549,1.224,True,640,480,0,False,60.00,0.1000,-0.000244,0.000274,1.039444,0.000479,-0.014225,-0.000350,0.999899,353
33.4898,inicio,True,33.4896,33.334,1.668,1.211,True,640,480,0,False,60.00,0.1000,-0.000244,0.000274,1.039444,0.000479,-0.014225,-0.000350,0.999899,355
33.6231,inicio,True,33.6229,33.333,1.567,1.237,True,640,480,0,False,60.00,0.1000,-0.000244,0.000274,1.039444,0.000479,-0.014225,-0.000350,0.999899,356
33.7231,inicio,True,33.7229,33.333,1.533,1.295,True,640,480,0,False,60.00,0.1000,-0.000244,0.000274,1.039444,0.000479,-0.014225,-0.000350,0.999899,357
33.8564,inicio,True,33.8563,33.334,1.537,1.262,True,640,480,0,False,60.00,0.1000,-0.000244,0.000274,1.039444,0.000479,-0.014225,-0.000350,0.999899,358
33.9898,inicio,True,33.9896,33.334,1.479,1.228,True,640,480,0,False,60.00,0.1000,-0.000244,0.000274,1.039444,0.000479,-0.014225,-0.000350,0.999899,360
34.0898,inicio,True,34.0896,33.334,1.594,1.227,True,640,480,0,False,60.00,0.1000,-0.000244,0.000274,1.039444,0.000479,-0.014225,-0.000350,0.999899,361
34.2231,inicio,True,34.2229,33.333,1.558,1.277,True,640,480,0,False,60.00,0.1000,-0.000244,0.000274,1.039444,0.000479,-0.014225,-0.000350,0.999899,362
34.3564,inicio,True,34.3563,33.333,1.689,1.263,True,640,480,0,False,60.00,0.1000,-0.000244,0.000274,1.039444,0.000479,-0.014225,-0.000350,0.999899,363
34.4564,inicio,True,34.4563,33.333,1.553,1.218,True,640,480,0,False,60.00,0.1000,-0.000244,0.000274,1.039444,0.000479,-0.014225,-0.000350,0.999899,364
34.5898,inicio,True,34.5896,33.333,1.550,1.278,True,640,480,0,False,60.00,0.1000,-0.000244,0.000274,1.039444,0.000479,-0.014225,-0.000350,0.999899,366
34.7231,inicio,True,34.7229,33.334,1.577,1.220,True,640,480,0,False,60.00,0.1000,-0.000244,0.000274,1.039444,0.000479,-0.014225,-0.000350,0.999899,367
34.8564,inicio,True,34.8563,33.335,1.554,1.265,True,640,480,0,False,60.00,0.1000,-0.000244,0.000274,1.039444,0.000479,-0.014225,-0.000350,0.999899,368
34.9897,inicio,True,34.9896,33.333,1.568,1.277,True,640,480,0,False,60.00,0.1000,-0.000244,0.000274,1.039444,0.000479,-0.014225,-0.000350,0.999899,370
35.1231,inicio,True,35.1229,33.333,1.660,1.327,True,640,480,0,False,60.00,0.1000,-0.000244,0.000274,1.039444,0.000479,-0.014225,-0.000350,0.999899,371
35.2231,inicio,True,35.2229,33.333,1.644,1.233,True,640,480,0,False,60.00,0.1000,-0.000244,0.000274,1.039444,0.000479,-0.014225,-0.000350,0.999899,373
35.3564,inicio,True,35.3563,33.333,1.562,1.281,True,640,480,0,False,60.00,0.1000,-0.000244,0.000274,1.039444,0.000479,-0.014225,-0.000350,0.999899,374
35.4898,inicio,True,35.4896,33.334,1.579,1.226,True,640,480,0,False,60.00,0.1000,-0.000244,0.000274,1.039444,0.000479,-0.014225,-0.000350,0.999899,376
35.6231,inicio,True,35.6230,33.335,1.551,1.230,True,640,480,0,False,60.00,0.1000,-0.000244,0.000274,1.039444,0.000479,-0.014225,-0.000350,0.999899,377
35.7564,inicio,True,35.7563,33.333,1.685,1.256,True,640,480,0,False,60.00,0.1000,-0.000244,0.000274,1.039444,0.000479,-0.014225,-0.000350,0.999899,378
35.8564,inicio,True,35.8563,33.334,1.563,1.252,True,640,480,0,False,60.00,0.1000,-0.000244,0.000274,1.039444,0.000479,-0.014225,-0.000350,0.999899,379
35.9564,inicio,True,35.9563,33.334,1.559,1.240,True,640,480,0,False,60.00,0.1000,-0.000244,0.000274,1.039444,0.000479,-0.014225,-0.000350,0.999899,381
36.0898,inicio,True,36.0896,33.335,1.701,1.328,True,640,480,0,False,60.00,0.1000,-0.000244,0.000274,1.039444,0.000479,-0.014225,-0.000350,0.999899,382
36.2231,inicio,True,36.2229,33.333,1.565,1.248,True,640,480,0,False,60.00,0.1000,-0.000244,0.000274,1.039444,0.000479,-0.014225,-0.000350,0.999899,384
36.3231,inicio,True,36.3229,33.333,1.634,1.243,True,640,480,0,False,60.00,0.1000,-0.000244,0.000274,1.039444,0.000479,-0.014225,-0.000350,0.999899,385
36.4564,inicio,True,36.4563,33.334,1.537,1.250,True,640,480,0,False,60.00,0.1000,-0.000244,0.000274,1.039444,0.000479,-0.014225,-0.000350,0.999899,387
36.5898,inicio,True,36.5896,33.334,1.557,1.208,True,640,480,0,False,60.00,0.1000,-0.000244,0.000274,1.039444,0.000479,-0.014225,-0.000350,0.999899,389
36.7231,inicio,True,36.7229,33.334,1.553,1.253,True,640,480,0,False,60.00,0.1000,-0.000244,0.000274,1.039444,0.000479,-0.014225,-0.000350,0.999899,390
36.8564,inicio,True,36.8563,33.333,1.700,1.230,True,640,480,0,False,60.00,0.1000,-0.000244,0.000274,1.039444,0.000479,-0.014225,-0.000350,0.999899,392
36.9564,inicio,True,36.9563,33.334,1.585,1.251,True,640,480,0,False,60.00,0.1000,-0.000244,0.000274,1.039444,0.000479,-0.014225,-0.000350,0.999899,393
37.0564,inicio,True,37.0563,33.334,1.601,1.373,True,640,480,0,False,60.00,0.1000,-0.000244,0.000274,1.039444,0.000479,-0.014225,-0.000350,0.999899,394
37.1898,inicio,True,37.1896,33.333,1.566,1.256,True,640,480,0,False,60.00,0.1000,-0.000244,0.000274,1.039444,0.000479,-0.014225,-0.000350,0.999899,395
37.3231,inicio,True,37.3229,33.333,1.562,1.308,True,640,480,0,False,60.00,0.1000,-0.000244,0.000274,1.039444,0.000479,-0.014225,-0.000350,0.999899,397
37.4564,inicio,True,37.4563,33.334,1.560,1.253,True,640,480,0,False,60.00,0.1000,-0.000244,0.000274,1.039444,0.000479,-0.014225,-0.000350,0.999899,399
37.5898,inicio,True,37.5896,33.334,1.599,1.306,True,640,480,0,False,60.00,0.1000,-0.000244,0.000274,1.039444,0.000479,-0.014225,-0.000350,0.999899,400
37.7231,inicio,True,37.7229,33.333,1.583,1.279,True,640,480,0,False,60.00,0.1000,-0.000244,0.000274,1.039444,0.000479,-0.014225,-0.000350,0.999899,402
37.8231,inicio,True,37.8230,33.334,1.579,1.298,True,640,480,0,False,60.00,0.1000,-0.000244,0.000274,1.039444,0.000479,-0.014225,-0.000350,0.999899,403
37.9564,inicio,True,37.9562,33.332,1.547,1.232,True,640,480,0,False,60.00,0.1000,-0.000244,0.000274,1.039444,0.000479,-0.014225,-0.000350,0.999899,404
38.0564,inicio,True,38.0563,33.333,1.321,1.238,True,640,480,0,False,60.00,0.1000,-0.000244,0.000274,1.039444,0.000479,-0.014225,-0.000350,0.999899,405
38.1564,inicio,True,38.1563,33.334,1.431,1.267,True,640,480,0,False,60.00,0.1000,-0.000244,0.000274,1.039444,0.000479,-0.014225,-0.000350,0.999899,406
38.2897,inicio,True,38.2896,33.333,1.548,1.225,True,640,480,0,False,60.00,0.1000,-0.000244,0.000274,1.039444,0.000479,-0.014225,-0.000350,0.999899,408
38.3898,inicio,True,38.3896,33.334,1.563,1.232,True,640,480,0,False,60.00,0.1000,-0.000244,0.000274,1.039444,0.000479,-0.014225,-0.000350,0.999899,409
38.5231,inicio,True,38.5230,33.335,1.565,1.240,True,640,480,0,False,60.00,0.1000,-0.000244,0.000274,1.039444,0.000479,-0.014225,-0.000350,0.999899,410
38.6564,inicio,True,38.6562,33.332,1.671,1.244,True,640,480,0,False,60.00,0.1000,-0.000244,0.000274,1.039444,0.000479,-0.014225,-0.000350,0.999899,411
38.7564,inicio,True,38.7563,33.334,1.349,1.224,True,640,480,0,False,60.00,0.1000,-0.000244,0.000274,1.039444,0.000479,-0.014225,-0.000350,0.999899,412
38.8564,inicio,True,38.8563,33.334,1.553,1.226,True,640,480,0,False,60.00,0.1000,-0.000244,0.000274,1.039444,0.000479,-0.014225,-0.000350,0.999899,413
38.9898,inicio,True,38.9896,33.335,1.691,1.223,True,640,480,0,False,60.00,0.1000,-0.000244,0.000274,1.039444,0.000479,-0.014225,-0.000350,0.999899,415
39.0900,inicio,True,39.0899,33.348,14.849,1.356,True,640,480,0,False,60.00,0.1000,-0.000244,0.000274,1.039444,0.000479,-0.014225,-0.000350,0.999899,416
39.2231,inicio,True,39.2229,33.331,1.549,1.254,True,640,480,0,False,60.00,0.1000,-0.000244,0.000274,1.039444,0.000479,-0.014225,-0.000350,0.999899,417
39.3231,inicio,True,39.3229,33.332,1.560,1.245,True,640,480,0,False,60.00,0.1000,-0.000244,0.000274,1.039444,0.000479,-0.014225,-0.000350,0.999899,418
39.4564,inicio,True,39.4563,33.334,1.546,1.239,True,640,480,0,False,60.00,0.1000,-0.000244,0.000274,1.039444,0.000479,-0.014225,-0.000350,0.999899,420
39.5898,inicio,True,39.5896,33.333,1.556,1.254,True,640,480,0,False,60.00,0.1000,-0.000244,0.000274,1.039444,0.000479,-0.014225,-0.000350,0.999899,421
39.6898,inicio,True,39.6896,33.333,1.650,1.261,True,640,480,0,False,60.00,0.1000,-0.000244,0.000274,1.039444,0.000479,-0.014225,-0.000350,0.999899,423
39.7898,inicio,True,39.7896,33.334,1.556,1.239,True,640,480,0,False,60.00,0.1000,-0.000244,0.000274,1.039444,0.000479,-0.014225,-0.000350,0.999899,424
39.9230,inicio,True,39.9229,33.331,1.551,1.265,True,640,480,0,False,60.00,0.1000,-0.000244,0.000274,1.039444,0.000479,-0.014225,-0.000350,0.999899,425
40.0231,inicio,True,40.0230,33.334,1.561,1.235,True,640,480,0,False,60.00,0.1000,-0.000244,0.000274,1.039444,0.000479,-0.014225,-0.000350,0.999899,426
40.1231,inicio,True,40.1230,33.334,1.667,1.308,True,640,480,0,False,60.00,0.1000,-0.000244,0.000274,1.039444,0.000479,-0.014225,-0.000350,0.999899,427
40.2564,inicio,True,40.2563,33.334,1.626,1.323,True,640,480,0,False,60.00,0.1000,-0.000244,0.000274,1.039444,0.000479,-0.014225,-0.000350,0.999899,429
40.3564,inicio,True,40.3563,33.333,1.654,1.283,True,640,480,0,False,60.00,0.1000,-0.000244,0.000274,1.039444,0.000479,-0.014225,-0.000350,0.999899,430
40.4897,inicio,True,40.4896,33.333,1.647,1.311,True,640,480,0,False,60.00,0.1000,-0.000244,0.000274,1.039444,0.000479,-0.014225,-0.000350,0.999899,431
40.5897,inicio,True,40.5896,33.333,1.356,1.278,True,640,480,0,False,60.00,0.1000,-0.000244,0.000274,1.039444,0.000479,-0.014225,-0.000350,0.999899,432
40.6897,inicio,True,40.6896,33.333,1.644,1.296,True,640,480,0,False,60.00,0.1000,-0.000244,0.000274,1.039444,0.000479,-0.014225,-0.000350,0.999899,433
40.8231,inicio,True,40.8230,33.334,1.699,1.315,True,640,480,0,False,60.00,0.1000,-0.000244,0.000274,1.039444,0.000479,-0.014225,-0.000350,0.999899,435
40.9565,inicio,True,40.9563,33.335,1.681,1.280,True,640,480,0,False,60.00,0.1000,-0.000244,0.000274,1.039444,0.000479,-0.014225,-0.000350,0.999899,436
41.0898,inicio,True,41.0896,33.335,1.498,1.410,True,640,480,0,False,60.00,0.1000,-0.000244,0.000274,1.039444,0.000479,-0.014225,-0.000350,0.999899,438
41.2231,inicio,True,41.2230,33.334,1.325,1.398,True,640,480,0,False,60.00,0.1000,-0.000244,0.000274,1.039444,0.000479,-0.014225,-0.000350,0.999899,440
41.3231,inicio,True,41.3230,33.334,1.670,1.295,True,640,480,0,False,60.00,0.1000,-0.000244,0.000274,1.039444,0.000479,-0.014225,-0.000350,0.999899,441
41.4564,inicio,True,41.4563,33.332,1.551,1.258,True,640,480,0,False,60.00,0.1000,-0.000244,0.000274,1.039444,0.000479,-0.014225,-0.000350,0.999899,442
41.5564,inicio,True,41.5563,33.333,1.710,1.301,True,640,480,0,False,60.00,0.1000,-0.000244,0.000274,1.039444,0.000479,-0.014225,-0.000350,0.999899,443
41.6897,inicio,True,41.6896,33.333,1.314,1.276,True,640,480,0,False,60.00,0.1000,-0.000244,0.000274,1.039444,0.000479,-0.014225,-0.000350,0.999899,445
41.8231,inicio,True,41.8229,33.333,1.525,1.276,True,640,480,0,False,60.00,0.1000,-0.000244,0.000274,1.039444,0.000479,-0.014225,-0.000350,0.999899,446
41.9231,inicio,True,41.9230,33.334,1.301,1.254,True,640,480,0,False,60.00,0.1000,-0.000244,0.000274,1.039444,0.000479,-0.014225,-0.000350,0.999899,448
42.0564,inicio,True,42.0563,33.333,1.621,1.200,True,640,480,0,False,60.00,0.1000,-0.000244,0.000274,1.039444,0.000479,-0.014225,-0.000350,0.999899,450
42.1898,inicio,True,42.1896,33.334,1.548,1.232,True,640,480,0,False,60.00,0.1000,-0.000244,0.000274,1.039444,0.000479,-0.014225,-0.000350,0.999899,451
42.3231,inicio,True,42.3230,33.334,1.544,1.233,True,640,480,0,False,60.00,0.1000,-0.000244,0.000274,1.039444,0.000479,-0.014225,-0.000350,0.999899,453
42.4564,inicio,True,42.4563,33.334,1.557,1.233,True,640,480,0,False,60.00,0.1000,-0.000244,0.000274,1.039444,0.000479,-0.014225,-0.000350,0.999899,454
42.5898,inicio,True,42.5896,33.334,1.690,1.243,True,640,480,0,False,60.00,0.1000,-0.000244,0.000274,1.039444,0.000479,-0.014225,-0.000350,0.999899,456
42.7231,inicio,True,42.7229,33.333,1.548,1.243,True,640,480,0,False,60.00,0.1000,-0.000244,0.000274,1.039444,0.000479,-0.014225,-0.000350,0.999899,457
42.8231,inicio,True,42.8230,33.334,1.543,1.237,True,640,480,0,False,60.00,0.1000,-0.000244,0.000274,1.039444,0.000479,-0.014225,-0.000350,0.999899,458
42.9564,inicio,True,42.9563,33.334,1.635,1.258,True,640,480,0,False,60.00,0.1000,-0.000244,0.000274,1.039444,0.000479,-0.014225,-0.000350,0.999899,459
43.0898,inicio,True,43.0896,33.334,1.544,1.243,True,640,480,0,False,60.00,0.1000,-0.000244,0.000274,1.039444,0.000479,-0.014225,-0.000350,0.999899,461
43.2231,inicio,True,43.2229,33.333,1.542,1.237,True,640,480,0,False,60.00,0.1000,-0.000244,0.000274,1.039444,0.000479,-0.014225,-0.000350,0.999899,462
43.3231,inicio,True,43.3229,33.333,1.606,1.219,True,640,480,0,False,60.00,0.1000,-0.000244,0.000274,1.039444,0.000479,-0.014225,-0.000350,0.999899,463
43.4231,inicio,True,43.4230,33.334,1.684,1.251,True,640,480,0,False,60.00,0.1000,-0.000244,0.000274,1.039444,0.000479,-0.014225,-0.000350,0.999899,465
43.5564,inicio,True,43.5563,33.333,1.325,1.245,True,640,480,0,False,60.00,0.1000,-0.000244,0.000274,1.039444,0.000479,-0.014225,-0.000350,0.999899,466
43.6898,inicio,True,43.6896,33.334,1.555,1.234,True,640,480,0,False,60.00,0.1000,-0.000244,0.000274,1.039444,0.000479,-0.014225,-0.000350,0.999899,468
43.8231,inicio,True,43.8230,33.334,1.551,1.283,True,640,480,0,False,60.00,0.1000,-0.000244,0.000274,1.039444,0.000479,-0.014225,-0.000350,0.999899,470
43.9564,inicio,True,43.9563,33.334,1.685,1.283,True,640,480,0,False,60.00,0.1000,-0.000244,0.000274,1.039444,0.000479,-0.014225,-0.000350,0.999899,471
44.0564,inicio,True,44.0563,33.334,1.543,1.261,True,640,480,0,False,60.00,0.1000,-0.000244,0.000274,1.039444,0.000479,-0.014225,-0.000350,0.999899,472
44.1898,inicio,True,44.1896,33.334,1.550,1.447,True,640,480,0,False,60.00,0.1000,-0.000244,0.000274,1.039444,0.000479,-0.014225,-0.000350,0.999899,474
44.3231,inicio,True,44.3230,33.334,1.622,1.343,True,640,480,0,False,60.00,0.1000,-0.000244,0.000274,1.039444,0.000479,-0.014225,-0.000350,0.999899,475
44.4564,inicio,True,44.4563,33.334,1.657,1.275,True,640,480,0,False,60.00,0.1000,-0.000244,0.000274,1.039444,0.000479,-0.014225,-0.000350,0.999899,477
44.5897,inicio,True,44.5896,33.334,1.687,1.298,True,640,480,0,False,60.00,0.1000,-0.000244,0.000274,1.039444,0.000479,-0.014225,-0.000350,0.999899,479
44.7231,inicio,True,44.7230,33.335,1.548,1.259,True,640,480,0,False,60.00,0.1000,-0.000244,0.000274,1.039444,0.000479,-0.014225,-0.000350,0.999899,480
44.8564,inicio,True,44.8563,33.333,1.642,1.229,True,640,480,0,False,60.00,0.1000,-0.000244,0.000274,1.039444,0.000479,-0.014225,-0.000350,0.999899,482
44.9564,inicio,True,44.9563,33.334,1.693,1.281,True,640,480,0,False,60.00,0.1000,-0.000244,0.000274,1.039444,0.000479,-0.014225,-0.000350,0.999899,483
45.0564,inicio,True,45.0563,33.334,1.563,1.226,True,640,480,0,False,60.00,0.1000,-0.000244,0.000274,1.039444,0.000479,-0.014225,-0.000350,0.999899,485
45.1898,inicio,True,45.1896,33.332,1.614,1.323,True,640,480,0,False,60.00,0.1000,-0.000244,0.000274,1.039444,0.000479,-0.014225,-0.000350,0.999899,486
45.3231,inicio,True,45.3229,33.332,1.326,1.268,True,640,480,0,False,60.00,0.1000,-0.000244,0.000274,1.039444,0.000479,-0.014225,-0.000350,0.999899,488
45.4231,inicio,True,45.4229,33.332,1.550,1.279,True,640,480,0,False,60.00,0.1000,-0.000244,0.000274,1.039444,0.000479,-0.014225,-0.000350,0.999899,489
45.5564,inicio,True,45.5563,33.333,1.559,1.252,True,640,480,0,False,60.00,0.1000,-0.000244,0.000274,1.039444,0.000479,-0.014225,-0.000350,0.999899,491
45.6564,inicio,True,45.6563,33.334,1.692,1.226,True,640,480,0,False,60.00,0.1000,-0.000244,0.000274,1.039444,0.000479,-0.014225,-0.000350,0.999899,492
45.7897,inicio,True,45.7896,33.332,1.700,1.269,True,640,480,0,False,60.00,0.1000,-0.000244,0.000274,1.039444,0.000479,-0.014225,-0.000350,0.999899,493
45.9231,inicio,True,45.9230,33.334,1.663,1.230,True,640,480,0,False,60.00,0.1000,-0.000244,0.000274,1.039444,0.000479,-0.014225,-0.000350,0.999899,495
46.0564,inicio,True,46.0563,33.332,1.603,1.253,True,640,480,0,False,60.00,0.1000,-0.000244,0.000274,1.039444,0.000479,-0.014225,-0.000350,0.999899,496
46.1564,inicio,True,46.1563,33.334,1.335,1.265,True,640,480,0,False,60.00,0.1000,-0.000244,0.000274,1.039444,0.000479,-0.014225,-0.000350,0.999899,498
46.2897,inicio,True,46.2896,33.333,1.630,1.261,True,640,480,0,False,60.00,0.1000,-0.000244,0.000274,1.039444,0.000479,-0.014225,-0.000350,0.999899,499
46.4231,inicio,True,46.4229,33.333,1.620,1.272,True,640,480,0,False,60.00,0.1000,-0.000244,0.000274,1.039444,0.000479,-0.014225,-0.000350,0.999899,501
46.5564,inicio,True,46.5563,33.334,1.576,1.243,True,640,480,0,False,60.00,0.1000,-0.000244,0.000274,1.039444,0.000479,-0.014225,-0.000350,0.999899,503
46.6898,inicio,True,46.6896,33.333,1.436,1.263,True,640,480,0,False,60.00,0.1000,-0.000244,0.000274,1.039444,0.000479,-0.014225,-0.000350,0.999899,504
46.8231,inicio,True,46.8229,33.333,1.536,1.262,True,640,480,0,False,60.00,0.1000,-0.000244,0.000274,1.039444,0.000479,-0.014225,-0.000350,0.999899,506
46.9231,inicio,True,46.9230,33.334,1.679,1.257,True,640,480,0,False,60.00,0.1000,-0.000244,0.000274,1.039444,0.000479,-0.014225,-0.000350,0.999899,507
47.0565,inicio,True,47.0563,33.335,1.783,1.380,True,640,480,0,False,60.00,0.1000,-0.000244,0.000274,1.039444,0.000479,-0.014225,-0.000350,0.999899,509
47.1565,inicio,True,47.1563,33.334,1.416,1.286,True,640,480,0,False,60.00,0.1000,-0.000244,0.000274,1.039444,0.000479,-0.014225,-0.000350,0.999899,510
47.2897,inicio,True,47.2896,33.331,1.529,1.285,True,640,480,0,False,60.00,0.1000,-0.000244,0.000274,1.039444,0.000479,-0.014225,-0.000350,0.999899,512
47.3897,inicio,True,47.3896,33.332,1.595,1.224,True,640,480,0,False,60.00,0.1000,-0.000244,0.000274,1.039444,0.000479,-0.014225,-0.000350,0.999899,513
47.5231,inicio,True,47.5229,33.333,1.544,1.267,True,640,480,0,False,60.00,0.1000,-0.000244,0.000274,1.039444,0.000479,-0.014225,-0.000350,0.999899,514
47.6231,inicio,True,47.6229,33.333,1.543,1.245,True,640,480,0,False,60.00,0.1000,-0.000244,0.000274,1.039444,0.000479,-0.014225,-0.000350,0.999899,515
47.7564,inicio,True,47.7562,33.332,1.556,1.246,True,640,480,0,False,60.00,0.1000,-0.000244,0.000274,1.039444,0.000479,-0.014225,-0.000350,0.999899,517
47.8564,inicio,True,47.8563,33.334,1.704,1.251,True,640,480,0,False,60.00,0.1000,-0.000244,0.000274,1.039444,0.000479,-0.014225,-0.000350,0.999899,518
47.9898,inicio,True,47.9896,33.334,1.518,1.248,True,640,480,0,False,60.00,0.1000,-0.000244,0.000274,1.039444,0.000479,-0.014225,-0.000350,0.999899,519
48.0899,inicio,True,48.0896,33.335,1.703,1.338,True,640,480,0,False,60.00,0.1000,-0.000244,0.000274,1.039444,0.000479,-0.014225,-0.000350,0.999899,520
48.1899,inicio,True,48.1897,33.336,1.884,1.401,True,640,480,0,False,60.00,0.1000,-0.000244,0.000274,1.039444,0.000479,-0.014225,-0.000350,0.999899,521
48.3231,inicio,True,48.3230,33.334,1.786,1.257,True,640,480,0,False,60.00,0.1000,-0.000244,0.000274,1.039444,0.000479,-0.014225,-0.000350,0.999899,522
48.4564,inicio,True,48.4563,33.333,1.668,1.236,True,640,480,0,False,60.00,0.1000,-0.000244,0.000274,1.039444,0.000479,-0.014225,-0.000350,0.999899,524
48.5564,inicio,True,48.5563,33.333,1.590,1.277,True,640,480,0,False,60.00,0.1000,-0.000244,0.000274,1.039444,0.000479,-0.014225,-0.000350,0.999899,525
48.6564,inicio,True,48.6563,33.333,1.550,1.230,True,640,480,0,False,60.00,0.1000,-0.000244,0.000274,1.039444,0.000479,-0.014225,-0.000350,0.999899,527
48.7565,inicio,True,48.7563,33.334,1.697,1.256,True,640,480,0,False,60.00,0.1000,-0.000244,0.000274,1.039444,0.000479,-0.014225,-0.000350,0.999899,528
48.8897,inicio,True,48.8896,33.333,1.550,1.273,True,640,480,0,False,60.00,0.1000,-0.000244,0.000274,1.039444,0.000479,-0.014225,-0.000350,0.999899,530
49.0231,inicio,True,49.0230,33.335,1.726,1.293,True,640,480,0,False,60.00,0.1000,-0.000244,0.000274,1.039444,0.000479,-0.014225,-0.000350,0.999899,532
49.1232,inicio,True,49.1230,33.335,1.942,1.360,True,640,480,0,False,60.00,0.1000,-0.000244,0.000274,1.039444,0.000479,-0.014225,-0.000350,0.999899,533
49.2232,inicio,True,49.2230,33.335,1.995,1.440,True,640,480,0,False,60.00,0.1000,-0.000244,0.000274,1.039444,0.000479,-0.014225,-0.000350,0.999899,534
49.3564,inicio,True,49.3563,33.332,1.679,1.277,True,640,480,0,False,60.00,0.1000,-0.000244,0.000274,1.039444,0.000479,-0.014225,-0.000350,0.999899,535
49.4564,inicio,True,49.4563,33.333,1.619,1.217,True,640,480,0,False,60.00,0.1000,-0.000244,0.000274,1.039444,0.000479,-0.014225,-0.000350,0.999899,537
49.5565,inicio,True,49.5563,33.334,1.577,1.255,True,640,480,0,False,60.00,0.1000,-0.000244,0.000274,1.039444,0.000479,-0.014225,-0.000350,0.999899,538
49.6897,inicio,True,49.6896,33.333,1.634,1.214,True,640,480,0,False,60.00,0.1000,-0.000244,0.000274,1.039444,0.000479,-0.014225,-0.000350,0.999899,539
49.7898,inicio,True,49.7896,33.334,1.682,1.231,True,640,480,0,False,60.00,0.1000,-0.000244,0.000274,1.039444,0.000479,-0.014225,-0.000350,0.999899,540
49.9231,inicio,True,49.9229,33.333,1.609,1.241,True,640,480,0,False,60.00,0.1000,-0.000244,0.000274,1.039444,0.000479,-0.014225,-0.000350,0.999899,541
50.0231,inicio,True,50.0230,33.334,1.758,1.348,True,640,480,0,False,60.00,0.1000,-0.000244,0.000274,1.039444,0.000479,-0.014225,-0.000350,0.999899,543
50.1231,inicio,True,50.1230,33.334,1.867,1.336,True,640,480,0,False,60.00,0.1000,-0.000244,0.000274,1.039444,0.000479,-0.014225,-0.000350,0.999899,544
50.2565,inicio,True,50.2563,33.334,1.626,1.287,True,640,480,0,False,60.00,0.1000,-0.000244,0.000274,1.039444,0.000479,-0.014225,-0.000350,0.999899,546
50.3898,inicio,True,50.3896,33.334,1.464,1.248,True,640,480,0,False,60.00,0.1000,-0.000244,0.000274,1.039444,0.000479,-0.014225,-0.000350,0.999899,547
50.5231,inicio,True,50.5230,33.334,1.670,1.264,True,640,480,0,False,60.00,0.1000,-0.000244,0.000274,1.039444,0.000479,-0.014225,-0.000350,0.999899,549
50.6565,inicio,True,50.6563,33.334,1.334,1.271,True,640,480,0,False,60.00,0.1000,-0.000244,0.000274,1.039444,0.000479,-0.014225,-0.000350,0.999899,550
50.7898,inicio,True,50.7896,33.333,1.439,1.218,True,640,480,0,False,60.00,0.1000,-0.000244,0.000274,1.039444,0.000479,-0.014225,-0.000350,0.999899,552
50.9231,inicio,True,50.9230,33.335,1.710,1.291,True,640,480,0,False,60.00,0.1000,-0.000244,0.000274,1.039444,0.000479,-0.014225,-0.000350,0.999899,554
51.0565,inicio,True,51.0563,33.342,1.615,1.338,True,640,480,0,False,60.00,0.1000,-0.000244,0.000274,1.039444,0.000479,-0.014225,-0.000350,0.999899,556
51.1565,inicio,True,51.1563,33.340,1.883,1.260,True,640,480,0,False,60.00,0.1000,-0.000244,0.000274,1.039444,0.000479,-0.014225,-0.000350,0.999899,557
51.2897,inicio,True,51.2896,33.337,1.887,1.259,True,640,480,0,False,60.00,0.1000,-0.000244,0.000274,1.039444,0.000479,-0.014225,-0.000350,0.999899,558
51.3898,inicio,True,51.3896,33.338,1.573,1.285,True,640,480,0,False,60.00,0.1000,-0.000244,0.000274,1.039444,0.000479,-0.014225,-0.000350,0.999899,559
51.4898,inicio,True,51.4896,33.338,1.578,1.242,True,640,480,0,False,60.00,0.1000,-0.000244,0.000274,1.039444,0.000479,-0.014225,-0.000350,0.999899,560
51.6231,inicio,True,51.6230,33.338,1.616,1.299,True,640,480,0,False,60.00,0.1000,-0.000244,0.000274,1.039444,0.000479,-0.014225,-0.000350,0.999899,561
51.7564,inicio,True,51.7563,33.335,1.575,1.263,True,640,480,0,False,60.00,0.1000,-0.000244,0.000274,1.039444,0.000479,-0.014225,-0.000350,0.999899,563
51.8564,inicio,True,51.8563,33.335,1.634,1.242,True,640,480,0,False,60.00,0.1000,-0.000244,0.000274,1.039444,0.000479,-0.014225,-0.000350,0.999899,564
51.9897,inicio,True,51.9896,33.334,1.662,1.282,True,640,480,0,False,60.00,0.1000,-0.000244,0.000274,1.039444,0.000479,-0.014225,-0.000350,0.999899,565
52.0899,inicio,True,52.0897,33.337,1.833,1.360,True,640,480,0,False,60.00,0.1000,-0.000244,0.000274,1.039444,0.000479,-0.014225,-0.000350,0.999899,567
52.2231,inicio,True,52.2229,33.334,1.856,1.323,True,640,480,0,False,60.00,0.1000,-0.000244,0.000274,1.039444,0.000479,-0.014225,-0.000350,0.999899,568
52.3564,inicio,True,52.3563,33.335,1.414,1.271,True,640,480,0,False,60.00,0.1000,-0.000244,0.000274,1.039444,0.000479,-0.014225,-0.000350,0.999899,570
52.4898,inicio,True,52.4896,33.334,1.556,1.262,True,640,480,0,False,60.00,0.1000,-0.000244,0.000274,1.039444,0.000479,-0.014225,-0.000350,0.999899,571
52.6231,inicio,True,52.6229,33.333,1.625,1.361,True,640,480,0,False,60.00,0.1000,-0.000244,0.000274,1.039444,0.000479,-0.014225,-0.000350,0.999899,573
52.7564,inicio,True,52.7563,33.333,1.587,1.231,True,640,480,0,False,60.00,0.1000,-0.000244,0.000274,1.039444,0.000479,-0.014225,-0.000350,0.999899,575
52.8564,inicio,True,52.8563,33.334,1.544,1.274,True,640,480,0,False,60.00,0.1000,-0.000244,0.000274,1.039444,0.000479,-0.014225,-0.000350,0.999899,576
52.9564,inicio,True,52.9563,33.335,1.577,1.234,True,640,480,0,False,60.00,0.1000,-0.000244,0.000274,1.039444,0.000479,-0.014225,-0.000350,0.999899,577
53.0898,inicio,True,53.0896,33.335,1.606,1.356,True,640,480,0,False,60.00,0.1000,-0.000244,0.000274,1.039444,0.000479,-0.014225,-0.000350,0.999899,578
53.2231,inicio,True,53.2229,33.334,1.696,1.247,True,640,480,0,False,60.00,0.1000,-0.000244,0.000274,1.039444,0.000479,-0.014225,-0.000350,0.999899,580
53.3564,inicio,True,53.3563,33.332,1.546,1.272,True,640,480,0,False,60.00,0.1000,-0.000244,0.000274,1.039444,0.000479,-0.014225,-0.000350,0.999899,581
53.4897,inicio,True,53.4896,33.333,1.635,1.253,True,640,480,0,False,60.00,0.1000,-0.000244,0.000274,1.039444,0.000479,-0.014225,-0.000350,0.999899,583
53.5897,inicio,True,53.5896,33.333,1.560,1.237,True,640,480,0,False,60.00,0.1000,-0.000244,0.000274,1.039444,0.000479,-0.014225,-0.000350,0.999899,584
53.7231,inicio,True,53.7229,33.333,1.561,1.227,True,640,480,0,False,60.00,0.1000,-0.000244,0.000274,1.039444,0.000479,-0.014225,-0.000350,0.999899,585
53.8231,inicio,True,53.8229,33.334,1.682,1.253,True,640,480,0,False,60.00,0.1000,-0.000244,0.000274,1.039444,0.000479,-0.014225,-0.000350,0.999899,586
53.9231,inicio,True,53.9229,33.334,1.559,1.252,True,640,480,0,False,60.00,0.1000,-0.000244,0.000274,1.039444,0.000479,-0.014225,-0.000350,0.999899,588
54.0565,inicio,True,54.0563,33.335,1.331,1.221,True,640,480,0,False,60.00,0.1000,-0.000244,0.000274,1.039444,0.000479,-0.014225,-0.000350,0.999899,589
54.1898,inicio,True,54.1896,33.332,1.659,1.262,True,640,480,0,False,60.00,0.1000,-0.000244,0.000274,1.039444,0.000479,-0.014225,-0.000350,0.999899,591
54.3231,inicio,True,54.3230,33.335,1.623,1.271,True,640,480,0,False,60.00,0.1000,-0.000244,0.000274,1.039444,0.000479,-0.014225,-0.000350,0.999899,592
54.4564,inicio,True,54.4563,33.334,1.327,1.236,True,640,480,0,False,60.00,0.1000,-0.000244,0.000274,1.039444,0.000479,-0.014225,-0.000350,0.999899,594
54.5897,inicio,True,54.5896,33.333,1.557,1.220,True,640,480,0,False,60.00,0.1000,-0.000244,0.000274,1.039444,0.000479,-0.014225,-0.000350,0.999899,595
54.6898,inicio,True,54.6896,33.333,1.570,1.260,True,640,480,0,False,60.00,0.1000,-0.000244,0.000274,1.039444,0.000479,-0.014225,-0.000350,0.999899,597
54.8231,inicio,True,54.8230,33.334,1.563,1.266,True,640,480,0,False,60.00,0.1000,-0.000244,0.000274,1.039444,0.000479,-0.014225,-0.000350,0.999899,598
54.9564,inicio,True,54.9563,33.334,1.560,1.223,True,640,480,0,False,60.00,0.1000,-0.000244,0.000274,1.039444,0.000479,-0.014225,-0.000350,0.999899,600
55.0565,inicio,True,55.0563,33.335,1.606,1.339,True,640,480,0,False,60.00,0.1000,-0.000244,0.000274,1.039444,0.000479,-0.014225,-0.000350,0.999899,601
55.1898,inicio,True,55.1896,33.335,1.392,1.239,True,640,480,0,False,60.00,0.1000,-0.000244,0.000274,1.039444,0.000479,-0.014225,-0.000350,0.999899,602
55.3230,inicio,True,55.3229,33.332,1.382,1.240,True,640,480,0,False,60.00,0.1000,-0.000244,0.000274,1.039444,0.000479,-0.014225,-0.000350,0.999899,603
55.4231,inicio,True,55.4229,33.333,1.573,1.231,True,640,480,0,False,60.00,0.1000,-0.000244,0.000274,1.039444,0.000479,-0.014225,-0.000350,0.999899,604
55.5564,inicio,True,55.5563,33.332,1.327,1.253,True,640,480,0,False,60.00,0.1000,-0.000244,0.000274,1.039444,0.000479,-0.014225,-0.000350,0.999899,606
55.6564,inicio,True,55.6563,33.335,1.558,1.236,True,640,480,0,False,60.00,0.1000,-0.000244,0.000274,1.039444,0.000479,-0.014225,-0.000350,0.999899,607
55.7565,inicio,True,55.7563,33.336,1.554,1.215,True,640,480,0,False,60.00,0.1000,-0.000244,0.000274,1.039444,0.000479,-0.014225,-0.000350,0.999899,608
55.8898,inicio,True,55.8896,33.333,1.569,1.264,True,640,480,0,False,60.00,0.1000,-0.000244,0.000274,1.039444,0.000479,-0.014225,-0.000350,0.999899,609
55.9898,inicio,True,55.9896,33.334,1.554,1.254,True,640,480,0,False,60.00,0.1000,-0.000244,0.000274,1.039444,0.000479,-0.014225,-0.000350,0.999899,610
56.1231,inicio,True,56.1229,33.334,1.723,1.321,True,640,480,0,False,60.00,0.1000,-0.000244,0.000274,1.039444,0.000479,-0.014225,-0.000350,0.999899,611
56.2231,inicio,True,56.2230,33.334,1.583,1.252,True,640,480,0,False,60.00,0.1000,-0.000244,0.000274,1.039444,0.000479,-0.014225,-0.000350,0.999899,613
56.3231,inicio,True,56.3230,33.335,1.616,1.282,True,640,480,0,False,60.00,0.1000,-0.000244,0.000274,1.039444,0.000479,-0.014225,-0.000350,0.999899,614
56.4564,inicio,True,56.4563,33.333,1.557,1.275,True,640,480,0,False,60.00,0.1000,-0.000244,0.000274,1.039444,0.000479,-0.014225,-0.000350,0.999899,616
56.5897,inicio,True,56.5896,33.333,1.555,1.258,True,640,480,0,False,60.00,0.1000,-0.000244,0.000274,1.039444,0.000479,-0.014225,-0.000350,0.999899,617
56.6898,inicio,True,56.6896,33.334,1.560,1.236,True,640,480,0,False,60.00,0.1000,-0.000244,0.000274,1.039444,0.000479,-0.014225,-0.000350,0.999899,618
56.7898,inicio,True,56.7896,33.334,1.695,1.232,True,640,480,0,False,60.00,0.1000,-0.000244,0.000274,1.039444,0.000479,-0.014225,-0.000350,0.999899,620
56.9231,inicio,True,56.9229,33.334,1.699,1.236,True,640,480,0,False,60.00,0.1000,-0.000244,0.000274,1.039444,0.000479,-0.014225,-0.000350,0.999899,621
57.0231,inicio,True,57.0229,33.333,1.558,1.228,True,640,480,0,False,60.00,0.1000,-0.000244,0.000274,1.039444,0.000479,-0.014225,-0.000350,0.999899,622
57.1234,inicio,True,57.1232,33.348,15.817,1.284,True,640,480,0,False,60.00,0.1000,-0.000244,0.000274,1.039444,0.000479,-0.014225,-0.000350,0.999899,624
57.2565,inicio,True,57.2563,33.335,1.571,1.306,True,640,480,0,False,60.00,0.1000,-0.000244,0.000274,1.039444,0.000479,-0.014225,-0.000350,0.999899,625
57.3898,inicio,True,57.3896,33.333,1.639,1.383,True,640,480,0,False,60.00,0.1000,-0.000244,0.000274,1.039444,0.000479,-0.014225,-0.000350,0.999899,627
57.5231,inicio,True,57.5230,33.334,1.729,1.344,True,640,480,0,False,60.00,0.1000,-0.000244,0.000274,1.039444,0.000479,-0.014225,-0.000350,0.999899,628
57.6231,inicio,True,57.6230,33.335,1.775,1.321,True,640,480,0,False,60.00,0.1000,-0.000244,0.000274,1.039444,0.000479,-0.014225,-0.000350,0.999899,629
57.7564,inicio,True,57.7563,33.333,1.667,1.333,True,640,480,0,False,60.00,0.1000,-0.000244,0.000274,1.039444,0.000479,-0.014225,-0.000350,0.999899,630
57.8898,inicio,True,57.8896,33.334,1.670,1.356,True,640,480,0,False,60.00,0.1000,-0.000244,0.000274,1.039444,0.000479,-0.014225,-0.000350,0.999899,632
58.0231,inicio,True,58.0229,33.333,1.622,1.343,True,640,480,0,False,60.00,0.1000,-0.000244,0.000274,1.039444,0.000479,-0.014225,-0.000350,0.999899,633
58.1565,inicio,True,58.1563,33.335,1.637,1.500,True,640,480,0,False,60.00,0.1000,-0.000244,0.000274,1.039444,0.000479,-0.014225,-0.000350,0.999899,635
58.2897,inicio,True,58.2896,33.332,1.680,1.475,True,640,480,0,False,60.00,0.1000,-0.000244,0.000274,1.039444,0.000479,-0.014225,-0.000350,0.999899,636
58.3898,inicio,True,58.3896,33.334,1.642,1.392,True,640,480,0,False,60.00,0.1000,-0.000244,0.000274,1.039444,0.000479,-0.014225,-0.000350,0.999899,637
58.5231,inicio,True,58.5229,33.333,1.793,1.339,True,640,480,0,False,60.00,0.1000,-0.000244,0.000274,1.039444,0.000479,-0.014225,-0.000350,0.999899,638
58.6231,inicio,True,58.6230,33.333,1.690,1.289,True,640,480,0,False,60.00,0.1000,-0.000244,0.000274,1.039444,0.000479,-0.014225,-0.000350,0.999899,640
58.7564,inicio,True,58.7563,33.333,1.638,1.271,True,640,480,0,False,60.00,0.1000,-0.000244,0.000274,1.039444,0.000479,-0.014225,-0.000350,0.999899,641
58.8564,inicio,True,58.8563,33.333,1.672,1.297,True,640,480,0,False,60.00,0.1000,-0.000244,0.000274,1.039444,0.000479,-0.014225,-0.000350,0.999899,643
58.9564,inicio,True,58.9563,33.334,1.627,1.283,True,640,480,0,False,60.00,0.1000,-0.000244,0.000274,1.039444,0.000479,-0.014225,-0.000350,0.999899,644
59.0564,inicio,True,59.0563,33.333,1.673,1.302,True,640,480,0,False,60.00,0.1000,-0.000244,0.000274,1.039444,0.000479,-0.014225,-0.000350,0.999899,645
59.1565,inicio,True,59.1563,33.335,1.685,1.288,True,640,480,0,False,60.00,0.1000,-0.000244,0.000274,1.039444,0.000479,-0.014225,-0.000350,0.999899,646
59.2898,inicio,True,59.2896,33.333,1.657,1.277,True,640,480,0,False,60.00,0.1000,-0.000244,0.000274,1.039444,0.000479,-0.014225,-0.000350,0.999899,648
59.4231,inicio,True,59.4230,33.333,1.759,1.299,True,640,480,0,False,60.00,0.1000,-0.000244,0.000274,1.039444,0.000479,-0.014225,-0.000350,0.999899,649
59.5564,inicio,True,59.5563,33.334,1.650,1.314,True,640,480,0,False,60.00,0.1000,-0.000244,0.000274,1.039444,0.000479,-0.014225,-0.000350,0.999899,651
59.6564,inicio,True,59.6563,33.335,1.395,1.274,True,640,480,0,False,60.00,0.1000,-0.000244,0.000274,1.039444,0.000479,-0.014225,-0.000350,0.999899,652
59.7898,inicio,True,59.7896,33.333,1.642,1.251,True,640,480,0,False,60.00,0.1000,-0.000244,0.000274,1.039444,0.000479,-0.014225,-0.000350,0.999899,653
59.9231,inicio,True,59.9229,33.333,1.660,1.243,True,640,480,0,False,60.00,0.1000,-0.000244,0.000274,1.039444,0.000479,-0.014225,-0.000350,0.999899,655
60.0231,inicio,True,60.0229,33.333,1.732,1.265,True,640,480,0,False,60.00,0.1000,-0.000244,0.000274,1.039444,0.000479,-0.014225,-0.000350,0.999899,656
60.1231,inicio,True,60.1230,33.334,2.031,1.310,True,640,480,0,False,60.00,0.1000,-0.000244,0.000274,1.039444,0.000479,-0.014225,-0.000350,0.999899,657
60.2231,inicio,True,60.2229,33.333,1.680,1.322,True,640,480,0,False,60.00,0.1000,-0.000244,0.000274,1.039444,0.000479,-0.014225,-0.000350,0.999899,658
60.3564,inicio,True,60.3563,33.333,1.650,1.275,True,640,480,0,False,60.00,0.1000,-0.000244,0.000274,1.039444,0.000479,-0.014225,-0.000350,0.999899,660
60.4564,inicio,True,60.4563,33.334,1.651,1.317,True,640,480,0,False,60.00,0.1000,-0.000244,0.000274,1.039444,0.000479,-0.014225,-0.000350,0.999899,661
60.5898,inicio,True,60.5896,33.334,1.678,1.307,True,640,480,0,False,60.00,0.1000,-0.000244,0.000274,1.039444,0.000479,-0.014225,-0.000350,0.999899,662
60.6898,inicio,True,60.6896,33.334,1.662,1.284,True,640,480,0,False,60.00,0.1000,-0.000244,0.000274,1.039444,0.000479,-0.014225,-0.000350,0.999899,664
60.8231,inicio,True,60.8229,33.332,1.764,1.251,True,640,480,0,False,60.00,0.1000,-0.000244,0.000274,1.039444,0.000479,-0.014225,-0.000350,0.999899,665
60.9231,inicio,True,60.9230,33.334,1.766,1.256,True,640,480,0,False,60.00,0.1000,-0.000244,0.000274,1.039444,0.000479,-0.014225,-0.000350,0.999899,667
61.0565,inicio,True,61.0563,33.335,1.687,1.266,True,640,480,0,False,60.00,0.1000,-0.000244,0.000274,1.039444,0.000479,-0.014225,-0.000350,0.999899,668
61.1565,inicio,True,61.1563,33.334,1.847,1.327,True,640,480,0,False,60.00,0.1000,-0.000244,0.000274,1.039444,0.000479,-0.014225,-0.000350,0.999899,669
61.2898,inicio,True,61.2896,33.333,1.758,1.311,True,640,480,0,False,60.00,0.1000,-0.000244,0.000274,1.039444,0.000479,-0.014225,-0.000350,0.999899,671
61.4231,inicio,True,61.4229,33.333,1.657,1.309,True,640,480,0,False,60.00,0.1000,-0.000244,0.000274,1.039444,0.000479,-0.014225,-0.000350,0.999899,672
61.5564,inicio,True,61.5563,33.333,1.699,1.349,True,640,480,0,False,60.00,0.1000,-0.000244,0.000274,1.039444,0.000479,-0.014225,-0.000350,0.999899,674
61.6565,inicio,True,61.6563,33.335,1.662,1.285,True,640,480,0,False,60.00,0.1000,-0.000244,0.000274,1.039444,0.000479,-0.014225,-0.000350,0.999899,675
61.7898,inicio,True,61.7896,33.334,1.653,1.288,True,640,480,0,False,60.00,0.1000,-0.000244,0.000274,1.039444,0.000479,-0.014225,-0.000350,0.999899,676
61.8898,inicio,True,61.8896,33.334,1.673,1.286,True,640,480,0,False,60.00,0.1000,-0.000244,0.000274,1.039444,0.000479,-0.014225,-0.000350,0.999899,678
62.0231,inicio,True,62.0230,33.334,1.701,1.278,True,640,480,0,False,60.00,0.1000,-0.000244,0.000274,1.039444,0.000479,-0.014225,-0.000350,0.999899,679
62.1232,inicio,True,62.1230,33.334,2.062,1.361,True,640,480,0,False,60.00,0.1000,-0.000244,0.000274,1.039444,0.000479,-0.014225,-0.000350,0.999899,680
62.2564,inicio,True,62.2563,33.333,1.864,1.444,True,640,480,0,False,60.00,0.1000,-0.000244,0.000274,1.039444,0.000479,-0.014225,-0.000350,0.999899,682
62.3898,inicio,True,62.3896,33.334,1.816,1.307,True,640,480,0,False,60.00,0.1000,-0.000244,0.000274,1.039444,0.000479,-0.014225,-0.000350,0.999899,683
62.5231,inicio,True,62.5230,33.335,1.684,1.303,True,640,480,0,False,60.00,0.1000,-0.000244,0.000274,1.039444,0.000479,-0.014225,-0.000350,0.999899,685
62.6564,inicio,True,62.6563,33.335,1.670,1.281,True,640,480,0,False,60.00,0.1000,-0.000244,0.000274,1.039444,0.000479,-0.014225,-0.000350,0.999899,686
62.7897,inicio,True,62.7896,33.332,1.613,1.268,True,640,480,0,False,60.00,0.1000,-0.000244,0.000274,1.039444,0.000479,-0.014225,-0.000350,0.999899,688
62.8898,inicio,True,62.8896,33.334,1.615,1.286,True,640,480,0,False,60.00,0.1000,-0.000244,0.000274,1.039444,0.000479,-0.014225,-0.000350,0.999899,689
63.0231,inicio,True,63.0229,33.333,1.712,1.301,True,640,480,0,False,60.00,0.1000,-0.000244,0.000274,1.039444,0.000479,-0.014225,-0.000350,0.999899,691
63.1233,inicio,True,63.1231,33.338,1.933,1.493,True,640,480,0,False,60.00,0.1000,-0.000244,0.000274,1.039444,0.000479,-0.014225,-0.000350,0.999899,692
63.2608,inicio,True,63.2606,33.548,1.834,1.442,True,640,480,0,False,60.00,0.1000,-0.000244,0.000274,1.039444,0.000479,-0.014225,-0.000350,0.999899,694
63.3897,inicio,True,63.3896,33.323,1.721,1.306,True,640,480,0,False,60.00,0.1000,-0.000244,0.000274,1.039444,0.000479,-0.014225,-0.000350,0.999899,695
63.4897,inicio,True,63.4896,33.324,1.602,1.265,True,640,480,0,False,60.00,0.1000,-0.000244,0.000274,1.039444,0.000479,-0.014225,-0.000350,0.999899,697
63.5898,inicio,True,63.5896,33.327,1.732,1.301,True,640,480,0,False,60.00,0.1000,-0.000244,0.000274,1.039444,0.000479,-0.014225,-0.000350,0.999899,698
63.6898,inicio,True,63.6896,33.328,1.591,1.328,True,640,480,0,False,60.00,0.1000,-0.000244,0.000274,1.039444,0.000479,-0.014225,-0.000350,0.999899,699
63.8231,inicio,True,63.8229,33.327,1.385,1.299,True,640,480,0,False,60.00,0.1000,-0.000244,0.000274,1.039444,0.000479,-0.014225,-0.000350,0.999899,700
63.9231,inicio,True,63.9229,33.329,1.612,1.249,True,640,480,0,False,60.00,0.1000,-0.000244,0.000274,1.039444,0.000479,-0.014225,-0.000350,0.999899,701
64.0564,inicio,True,64.0563,33.331,1.626,1.313,True,640,480,0,False,60.00,0.1000,-0.000244,0.000274,1.039444,0.000479,-0.014225,-0.000350,0.999899,703
64.1898,inicio,True,64.1896,33.331,1.953,1.576,True,640,480,0,False,60.00,0.1000,-0.000244,0.000274,1.039444,0.000479,-0.014225,-0.000350,0.999899,704
64.2898,inicio,True,64.2896,33.332,1.656,1.389,True,640,480,0,False,60.00,0.1000,-0.000244,0.000274,1.039444,0.000479,-0.014225,-0.000350,0.999899,706
64.4231,inicio,True,64.4229,33.330,1.654,1.296,True,640,480,0,False,60.00,0.1000,-0.000244,0.000274,1.039444,0.000479,-0.014225,-0.000350,0.999899,707
64.5564,inicio,True,64.5563,33.333,1.398,1.294,True,640,480,0,False,60.00,0.1000,-0.000244,0.000274,1.039444,0.000479,-0.014225,-0.000350,0.999899,708
64.6898,inicio,True,64.6896,33.332,1.646,1.302,True,640,480,0,False,60.00,0.1000,-0.000244,0.000274,1.039444,0.000479,-0.014225,-0.000350,0.999899,710
64.7898,inicio,True,64.7896,33.333,1.743,1.267,True,640,480,0,False,60.00,0.1000,-0.000244,0.000274,1.039444,0.000479,-0.014225,-0.000350,0.999899,711
64.9231,inicio,True,64.9229,33.332,1.356,1.328,True,640,480,0,False,60.00,0.1000,-0.000244,0.000274,1.039444,0.000479,-0.014225,-0.000350,0.999899,713
65.0231,inicio,True,65.0230,33.333,1.722,1.257,True,640,480,0,False,60.00,0.1000,-0.000244,0.000274,1.039444,0.000479,-0.014225,-0.000350,0.999899,714
65.1232,inicio,True,65.1230,33.334,1.862,1.405,True,640,480,0,False,60.00,0.1000,-0.000244,0.000274,1.039444,0.000479,-0.014225,-0.000350,0.999899,715
65.2565,inicio,True,65.2563,33.333,2.012,1.314,True,640,480,0,False,60.00,0.1000,-0.000244,0.000274,1.039444,0.000479,-0.014225,-0.000350,0.999899,717
65.3897,inicio,True,65.3896,33.332,1.679,1.266,True,640,480,0,False,60.00,0.1000,-0.000244,0.000274,1.039444,0.000479,-0.014225,-0.000350,0.999899,718
65.5231,inicio,True,65.5229,33.333,1.740,1.297,True,640,480,0,False,60.00,0.1000,-0.000244,0.000274,1.039444,0.000479,-0.014225,-0.000350,0.999899,720
65.6564,inicio,True,65.6563,33.333,1.820,1.295,True,640,480,0,False,60.00,0.1000,-0.000244,0.000274,1.039444,0.000479,-0.014225,-0.000350,0.999899,722
65.7564,inicio,True,65.7563,33.333,1.712,1.298,True,640,480,0,False,60.00,0.1000,-0.000244,0.000274,1.039444,0.000479,-0.014225,-0.000350,0.999899,723
65.8564,inicio,True,65.8563,33.333,1.686,1.319,True,640,480,0,False,60.00,0.1000,-0.000244,0.000274,1.039444,0.000479,-0.014225,-0.000350,0.999899,725
65.9564,inicio,True,65.9563,33.334,1.670,1.264,True,640,480,0,False,60.00,0.1000,-0.000244,0.000274,1.039444,0.000479,-0.014225,-0.000350,0.999899,726
66.0565,inicio,True,66.0563,33.334,1.679,1.247,True,640,480,0,False,60.00,0.1000,-0.000244,0.000274,1.039444,0.000479,-0.014225,-0.000350,0.999899,727
66.1898,inicio,True,66.1896,33.334,1.987,1.445,True,640,480,0,False,60.00,0.1000,-0.000244,0.000274,1.039444,0.000479,-0.014225,-0.000350,0.999899,729
66.3231,inicio,True,66.3229,33.332,1.712,1.276,True,640,480,0,False,60.00,0.1000,-0.000244,0.000274,1.039444,0.000479,-0.014225,-0.000350,0.999899,730
66.4564,inicio,True,66.4563,33.333,1.810,1.324,True,640,480,0,False,60.00,0.1000,-0.000244,0.000274,1.039444,0.000479,-0.014225,-0.000350,0.999899,732
66.5898,inicio,True,66.5896,33.333,1.712,1.306,True,640,480,0,False,60.00,0.1000,-0.000244,0.000274,1.039444,0.000479,-0.014225,-0.000350,0.999899,734
66.7231,inicio,True,66.7230,33.333,1.708,1.244,True,640,480,0,False,60.00,0.1000,-0.000244,0.000274,1.039444,0.000479,-0.014225,-0.000350,0.999899,735
66.8231,inicio,True,66.8230,33.334,1.667,1.249,True,640,480,0,False,60.00,0.1000,-0.000244,0.000274,1.039444,0.000479,-0.014225,-0.000350,0.999899,737
66.9231,inicio,True,66.9230,33.334,1.667,1.320,True,640,480,0,False,60.00,0.1000,-0.000244,0.000274,1.039444,0.000479,-0.014225,-0.000350,0.999899,738
67.0566,inicio,True,67.0563,33.336,2.091,1.557,True,640,480,0,False,60.00,0.1000,-0.000244,0.000274,1.039444,0.000479,-0.014225,-0.000350,0.999899,740
67.1898,inicio,True,67.1896,33.333,1.909,1.384,True,640,480,0,False,60.00,0.1000,-0.000244,0.000274,1.039444,0.000479,-0.014225,-0.000350,0.999899,741
67.3231,inicio,True,67.3229,33.332,1.719,1.282,True,640,480,0,False,60.00,0.1000,-0.000244,0.000274,1.039444,0.000479,-0.014225,-0.000350,0.999899,743
67.4565,inicio,True,67.4563,33.333,1.716,1.314,True,640,480,0,False,60.00,0.1000,-0.000244,0.000274,1.039444,0.000479,-0.014225,-0.000350,0.999899,745
67.5565,inicio,True,67.5563,33.335,1.844,1.339,True,640,480,0,False,60.00,0.1000,-0.000244,0.000274,1.039444,0.000479,-0.014225,-0.000350,0.999899,746
67.6565,inicio,True,67.6563,33.335,1.844,1.294,True,640,480,0,False,60.00,0.1000,-0.000244,0.000274,1.039444,0.000479,-0.014225,-0.000350,0.999899,747
67.7898,inicio,True,67.7896,33.333,1.826,1.345,True,640,480,0,False,60.00,0.1000,-0.000244,0.000274,1.039444,0.000479,-0.014225,-0.000350,0.999899,748
67.8898,inicio,True,67.8896,33.333,1.444,1.228,True,640,480,0,False,60.00,0.1000,-0.000244,0.000274,1.039444,0.000479,-0.014225,-0.000350,0.999899,749
67.9898,inicio,True,67.9896,33.334,1.711,1.280,True,640,480,0,False,60.00,0.1000,-0.000244,0.000274,1.039444,0.000479,-0.014225,-0.000350,0.999899,751
68.0898,inicio,True,68.0897,33.336,1.747,1.272,True,640,480,0,False,60.00,0.1000,-0.000244,0.000274,1.039444,0.000479,-0.014225,-0.000350,0.999899,752
68.2231,inicio,True,68.2230,33.333,1.827,1.374,True,640,480,0,False,60.00,0.1000,-0.000244,0.000274,1.039444,0.000479,-0.014225,-0.000350,0.999899,753
68.3564,inicio,True,68.3563,33.331,1.697,1.299,True,640,480,0,False,60.00,0.1000,-0.000244,0.000274,1.039444,0.000479,-0.014225,-0.000350,0.999899,755
68.4564,inicio,True,68.4563,33.333,1.735,1.339,True,640,480,0,False,60.00,0.1000,-0.000244,0.000274,1.039444,0.000479,-0.014225,-0.000350,0.999899,756
68.5564,inicio,True,68.5563,33.334,1.794,1.316,True,640,480,0,False,60.00,0.1000,-0.000244,0.000274,1.039444,0.000479,-0.014225,-0.000350,0.999899,758
68.6898,inicio,True,68.6896,33.334,1.425,1.265,True,640,480,0,False,60.00,0.1000,-0.000244,0.000274,1.039444,0.000479,-0.014225,-0.000350,0.999899,759
68.7898,inicio,True,68.7896,33.334,1.606,1.221,True,640,480,0,False,60.00,0.1000,-0.000244,0.000274,1.039444,0.000479,-0.014225,-0.000350,0.999899,760
68.9231,inicio,True,68.9230,33.334,1.362,1.269,True,640,480,0,False,60.00,0.1000,-0.000244,0.000274,1.039444,0.000479,-0.014225,-0.000350,0.999899,762
69.0564,inicio,True,69.0563,33.333,1.673,1.251,True,640,480,0,False,60.00,0.1000,-0.000244,0.000274,1.039444,0.000479,-0.014225,-0.000350,0.999899,763
69.1564,inicio,True,69.1563,33.334,1.799,1.257,True,640,480,0,False,60.00,0.1000,-0.000244,0.000274,1.039444,0.000479,-0.014225,-0.000350,0.999899,765
69.2894,inicio,True,69.2893,33.316,1.709,1.273,True,640,480,0,False,60.00,0.1000,-0.000244,0.000274,1.039444,0.000479,-0.014225,-0.000350,0.999899,766
69.3898,inicio,True,69.3896,33.335,1.644,1.298,True,640,480,0,False,60.00,0.1000,-0.000244,0.000274,1.039444,0.000479,-0.014225,-0.000350,0.999899,767
69.5232,inicio,True,69.5230,33.335,1.739,1.279,True,640,480,0,False,60.00,0.1000,-0.000244,0.000274,1.039444,0.000479,-0.014225,-0.000350,0.999899,769
69.6564,inicio,True,69.6563,33.335,1.597,1.257,True,640,480,0,False,60.00,0.1000,-0.000244,0.000274,1.039444,0.000479,-0.014225,-0.000350,0.999899,770
69.7898,inicio,True,69.7896,33.334,1.640,1.253,True,640,480,0,False,60.00,0.1000,-0.000244,0.000274,1.039444,0.000479,-0.014225,-0.000350,0.999899,772
69.9231,inicio,True,69.9229,33.333,1.722,1.233,True,640,480,0,False,60.00,0.1000,-0.000244,0.000274,1.039444,0.000479,-0.014225,-0.000350,0.999899,773
70.0231,inicio,True,70.0230,33.335,1.635,1.233,True,640,480,0,False,60.00,0.1000,-0.000244,0.000274,1.039444,0.000479,-0.014225,-0.000350,0.999899,774
70.1565,inicio,True,70.1563,33.335,1.694,1.295,True,640,480,0,False,60.00,0.1000,-0.000244,0.000274,1.039444,0.000479,-0.014225,-0.000350,0.999899,776
70.2897,inicio,True,70.2896,33.332,1.656,1.295,True,640,480,0,False,60.00,0.1000,-0.000244,0.000274,1.039444,0.000479,-0.014225,-0.000350,0.999899,778
70.3898,inicio,True,70.3896,33.333,1.790,1.297,True,640,480,0,False,60.00,0.1000,-0.000244,0.000274,1.039444,0.000479,-0.014225,-0.000350,0.999899,779
70.4898,inicio,True,70.4896,33.334,1.793,1.275,True,640,480,0,False,60.00,0.1000,-0.000244,0.000274,1.039444,0.000479,-0.014225,-0.000350,0.999899,780
70.6231,inicio,True,70.6229,33.332,1.639,1.223,True,640,480,0,False,60.00,0.1000,-0.000244,0.000274,1.039444,0.000479,-0.014225,-0.000350,0.999899,782
70.7231,inicio,True,70.7230,33.334,1.690,1.246,True,640,480,0,False,60.00,0.1000,-0.000244,0.000274,1.039444,0.000479,-0.014225,-0.000350,0.999899,783
70.8564,inicio,True,70.8562,33.332,1.668,1.257,True,640,480,0,False,60.00,0.1000,-0.000244,0.000274,1.039444,0.000479,-0.014225,-0.000350,0.999899,784
70.9564,inicio,True,70.9563,33.334,1.745,1.237,True,640,480,0,False,60.00,0.1000,-0.000244,0.000274,1.039444,0.000479,-0.014225,-0.000350,0.999899,786
71.0564,inicio,True,71.0563,33.334,1.674,1.256,True,640,480,0,False,60.00,0.1000,-0.000244,0.000274,1.039444,0.000479,-0.014225,-0.000350,0.999899,787
71.1565,inicio,True,71.1563,33.334,1.645,1.266,True,640,480,0,False,60.00,0.1000,-0.000244,0.000274,1.039444,0.000479,-0.014225,-0.000350,0.999899,788
71.2898,inicio,True,71.2896,33.333,1.797,1.273,True,640,480,0,False,60.00,0.1000,-0.000244,0.000274,1.039444,0.000479,-0.014225,-0.000350,0.999899,790
71.4231,inicio,True,71.4230,33.334,1.730,1.290,True,640,480,0,False,60.00,0.1000,-0.000244,0.000274,1.039444,0.000479,-0.014225,-0.000350,0.999899,791
71.5564,inicio,True,71.5563,33.334,1.670,1.285,True,640,480,0,False,60.00,0.1000,-0.000244,0.000274,1.039444,0.000479,-0.014225,-0.000350,0.999899,793
71.6564,inicio,True,71.6563,33.334,1.694,1.249,True,640,480,0,False,60.00,0.1000,-0.000244,0.000274,1.039444,0.000479,-0.014225,-0.000350,0.999899,794
71.7564,inicio,True,71.7563,33.335,1.645,1.261,True,640,480,0,False,60.00,0.1000,-0.000244,0.000274,1.039444,0.000479,-0.014225,-0.000350,0.999899,795
71.8898,inicio,True,71.8897,33.335,1.609,1.246,True,640,480,0,False,60.00,0.1000,-0.000244,0.000274,1.039444,0.000479,-0.014225,-0.000350,0.999899,797
71.9898,inicio,True,71.9897,33.336,1.633,1.241,True,640,480,0,False,60.00,0.1000,-0.000244,0.000274,1.039444,0.000479,-0.014225,-0.000350,0.999899,798
72.0898,inicio,True,72.0897,33.337,1.644,1.258,True,640,480,0,False,60.00,0.1000,-0.000244,0.000274,1.039444,0.000479,-0.014225,-0.000350,0.999899,799
72.2231,inicio,True,72.2230,33.334,1.744,1.281,True,640,480,0,False,60.00,0.1000,-0.000244,0.000274,1.039444,0.000479,-0.014225,-0.000350,0.999899,800
72.3564,inicio,True,72.3563,33.332,1.720,1.264,True,640,480,0,False,60.00,0.1000,-0.000244,0.000274,1.039444,0.000479,-0.014225,-0.000350,0.999899,801
72.4564,inicio,True,72.4563,33.334,1.682,1.254,True,640,480,0,False,60.00,0.1000,-0.000244,0.000274,1.039444,0.000479,-0.014225,-0.000350,0.999899,802
72.5564,inicio,True,72.5563,33.334,1.752,1.267,True,640,480,0,False,60.00,0.1000,-0.000244,0.000274,1.039444,0.000479,-0.014225,-0.000350,0.999899,804
72.6897,inicio,True,72.6896,33.332,1.635,1.290,True,640,480,0,False,60.00,0.1000,-0.000244,0.000274,1.039444,0.000479,-0.014225,-0.000350,0.999899,805
72.7897,inicio,True,72.7896,33.333,1.610,1.231,True,640,480,0,False,60.00,0.1000,-0.000244,0.000274,1.039444,0.000479,-0.014225,-0.000350,0.999899,807
72.9231,inicio,True,72.9230,33.334,1.640,1.233,True,640,480,0,False,60.00,0.1000,-0.000244,0.000274,1.039444,0.000479,-0.014225,-0.000350,0.999899,808
73.0231,inicio,True,73.0230,33.335,1.650,1.295,True,640,480,0,False,60.00,0.1000,-0.000244,0.000274,1.039444,0.000479,-0.014225,-0.000350,0.999899,810
73.1564,inicio,True,73.1563,33.333,1.424,1.261,True,640,480,0,False,60.00,0.1000,-0.000244,0.000274,1.039444,0.000479,-0.014225,-0.000350,0.999899,811
73.2565,inicio,True,73.2563,33.335,1.530,1.373,True,640,480,0,False,60.00,0.1000,-0.000244,0.000274,1.039444,0.000479,-0.014225,-0.000350,0.999899,813
73.3898,inicio,True,73.3896,33.334,1.819,1.342,True,640,480,0,False,60.00,0.1000,-0.000244,0.000274,1.039444,0.000479,-0.014225,-0.000350,0.999899,814
73.5231,inicio,True,73.5229,33.332,1.634,1.292,True,640,480,0,False,60.00,0.1000,-0.000244,0.000274,1.039444,0.000479,-0.014225,-0.000350,0.999899,816
73.6231,inicio,True,73.6229,33.332,1.657,1.288,True,640,480,0,False,60.00,0.1000,-0.000244,0.000274,1.039444,0.000479,-0.014225,-0.000350,0.999899,817
73.7564,inicio,True,73.7563,33.334,1.649,1.251,True,640,480,0,False,60.00,0.1000,-0.000244,0.000274,1.039444,0.000479,-0.014225,-0.000350,0.999899,818
73.8898,inicio,True,73.8896,33.334,1.657,1.259,True,640,480,0,False,60.00,0.1000,-0.000244,0.000274,1.039444,0.000479,-0.014225,-0.000350,0.999899,820
74.0231,inicio,True,74.0230,33.334,1.664,1.255,True,640,480,0,False,60.00,0.1000,-0.000244,0.000274,1.039444,0.000479,-0.014225,-0.000350,0.999899,821
74.1231,inicio,True,74.1230,33.334,1.663,1.312,True,640,480,0,False,60.00,0.1000,-0.000244,0.000274,1.039444,0.000479,-0.014225,-0.000350,0.999899,822
74.2231,inicio,True,74.2230,33.335,1.671,1.307,True,640,480,0,False,60.00,0.1000,-0.000244,0.000274,1.039444,0.000479,-0.014225,-0.000350,0.999899,823
74.3564,inicio,True,74.3563,33.334,1.709,1.322,True,640,480,0,False,60.00,0.1000,-0.000244,0.000274,1.039444,0.000479,-0.014225,-0.000350,0.999899,824
74.4897,inicio,True,74.4896,33.332,1.782,1.316,True,640,480,0,False,60.00,0.1000,-0.000244,0.000274,1.039444,0.000479,-0.014225,-0.000350,0.999899,826
74.6231,inicio,True,74.6229,33.333,1.745,1.271,True,640,480,0,False,60.00,0.1000,-0.000244,0.000274,1.039444,0.000479,-0.014225,-0.000350,0.999899,827
74.7564,inicio,True,74.7563,33.332,1.770,1.309,True,640,480,0,False,60.00,0.1000,-0.000244,0.000274,1.039444,0.000479,-0.014225,-0.000350,0.999899,829
74.8564,inicio,True,74.8563,33.334,1.659,1.269,True,640,480,0,False,60.00,0.1000,-0.000244,0.000274,1.039444,0.000479,-0.014225,-0.000350,0.999899,830
74.9898,inicio,True,74.9896,33.334,1.664,1.259,True,640,480,0,False,60.00,0.1000,-0.000244,0.000274,1.039444,0.000479,-0.014225,-0.000350,0.999899,831
75.0898,inicio,True,75.0896,33.335,1.633,1.242,True,640,480,0,False,60.00,0.1000,-0.000244,0.000274,1.039444,0.000479,-0.014225,-0.000350,0.999899,832
75.2231,inicio,True,75.2230,33.334,1.731,1.361,True,640,480,0,False,60.00,0.1000,-0.000244,0.000274,1.039444,0.000479,-0.014225,-0.000350,0.999899,834
75.3564,inicio,True,75.3563,33.333,1.674,1.372,True,640,480,0,False,60.00,0.1000,-0.000244,0.000274,1.039444,0.000479,-0.014225,-0.000350,0.999899,835
75.4895,inicio,True,75.4894,33.321,1.701,1.295,True,640,480,0,False,60.00,0.1000,-0.000244,0.000274,1.039444,0.000479,-0.014225,-0.000350,0.999899,836
75.5897,inicio,True,75.5896,33.333,1.590,1.257,True,640,480,0,False,60.00,0.1000,-0.000244,0.000274,1.039444,0.000479,-0.014225,-0.000350,0.999899,837
75.7231,inicio,True,75.7230,33.335,1.588,1.224,True,640,480,0,False,60.00,0.1000,-0.000244,0.000274,1.039444,0.000479,-0.014225,-0.000350,0.999899,839
75.8564,inicio,True,75.8563,33.332,1.760,1.197,True,640,480,0,False,60.00,0.1000,-0.000244,0.000274,1.039444,0.000479,-0.014225,-0.000350,0.999899,841
75.9565,inicio,True,75.9563,33.335,1.603,1.254,True,640,480,0,False,60.00,0.1000,-0.000244,0.000274,1.039444,0.000479,-0.014225,-0.000350,0.999899,842
76.0565,inicio,True,76.0563,33.336,1.687,1.279,True,640,480,0,False,60.00,0.1000,-0.000244,0.000274,1.039444,0.000479,-0.014225,-0.000350,0.999899,844
76.1898,inicio,True,76.1896,33.333,1.409,1.259,True,640,480,0,False,60.00,0.1000,-0.000244,0.000274,1.039444,0.000479,-0.014225,-0.000350,0.999899,845
76.3231,inicio,True,76.3230,33.335,1.790,1.277,True,640,480,0,False,60.00,0.1000,-0.000244,0.000274,1.039444,0.000479,-0.014225,-0.000350,0.999899,847
76.4564,inicio,True,76.4563,33.334,1.788,1.267,True,640,480,0,False,60.00,0.1000,-0.000244,0.000274,1.039444,0.000479,-0.014225,-0.000350,0.999899,848
76.5564,inicio,True,76.5563,33.334,1.784,1.247,True,640,480,0,False,60.00,0.1000,-0.000244,0.000274,1.039444,0.000479,-0.014225,-0.000350,0.999899,849
76.6897,inicio,True,76.6896,33.332,1.733,1.208,True,640,480,0,False,60.00,0.1000,-0.000244,0.000274,1.039444,0.000479,-0.014225,-0.000350,0.999899,851
76.7897,inicio,True,76.7896,33.333,1.730,1.200,True,640,480,0,False,60.00,0.1000,-0.000244,0.000274,1.039444,0.000479,-0.014225,-0.000350,0.999899,852
76.8897,inicio,True,76.8896,33.333,1.615,1.199,True,640,480,0,False,60.00,0.1000,-0.000244,0.000274,1.039444,0.000479,-0.014225,-0.000350,0.999899,853
76.9898,inicio,True,76.9896,33.333,1.594,1.204,True,640,480,0,False,60.00,0.1000,-0.000244,0.000274,1.039444,0.000479,-0.014225,-0.000350,0.999899,854
77.1231,inicio,True,77.1230,33.334,1.669,1.238,True,640,480,0,False,60.00,0.1000,-0.000244,0.000274,1.039444,0.000479,-0.014225,-0.000350,0.999899,856
77.2231,inicio,True,77.2230,33.335,1.649,1.278,True,640,480,0,False,60.00,0.1000,-0.000244,0.000274,1.039444,0.000479,-0.014225,-0.000350,0.999899,858
77.3564,inicio,True,77.3563,33.332,1.641,1.298,True,640,480,0,False,60.00,0.1000,-0.000244,0.000274,1.039444,0.000479,-0.014225,-0.000350,0.999899,859
77.4898,inicio,True,77.4896,33.334,1.803,1.299,True,640,480,0,False,60.00,0.1000,-0.000244,0.000274,1.039444,0.000479,-0.014225,-0.000350,0.999899,860
77.6231,inicio,True,77.6229,33.333,1.686,1.212,True,640,480,0,False,60.00,0.1000,-0.000244,0.000274,1.039444,0.000479,-0.014225,-0.000350,0.999899,862
77.7564,inicio,True,77.7563,33.333,1.552,1.219,True,640,480,0,False,60.00,0.1000,-0.000244,0.000274,1.039444,0.000479,-0.014225,-0.000350,0.999899,863
77.8897,inicio,True,77.8896,33.333,1.546,1.233,True,640,480,0,False,60.00,0.1000,-0.000244,0.000274,1.039444,0.000479,-0.014225,-0.000350,0.999899,865
77.9898,inicio,True,77.9896,33.334,1.425,1.298,True,640,480,0,False,60.00,0.1000,-0.000244,0.000274,1.039444,0.000479,-0.014225,-0.000350,0.999899,866
78.1231,inicio,True,78.1229,33.333,1.701,1.280,True,640,480,0,False,60.00,0.1000,-0.000244,0.000274,1.039444,0.000479,-0.014225,-0.000350,0.999899,867
78.2564,inicio,True,78.2563,33.333,1.645,1.269,True,640,480,0,False,60.00,0.1000,-0.000244,0.000274,1.039444,0.000479,-0.014225,-0.000350,0.999899,869
78.3564,inicio,True,78.3563,33.334,1.634,1.266,True,640,480,0,False,60.00,0.1000,-0.000244,0.000274,1.039444,0.000479,-0.014225,-0.000350,0.999899,870
78.4564,inicio,True,78.4563,33.334,1.652,1.270,True,640,480,0,False,60.00,0.1000,-0.000244,0.000274,1.039444,0.000479,-0.014225,-0.000350,0.999899,871
78.5898,inicio,True,78.5896,33.335,2.044,1.230,True,640,480,0,False,60.00,0.1000,-0.000244,0.000274,1.039444,0.000479,-0.014225,-0.000350,0.999899,873
78.7231,inicio,True,78.7229,33.333,1.596,1.211,True,640,480,0,False,60.00,0.1000,-0.000244,0.000274,1.039444,0.000479,-0.014225,-0.000350,0.999899,874
78.8564,inicio,True,78.8563,33.333,1.682,1.219,True,640,480,0,False,60.00,0.1000,-0.000244,0.000274,1.039444,0.000479,-0.014225,-0.000350,0.999899,875
78.9565,inicio,True,78.9563,33.334,1.675,1.254,True,640,480,0,False,60.00,0.1000,-0.000244,0.000274,1.039444,0.000479,-0.014225,-0.000350,0.999899,877
79.0898,inicio,True,79.0896,33.333,1.714,1.344,True,640,480,0,False,60.00,0.1000,-0.000244,0.000274,1.039444,0.000479,-0.014225,-0.000350,0.999899,878
79.1898,inicio,True,79.1896,33.334,1.766,1.410,True,640,480,0,False,60.00,0.1000,-0.000244,0.000274,1.039444,0.000479,-0.014225,-0.000350,0.999899,879
79.3231,inicio,True,79.3229,33.333,1.909,1.267,True,640,480,0,False,60.00,0.1000,-0.000244,0.000274,1.039444,0.000479,-0.014225,-0.000350,0.999899,881
79.4231,inicio,True,79.4230,33.335,1.461,1.289,True,640,480,0,False,60.00,0.1000,-0.000244,0.000274,1.039444,0.000479,-0.014225,-0.000350,0.999899,882
79.5231,inicio,True,79.5230,33.335,1.546,1.296,True,640,480,0,False,60.00,0.1000,-0.000244,0.000274,1.039444,0.000479,-0.014225,-0.000350,0.999899,883
79.6564,inicio,True,79.6563,33.334,1.823,1.244,True,640,480,0,False,60.00,0.1000,-0.000244,0.000274,1.039444,0.000479,-0.014225,-0.000350,0.999899,885
79.7564,inicio,True,79.7563,33.334,1.772,1.304,True,640,480,0,False,60.00,0.1000,-0.000244,0.000274,1.039444,0.000479,-0.014225,-0.000350,0.999899,886
79.8898,inicio,True,79.8896,33.334,1.845,1.250,True,640,480,0,False,60.00,0.1000,-0.000244,0.000274,1.039444,0.000479,-0.014225,-0.000350,0.999899,887
80.0231,inicio,True,80.0229,33.333,1.744,1.244,True,640,480,0,False,60.00,0.1000,-0.000244,0.000274,1.039444,0.000479,-0.014225,-0.000350,0.999899,888
80.1564,inicio,True,80.1563,33.333,1.933,1.451,True,640,480,0,False,60.00,0.1000,-0.000244,0.000274,1.039444,0.000479,-0.014225,-0.000350,0.999899,890
80.2897,inicio,True,80.2896,33.332,1.739,1.402,True,640,480,0,False,60.00,0.1000,-0.000244,0.000274,1.039444,0.000479,-0.014225,-0.000350,0.999899,891
80.4231,inicio,True,80.4229,33.332,1.895,1.296,True,640,480,0,False,60.00,0.1000,-0.000244,0.000274,1.039444,0.000479,-0.014225,-0.000350,0.999899,893
80.5231,inicio,True,80.5230,33.334,1.783,1.281,True,640,480,0,False,60.00,0.1000,-0.000244,0.000274,1.039444,0.000479,-0.014225,-0.000350,0.999899,894
80.6564,inicio,True,80.6563,33.332,1.872,1.288,True,640,480,0,False,60.00,0.1000,-0.000244,0.000274,1.039444,0.000479,-0.014225,-0.000350,0.999899,895
80.7564,inicio,True,80.7563,33.334,1.695,1.254,True,640,480,0,False,60.00,0.1000,-0.000244,0.000274,1.039444,0.000479,-0.014225,-0.000350,0.999899,897
80.8897,inicio,True,80.8896,33.333,1.736,1.256,True,640,480,0,False,60.00,0.1000,-0.000244,0.000274,1.039444,0.000479,-0.014225,-0.000350,0.999899,898
81.0231,inicio,True,81.0229,33.334,1.610,1.288,True,640,480,0,False,60.00,0.1000,-0.000244,0.000274,1.039444,0.000479,-0.014225,-0.000350,0.999899,899
81.1564,inicio,True,81.1563,33.332,1.740,1.453,True,640,480,0,False,60.00,0.1000,-0.000244,0.000274,1.039444,0.000479,-0.014225,-0.000350,0.999899,901
81.2564,inicio,True,81.2563,33.333,1.804,1.841,True,640,480,0,False,60.00,0.1000,-0.000244,0.000274,1.039444,0.000479,-0.014225,-0.000350,0.999899,902
81.3898,inicio,True,81.3896,33.334,1.673,1.260,True,640,480,0,False,60.00,0.1000,-0.000244,0.000274,1.039444,0.000479,-0.014225,-0.000350,0.999899,904
81.5230,inicio,True,81.5229,33.332,1.657,1.296,True,640,480,0,False,60.00,0.1000,-0.000244,0.000274,1.039444,0.000479,-0.014225,-0.000350,0.999899,905
81.6232,inicio,True,81.6230,33.335,1.484,1.389,True,640,480,0,False,60.00,0.1000,-0.000244,0.000274,1.039444,0.000479,-0.014225,-0.000350,0.999899,907
81.7564,inicio,True,81.7563,33.335,1.645,1.348,True,640,480,0,False,60.00,0.1000,-0.000244,0.000274,1.039444,0.000479,-0.014225,-0.000350,0.999899,908
81.8564,inicio,True,81.8563,33.335,1.518,1.305,True,640,480,0,False,60.00,0.1000,-0.000244,0.000274,1.039444,0.000479,-0.014225,-0.000350,0.999899,909
81.9897,inicio,True,81.9896,33.334,1.740,1.414,True,640,480,0,False,60.00,0.1000,-0.000244,0.000274,1.039444,0.000479,-0.014225,-0.000350,0.999899,911
82.0898,inicio,True,82.0896,33.334,1.680,1.416,True,640,480,0,False,60.00,0.1000,-0.000244,0.000274,1.039444,0.000479,-0.014225,-0.000350,0.999899,912
82.2232,inicio,True,82.2230,33.335,1.585,1.756,True,640,480,0,False,60.00,0.1000,-0.000244,0.000274,1.039444,0.000479,-0.014225,-0.000350,0.999899,914
82.3564,inicio,True,82.3563,33.334,1.699,1.394,True,640,480,0,False,60.00,0.1000,-0.000244,0.000274,1.039444,0.000479,-0.014225,-0.000350,0.999899,915
82.4897,inicio,True,82.4896,33.333,1.737,1.322,True,640,480,0,False,60.00,0.1000,-0.000244,0.000274,1.039444,0.000479,-0.014225,-0.000350,0.999899,917
82.5898,inicio,True,82.5896,33.334,1.646,1.289,True,640,480,0,False,60.00,0.1000,-0.000244,0.000274,1.039444,0.000479,-0.014225,-0.000350,0.999899,918
82.7231,inicio,True,82.7229,33.333,1.654,1.310,True,640,480,0,False,60.00,0.1000,-0.000244,0.000274,1.039444,0.000479,-0.014225,-0.000350,0.999899,919
82.8231,inicio,True,82.8229,33.333,1.652,1.267,True,640,480,0,False,60.00,0.1000,-0.000244,0.000274,1.039444,0.000479,-0.014225,-0.000350,0.999899,920
82.9564,inicio,True,82.9563,33.333,1.744,1.277,True,640,480,0,False,60.00,0.1000,-0.000244,0.000274,1.039444,0.000479,-0.014225,-0.000350,0.999899,922
83.0564,inicio,True,83.0563,33.334,1.818,1.269,True,640,480,0,False,60.00,0.1000,-0.000244,0.000274,1.039444,0.000479,-0.014225,-0.000350,0.999899,923
83.1565,inicio,True,83.1563,33.334,2.093,1.576,True,640,480,0,False,60.00,0.1000,-0.000244,0.000274,1.039444,0.000479,-0.014225,-0.000350,0.999899,924
83.2565,inicio,True,83.2563,33.334,2.040,1.514,True,640,480,0,False,60.00,0.1000,-0.000244,0.000274,1.039444,0.000479,-0.014225,-0.000350,0.999899,926
83.3898,inicio,True,83.3896,33.334,1.860,1.299,True,640,480,0,False,60.00,0.1000,-0.000244,0.000274,1.039444,0.000479,-0.014225,-0.000350,0.999899,927
83.5231,inicio,True,83.5230,33.334,1.708,1.288,True,640,480,0,False,60.00,0.1000,-0.000244,0.000274,1.039444,0.000479,-0.014225,-0.000350,0.999899,929
83.6564,inicio,True,83.6563,33.334,1.422,1.283,True,640,480,0,False,60.00,0.1000,-0.000244,0.000274,1.039444,0.000479,-0.014225,-0.000350,0.999899,930
83.7898,inicio,True,83.7896,33.333,1.694,1.284,True,640,480,0,False,60.00,0.1000,-0.000244,0.000274,1.039444,0.000479,-0.014225,-0.000350,0.999899,932
83.8898,inicio,True,83.8896,33.334,1.701,1.305,True,640,480,0,False,60.00,0.1000,-0.000244,0.000274,1.039444,0.000479,-0.014225,-0.000350,0.999899,933
84.0231,inicio,True,84.0229,33.333,1.745,1.315,True,640,480,0,False,60.00,0.1000,-0.000244,0.000274,1.039444,0.000479,-0.014225,-0.000350,0.999899,934
84.1231,inicio,True,84.1230,33.334,1.846,1.380,True,640,480,0,False,60.00,0.1000,-0.000244,0.000274,1.039444,0.000479,-0.014225,-0.000350,0.999899,936
84.2231,inicio,True,84.2229,33.332,1.995,1.435,True,640,480,0,False,60.00,0.1000,-0.000244,0.000274,1.039444,0.000479,-0.014225,-0.000350,0.999899,937
84.3231,inicio,True,84.3230,33.333,1.867,1.406,True,640,480,0,False,60.00,0.1000,-0.000244,0.000274,1.039444,0.000479,-0.014225,-0.000350,0.999899,938
84.4565,inicio,True,84.4563,33.335,1.694,1.337,True,640,480,0,False,60.00,0.1000,-0.000244,0.000274,1.039444,0.000479,-0.014225,-0.000350,0.999899,940
84.5898,inicio,True,84.5896,33.334,1.825,1.315,True,640,480,0,False,60.00,0.1000,-0.000244,0.000274,1.039444,0.000479,-0.014225,-0.000350,0.999899,941
84.7231,inicio,True,84.7230,33.333,1.924,1.276,True,640,480,0,False,60.00,0.1000,-0.000244,0.000274,1.039444,0.000479,-0.014225,-0.000350,0.999899,943
84.8564,inicio,True,84.8563,33.332,1.824,1.373,True,640,480,0,False,60.00,0.1000,-0.000244,0.000274,1.039444,0.000479,-0.014225,-0.000350,0.999899,944
84.9564,inicio,True,84.9563,33.334,1.535,1.311,True,640,480,0,False,60.00,0.1000,-0.000244,0.000274,1.039444,0.000479,-0.014225,-0.000350,0.999899,945
85.0565,inicio,True,85.0563,33.334,1.870,1.265,True,640,480,0,False,60.00,0.1000,-0.000244,0.000274,1.039444,0.000479,-0.014225,-0.000350,0.999899,947
85.1567,inicio,True,85.1563,33.334,2.069,1.330,True,640,480,0,False,60.00,0.1000,-0.000244,0.000274,1.039444,0.000479,-0.014225,-0.000350,0.999899,948
85.2567,inicio,True,85.2565,33.344,1.886,1.295,True,640,480,0,False,60.00,0.1000,-0.000244,0.000274,1.039444,0.000479,-0.014225,-0.000350,0.999899,949
85.3899,inicio,True,85.3897,33.337,1.806,1.253,True,640,480,0,False,60.00,0.1000,-0.000244,0.000274,1.039444,0.000479,-0.014225,-0.000350,0.999899,950
85.5231,inicio,True,85.5230,33.333,1.385,1.264,True,640,480,0,False,60.00,0.1000,-0.000244,0.000274,1.039444,0.000479,-0.014225,-0.000350,0.999899,952
85.6563,inicio,True,85.6562,33.328,1.341,1.235,True,640,480,0,False,60.00,0.1000,-0.000244,0.000274,1.039444,0.000479,-0.014225,-0.000350,0.999899,953
85.7564,inicio,True,85.7563,33.333,1.594,1.245,True,640,480,0,False,60.00,0.1000,-0.000244,0.000274,1.039444,0.000479,-0.014225,-0.000350,0.999899,955
85.8897,inicio,True,85.8896,33.331,1.694,1.199,True,640,480,0,False,60.00,0.1000,-0.000244,0.000274,1.039444,0.000479,-0.014225,-0.000350,0.999899,956
85.9898,inicio,True,85.9896,33.333,1.615,1.201,True,640,480,0,False,60.00,0.1000,-0.000244,0.000274,1.039444,0.000479,-0.014225,-0.000350,0.999899,958
86.1231,inicio,True,86.1230,33.333,1.948,1.272,True,640,480,0,False,60.00,0.1000,-0.000244,0.000274,1.039444,0.000479,-0.014225,-0.000350,0.999899,960
86.2565,inicio,True,86.2563,33.334,1.768,1.254,True,640,480,0,False,60.00,0.1000,-0.000244,0.000274,1.039444,0.000479,-0.014225,-0.000350,0.999899,961
86.3897,inicio,True,86.3896,33.332,1.596,1.244,True,640,480,0,False,60.00,0.1000,-0.000244,0.000274,1.039444,0.000479,-0.014225,-0.000350,0.999899,963
86.4898,inicio,True,86.4896,33.334,1.659,1.278,True,640,480,0,False,60.00,0.1000,-0.000244,0.000274,1.039444,0.000479,-0.014225,-0.000350,0.999899,964
86.5898,inicio,True,86.5896,33.335,1.694,1.259,True,640,480,0,False,60.00,0.1000,-0.000244,0.000274,1.039444,0.000479,-0.014225,-0.000350,0.999899,965
86.7231,inicio,True,86.7229,33.332,1.624,1.216,True,640,480,0,False,60.00,0.1000,-0.000244,0.000274,1.039444,0.000479,-0.014225,-0.000350,0.999899,966
86.8231,inicio,True,86.8229,33.333,1.789,1.208,True,640,480,0,False,60.00,0.1000,-0.000244,0.000274,1.039444,0.000479,-0.014225,-0.000350,0.999899,967
86.9565,inicio,True,86.9563,33.335,1.724,1.241,True,640,480,0,False,60.00,0.1000,-0.000244,0.000274,1.039444,0.000479,-0.014225,-0.000350,0.999899,969
87.0565,inicio,True,87.0563,33.334,1.809,1.418,True,640,480,0,False,60.00,0.1000,-0.000244,0.000274,1.039444,0.000479,-0.014225,-0.000350,0.999899,970
87.1898,inicio,True,87.1896,33.332,1.788,1.287,True,640,480,0,False,60.00,0.1000,-0.000244,0.000274,1.039444,0.000479,-0.014225,-0.000350,0.999899,971
87.3231,inicio,True,87.3229,33.333,1.631,1.255,True,640,480,0,False,60.00,0.1000,-0.000244,0.000274,1.039444,0.000479,-0.014225,-0.000350,0.999899,973
87.4231,inicio,True,87.4230,33.333,1.680,1.267,True,640,480,0,False,60.00,0.1000,-0.000244,0.000274,1.039444,0.000479,-0.014225,-0.000350,0.999899,974
87.5231,inicio,True,87.5230,33.334,1.641,1.235,True,640,480,0,False,60.00,0.1000,-0.000244,0.000274,1.039444,0.000479,-0.014225,-0.000350,0.999899,975
87.6564,inicio,True,87.6562,33.332,1.636,1.243,True,640,480,0,False,60.00,0.1000,-0.000244,0.000274,1.039444,0.000479,-0.014225,-0.000350,0.999899,976
87.7564,inicio,True,87.7563,33.333,1.792,1.212,True,640,480,0,False,60.00,0.1000,-0.000244,0.000274,1.039444,0.000479,-0.014225,-0.000350,0.999899,978
87.8898,inicio,True,87.8896,33.340,1.737,1.215,True,640,480,0,False,60.00,0.1000,-0.000244,0.000274,1.039444,0.000479,-0.014225,-0.000350,0.999899,980
88.0230,inicio,True,88.0229,33.336,1.727,1.217,True,640,480,0,False,60.00,0.1000,-0.000244,0.000274,1.039444,0.000479,-0.014225,-0.000350,0.999899,981
88.1231,inicio,True,88.1230,33.338,1.715,1.305,True,640,480,0,False,60.00,0.1000,-0.000244,0.000274,1.039444,0.000479,-0.014225,-0.000350,0.999899,982
88.2564,inicio,True,88.2562,33.335,1.786,1.249,True,640,480,0,False,60.00,0.1000,-0.000244,0.000274,1.039444,0.000479,-0.014225,-0.000350,0.999899,984
88.3898,inicio,True,88.3896,33.336,1.779,1.244,True,640,480,0,False,60.00,0.1000,-0.000244,0.000274,1.039444,0.000479,-0.014225,-0.000350,0.999899,986
88.5231,inicio,True,88.5229,33.336,1.646,1.227,True,640,480,0,False,60.00,0.1000,-0.000244,0.000274,1.039444,0.000479,-0.014225,-0.000350,0.999899,987
88.6231,inicio,True,88.6229,33.336,1.725,1.257,True,640,480,0,False,60.00,0.1000,-0.000244,0.000274,1.039444,0.000479,-0.014225,-0.000350,0.999899,988
88.7231,inicio,True,88.7230,33.336,1.878,1.237,True,640,480,0,False,60.00,0.1000,-0.000244,0.000274,1.039444,0.000479,-0.014225,-0.000350,0.999899,989
88.8564,inicio,True,88.8563,33.334,1.658,1.257,True,640,480,0,False,60.00,0.1000,-0.000244,0.000274,1.039444,0.000479,-0.014225,-0.000350,0.999899,991
88.9564,inicio,True,88.9563,33.335,1.804,1.239,True,640,480,0,False,60.00,0.1000,-0.000244,0.000274,1.039444,0.000479,-0.014225,-0.000350,0.999899,993
89.0565,inicio,True,89.0563,33.335,1.786,1.364,True,640,480,0,False,60.00,0.1000,-0.000244,0.000274,1.039444,0.000479,-0.014225,-0.000350,0.999899,994
89.1897,inicio,True,89.1896,33.333,1.821,1.346,True,640,480,0,False,60.00,0.1000,-0.000244,0.000274,1.039444,0.000479,-0.014225,-0.000350,0.999899,995
89.2898,inicio,True,89.2896,33.334,1.735,1.306,True,640,480,0,False,60.00,0.1000,-0.000244,0.000274,1.039444,0.000479,-0.014225,-0.000350,0.999899,996
89.4231,inicio,True,89.4229,33.333,1.713,1.287,True,640,480,0,False,60.00,0.1000,-0.000244,0.000274,1.039444,0.000479,-0.014225,-0.000350,0.999899,998
89.5231,inicio,True,89.5230,33.336,1.658,1.269,True,640,480,0,False,60.00,0.1000,-0.000244,0.000274,1.039444,0.000479,-0.014225,-0.000350,0.999899,999
89.6565,inicio,True,89.6563,33.335,1.406,1.277,True,640,480,0,False,60.00,0.1000,-0.000244,0.000274,1.039444,0.000479,-0.014225,-0.000350,0.999899,1001
89.7897,inicio,True,89.7896,33.333,1.649,1.254,True,640,480,0,False,60.00,0.1000,-0.000244,0.000274,1.039444,0.000479,-0.014225,-0.000350,0.999899,1003
89.9231,inicio,True,89.9230,33.335,1.654,1.262,True,640,480,0,False,60.00,0.1000,-0.000244,0.000274,1.039444,0.000479,-0.014225,-0.000350,0.999899,1004
90.0565,inicio,True,90.0563,33.335,1.711,1.287,True,640,480,0,False,60.00,0.1000,-0.000244,0.000274,1.039444,0.000479,-0.014225,-0.000350,0.999899,1006
90.1898,inicio,True,90.1896,33.333,1.737,1.283,True,640,480,0,False,60.00,0.1000,-0.000244,0.000274,1.039444,0.000479,-0.014225,-0.000350,0.999899,1007
90.3231,inicio,True,90.3229,33.333,1.697,1.323,True,640,480,0,False,60.00,0.1000,-0.000244,0.000274,1.039444,0.000479,-0.014225,-0.000350,0.999899,1009
90.4564,inicio,True,90.4563,33.333,1.718,1.275,True,640,480,0,False,60.00,0.1000,-0.000244,0.000274,1.039444,0.000479,-0.014225,-0.000350,0.999899,1010
90.5565,inicio,True,90.5563,33.335,1.723,1.255,True,640,480,0,False,60.00,0.1000,-0.000244,0.000274,1.039444,0.000479,-0.014225,-0.000350,0.999899,1012
90.6897,inicio,True,90.6896,33.333,1.419,1.289,True,640,480,0,False,60.00,0.1000,-0.000244,0.000274,1.039444,0.000479,-0.014225,-0.000350,0.999899,1013
90.7898,inicio,True,90.7896,33.334,1.673,1.266,True,640,480,0,False,60.00,0.1000,-0.000244,0.000274,1.039444,0.000479,-0.014225,-0.000350,0.999899,1015
90.8898,inicio,True,90.8896,33.335,1.676,1.275,True,640,480,0,False,60.00,0.1000,-0.000244,0.000274,1.039444,0.000479,-0.014225,-0.000350,0.999899,1016
90.9898,inicio,True,90.9896,33.335,1.738,1.277,True,640,480,0,False,60.00,0.1000,-0.000244,0.000274,1.039444,0.000479,-0.014225,-0.000350,0.999899,1017
91.0898,inicio,True,91.0897,33.335,1.883,1.373,True,640,480,0,False,60.00,0.1000,-0.000244,0.000274,1.039444,0.000479,-0.014225,-0.000350,0.999899,1019
91.2231,inicio,True,91.2230,33.334,1.738,1.342,True,640,480,0,False,60.00,0.1000,-0.000244,0.000274,1.039444,0.000479,-0.014225,-0.000350,0.999899,1020
91.3564,inicio,True,91.3563,33.333,1.736,1.345,True,640,480,0,False,60.00,0.1000,-0.000244,0.000274,1.039444,0.000479,-0.014225,-0.000350,0.999899,1022
91.4897,inicio,True,91.4896,33.332,1.666,1.324,True,640,480,0,False,60.00,0.1000,-0.000244,0.000274,1.039444,0.000479,-0.014225,-0.000350,0.999899,1023
91.5898,inicio,True,91.5896,33.332,1.951,1.443,True,640,480,0,False,60.00,0.1000,-0.000244,0.000274,1.039444,0.000479,-0.014225,-0.000350,0.999899,1024
91.6898,inicio,True,91.6897,33.335,1.719,1.308,True,640,480,0,False,60.00,0.1000,-0.000244,0.000274,1.039444,0.000479,-0.014225,-0.000350,0.999899,1025
91.8231,inicio,True,91.8230,33.335,1.388,1.303,True,640,480,0,False,60.00,0.1000,-0.000244,0.000274,1.039444,0.000479,-0.014225,-0.000350,0.999899,1027
91.9564,inicio,True,91.9563,33.332,1.824,1.345,True,640,480,0,False,60.00,0.1000,-0.000244,0.000274,1.039444,0.000479,-0.014225,-0.000350,0.999899,1028
92.0565,inicio,True,92.0563,33.333,1.834,1.377,True,640,480,0,False,60.00,0.1000,-0.000244,0.000274,1.039444,0.000479,-0.014225,-0.000350,0.999899,1030
92.1897,inicio,True,92.1896,33.332,1.696,1.319,True,640,480,0,False,60.00,0.1000,-0.000244,0.000274,1.039444,0.000479,-0.014225,-0.000350,0.999899,1031
92.2898,inicio,True,92.2896,33.334,1.705,1.310,True,640,480,0,False,60.00,0.1000,-0.000244,0.000274,1.039444,0.000479,-0.014225,-0.000350,0.999899,1032
92.4231,inicio,True,92.4230,33.334,1.574,1.347,True,640,480,0,False,60.00,0.1000,-0.000244,0.000274,1.039444,0.000479,-0.014225,-0.000350,0.999899,1033
92.5564,inicio,True,92.5563,33.332,1.664,1.273,True,640,480,0,False,60.00,0.1000,-0.000244,0.000274,1.039444,0.000479,-0.014225,-0.000350,0.999899,1035
92.6898,inicio,True,92.6896,33.335,1.724,1.269,True,640,480,0,False,60.00,0.1000,-0.000244,0.000274,1.039444,0.000479,-0.014225,-0.000350,0.999899,1036
