seconds,phase,visible,playback_s,frame_ms,image_ms,detect_ms,rt,width,height,rotation,mirrored,sensor_fov,tag_m,x,y,z,qx,qy,qz,qw,processed_frames
3.1288,inicio,False,0.0000,105.575,0.000,0.000,True,0,0,0,False,60.00,0.1000,0.000000,0.000000,0.000000,0.000000,0.000000,0.000000,1.000000,0
5.8045,inicio,False,0.0000,284.037,0.000,0.000,True,0,0,0,False,60.00,0.1000,0.000000,0.000000,0.000000,0.000000,0.000000,0.000000,1.000000,0
7.7334,inicio,False,0.0000,366.482,0.000,0.000,True,0,0,0,False,60.00,0.1000,0.000000,0.000000,0.000000,0.000000,0.000000,0.000000,1.000000,0
7.8568,inicio,False,0.0000,304.668,0.000,0.000,True,0,0,0,False,60.00,0.1000,0.000000,0.000000,0.000000,0.000000,0.000000,0.000000,1.000000,0
7.9867,inicio,False,0.0000,254.347,0.000,0.000,True,0,0,0,False,60.00,0.1000,0.000000,0.000000,0.000000,0.000000,0.000000,0.000000,1.000000,0
8.0870,inicio,False,0.0000,222.820,0.000,0.000,True,0,0,0,False,60.00,0.1000,0.000000,0.000000,0.000000,0.000000,0.000000,0.000000,1.000000,0
8.2531,inicio,False,0.0000,189.294,0.000,0.000,True,0,0,0,False,60.00,0.1000,0.000000,0.000000,0.000000,0.000000,0.000000,0.000000,1.000000,0
9.0267,inicio,False,0.0000,209.102,33.105,32.226,True,320,240,90,False,60.00,0.1000,0.000000,0.000000,0.000000,0.000000,0.000000,0.000000,1.000000,2
9.1688,inicio,False,0.0000,195.175,1.242,41.633,True,320,240,90,False,60.00,0.1000,0.000000,0.000000,0.000000,0.000000,0.000000,0.000000,1.000000,3
9.2966,inicio,False,0.0000,173.672,11.396,20.571,True,320,240,90,False,60.00,0.1000,0.000000,0.000000,0.000000,0.000000,0.000000,0.000000,1.000000,5
9.4475,inicio,False,0.0000,148.473,10.177,18.273,True,320,240,90,False,60.00,0.1000,0.000000,0.000000,0.000000,0.000000,0.000000,0.000000,1.000000,8
9.5916,inicio,False,0.0000,127.947,12.557,21.455,True,320,240,90,False,60.00,0.1000,0.000000,0.000000,0.000000,0.000000,0.000000,0.000000,1.000000,10
9.7024,inicio,False,0.0000,115.201,10.423,23.706,True,320,240,90,False,60.00,0.1000,0.000000,0.000000,0.000000,0.000000,0.000000,0.000000,1.000000,11
9.8289,inicio,False,0.0000,104.356,17.522,26.499,True,320,240,90,False,60.00,0.1000,0.000000,0.000000,0.000000,0.000000,0.000000,0.000000,1.000000,13
9.9696,inicio,False,0.0000,91.179,19.276,22.400,True,320,240,90,False,60.00,0.1000,0.000000,0.000000,0.000000,0.000000,0.000000,0.000000,1.000000,15
10.0877,inicio,False,0.0000,80.448,17.477,21.098,True,320,240,90,False,60.00,0.1000,0.000000,0.000000,0.000000,0.000000,0.000000,0.000000,1.000000,17
10.2495,inicio,False,0.0000,76.185,15.994,41.738,True,320,240,90,False,60.00,0.1000,0.000000,0.000000,0.000000,0.000000,0.000000,0.000000,1.000000,20
10.3583,inicio,False,0.0000,74.424,15.003,18.235,True,320,240,90,False,60.00,0.1000,0.000000,0.000000,0.000000,0.000000,0.000000,0.000000,1.000000,21
10.4734,inicio,False,0.0000,69.394,11.977,36.014,True,320,240,90,False,60.00,0.1000,0.000000,0.000000,0.000000,0.000000,0.000000,0.000000,1.000000,23
10.5937,inicio,False,0.0000,68.334,17.196,23.639,True,320,240,90,False,60.00,0.1000,0.000000,0.000000,0.000000,0.000000,0.000000,0.000000,1.000000,25
10.7032,inicio,False,0.0000,66.549,10.604,26.933,True,320,240,90,False,60.00,0.1000,0.000000,0.000000,0.000000,0.000000,0.000000,0.000000,1.000000,26
10.8265,inicio,False,0.0000,63.392,8.101,20.727,True,320,240,90,False,60.00,0.1000,0.000000,0.000000,0.000000,0.000000,0.000000,0.000000,1.000000,28
10.9522,inicio,False,0.0000,57.818,7.827,21.325,True,320,240,90,False,60.00,0.1000,0.000000,0.000000,0.000000,0.000000,0.000000,0.000000,1.000000,30
11.1261,inicio,False,0.0000,56.783,9.224,26.782,True,320,240,90,False,60.00,0.1000,0.000000,0.000000,0.000000,0.000000,0.000000,0.000000,1.000000,32
11.2648,inicio,False,0.0000,55.813,7.379,31.705,True,320,240,90,False,60.00,0.1000,0.000000,0.000000,0.000000,0.000000,0.000000,0.000000,1.000000,35
11.3701,inicio,False,0.0000,56.104,8.099,34.411,True,320,240,90,False,60.00,0.1000,0.000000,0.000000,0.000000,0.000000,0.000000,0.000000,1.000000,37
11.5274,inicio,False,0.0000,55.230,7.621,29.210,True,320,240,90,False,60.00,0.1000,0.000000,0.000000,0.000000,0.000000,0.000000,0.000000,1.000000,39
11.6523,inicio,False,0.0000,53.634,7.114,29.103,True,320,240,90,False,60.00,0.1000,0.000000,0.000000,0.000000,0.000000,0.000000,0.000000,1.000000,41
11.8073,inicio,False,0.0000,53.139,6.517,50.723,True,320,240,90,False,60.00,0.1000,0.000000,0.000000,0.000000,0.000000,0.000000,0.000000,1.000000,43
11.9477,inicio,False,0.0000,54.453,12.434,43.097,True,320,240,90,False,60.00,0.1000,0.000000,0.000000,0.000000,0.000000,0.000000,0.000000,1.000000,45
12.0837,inicio,False,0.0000,55.709,9.855,23.980,True,320,240,90,False,60.00,0.1000,0.000000,0.000000,0.000000,0.000000,0.000000,0.000000,1.000000,47
12.1861,inicio,False,0.0000,55.121,12.014,23.721,True,320,240,90,False,60.00,0.1000,0.000000,0.000000,0.000000,0.000000,0.000000,0.000000,1.000000,49
12.3156,inicio,False,0.0000,53.574,10.480,33.022,True,320,240,90,False,60.00,0.1000,0.000000,0.000000,0.000000,0.000000,0.000000,0.000000,1.000000,51
12.4434,inicio,False,0.0000,52.180,6.342,24.566,True,320,240,90,False,60.00,0.1000,0.000000,0.000000,0.000000,0.000000,0.000000,0.000000,1.000000,53
12.5841,inicio,False,0.0000,48.676,10.526,19.085,True,320,240,90,False,60.00,0.1000,0.000000,0.000000,0.000000,0.000000,0.000000,0.000000,1.000000,55
12.6889,inicio,False,0.0000,47.242,21.865,53.405,True,320,240,90,False,60.00,0.1000,0.000000,0.000000,0.000000,0.000000,0.000000,0.000000,1.000000,56
12.8199,inicio,False,0.0000,49.124,1.379,7.519,True,320,240,90,False,60.00,0.1000,0.000000,0.000000,0.000000,0.000000,0.000000,0.000000,1.000000,58
12.9529,inicio,False,0.0000,46.171,8.159,8.992,True,320,240,90,False,60.00,0.1000,0.000000,0.000000,0.000000,0.000000,0.000000,0.000000,1.000000,60
13.0554,inicio,False,0.0000,44.321,11.967,4.434,True,320,240,90,False,60.00,0.1000,0.000000,0.000000,0.000000,0.000000,0.000000,0.000000,1.000000,62
13.1855,inicio,False,0.0000,42.267,5.653,2.544,True,320,240,90,False,60.00,0.1000,0.000000,0.000000,0.000000,0.000000,0.000000,0.000000,1.000000,64
13.2863,inicio,False,0.0000,40.999,6.945,7.168,True,320,240,90,False,60.00,0.1000,0.000000,0.000000,0.000000,0.000000,0.000000,0.000000,1.000000,65
13.4208,inicio,False,0.0000,39.575,7.552,3.109,True,320,240,90,False,60.00,0.1000,0.000000,0.000000,0.000000,0.000000,0.000000,0.000000,1.000000,67
13.5406,inicio,False,0.0000,38.421,15.354,3.680,True,320,240,90,False,60.00,0.1000,0.000000,0.000000,0.000000,0.000000,0.000000,0.000000,1.000000,69
13.6679,inicio,False,0.0000,36.758,23.807,3.400,True,320,240,90,False,60.00,0.1000,0.000000,0.000000,0.000000,0.000000,0.000000,0.000000,1.000000,71
13.7701,inicio,False,0.0000,36.268,24.568,4.066,True,320,240,90,False,60.00,0.1000,0.000000,0.000000,0.000000,0.000000,0.000000,0.000000,1.000000,72
13.8902,inicio,False,0.0000,36.686,15.912,2.436,True,320,240,90,False,60.00,0.1000,0.000000,0.000000,0.000000,0.000000,0.000000,0.000000,1.000000,74
14.0181,inicio,False,0.0000,36.061,8.557,2.885,True,320,240,90,False,60.00,0.1000,0.000000,0.000000,0.000000,0.000000,0.000000,0.000000,1.000000,76
14.1236,inicio,False,0.0000,35.674,6.623,3.508,True,320,240,90,False,60.00,0.1000,0.000000,0.000000,0.000000,0.000000,0.000000,0.000000,1.000000,78
14.2245,inicio,False,0.0000,35.331,5.436,1.832,True,320,240,90,False,60.00,0.1000,0.000000,0.000000,0.000000,0.000000,0.000000,0.000000,1.000000,79
14.3511,inicio,False,0.0000,34.956,10.223,1.827,True,320,240,90,False,60.00,0.1000,0.000000,0.000000,0.000000,0.000000,0.000000,0.000000,1.000000,81
14.4519,inicio,False,0.0000,34.728,5.406,1.610,True,320,240,90,False,60.00,0.1000,0.000000,0.000000,0.000000,0.000000,0.000000,0.000000,1.000000,82
14.5544,inicio,False,0.0000,34.558,6.369,2.358,True,320,240,90,False,60.00,0.1000,0.000000,0.000000,0.000000,0.000000,0.000000,0.000000,1.000000,84
14.6854,inicio,False,0.0000,34.307,7.109,2.472,True,320,240,90,False,60.00,0.1000,0.000000,0.000000,0.000000,0.000000,0.000000,0.000000,1.000000,86
14.7855,inicio,False,0.0000,34.146,5.720,1.898,True,320,240,90,False,60.00,0.1000,0.000000,0.000000,0.000000,0.000000,0.000000,0.000000,1.000000,87
14.9202,inicio,False,0.0000,33.994,5.638,2.311,True,320,240,90,False,60.00,0.1000,0.000000,0.000000,0.000000,0.000000,0.000000,0.000000,1.000000,89
15.0514,inicio,False,0.0000,33.885,5.886,2.001,True,320,240,90,False,60.00,0.1000,0.000000,0.000000,0.000000,0.000000,0.000000,0.000000,1.000000,91
15.1532,inicio,False,0.0000,33.803,1.104,2.032,True,320,240,90,False,60.00,0.1000,0.000000,0.000000,0.000000,0.000000,0.000000,0.000000,1.000000,93
15.2840,inicio,False,0.0000,33.706,5.973,3.521,True,320,240,90,False,60.00,0.1000,0.000000,0.000000,0.000000,0.000000,0.000000,0.000000,1.000000,95
15.3844,inicio,False,0.0000,33.644,6.251,2.261,True,320,240,90,False,60.00,0.1000,0.000000,0.000000,0.000000,0.000000,0.000000,0.000000,1.000000,97
15.5180,inicio,False,0.0000,33.594,7.476,2.342,True,320,240,90,False,60.00,0.1000,0.000000,0.000000,0.000000,0.000000,0.000000,0.000000,1.000000,99
15.6511,inicio,False,0.0000,33.541,5.243,7.823,True,320,240,90,False,60.00,0.1000,0.000000,0.000000,0.000000,0.000000,0.000000,0.000000,1.000000,101
15.7519,inicio,False,0.0000,33.516,6.891,2.599,True,320,240,90,False,60.00,0.1000,0.000000,0.000000,0.000000,0.000000,0.000000,0.000000,1.000000,102
15.8867,inicio,False,0.0000,33.481,15.368,3.130,True,320,240,90,False,60.00,0.1000,0.000000,0.000000,0.000000,0.000000,0.000000,0.000000,1.000000,104
15.9878,inicio,False,0.0000,33.447,4.789,4.367,True,320,240,90,False,60.00,0.1000,0.000000,0.000000,0.000000,0.000000,0.000000,0.000000,1.000000,106
16.1172,inicio,False,0.0000,33.428,8.262,1.968,True,320,240,90,False,60.00,0.1000,0.000000,0.000000,0.000000,0.000000,0.000000,0.000000,1.000000,108
16.2215,inicio,False,0.0000,33.415,7.124,4.994,True,320,240,90,False,60.00,0.1000,0.000000,0.000000,0.000000,0.000000,0.000000,0.000000,1.000000,109
16.3526,inicio,False,0.0000,33.383,13.739,3.612,True,320,240,90,False,60.00,0.1000,0.000000,0.000000,0.000000,0.000000,0.000000,0.000000,1.000000,111
16.4840,inicio,False,0.0000,33.380,7.039,1.461,True,320,240,90,False,60.00,0.1000,0.000000,0.000000,0.000000,0.000000,0.000000,0.000000,1.000000,113
16.6172,inicio,False,0.0000,33.367,7.240,3.349,True,320,240,90,False,60.00,0.1000,0.000000,0.000000,0.000000,0.000000,0.000000,0.000000,1.000000,115
16.7504,inicio,False,0.0000,33.360,8.086,2.820,True,320,240,90,False,60.00,0.1000,0.000000,0.000000,0.000000,0.000000,0.000000,0.000000,1.000000,117
16.8885,inicio,False,0.0000,33.353,6.311,3.124,True,320,240,90,False,60.00,0.1000,0.000000,0.000000,0.000000,0.000000,0.000000,0.000000,1.000000,119
17.0194,inicio,False,0.0000,33.348,7.398,1.690,True,320,240,90,False,60.00,0.1000,0.000000,0.000000,0.000000,0.000000,0.000000,0.000000,1.000000,121
17.1501,inicio,False,0.0000,33.343,6.699,1.420,True,320,240,90,False,60.00,0.1000,0.000000,0.000000,0.000000,0.000000,0.000000,0.000000,1.000000,123
17.2840,inicio,False,0.0000,33.338,7.228,2.870,True,320,240,90,False,60.00,0.1000,0.000000,0.000000,0.000000,0.000000,0.000000,0.000000,1.000000,125
17.4019,inicio,False,0.0000,32.585,38.381,4.295,True,320,240,90,False,60.00,0.1000,0.000000,0.000000,0.000000,0.000000,0.000000,0.000000,1.000000,127
17.5182,inicio,False,0.0000,33.442,16.020,1.574,True,320,240,90,False,60.00,0.1000,0.000000,0.000000,0.000000,0.000000,0.000000,0.000000,1.000000,128
17.6192,inicio,False,0.0000,33.425,6.220,1.578,True,320,240,90,False,60.00,0.1000,0.000000,0.000000,0.000000,0.000000,0.000000,0.000000,1.000000,130
17.7503,inicio,False,0.0000,33.407,6.131,3.952,True,320,240,90,False,60.00,0.1000,0.000000,0.000000,0.000000,0.000000,0.000000,0.000000,1.000000,132
17.8514,inicio,False,0.0000,33.392,4.738,7.555,True,320,240,90,False,60.00,0.1000,0.000000,0.000000,0.000000,0.000000,0.000000,0.000000,1.000000,133
17.9850,inicio,False,0.0000,33.395,8.999,1.631,True,320,240,90,False,60.00,0.1000,0.000000,0.000000,0.000000,0.000000,0.000000,0.000000,1.000000,135
18.1166,inicio,False,0.0000,33.369,10.583,3.024,True,320,240,90,False,60.00,0.1000,0.000000,0.000000,0.000000,0.000000,0.000000,0.000000,1.000000,137
18.2190,inicio,False,0.0000,33.363,17.331,4.239,True,320,240,90,False,60.00,0.1000,0.000000,0.000000,0.000000,0.000000,0.000000,0.000000,1.000000,139
18.3194,inicio,False,0.0000,33.358,7.008,4.596,True,320,240,90,False,60.00,0.1000,0.000000,0.000000,0.000000,0.000000,0.000000,0.000000,1.000000,141
18.4500,inicio,False,0.0000,33.350,9.273,2.466,True,320,240,90,False,60.00,0.1000,0.000000,0.000000,0.000000,0.000000,0.000000,0.000000,1.000000,143
18.5515,inicio,False,0.0000,33.362,5.793,2.214,True,320,240,90,False,60.00,0.1000,0.000000,0.000000,0.000000,0.000000,0.000000,0.000000,1.000000,144
18.6842,inicio,False,0.0000,33.345,4.903,3.636,True,320,240,90,False,60.00,0.1000,0.000000,0.000000,0.000000,0.000000,0.000000,0.000000,1.000000,146
18.8195,inicio,False,0.0000,33.334,5.119,3.033,True,320,240,90,False,60.00,0.1000,0.000000,0.000000,0.000000,0.000000,0.000000,0.000000,1.000000,148
18.9523,inicio,False,0.0000,33.344,7.029,2.451,True,320,240,90,False,60.00,0.1000,0.000000,0.000000,0.000000,0.000000,0.000000,0.000000,1.000000,150
19.0850,inicio,False,0.0000,33.327,5.997,10.958,True,320,240,90,False,60.00,0.1000,0.000000,0.000000,0.000000,0.000000,0.000000,0.000000,1.000000,152
19.2234,inicio,False,0.0000,33.331,6.804,3.205,True,320,240,90,False,60.00,0.1000,0.000000,0.000000,0.000000,0.000000,0.000000,0.000000,1.000000,154
19.3518,inicio,False,0.0000,33.336,6.165,2.357,True,320,240,90,False,60.00,0.1000,0.000000,0.000000,0.000000,0.000000,0.000000,0.000000,1.000000,156
19.4841,inicio,False,0.0000,33.337,4.858,1.669,True,320,240,90,False,60.00,0.1000,0.000000,0.000000,0.000000,0.000000,0.000000,0.000000,1.000000,158
19.6167,inicio,False,0.0000,33.327,5.832,2.667,True,320,240,90,False,60.00,0.1000,0.000000,0.000000,0.000000,0.000000,0.000000,0.000000,1.000000,160
19.7217,inicio,False,0.0000,33.318,17.484,4.110,True,320,240,90,False,60.00,0.1000,0.000000,0.000000,0.000000,0.000000,0.000000,0.000000,1.000000,162
19.8535,inicio,False,0.0000,33.327,17.906,3.052,True,320,240,90,False,60.00,0.1000,0.000000,0.000000,0.000000,0.000000,0.000000,0.000000,1.000000,164
19.9700,inicio,False,0.0000,34.158,20.358,3.619,True,320,240,90,False,60.00,0.1000,0.000000,0.000000,0.000000,0.000000,0.000000,0.000000,1.000000,166
20.0994,inicio,False,0.0000,34.008,5.712,1.775,True,320,240,90,False,60.00,0.1000,0.000000,0.000000,0.000000,0.000000,0.000000,0.000000,1.000000,167
20.2011,inicio,False,0.0000,33.906,5.228,1.762,True,320,240,90,False,60.00,0.1000,0.000000,0.000000,0.000000,0.000000,0.000000,0.000000,1.000000,169
20.3350,inicio,False,0.0000,33.785,5.407,1.568,True,320,240,90,False,60.00,0.1000,0.000000,0.000000,0.000000,0.000000,0.000000,0.000000,1.000000,171
20.4677,inicio,False,0.0000,33.708,5.623,3.007,True,320,240,90,False,60.00,0.1000,0.000000,0.000000,0.000000,0.000000,0.000000,0.000000,1.000000,173
20.5729,inicio,False,0.0000,33.660,6.952,2.515,True,320,240,90,False,60.00,0.1000,0.000000,0.000000,0.000000,0.000000,0.000000,0.000000,1.000000,174
20.6994,inicio,False,0.0000,33.592,8.497,3.115,True,320,240,90,False,60.00,0.1000,0.000000,0.000000,0.000000,0.000000,0.000000,0.000000,1.000000,176
20.8058,inicio,False,0.0000,33.553,8.274,21.382,True,320,240,90,False,60.00,0.1000,0.000000,0.000000,0.000000,0.000000,0.000000,0.000000,1.000000,178
20.9067,inicio,False,0.0000,35.152,14.461,7.322,True,320,240,90,False,60.00,0.1000,0.000000,0.000000,0.000000,0.000000,0.000000,0.000000,1.000000,179
21.0323,inicio,False,0.0000,34.814,9.097,1.977,True,320,240,90,False,60.00,0.1000,0.000000,0.000000,0.000000,0.000000,0.000000,0.000000,1.000000,181
21.1350,inicio,False,0.0000,34.602,11.838,12.151,True,320,240,90,False,60.00,0.1000,0.000000,0.000000,0.000000,0.000000,0.000000,0.000000,1.000000,183
21.2658,inicio,False,0.0000,34.363,22.510,2.798,True,320,240,90,False,60.00,0.1000,0.000000,0.000000,0.000000,0.000000,0.000000,0.000000,1.000000,185
21.3663,inicio,False,0.0000,34.323,20.319,3.685,True,320,240,90,False,60.00,0.1000,0.000000,0.000000,0.000000,0.000000,0.000000,0.000000,1.000000,186
21.5089,inicio,False,0.0000,35.717,8.784,5.965,True,320,240,90,False,60.00,0.1000,0.000000,0.000000,0.000000,0.000000,0.000000,0.000000,1.000000,189
21.6639,inicio,False,0.0000,35.290,10.971,2.245,True,320,240,90,False,60.00,0.1000,0.000000,0.000000,0.000000,0.000000,0.000000,0.000000,1.000000,191
21.7650,inicio,False,0.0000,35.766,38.474,4.348,True,320,240,90,False,60.00,0.1000,0.000000,0.000000,0.000000,0.000000,0.000000,0.000000,1.000000,193
21.8826,inicio,False,0.0000,36.897,26.817,14.642,True,320,240,90,False,60.00,0.1000,0.000000,0.000000,0.000000,0.000000,0.000000,0.000000,1.000000,194
22.0109,inicio,False,0.0000,38.958,5.818,6.638,True,320,240,90,False,60.00,0.1000,0.000000,0.000000,0.000000,0.000000,0.000000,0.000000,1.000000,196
22.1321,inicio,False,0.0000,37.917,28.834,3.228,True,320,240,90,False,60.00,0.1000,0.000000,0.000000,0.000000,0.000000,0.000000,0.000000,1.000000,198
22.2656,inicio,False,0.0000,37.065,24.425,3.174,True,320,240,90,False,60.00,0.1000,0.000000,0.000000,0.000000,0.000000,0.000000,0.000000,1.000000,200
22.3666,inicio,False,0.0000,36.533,10.068,2.311,True,320,240,90,False,60.00,0.1000,0.000000,0.000000,0.000000,0.000000,0.000000,0.000000,1.000000,201
22.4681,inicio,False,0.0000,36.076,15.819,2.275,True,320,240,90,False,60.00,0.1000,0.000000,0.000000,0.000000,0.000000,0.000000,0.000000,1.000000,203
22.5766,inicio,False,0.0000,35.680,33.692,4.617,True,320,240,90,False,60.00,0.1000,0.000000,0.000000,0.000000,0.000000,0.000000,0.000000,1.000000,205
22.6855,inicio,False,0.0000,36.129,19.979,2.652,True,320,240,90,False,60.00,0.1000,0.000000,0.000000,0.000000,0.000000,0.000000,0.000000,1.000000,206
22.8200,inicio,False,0.0000,35.605,23.357,2.359,True,320,240,90,False,60.00,0.1000,0.000000,0.000000,0.000000,0.000000,0.000000,0.000000,1.000000,208
22.9599,inicio,False,0.0000,35.144,20.296,2.426,True,320,240,90,False,60.00,0.1000,0.000000,0.000000,0.000000,0.000000,0.000000,0.000000,1.000000,210
23.0899,inicio,False,0.0000,34.797,19.302,8.314,True,320,240,90,False,60.00,0.1000,0.000000,0.000000,0.000000,0.000000,0.000000,0.000000,1.000000,212
23.1982,inicio,False,0.0000,35.358,10.810,3.589,True,320,240,90,False,60.00,0.1000,0.000000,0.000000,0.000000,0.000000,0.000000,0.000000,1.000000,214
23.3026,inicio,False,0.0000,35.079,6.709,2.968,True,320,240,90,False,60.00,0.1000,0.000000,0.000000,0.000000,0.000000,0.000000,0.000000,1.000000,215
23.4316,inicio,False,0.0000,34.745,5.735,1.719,True,320,240,90,False,60.00,0.1000,0.000000,0.000000,0.000000,0.000000,0.000000,0.000000,1.000000,217
23.5332,inicio,False,0.0000,35.138,5.853,1.549,True,320,240,90,False,60.00,0.1000,0.000000,0.000000,0.000000,0.000000,0.000000,0.000000,1.000000,219
23.6654,inicio,False,0.0000,34.285,5.283,1.569,True,320,240,90,False,60.00,0.1000,0.000000,0.000000,0.000000,0.000000,0.000000,0.000000,1.000000,221
23.7672,inicio,False,0.0000,34.151,5.738,1.879,True,320,240,90,False,60.00,0.1000,0.000000,0.000000,0.000000,0.000000,0.000000,0.000000,1.000000,222
23.8826,inicio,False,0.0000,32.897,16.338,1.683,True,320,240,90,False,60.00,0.1000,0.000000,0.000000,0.000000,0.000000,0.000000,0.000000,1.000000,224
23.9879,inicio,False,0.0000,33.241,1.010,2.923,True,320,240,90,False,60.00,0.1000,0.000000,0.000000,0.000000,0.000000,0.000000,0.000000,1.000000,226
24.1148,inicio,False,0.0000,33.256,19.813,1.875,True,320,240,90,False,60.00,0.1000,0.000000,0.000000,0.000000,0.000000,0.000000,0.000000,1.000000,228
24.2481,inicio,False,0.0000,33.284,21.794,2.563,True,320,240,90,False,60.00,0.1000,0.000000,0.000000,0.000000,0.000000,0.000000,0.000000,1.000000,229
24.3570,inicio,False,0.0000,33.291,18.981,4.938,True,320,240,90,False,60.00,0.1000,0.000000,0.000000,0.000000,0.000000,0.000000,0.000000,1.000000,231
24.4811,inicio,False,0.0000,33.286,24.713,1.717,True,320,240,90,False,60.00,0.1000,0.000000,0.000000,0.000000,0.000000,0.000000,0.000000,1.000000,233
24.6195,inicio,False,0.0000,33.277,15.687,4.641,True,320,240,90,False,60.00,0.1000,0.000000,0.000000,0.000000,0.000000,0.000000,0.000000,1.000000,235
24.7476,inicio,False,0.0000,33.294,22.647,1.771,True,320,240,90,False,60.00,0.1000,0.000000,0.000000,0.000000,0.000000,0.000000,0.000000,1.000000,237
24.8503,inicio,False,0.0000,33.338,20.713,2.328,True,320,240,90,False,60.00,0.1000,0.000000,0.000000,0.000000,0.000000,0.000000,0.000000,1.000000,239
24.9819,inicio,False,0.0000,33.306,24.567,1.983,True,320,240,90,False,60.00,0.1000,0.000000,0.000000,0.000000,0.000000,0.000000,0.000000,1.000000,241
25.0897,inicio,False,0.0000,33.306,27.282,1.772,True,320,240,90,False,60.00,0.1000,0.000000,0.000000,0.000000,0.000000,0.000000,0.000000,1.000000,242
25.2154,inicio,False,0.0000,33.305,18.282,6.221,True,320,240,90,False,60.00,0.1000,0.000000,0.000000,0.000000,0.000000,0.000000,0.000000,1.000000,244
25.3504,inicio,False,0.0000,33.308,19.898,7.732,True,320,240,90,False,60.00,0.1000,0.000000,0.000000,0.000000,0.000000,0.000000,0.000000,1.000000,246
25.4892,inicio,False,0.0000,33.311,21.626,6.827,True,320,240,90,False,60.00,0.1000,0.000000,0.000000,0.000000,0.000000,0.000000,0.000000,1.000000,248
25.6145,inicio,False,0.0000,33.313,21.948,3.012,True,320,240,90,False,60.00,0.1000,0.000000,0.000000,0.000000,0.000000,0.000000,0.000000,1.000000,250
25.7485,inicio,False,0.0000,33.315,20.497,2.194,True,320,240,90,False,60.00,0.1000,0.000000,0.000000,0.000000,0.000000,0.000000,0.000000,1.000000,252
25.8810,inicio,False,0.0000,33.316,20.964,1.535,True,320,240,90,False,60.00,0.1000,0.000000,0.000000,0.000000,0.000000,0.000000,0.000000,1.000000,254
25.9814,inicio,False,0.0000,33.316,21.606,1.537,True,320,240,90,False,60.00,0.1000,0.000000,0.000000,0.000000,0.000000,0.000000,0.000000,1.000000,256
26.0825,inicio,False,0.0000,33.317,21.390,1.487,True,320,240,90,False,60.00,0.1000,0.000000,0.000000,0.000000,0.000000,0.000000,0.000000,1.000000,257
26.2138,inicio,False,0.0000,33.318,26.479,6.401,True,320,240,90,False,60.00,0.1000,0.000000,0.000000,0.000000,0.000000,0.000000,0.000000,1.000000,259
26.3332,inicio,False,0.0000,34.119,14.729,11.117,True,320,240,90,False,60.00,0.1000,0.000000,0.000000,0.000000,0.000000,0.000000,0.000000,1.000000,261
26.4640,inicio,False,0.0000,33.966,5.434,1.519,True,320,240,90,False,60.00,0.1000,0.000000,0.000000,0.000000,0.000000,0.000000,0.000000,1.000000,263
26.5644,inicio,False,0.0000,33.879,6.078,1.934,True,320,240,90,False,60.00,0.1000,0.000000,0.000000,0.000000,0.000000,0.000000,0.000000,1.000000,264
26.6648,inicio,False,0.0000,33.789,5.865,3.148,True,320,240,90,False,60.00,0.1000,0.000000,0.000000,0.000000,0.000000,0.000000,0.000000,1.000000,266
26.7994,inicio,False,0.0000,33.705,9.246,10.351,True,320,240,90,False,60.00,0.1000,0.000000,0.000000,0.000000,0.000000,0.000000,0.000000,1.000000,268
26.9006,inicio,False,0.0000,33.660,11.387,2.493,True,320,240,90,False,60.00,0.1000,0.000000,0.000000,0.000000,0.000000,0.000000,0.000000,1.000000,269
27.0318,inicio,False,0.0000,33.587,19.641,2.490,True,320,240,90,False,60.00,0.1000,0.000000,0.000000,0.000000,0.000000,0.000000,0.000000,1.000000,272
27.1742,inicio,False,0.0000,33.552,14.921,2.456,True,320,240,90,False,60.00,0.1000,0.000000,0.000000,0.000000,0.000000,0.000000,0.000000,1.000000,274
27.3249,inicio,False,0.0000,33.770,9.586,6.020,True,320,240,90,False,60.00,0.1000,0.000000,0.000000,0.000000,0.000000,0.000000,0.000000,1.000000,276
27.4474,inicio,False,0.0000,34.164,16.421,3.565,True,320,240,90,False,60.00,0.1000,0.000000,0.000000,0.000000,0.000000,0.000000,0.000000,1.000000,277
27.5547,inicio,False,0.0000,34.050,1.090,15.491,True,320,240,90,False,60.00,0.1000,0.000000,0.000000,0.000000,0.000000,0.000000,0.000000,1.000000,279
27.6896,inicio,False,0.0000,33.919,9.775,3.436,True,320,240,90,False,60.00,0.1000,0.000000,0.000000,0.000000,0.000000,0.000000,0.000000,1.000000,281
27.8140,inicio,False,0.0000,33.804,24.120,5.274,True,320,240,90,False,60.00,0.1000,0.000000,0.000000,0.000000,0.000000,0.000000,0.000000,1.000000,283
27.9192,inicio,False,0.0000,33.731,15.069,2.370,True,320,240,90,False,60.00,0.1000,0.000000,0.000000,0.000000,0.000000,0.000000,0.000000,1.000000,284
28.0467,inicio,False,0.0000,33.661,1.072,2.224,True,320,240,90,False,60.00,0.1000,0.000000,0.000000,0.000000,0.000000,0.000000,0.000000,1.000000,286
28.1496,inicio,False,0.0000,33.611,19.907,5.442,True,320,240,90,False,60.00,0.1000,0.000000,0.000000,0.000000,0.000000,0.000000,0.000000,1.000000,288
28.2500,inicio,False,0.0000,33.573,18.614,1.568,True,320,240,90,False,60.00,0.1000,0.000000,0.000000,0.000000,0.000000,0.000000,0.000000,1.000000,290
28.3859,inicio,False,0.0000,33.522,22.018,8.284,True,320,240,90,False,60.00,0.1000,0.000000,0.000000,0.000000,0.000000,0.000000,0.000000,1.000000,292
28.5206,inicio,False,0.0000,33.484,18.033,2.554,True,320,240,90,False,60.00,0.1000,0.000000,0.000000,0.000000,0.000000,0.000000,0.000000,1.000000,293
28.6462,inicio,False,0.0000,33.454,26.035,1.609,True,320,240,90,False,60.00,0.1000,0.000000,0.000000,0.000000,0.000000,0.000000,0.000000,1.000000,295
28.7567,inicio,False,0.0000,33.439,20.408,9.410,True,320,240,90,False,60.00,0.1000,0.000000,0.000000,0.000000,0.000000,0.000000,0.000000,1.000000,297
28.8963,inicio,False,0.0000,33.421,29.354,4.317,True,320,240,90,False,60.00,0.1000,0.000000,0.000000,0.000000,0.000000,0.000000,0.000000,1.000000,299
29.0160,inicio,False,0.0000,33.397,25.272,1.961,True,320,240,90,False,60.00,0.1000,0.000000,0.000000,0.000000,0.000000,0.000000,0.000000,1.000000,301
29.1575,inicio,False,0.0000,33.381,22.598,4.076,True,320,240,90,False,60.00,0.1000,0.000000,0.000000,0.000000,0.000000,0.000000,0.000000,1.000000,303
29.2637,inicio,False,0.0000,34.193,24.871,2.644,True,320,240,90,False,60.00,0.1000,0.000000,0.000000,0.000000,0.000000,0.000000,0.000000,1.000000,305
29.3638,inicio,False,0.0000,34.049,18.047,4.344,True,320,240,90,False,60.00,0.1000,0.000000,0.000000,0.000000,0.000000,0.000000,0.000000,1.000000,306
29.4641,inicio,False,0.0000,34.807,6.532,2.253,True,320,240,90,False,60.00,0.1000,0.000000,0.000000,0.000000,0.000000,0.000000,0.000000,1.000000,308
29.5673,inicio,False,0.0000,34.598,9.992,4.231,True,320,240,90,False,60.00,0.1000,0.000000,0.000000,0.000000,0.000000,0.000000,0.000000,1.000000,310
29.6925,inicio,False,0.0000,34.362,13.949,5.229,True,320,240,90,False,60.00,0.1000,0.000000,0.000000,0.000000,0.000000,0.000000,0.000000,1.000000,312
29.8339,inicio,False,0.0000,34.995,19.333,6.548,True,320,240,90,False,60.00,0.1000,0.000000,0.000000,0.000000,0.000000,0.000000,0.000000,1.000000,314
29.9835,inicio,False,0.0000,35.519,14.753,4.105,True,320,240,90,False,60.00,0.1000,0.000000,0.000000,0.000000,0.000000,0.000000,0.000000,1.000000,316
30.0948,inicio,False,0.0000,38.746,14.753,4.105,True,320,240,90,False,60.00,0.1000,0.000000,0.000000,0.000000,0.000000,0.000000,0.000000,1.000000,316
30.2192,inicio,False,0.0000,37.738,26.317,1.873,True,320,240,90,False,60.00,0.1000,0.000000,0.000000,0.000000,0.000000,0.000000,0.000000,1.000000,318
30.3711,inicio,False,0.0000,37.754,9.183,3.301,True,320,240,90,False,60.00,0.1000,0.000000,0.000000,0.000000,0.000000,0.000000,0.000000,1.000000,321
30.4964,inicio,False,0.0000,36.929,5.466,1.595,True,320,240,90,False,60.00,0.1000,0.000000,0.000000,0.000000,0.000000,0.000000,0.000000,1.000000,322
30.5975,inicio,False,0.0000,36.413,6.930,2.700,True,320,240,90,False,60.00,0.1000,0.000000,0.000000,0.000000,0.000000,0.000000,0.000000,1.000000,324
30.7295,inicio,False,0.0000,35.839,6.071,4.082,True,320,240,90,False,60.00,0.1000,0.000000,0.000000,0.000000,0.000000,0.000000,0.000000,1.000000,326
30.8622,inicio,False,0.0000,35.371,6.258,1.501,True,320,240,90,False,60.00,0.1000,0.000000,0.000000,0.000000,0.000000,0.000000,0.000000,1.000000,328
30.9638,inicio,False,0.0000,35.080,5.273,8.682,True,320,240,90,False,60.00,0.1000,0.000000,0.000000,0.000000,0.000000,0.000000,0.000000,1.000000,329
31.0956,inicio,False,0.0000,34.754,5.331,1.439,True,320,240,90,False,60.00,0.1000,0.000000,0.000000,0.000000,0.000000,0.000000,0.000000,1.000000,331
31.1958,inicio,False,0.0000,34.550,5.717,3.178,True,320,240,90,False,60.00,0.1000,0.000000,0.000000,0.000000,0.000000,0.000000,0.000000,1.000000,333
31.3290,inicio,False,0.0000,34.322,5.173,4.850,True,320,240,90,False,60.00,0.1000,0.000000,0.000000,0.000000,0.000000,0.000000,0.000000,1.000000,335
31.4291,inicio,False,0.0000,34.182,5.649,1.447,True,320,240,90,False,60.00,0.1000,0.000000,0.000000,0.000000,0.000000,0.000000,0.000000,1.000000,336
31.5621,inicio,False,0.0000,34.022,5.193,3.911,True,320,240,90,False,60.00,0.1000,0.000000,0.000000,0.000000,0.000000,0.000000,0.000000,1.000000,338
31.6632,inicio,False,0.0000,33.969,5.219,2.565,True,320,240,90,False,60.00,0.1000,0.000000,0.000000,0.000000,0.000000,0.000000,0.000000,1.000000,340
31.7956,inicio,False,0.0000,33.815,6.442,1.631,True,320,240,90,False,60.00,0.1000,0.000000,0.000000,0.000000,0.000000,0.000000,0.000000,1.000000,342
31.9286,inicio,False,0.0000,33.711,6.611,2.142,True,320,240,90,False,60.00,0.1000,0.000000,0.000000,0.000000,0.000000,0.000000,0.000000,1.000000,344
32.0287,inicio,False,0.0000,33.654,5.418,1.414,True,320,240,90,False,60.00,0.1000,0.000000,0.000000,0.000000,0.000000,0.000000,0.000000,1.000000,345
32.1295,inicio,False,0.0000,33.627,6.441,2.241,True,320,240,90,False,60.00,0.1000,0.000000,0.000000,0.000000,0.000000,0.000000,0.000000,1.000000,347
32.2619,inicio,False,0.0000,33.561,6.132,6.805,True,320,240,90,False,60.00,0.1000,0.000000,0.000000,0.000000,0.000000,0.000000,0.000000,1.000000,349
32.3948,inicio,False,0.0000,33.515,5.822,4.713,True,320,240,90,False,60.00,0.1000,0.000000,0.000000,0.000000,0.000000,0.000000,0.000000,1.000000,351
32.4952,inicio,False,0.0000,33.480,5.632,3.013,True,320,240,90,False,60.00,0.1000,0.000000,0.000000,0.000000,0.000000,0.000000,0.000000,1.000000,352
32.6283,inicio,False,0.0000,33.457,5.989,1.493,True,320,240,90,False,60.00,0.1000,0.000000,0.000000,0.000000,0.000000,0.000000,0.000000,1.000000,354
32.7460,inicio,False,0.0000,32.711,21.417,2.344,True,320,240,90,False,60.00,0.1000,0.000000,0.000000,0.000000,0.000000,0.000000,0.000000,1.000000,356
32.8808,inicio,False,0.0000,32.824,22.702,3.447,True,320,240,90,False,60.00,0.1000,0.000000,0.000000,0.000000,0.000000,0.000000,0.000000,1.000000,358
33.0123,inicio,False,0.0000,32.918,20.133,1.555,True,320,240,90,False,60.00,0.1000,0.000000,0.000000,0.000000,0.000000,0.000000,0.000000,1.000000,360
33.1452,inicio,False,0.0000,32.992,21.354,1.711,True,320,240,90,False,60.00,0.1000,0.000000,0.000000,0.000000,0.000000,0.000000,0.000000,1.000000,362
33.2782,inicio,False,0.0000,33.053,22.712,1.484,True,320,240,90,False,60.00,0.1000,0.000000,0.000000,0.000000,0.000000,0.000000,0.000000,1.000000,364
33.3805,inicio,False,0.0000,33.091,24.748,6.582,True,320,240,90,False,60.00,0.1000,0.000000,0.000000,0.000000,0.000000,0.000000,0.000000,1.000000,366
33.4811,inicio,False,0.0000,33.123,23.404,1.710,True,320,240,90,False,60.00,0.1000,0.000000,0.000000,0.000000,0.000000,0.000000,0.000000,1.000000,367
33.5818,inicio,False,0.0000,33.156,1.470,2.038,True,320,240,90,False,60.00,0.1000,0.000000,0.000000,0.000000,0.000000,0.000000,0.000000,1.000000,369
33.7154,inicio,False,0.0000,33.186,21.016,1.907,True,320,240,90,False,60.00,0.1000,0.000000,0.000000,0.000000,0.000000,0.000000,0.000000,1.000000,370
33.8983,inicio,False,0.0000,35.704,1.083,2.113,True,320,240,90,False,60.00,0.1000,0.000000,0.000000,0.000000,0.000000,0.000000,0.000000,1.000000,372
34.0291,inicio,False,0.0000,35.349,6.228,1.589,True,320,240,90,False,60.00,0.1000,0.000000,0.000000,0.000000,0.000000,0.000000,0.000000,1.000000,374
34.1296,inicio,False,0.0000,35.011,5.557,2.685,True,320,240,90,False,60.00,0.1000,0.000000,0.000000,0.000000,0.000000,0.000000,0.000000,1.000000,376
34.2617,inicio,False,0.0000,34.669,6.839,1.551,True,320,240,90,False,60.00,0.1000,0.000000,0.000000,0.000000,0.000000,0.000000,0.000000,1.000000,378
34.3624,inicio,False,0.0000,34.490,5.501,2.461,True,320,240,90,False,60.00,0.1000,0.000000,0.000000,0.000000,0.000000,0.000000,0.000000,1.000000,379
34.4955,inicio,False,0.0000,34.265,6.589,2.950,True,320,240,90,False,60.00,0.1000,0.000000,0.000000,0.000000,0.000000,0.000000,0.000000,1.000000,381
34.6279,inicio,False,0.0000,34.092,6.431,1.792,True,320,240,90,False,60.00,0.1000,0.000000,0.000000,0.000000,0.000000,0.000000,0.000000,1.000000,383
34.7478,inicio,False,0.0000,33.180,18.798,2.171,True,320,240,90,False,60.00,0.1000,0.000000,0.000000,0.000000,0.000000,0.000000,0.000000,1.000000,385
34.8557,inicio,False,0.0000,33.201,18.672,3.625,True,320,240,90,False,60.00,0.1000,0.000000,0.000000,0.000000,0.000000,0.000000,0.000000,1.000000,387
34.9776,inicio,False,0.0000,33.223,25.648,1.740,True,320,240,90,False,60.00,0.1000,0.000000,0.000000,0.000000,0.000000,0.000000,0.000000,1.000000,389
35.0779,inicio,False,0.0000,33.237,19.423,1.670,True,320,240,90,False,60.00,0.1000,0.000000,0.000000,0.000000,0.000000,0.000000,0.000000,1.000000,390
35.1785,inicio,False,0.0000,33.250,21.229,3.459,True,320,240,90,False,60.00,0.1000,0.000000,0.000000,0.000000,0.000000,0.000000,0.000000,1.000000,391
35.3108,inicio,False,0.0000,33.262,23.569,2.126,True,320,240,90,False,60.00,0.1000,0.000000,0.000000,0.000000,0.000000,0.000000,0.000000,1.000000,394
35.4170,inicio,False,0.0000,33.271,22.519,2.683,True,320,240,90,False,60.00,0.1000,0.000000,0.000000,0.000000,0.000000,0.000000,0.000000,1.000000,395
35.5452,inicio,False,0.0000,33.282,21.341,1.470,True,320,240,90,False,60.00,0.1000,0.000000,0.000000,0.000000,0.000000,0.000000,0.000000,1.000000,397
35.6778,inicio,False,0.0000,33.289,20.831,1.546,True,320,240,90,False,60.00,0.1000,0.000000,0.000000,0.000000,0.000000,0.000000,0.000000,1.000000,399
35.7783,inicio,False,0.0000,33.294,22.185,1.613,True,320,240,90,False,60.00,0.1000,0.000000,0.000000,0.000000,0.000000,0.000000,0.000000,1.000000,401
35.8858,inicio,False,0.0000,33.295,16.107,3.789,True,320,240,90,False,60.00,0.1000,0.000000,0.000000,0.000000,0.000000,0.000000,0.000000,1.000000,403
36.0106,inicio,False,0.0000,33.300,15.829,1.426,True,320,240,90,False,60.00,0.1000,0.000000,0.000000,0.000000,0.000000,0.000000,0.000000,1.000000,404
36.1438,inicio,False,0.0000,33.306,20.497,1.519,True,320,240,90,False,60.00,0.1000,0.000000,0.000000,0.000000,0.000000,0.000000,0.000000,1.000000,406
36.2803,inicio,False,0.0000,33.309,21.746,1.607,True,320,240,90,False,60.00,0.1000,0.000000,0.000000,0.000000,0.000000,0.000000,0.000000,1.000000,408
36.4136,inicio,False,0.0000,33.420,32.162,1.839,True,320,240,90,False,60.00,0.1000,0.000000,0.000000,0.000000,0.000000,0.000000,0.000000,1.000000,410
36.5439,inicio,False,0.0000,33.404,9.769,1.564,True,320,240,90,False,60.00,0.1000,0.000000,0.000000,0.000000,0.000000,0.000000,0.000000,1.000000,412
36.6770,inicio,False,0.0000,33.387,20.237,1.496,True,320,240,90,False,60.00,0.1000,0.000000,0.000000,0.000000,0.000000,0.000000,0.000000,1.000000,414
36.7794,inicio,False,0.0000,33.376,19.663,1.377,True,320,240,90,False,60.00,0.1000,0.000000,0.000000,0.000000,0.000000,0.000000,0.000000,1.000000,416
36.9113,inicio,False,0.0000,33.368,22.205,1.568,True,320,240,90,False,60.00,0.1000,0.000000,0.000000,0.000000,0.000000,0.000000,0.000000,1.000000,417
37.0126,inicio,False,0.0000,33.362,1.085,1.416,True,320,240,90,False,60.00,0.1000,0.000000,0.000000,0.000000,0.000000,0.000000,0.000000,1.000000,419
37.1458,inicio,False,0.0000,33.356,21.391,4.722,True,320,240,90,False,60.00,0.1000,0.000000,0.000000,0.000000,0.000000,0.000000,0.000000,1.000000,421
37.2799,inicio,False,0.0000,33.350,20.969,6.910,True,320,240,90,False,60.00,0.1000,0.000000,0.000000,0.000000,0.000000,0.000000,0.000000,1.000000,423
37.4128,inicio,False,0.0000,33.343,19.689,6.203,True,320,240,90,False,60.00,0.1000,0.000000,0.000000,0.000000,0.000000,0.000000,0.000000,1.000000,425
37.5455,inicio,False,0.0000,33.350,22.475,1.478,True,320,240,90,False,60.00,0.1000,0.000000,0.000000,0.000000,0.000000,0.000000,0.000000,1.000000,427
37.6770,inicio,False,0.0000,33.335,21.231,1.511,True,320,240,90,False,60.00,0.1000,0.000000,0.000000,0.000000,0.000000,0.000000,0.000000,1.000000,429
37.7782,inicio,False,0.0000,33.328,19.675,1.833,True,320,240,90,False,60.00,0.1000,0.000000,0.000000,0.000000,0.000000,0.000000,0.000000,1.000000,431
37.8799,inicio,False,0.0000,33.333,18.411,1.481,True,320,240,90,False,60.00,0.1000,0.000000,0.000000,0.000000,0.000000,0.000000,0.000000,1.000000,432
38.0107,inicio,False,0.0000,33.329,20.419,1.487,True,320,240,90,False,60.00,0.1000,0.000000,0.000000,0.000000,0.000000,0.000000,0.000000,1.000000,434
38.1433,inicio,False,0.0000,33.323,23.772,2.141,True,320,240,90,False,60.00,0.1000,0.000000,0.000000,0.000000,0.000000,0.000000,0.000000,1.000000,436
38.2433,inicio,False,0.0000,33.317,21.002,2.283,True,320,240,90,False,60.00,0.1000,0.000000,0.000000,0.000000,0.000000,0.000000,0.000000,1.000000,438
38.3506,inicio,False,0.0000,33.330,14.375,2.756,True,320,240,90,False,60.00,0.1000,0.000000,0.000000,0.000000,0.000000,0.000000,0.000000,1.000000,440
38.4821,inicio,False,0.0000,33.326,18.321,3.393,True,320,240,90,False,60.00,0.1000,0.000000,0.000000,0.000000,0.000000,0.000000,0.000000,1.000000,441
38.6119,inicio,False,0.0000,33.325,23.581,1.459,True,320,240,90,False,60.00,0.1000,0.000000,0.000000,0.000000,0.000000,0.000000,0.000000,1.000000,443
38.7436,inicio,False,0.0000,33.330,21.646,1.716,True,320,240,90,False,60.00,0.1000,0.000000,0.000000,0.000000,0.000000,0.000000,0.000000,1.000000,445
38.8488,inicio,False,0.0000,33.323,1.119,1.491,True,320,240,90,False,60.00,0.1000,0.000000,0.000000,0.000000,0.000000,0.000000,0.000000,1.000000,447
38.9763,inicio,False,0.0000,33.317,21.301,1.686,True,320,240,90,False,60.00,0.1000,0.000000,0.000000,0.000000,0.000000,0.000000,0.000000,1.000000,449
39.0775,inicio,False,0.0000,33.325,22.414,1.605,True,320,240,90,False,60.00,0.1000,0.000000,0.000000,0.000000,0.000000,0.000000,0.000000,1.000000,450
39.2111,inicio,False,0.0000,33.322,21.661,1.749,True,320,240,90,False,60.00,0.1000,0.000000,0.000000,0.000000,0.000000,0.000000,0.000000,1.000000,452
39.3573,inicio,False,0.0000,33.323,8.896,5.916,True,320,240,90,False,60.00,0.1000,0.000000,0.000000,0.000000,0.000000,0.000000,0.000000,1.000000,455
39.4784,inicio,False,0.0000,33.322,20.216,1.729,True,320,240,90,False,60.00,0.1000,0.000000,0.000000,0.000000,0.000000,0.000000,0.000000,1.000000,456
39.6111,inicio,False,0.0000,33.329,20.175,2.196,True,320,240,90,False,60.00,0.1000,0.000000,0.000000,0.000000,0.000000,0.000000,0.000000,1.000000,458
39.7431,inicio,False,0.0000,33.324,10.331,1.750,True,320,240,90,False,60.00,0.1000,0.000000,0.000000,0.000000,0.000000,0.000000,0.000000,1.000000,460
39.8518,inicio,False,0.0000,33.321,11.958,11.632,True,320,240,90,False,60.00,0.1000,0.000000,0.000000,0.000000,0.000000,0.000000,0.000000,1.000000,462
39.9766,inicio,False,0.0000,33.322,21.339,1.611,True,320,240,90,False,60.00,0.1000,0.000000,0.000000,0.000000,0.000000,0.000000,0.000000,1.000000,463
40.0816,inicio,False,0.0000,33.325,1.425,2.986,True,320,240,90,False,60.00,0.1000,0.000000,0.000000,0.000000,0.000000,0.000000,0.000000,1.000000,465
40.1876,inicio,False,0.0000,33.331,13.599,4.739,True,320,240,90,False,60.00,0.1000,0.000000,0.000000,0.000000,0.000000,0.000000,0.000000,1.000000,467
40.3092,inicio,False,0.0000,33.321,23.058,3.127,True,320,240,90,False,60.00,0.1000,0.000000,0.000000,0.000000,0.000000,0.000000,0.000000,1.000000,469
40.4094,inicio,False,0.0000,33.318,23.249,1.943,True,320,240,90,False,60.00,0.1000,0.000000,0.000000,0.000000,0.000000,0.000000,0.000000,1.000000,470
40.5103,inicio,False,0.0000,33.338,19.746,2.546,True,320,240,90,False,60.00,0.1000,0.000000,0.000000,0.000000,0.000000,0.000000,0.000000,1.000000,472
40.6190,inicio,False,0.0000,33.344,17.905,2.291,True,320,240,90,False,60.00,0.1000,0.000000,0.000000,0.000000,0.000000,0.000000,0.000000,1.000000,473
40.7377,inicio,False,0.0000,34.130,22.757,3.839,True,320,240,90,False,60.00,0.1000,0.000000,0.000000,0.000000,0.000000,0.000000,0.000000,1.000000,475
40.8592,inicio,False,0.0000,33.973,19.325,1.573,True,320,240,90,False,60.00,0.1000,0.000000,0.000000,0.000000,0.000000,0.000000,0.000000,1.000000,477
40.9924,inicio,False,0.0000,33.835,19.751,1.464,True,320,240,90,False,60.00,0.1000,0.000000,0.000000,0.000000,0.000000,0.000000,0.000000,1.000000,479
41.1296,inicio,False,0.0000,33.737,22.553,7.197,True,320,240,90,False,60.00,0.1000,0.000000,0.000000,0.000000,0.000000,0.000000,0.000000,1.000000,481
41.2588,inicio,False,0.0000,33.666,21.253,1.555,True,320,240,90,False,60.00,0.1000,0.000000,0.000000,0.000000,0.000000,0.000000,0.000000,1.000000,483
41.3591,inicio,False,0.0000,33.618,22.706,1.968,True,320,240,90,False,60.00,0.1000,0.000000,0.000000,0.000000,0.000000,0.000000,0.000000,1.000000,485
41.4928,inicio,False,0.0000,33.563,20.786,2.177,True,320,240,90,False,60.00,0.1000,0.000000,0.000000,0.000000,0.000000,0.000000,0.000000,1.000000,487
41.5932,inicio,False,0.0000,33.529,27.312,1.746,True,320,240,90,False,60.00,0.1000,0.000000,0.000000,0.000000,0.000000,0.000000,0.000000,1.000000,488
41.7256,inicio,False,0.0000,33.493,25.491,3.475,True,320,240,90,False,60.00,0.1000,0.000000,0.000000,0.000000,0.000000,0.000000,0.000000,1.000000,490
41.8586,inicio,False,0.0000,33.458,21.780,1.492,True,320,240,90,False,60.00,0.1000,0.000000,0.000000,0.000000,0.000000,0.000000,0.000000,1.000000,492
41.9599,inicio,False,0.0000,33.438,21.202,1.853,True,320,240,90,False,60.00,0.1000,0.000000,0.000000,0.000000,0.000000,0.000000,0.000000,1.000000,493
42.0645,inicio,False,0.0000,33.423,15.944,8.796,True,320,240,90,False,60.00,0.1000,0.000000,0.000000,0.000000,0.000000,0.000000,0.000000,1.000000,495
42.1922,inicio,False,0.0000,33.404,21.504,1.493,True,320,240,90,False,60.00,0.1000,0.000000,0.000000,0.000000,0.000000,0.000000,0.000000,1.000000,497
42.3253,inicio,False,0.0000,33.399,22.972,1.544,True,320,240,90,False,60.00,0.1000,0.000000,0.000000,0.000000,0.000000,0.000000,0.000000,1.000000,499
42.4284,inicio,False,0.0000,33.380,18.607,1.516,True,320,240,90,False,60.00,0.1000,0.000000,0.000000,0.000000,0.000000,0.000000,0.000000,1.000000,501
42.5583,inicio,False,0.0000,33.367,21.654,1.593,True,320,240,90,False,60.00,0.1000,0.000000,0.000000,0.000000,0.000000,0.000000,0.000000,1.000000,503
42.6918,inicio,False,0.0000,33.360,21.365,1.666,True,320,240,90,False,60.00,0.1000,0.000000,0.000000,0.000000,0.000000,0.000000,0.000000,1.000000,505
42.8257,inicio,False,0.0000,33.353,21.281,1.440,True,320,240,90,False,60.00,0.1000,0.000000,0.000000,0.000000,0.000000,0.000000,0.000000,1.000000,507
42.9584,inicio,False,0.0000,33.347,21.641,1.752,True,320,240,90,False,60.00,0.1000,0.000000,0.000000,0.000000,0.000000,0.000000,0.000000,1.000000,509
43.0916,inicio,False,0.0000,33.343,21.986,5.736,True,320,240,90,False,60.00,0.1000,0.000000,0.000000,0.000000,0.000000,0.000000,0.000000,1.000000,511
43.2248,inicio,False,0.0000,33.339,21.621,1.876,True,320,240,90,False,60.00,0.1000,0.000000,0.000000,0.000000,0.000000,0.000000,0.000000,1.000000,513
43.3263,inicio,False,0.0000,33.337,19.705,1.601,True,320,240,90,False,60.00,0.1000,0.000000,0.000000,0.000000,0.000000,0.000000,0.000000,1.000000,514
43.4581,inicio,False,0.0000,33.335,22.607,3.039,True,320,240,90,False,60.00,0.1000,0.000000,0.000000,0.000000,0.000000,0.000000,0.000000,1.000000,516
43.5635,inicio,False,0.0000,33.332,20.770,1.537,True,320,240,90,False,60.00,0.1000,0.000000,0.000000,0.000000,0.000000,0.000000,0.000000,1.000000,517
43.6915,inicio,False,0.0000,33.330,14.449,8.538,True,320,240,90,False,60.00,0.1000,0.000000,0.000000,0.000000,0.000000,0.000000,0.000000,1.000000,519
43.8141,inicio,False,0.0000,34.121,6.905,22.321,True,320,240,90,False,60.00,0.1000,0.000000,0.000000,0.000000,0.000000,0.000000,0.000000,1.000000,522
43.9416,inicio,False,0.0000,33.972,4.901,12.473,True,320,240,90,False,60.00,0.1000,0.000000,0.000000,0.000000,0.000000,0.000000,0.000000,1.000000,523
44.0570,inicio,False,0.0000,34.121,8.892,16.184,True,320,240,90,False,60.00,0.1000,0.000000,0.000000,0.000000,0.000000,0.000000,0.000000,1.000000,525
44.1592,inicio,False,0.0000,34.634,6.574,12.716,True,320,240,90,False,60.00,0.1000,0.000000,0.000000,0.000000,0.000000,0.000000,0.000000,1.000000,527
44.2931,inicio,False,0.0000,34.390,6.059,15.612,True,320,240,90,False,60.00,0.1000,0.000000,0.000000,0.000000,0.000000,0.000000,0.000000,1.000000,529
44.4254,inicio,False,0.0000,34.188,7.963,18.263,True,320,240,90,False,60.00,0.1000,0.000000,0.000000,0.000000,0.000000,0.000000,0.000000,1.000000,531
44.5578,inicio,False,0.0000,34.031,5.187,16.656,True,320,240,90,False,60.00,0.1000,0.000000,0.000000,0.000000,0.000000,0.000000,0.000000,1.000000,533
44.6583,inicio,False,0.0000,33.928,6.361,14.942,True,320,240,90,False,60.00,0.1000,0.000000,0.000000,0.000000,0.000000,0.000000,0.000000,1.000000,534
44.7920,inicio,False,0.0000,33.813,8.216,20.069,True,320,240,90,False,60.00,0.1000,0.000000,0.000000,0.000000,0.000000,0.000000,0.000000,1.000000,536
44.9243,inicio,False,0.0000,33.724,5.371,17.900,True,320,240,90,False,60.00,0.1000,0.000000,0.000000,0.000000,0.000000,0.000000,0.000000,1.000000,538
45.0576,inicio,False,0.0000,33.650,7.869,17.779,True,320,240,90,False,60.00,0.1000,0.000000,0.000000,0.000000,0.000000,0.000000,0.000000,1.000000,540
45.1586,inicio,False,0.0000,33.602,6.713,14.301,True,320,240,90,False,60.00,0.1000,0.000000,0.000000,0.000000,0.000000,0.000000,0.000000,1.000000,541
45.2597,inicio,False,0.0000,33.562,5.727,17.497,True,320,240,90,False,60.00,0.1000,0.000000,0.000000,0.000000,0.000000,0.000000,0.000000,1.000000,543
45.3915,inicio,False,0.0000,33.518,6.555,15.408,True,320,240,90,False,60.00,0.1000,0.000000,0.000000,0.000000,0.000000,0.000000,0.000000,1.000000,545
45.5240,inicio,False,0.0000,33.481,5.825,14.711,True,320,240,90,False,60.00,0.1000,0.000000,0.000000,0.000000,0.000000,0.000000,0.000000,1.000000,547
45.6243,inicio,False,0.0000,33.459,5.371,14.083,True,320,240,90,False,60.00,0.1000,0.000000,0.000000,0.000000,0.000000,0.000000,0.000000,1.000000,549
45.7244,inicio,False,0.0000,33.440,5.150,18.697,True,320,240,90,False,60.00,0.1000,0.000000,0.000000,0.000000,0.000000,0.000000,0.000000,1.000000,550
45.8247,inicio,False,0.0000,33.538,6.302,17.395,True,320,240,90,False,60.00,0.1000,0.000000,0.000000,0.000000,0.000000,0.000000,0.000000,1.000000,551
45.9574,inicio,False,0.0000,33.400,5.092,18.051,True,320,240,90,False,60.00,0.1000,0.000000,0.000000,0.000000,0.000000,0.000000,0.000000,1.000000,553
46.0906,inicio,False,0.0000,33.385,5.340,17.320,True,320,240,90,False,60.00,0.1000,0.000000,0.000000,0.000000,0.000000,0.000000,0.000000,1.000000,555
46.1908,inicio,False,0.0000,33.376,6.653,15.296,True,320,240,90,False,60.00,0.1000,0.000000,0.000000,0.000000,0.000000,0.000000,0.000000,1.000000,557
46.2927,inicio,False,0.0000,33.369,5.641,15.737,True,320,240,90,False,60.00,0.1000,0.000000,0.000000,0.000000,0.000000,0.000000,0.000000,1.000000,559
46.4236,inicio,False,0.0000,33.360,5.849,13.902,True,320,240,90,False,60.00,0.1000,0.000000,0.000000,0.000000,0.000000,0.000000,0.000000,1.000000,561
46.5250,inicio,False,0.0000,33.354,5.495,14.302,True,320,240,90,False,60.00,0.1000,0.000000,0.000000,0.000000,0.000000,0.000000,0.000000,1.000000,562
46.6251,inicio,False,0.0000,33.350,5.623,16.965,True,320,240,90,False,60.00,0.1000,0.000000,0.000000,0.000000,0.000000,0.000000,0.000000,1.000000,563
46.7257,inicio,False,0.0000,33.346,5.930,19.528,True,320,240,90,False,60.00,0.1000,0.000000,0.000000,0.000000,0.000000,0.000000,0.000000,1.000000,565
46.8267,inicio,False,0.0000,33.343,6.387,18.913,True,320,240,90,False,60.00,0.1000,0.000000,0.000000,0.000000,0.000000,0.000000,0.000000,1.000000,567
46.9594,inicio,False,0.0000,33.339,14.053,16.771,True,320,240,90,False,60.00,0.1000,0.000000,0.000000,0.000000,0.000000,0.000000,0.000000,1.000000,569
47.1128,inicio,False,0.0000,34.169,5.641,14.114,True,320,240,90,False,60.00,0.1000,0.000000,0.000000,0.000000,0.000000,0.000000,0.000000,1.000000,571
47.2414,inicio,False,0.0000,34.013,5.783,11.797,True,320,240,90,False,60.00,0.1000,0.000000,0.000000,0.000000,0.000000,0.000000,0.000000,1.000000,573
47.3416,inicio,False,0.0000,33.914,9.142,15.724,True,320,240,90,False,60.00,0.1000,0.000000,0.000000,0.000000,0.000000,0.000000,0.000000,1.000000,574
47.4746,inicio,False,0.0000,33.804,1.115,12.714,True,320,240,90,False,60.00,0.1000,0.000000,0.000000,0.000000,0.000000,0.000000,0.000000,1.000000,576
47.5748,inicio,False,0.0000,33.735,6.382,13.657,True,320,240,90,False,60.00,0.1000,0.000000,0.000000,0.000000,0.000000,0.000000,0.000000,1.000000,578
47.7078,inicio,False,0.0000,33.657,6.026,19.639,True,320,240,90,False,60.00,0.1000,0.000000,0.000000,0.000000,0.000000,0.000000,0.000000,1.000000,580
47.8081,inicio,False,0.0000,33.614,5.095,14.766,True,320,240,90,False,60.00,0.1000,0.000000,0.000000,0.000000,0.000000,0.000000,0.000000,1.000000,581
47.9411,inicio,False,0.0000,33.558,5.064,15.228,True,320,240,90,False,60.00,0.1000,0.000000,0.000000,0.000000,0.000000,0.000000,0.000000,1.000000,583
48.0413,inicio,True,0.0333,33.522,5.385,34.303,True,320,240,90,False,60.00,0.1000,-0.040035,0.013864,0.227285,0.296907,-0.316191,-0.637227,0.637033,585
48.4259,inicio,True,0.4165,51.007,6.974,24.249,True,320,240,90,False,60.00,0.1000,-0.034797,0.018029,0.236852,0.297723,-0.329597,-0.633580,0.633485,586
48.5635,inicio,True,0.5498,50.110,10.507,30.916,True,320,240,90,False,60.00,0.1000,-0.035131,0.011926,0.286283,0.332069,-0.330173,-0.622137,0.627425,589
48.6691,inicio,True,0.6498,50.098,11.484,27.003,True,320,240,90,False,60.00,0.1000,-0.034793,0.014100,0.286606,0.333138,-0.335774,-0.621642,0.624369,590
48.8031,inicio,True,0.7831,49.330,9.845,25.843,True,320,240,90,False,60.00,0.1000,-0.048901,0.021990,0.290233,0.334741,-0.355656,-0.613269,0.620772,592
48.9119,inicio,True,0.8997,47.880,9.546,22.846,True,320,240,90,False,60.00,0.1000,-0.069889,0.019618,0.290547,0.335292,-0.382286,-0.616880,0.600746,594
49.0243,inicio,False,0.8997,46.595,11.161,13.184,True,320,240,90,False,60.00,0.1000,-0.069889,0.019618,0.290547,0.335292,-0.382286,-0.616880,0.600746,595
49.1586,inicio,False,0.8997,44.134,6.722,15.923,True,320,240,90,False,60.00,0.1000,-0.069889,0.019618,0.290547,0.335292,-0.382286,-0.616880,0.600746,597
49.2604,inicio,False,0.8997,42.591,6.390,15.359,True,320,240,90,False,60.00,0.1000,-0.069889,0.019618,0.290547,0.335292,-0.382286,-0.616880,0.600746,599
49.3619,inicio,False,0.8997,41.269,10.868,17.151,True,320,240,90,False,60.00,0.1000,-0.069889,0.019618,0.290547,0.335292,-0.382286,-0.616880,0.600746,601
49.4974,inicio,False,0.8997,39.798,10.994,13.056,True,320,240,90,False,60.00,0.1000,-0.069889,0.019618,0.290547,0.335292,-0.382286,-0.616880,0.600746,603
49.6236,inicio,False,0.8997,38.592,10.238,16.115,True,320,240,90,False,60.00,0.1000,-0.069889,0.019618,0.290547,0.335292,-0.382286,-0.616880,0.600746,605
49.7241,inicio,False,0.8997,37.834,5.318,18.276,True,320,240,90,False,60.00,0.1000,-0.069889,0.019618,0.290547,0.335292,-0.382286,-0.616880,0.600746,606
49.8249,inicio,False,0.8997,37.197,8.946,16.902,True,320,240,90,False,60.00,0.1000,-0.069889,0.019618,0.290547,0.335292,-0.382286,-0.616880,0.600746,607
49.9307,inicio,False,0.8997,36.645,16.585,15.434,True,320,240,90,False,60.00,0.1000,-0.069889,0.019618,0.290547,0.335292,-0.382286,-0.616880,0.600746,609
50.0589,inicio,False,0.8997,36.029,6.067,19.478,True,320,240,90,False,60.00,0.1000,-0.069889,0.019618,0.290547,0.335292,-0.382286,-0.616880,0.600746,611
50.1602,inicio,False,0.8997,35.643,7.493,13.646,True,320,240,90,False,60.00,0.1000,-0.069889,0.019618,0.290547,0.335292,-0.382286,-0.616880,0.600746,613
50.2903,inicio,True,0.9331,35.213,10.890,19.575,True,320,240,90,False,60.00,0.1000,-0.103602,-0.005759,0.295034,0.448955,-0.380519,-0.571690,0.571677,615
50.4494,inicio,True,1.0830,35.694,11.958,27.606,True,320,240,90,False,60.00,0.1000,-0.091518,-0.001405,0.295277,0.432510,-0.370244,-0.582858,0.579768,617
50.5513,inicio,True,1.1829,37.087,14.259,21.057,True,320,240,90,False,60.00,0.1000,-0.082729,0.003904,0.297199,0.416272,-0.366109,-0.587806,0.589208,619
50.6616,inicio,True,1.2996,37.302,7.548,30.903,True,320,240,90,False,60.00,0.1000,-0.078613,0.007590,0.295583,0.410642,-0.366553,-0.588484,0.592198,620
50.7858,inicio,True,1.4162,39.372,20.405,30.086,True,320,240,90,False,60.00,0.1000,-0.073253,0.008563,0.296702,0.401216,-0.364171,-0.590818,0.597778,622
50.9183,inicio,True,1.5495,42.034,11.028,26.542,True,320,240,90,False,60.00,0.1000,-0.070839,0.006061,0.298003,0.401403,-0.358342,-0.594373,0.597652,624
51.0428,inicio,True,1.6829,44.434,20.437,27.886,True,320,240,90,False,60.00,0.1000,-0.069964,0.006091,0.298944,0.399160,-0.356203,-0.595467,0.599341,626
51.1581,inicio,True,1.7997,45.821,11.210,27.479,True,320,240,90,False,60.00,0.1000,-0.069447,0.007401,0.300508,0.400561,-0.356524,-0.594702,0.598975,628
51.3127,inicio,True,1.9495,46.448,14.725,46.423,True,320,240,90,False,60.00,0.1000,-0.064303,0.012572,0.300654,0.391528,-0.356916,-0.595724,0.603680,630
58.0515,inicio,True,8.6805,380.675,7.298,35.648,True,320,240,90,False,60.00,0.1000,-0.062029,0.017084,0.297012,0.387607,-0.363032,-0.593348,0.604902,631
58.1797,inicio,True,8.8138,368.308,1.349,42.323,True,320,240,90,False,60.00,0.1000,-0.062029,0.017084,0.297012,0.387607,-0.363032,-0.593348,0.604902,632
58.2862,inicio,False,8.8138,337.228,9.764,23.098,True,320,240,90,False,60.00,0.1000,-0.062029,0.017084,0.297012,0.387607,-0.363032,-0.593348,0.604902,634
58.4016,inicio,False,8.8138,294.633,16.422,15.476,True,320,240,90,False,60.00,0.1000,-0.062029,0.017084,0.297012,0.387607,-0.363032,-0.593348,0.604902,635
58.5323,inicio,True,8.9139,258.990,8.795,24.802,True,320,240,90,False,60.00,0.1000,-0.087461,0.025786,0.280103,0.405318,-0.425218,-0.573503,0.570965,637
58.6462,inicio,True,9.0306,239.493,13.060,36.386,True,320,240,90,False,60.00,0.1000,-0.057865,0.029293,0.284688,0.373654,-0.393891,-0.593569,0.594061,639
58.7645,inicio,True,9.1472,221.806,13.862,26.164,True,320,240,90,False,60.00,0.1000,-0.046692,0.029495,0.283304,0.362068,-0.384136,-0.600893,0.600229,641
58.8695,inicio,True,9.2472,205.052,17.178,20.540,True,320,240,90,False,60.00,0.1000,-0.045661,0.030644,0.282701,0.360542,-0.382324,-0.600517,0.602675,642
59.0065,inicio,True,9.3971,183.014,11.049,29.726,True,320,240,90,False,60.00,0.1000,-0.041121,0.031716,0.283793,0.353964,-0.379714,-0.602464,0.606271,644
59.1355,inicio,True,9.5137,162.496,10.839,23.731,True,320,240,90,False,60.00,0.1000,-0.025392,0.032095,0.284558,0.334583,-0.359161,-0.613873,0.618237,646
59.2686,inicio,True,9.6470,145.697,13.533,24.544,True,320,240,90,False,60.00,0.1000,-0.015242,0.032076,0.286252,0.331595,-0.356492,-0.615343,0.619928,648
59.3985,inicio,True,9.7804,131.304,11.958,25.770,True,320,240,90,False,60.00,0.1000,-0.010842,0.033332,0.286506,0.328124,-0.351445,-0.616267,0.623727,650
59.5209,inicio,True,9.9137,113.126,7.054,21.363,True,320,240,90,False,60.00,0.1000,-0.010457,0.035038,0.294023,0.326756,-0.351764,-0.615952,0.624576,652
59.6666,inicio,True,10.0468,103.361,16.718,26.939,True,320,240,90,False,60.00,0.1000,-0.019548,0.034724,0.305800,0.332173,-0.349905,-0.614903,0.623796,654
59.8144,inicio,True,10.1968,91.205,10.972,20.984,True,320,240,90,False,60.00,0.1000,-0.026732,0.046402,0.312943,0.345705,-0.379363,-0.592292,0.621098,657
59.9210,inicio,True,10.3134,83.701,5.811,22.684,True,320,240,90,False,60.00,0.1000,-0.024306,0.056960,0.322387,0.331900,-0.381967,-0.589448,0.629678,658
60.0626,inicio,True,10.4467,78.140,9.164,21.759,True,320,240,90,False,60.00,0.1000,-0.010967,0.065822,0.339375,0.317684,-0.375813,-0.591901,0.638352,660
60.1971,inicio,True,10.5800,73.373,13.071,25.224,True,320,240,90,False,60.00,0.1000,-0.014674,0.072062,0.344864,0.321624,-0.380737,-0.585304,0.639544,662
60.3209,inicio,True,10.7133,69.285,11.723,25.073,True,320,240,90,False,60.00,0.1000,-0.015366,0.079918,0.347739,0.317271,-0.386622,-0.583769,0.639590,664
60.4306,inicio,True,10.8133,64.157,19.049,21.328,True,320,240,90,False,60.00,0.1000,-0.016032,0.086926,0.347371,0.317004,-0.388650,-0.580559,0.641414,666
60.5309,inicio,True,10.9132,62.775,11.566,23.467,True,320,240,90,False,60.00,0.1000,-0.017429,0.089142,0.348190,0.314605,-0.388887,-0.581116,0.641946,667
60.6573,inicio,True,11.0465,60.198,15.007,20.798,True,320,240,90,False,60.00,0.1000,-0.019230,0.086149,0.349670,0.320118,-0.388848,-0.580313,0.639969,669
60.7870,inicio,True,11.1798,55.212,7.281,25.295,True,320,240,90,False,60.00,0.1000,-0.019531,0.084191,0.352367,0.322948,-0.386416,-0.581765,0.638700,671
60.9266,inicio,True,11.3131,53.715,14.637,20.382,True,320,240,90,False,60.00,0.1000,-0.019963,0.085577,0.352825,0.321535,-0.387709,-0.581471,0.638896,673
61.0674,inicio,True,11.4464,49.933,12.667,17.255,True,320,240,90,False,60.00,0.1000,-0.019544,0.084218,0.354723,0.324254,-0.385418,-0.582597,0.637882,675
61.1873,inicio,True,11.5797,49.188,12.013,24.301,True,320,240,90,False,60.00,0.1000,-0.019816,0.085236,0.352736,0.322945,-0.387224,-0.580840,0.639053,677
61.2945,inicio,True,11.6796,46.925,13.967,18.980,True,320,240,90,False,60.00,0.1000,-0.020112,0.085350,0.353321,0.321495,-0.388103,-0.580705,0.639374,679
61.4042,inicio,True,11.7963,45.737,11.739,21.586,True,320,240,90,False,60.00,0.1000,-0.020110,0.085552,0.353030,0.322100,-0.387398,-0.581248,0.639003,680
61.5493,inicio,True,11.9296,45.591,14.944,20.252,True,320,240,90,False,60.00,0.1000,-0.020317,0.085708,0.352398,0.322160,-0.386881,-0.581983,0.638617,683
61.6675,inicio,True,12.0462,44.593,6.190,25.269,True,320,240,90,False,60.00,0.1000,-0.021311,0.085902,0.352182,0.323693,-0.388099,-0.580863,0.638123,684
61.7951,inicio,True,12.1795,44.610,15.277,25.302,True,320,240,90,False,60.00,0.1000,-0.020817,0.085561,0.352556,0.323758,-0.387301,-0.581212,0.638256,686
61.9200,inicio,True,12.3128,42.516,8.336,24.065,True,320,240,90,False,60.00,0.1000,-0.020445,0.085596,0.352324,0.321371,-0.387837,-0.581215,0.639134,688
62.0286,inicio,True,12.4127,43.244,14.257,23.197,True,320,240,90,False,60.00,0.1000,-0.020239,0.084703,0.352073,0.322331,-0.387180,-0.581553,0.638742,690
62.1536,inicio,True,12.5460,43.373,6.013,23.964,True,320,240,90,False,60.00,0.1000,-0.019994,0.085396,0.351595,0.322234,-0.386699,-0.581357,0.639260,692
62.2611,inicio,True,12.6460,41.938,6.712,20.431,True,320,240,90,False,60.00,0.1000,-0.020174,0.085569,0.351524,0.321097,-0.387244,-0.581228,0.639619,693
62.3963,inicio,True,12.7793,40.342,5.648,23.421,True,320,240,90,False,60.00,0.1000,-0.020785,0.085586,0.351079,0.323736,-0.386849,-0.581400,0.638371,695
62.5199,inicio,True,12.9126,40.965,15.792,20.347,True,320,240,90,False,60.00,0.1000,-0.020479,0.084718,0.351644,0.323009,-0.386526,-0.581210,0.639108,697
62.6293,inicio,True,13.0125,39.874,14.691,26.338,True,320,240,90,False,60.00,0.1000,-0.020410,0.082138,0.350751,0.324653,-0.386545,-0.581540,0.637962,699
62.7302,inicio,True,13.1125,40.862,11.348,21.566,True,320,240,90,False,60.00,0.1000,-0.020667,0.080030,0.352457,0.327163,-0.384906,-0.583244,0.636111,700
62.8532,inicio,True,13.2458,39.463,6.278,23.366,True,320,240,90,False,60.00,0.1000,-0.020836,0.076955,0.353829,0.329980,-0.382761,-0.584859,0.634466,702
62.9921,inicio,True,13.3791,40.211,11.047,20.707,True,320,240,90,False,60.00,0.1000,-0.020876,0.074870,0.354216,0.332468,-0.380978,-0.585824,0.633349,704
63.0982,inicio,True,13.4791,39.228,8.671,20.549,True,320,240,90,False,60.00,0.1000,-0.020776,0.071379,0.354703,0.336228,-0.378581,-0.587122,0.631598,706
63.2197,inicio,True,13.6123,39.928,11.810,23.258,True,320,240,90,False,60.00,0.1000,-0.020789,0.069648,0.355672,0.338203,-0.376896,-0.588241,0.630508,707
63.3390,inicio,True,13.7289,39.818,12.459,22.553,True,320,240,90,False,60.00,0.1000,-0.020797,0.066042,0.357224,0.340861,-0.373990,-0.590970,0.628251,710
63.4527,inicio,True,13.8456,39.645,6.022,20.814,True,320,240,90,False,60.00,0.1000,-0.020973,0.065405,0.357944,0.342053,-0.373659,-0.590882,0.627883,711
63.5948,inicio,True,13.9789,40.366,10.355,21.059,True,320,240,90,False,60.00,0.1000,-0.020786,0.064342,0.358616,0.342019,-0.373050,-0.592417,0.626816,713
63.7516,inicio,True,14.1288,39.893,10.751,20.771,True,320,240,90,False,60.00,0.1000,-0.020724,0.064318,0.358307,0.342023,-0.372644,-0.592162,0.627297,716
63.8798,inicio,True,14.2621,40.541,10.581,23.921,True,320,240,90,False,60.00,0.1000,-0.020449,0.063834,0.358097,0.341815,-0.372957,-0.592962,0.626468,718
63.9927,inicio,True,14.3788,40.264,7.400,18.839,True,320,240,90,False,60.00,0.1000,-0.020387,0.063034,0.359105,0.341286,-0.372561,-0.593079,0.626880,719
64.1277,inicio,True,14.5120,40.898,12.977,22.970,True,320,240,90,False,60.00,0.1000,-0.020559,0.063418,0.358884,0.341305,-0.373177,-0.592170,0.627363,721
64.2621,inicio,True,14.6453,39.492,9.459,19.753,True,320,240,90,False,60.00,0.1000,-0.020383,0.062189,0.359047,0.342843,-0.371088,-0.593773,0.626247,723
64.3623,inicio,True,14.7453,38.613,11.941,22.226,True,320,240,90,False,60.00,0.1000,-0.020503,0.061815,0.359098,0.342051,-0.372270,-0.593398,0.626334,725
64.4634,inicio,True,14.8460,39.760,16.886,25.420,True,320,240,90,False,60.00,0.1000,-0.020250,0.061539,0.359446,0.342002,-0.371166,-0.593915,0.626527,726
64.5947,inicio,True,14.9789,40.445,15.166,24.496,True,320,240,90,False,60.00,0.1000,-0.020110,0.060860,0.358633,0.345046,-0.368318,-0.594176,0.626291,728
64.7252,inicio,True,15.1118,39.105,7.126,18.629,True,320,240,90,False,60.00,0.1000,-0.020439,0.060223,0.359626,0.344558,-0.369784,-0.594545,0.625344,730
64.8767,inicio,True,15.2618,38.869,14.971,21.615,True,320,240,90,False,60.00,0.1000,-0.021067,0.060131,0.359451,0.346261,-0.370719,-0.592571,0.625724,733
64.9955,inicio,True,15.3784,38.830,6.491,21.402,True,320,240,90,False,60.00,0.1000,-0.021308,0.058808,0.359057,0.348697,-0.368928,-0.593211,0.624822,734
65.1455,inicio,True,15.5284,38.642,13.273,25.055,True,320,240,90,False,60.00,0.1000,-0.039552,0.054069,0.358257,0.348662,-0.382055,-0.599012,0.611272,737
65.2664,inicio,True,15.6450,38.635,12.864,22.577,True,320,240,90,False,60.00,0.1000,-0.052013,0.052839,0.359515,0.368558,-0.394148,-0.591061,0.599549,738
65.4035,inicio,False,15.7283,40.335,11.693,14.034,True,320,240,90,False,60.00,0.1000,-0.053013,0.047653,0.341617,0.388524,-0.415278,-0.571993,0.591116,741
65.5454,inicio,True,15.7950,39.036,13.156,23.486,True,320,240,90,False,60.00,0.1000,-0.028270,0.050030,0.347744,0.384244,-0.386286,-0.579750,0.605830,743
65.6537,inicio,False,15.8450,38.973,5.263,11.011,True,320,240,90,False,60.00,0.1000,-0.028270,0.050030,0.347744,0.384244,-0.386286,-0.579750,0.605830,744
65.7976,inicio,True,15.9116,37.923,8.936,21.665,True,320,240,90,False,60.00,0.1000,-0.074523,0.032522,0.358586,0.441265,-0.413804,-0.560332,0.565756,746
65.9184,inicio,True,16.0282,38.057,12.145,21.752,True,320,240,90,False,60.00,0.1000,-0.057040,0.043999,0.344147,0.422778,-0.416483,-0.563142,0.575040,748
66.0287,inicio,True,16.1448,38.216,12.075,18.427,True,320,240,90,False,60.00,0.1000,-0.043466,0.058247,0.349310,0.398215,-0.417976,-0.567746,0.586844,750
66.1536,inicio,True,16.2781,39.062,12.435,22.783,True,320,240,90,False,60.00,0.1000,-0.040153,0.059108,0.345416,0.398224,-0.415611,-0.568818,0.587479,751
66.2795,inicio,True,16.3948,39.077,12.769,19.796,True,320,240,90,False,60.00,0.1000,-0.023940,0.065058,0.342191,0.378389,-0.409221,-0.575520,0.598445,754
66.3971,inicio,True,16.5114,39.009,8.417,20.192,True,320,240,90,False,60.00,0.1000,-0.020566,0.066205,0.342096,0.375416,-0.405677,-0.577568,0.600754,755
66.5357,inicio,True,16.6447,39.823,12.242,30.948,True,320,240,90,False,60.00,0.1000,-0.009171,0.061196,0.339931,0.369008,-0.394471,-0.583044,0.606866,757
66.6624,inicio,False,16.6780,40.477,11.279,17.820,True,320,240,90,False,60.00,0.1000,-0.008572,0.047039,0.325616,0.379017,-0.396513,-0.582204,0.600135,759
66.7692,inicio,True,16.7947,40.250,5.570,29.130,True,320,240,90,False,60.00,0.1000,-0.011121,-0.007420,0.351215,0.415586,-0.342932,-0.617412,0.573140,761
66.9042,inicio,True,16.9280,40.844,5.789,28.670,True,320,240,90,False,60.00,0.1000,-0.014729,-0.028892,0.338988,0.427773,-0.333923,-0.625608,0.560465,763
67.0201,inicio,True,17.0446,40.523,20.684,24.204,True,320,240,90,False,60.00,0.1000,-0.020260,-0.059183,0.346709,0.447284,-0.315337,-0.635771,0.544330,765
67.1278,inicio,True,17.1445,41.443,12.282,22.344,True,320,240,90,False,60.00,0.1000,-0.023785,-0.069521,0.350335,0.451695,-0.310143,-0.640203,0.538446,766
67.2753,inicio,True,17.2945,40.769,11.935,22.952,True,320,240,90,False,60.00,0.1000,-0.024390,-0.091319,0.356389,0.461537,-0.290796,-0.648514,0.530897,769
67.3923,inicio,True,17.4111,40.460,5.303,20.808,True,320,240,90,False,60.00,0.1000,-0.024232,-0.089647,0.355305,0.462543,-0.290364,-0.648960,0.529710,770
67.5350,inicio,True,17.5611,39.969,13.044,21.819,True,320,240,90,False,60.00,0.1000,-0.024211,-0.078839,0.355530,0.453249,-0.300696,-0.645195,0.536536,773
67.6990,inicio,True,17.7110,39.569,13.656,28.308,True,320,240,90,False,60.00,0.1000,-0.023113,-0.072200,0.356402,0.445567,-0.305280,-0.642679,0.543358,775
67.8094,inicio,True,17.8276,41.376,10.664,25.473,True,320,240,90,False,60.00,0.1000,-0.014240,-0.067999,0.354829,0.431641,-0.301238,-0.647583,0.550979,777
67.9249,inicio,True,17.9443,40.980,8.647,16.611,True,320,240,90,False,60.00,0.1000,-0.005307,-0.062865,0.351437,0.419163,-0.297199,-0.648660,0.561440,778
68.0673,inicio,True,18.0776,39.559,8.656,26.387,True,320,240,90,False,60.00,0.1000,-0.007900,-0.042729,0.350246,0.395931,-0.307789,-0.645250,0.576331,780
68.2120,inicio,True,18.2275,41.127,15.173,27.116,True,320,240,90,False,60.00,0.1000,-0.010630,-0.040227,0.347506,0.389020,-0.312135,-0.642615,0.581620,783
68.3456,inicio,True,18.3608,41.519,14.648,17.863,True,320,240,90,False,60.00,0.1000,-0.010294,-0.036953,0.347469,0.384730,-0.311494,-0.640809,0.586786,785
68.4554,inicio,True,18.4774,41.101,4.916,17.577,True,320,240,90,False,60.00,0.1000,-0.010435,-0.033465,0.347476,0.382913,-0.312702,-0.638939,0.589367,786
68.5957,inicio,True,18.6107,41.615,10.482,26.968,True,320,240,90,False,60.00,0.1000,-0.010445,-0.027931,0.349526,0.377739,-0.318832,-0.635752,0.592856,788
68.7151,inicio,True,18.7273,41.223,12.297,18.650,True,320,240,90,False,60.00,0.1000,-0.009000,-0.027100,0.350949,0.374010,-0.319107,-0.635914,0.594896,790
68.8338,inicio,True,18.8440,40.930,12.828,22.936,True,320,240,90,False,60.00,0.1000,-0.007150,-0.029039,0.350541,0.373082,-0.317045,-0.633899,0.598719,792
68.9513,inicio,True,18.9773,41.388,6.766,20.533,True,320,240,90,False,60.00,0.1000,-0.007612,-0.036968,0.350312,0.386986,-0.302140,-0.624439,0.607478,794
69.0652,inicio,True,19.0774,40.247,5.172,28.419,True,320,240,90,False,60.00,0.1000,-0.009230,-0.040360,0.351063,0.393630,-0.296944,-0.618838,0.611490,795
69.1936,inicio,True,19.2106,40.880,13.163,24.601,True,320,240,90,False,60.00,0.1000,-0.016414,-0.047620,0.353078,0.415066,-0.276096,-0.590573,0.634598,797
69.3280,inicio,True,19.3438,39.474,6.529,22.442,True,320,240,90,False,60.00,0.1000,-0.012534,-0.055266,0.358663,0.431755,-0.247237,-0.557847,0.664281,799
69.4781,inicio,True,19.4938,39.167,12.691,28.630,True,320,240,90,False,60.00,0.1000,-0.019327,-0.053883,0.357073,0.452975,-0.208349,-0.488539,0.716055,802
69.6086,inicio,True,19.6271,39.918,15.688,21.191,True,320,240,90,False,60.00,0.1000,-0.014906,-0.063430,0.351133,0.472134,-0.159725,-0.434305,0.750305,804
69.7215,inicio,True,19.7437,39.729,4.507,20.524,True,320,240,90,False,60.00,0.1000,-0.010292,-0.072555,0.352498,0.477769,-0.128263,-0.412032,0.765190,805
69.8620,inicio,True,19.8770,38.540,10.283,21.779,True,320,240,90,False,60.00,0.1000,-0.013674,-0.083609,0.354770,0.496563,-0.093351,-0.373306,0.778045,807
69.9860,inicio,True,20.0103,37.572,4.849,20.436,True,320,240,90,False,60.00,0.1000,-0.024056,-0.089010,0.361474,0.511886,-0.091005,-0.342208,0.782678,809
70.0891,inicio,True,20.1102,36.966,14.093,18.489,True,320,240,90,False,60.00,0.1000,-0.018366,-0.086150,0.360590,0.513087,-0.078263,-0.333375,0.787069,811
70.2008,inicio,True,20.2273,37.258,11.743,22.730,True,320,240,90,False,60.00,0.1000,-0.020468,-0.073597,0.356365,0.509322,-0.082862,-0.325553,0.792301,812
70.3459,inicio,True,20.3603,38.305,16.669,21.704,True,320,240,90,False,60.00,0.1000,-0.020771,-0.059444,0.369535,0.479164,-0.089616,-0.328697,0.808907,815
70.4753,inicio,True,20.4935,39.175,14.300,26.671,True,320,240,90,False,60.00,0.1000,-0.010969,-0.041412,0.360034,0.463107,-0.105061,-0.368064,0.799390,817
70.6205,inicio,False,20.5766,40.752,18.061,18.800,True,320,240,90,False,60.00,0.1000,-0.006907,-0.031037,0.367809,0.428025,-0.139697,-0.420319,0.787789,819
71.3097,inicio,False,20.5766,68.838,6.723,16.953,True,320,240,90,False,60.00,0.1000,-0.006907,-0.031037,0.367809,0.428025,-0.139697,-0.420319,0.787789,820
71.5982,inicio,True,20.8655,76.484,11.027,51.957,True,320,240,90,False,60.00,0.1000,-0.062766,0.015267,0.437503,0.390020,-0.370799,-0.601006,0.590919,822
71.7858,inicio,True,21.0543,82.103,875.408,68.293,True,320,240,0,False,60.00,0.1000,-0.016337,-0.079330,0.437465,0.550662,0.020014,0.007282,0.834457,823
72.8094,inicio,True,22.0709,128.827,57.118,47.812,True,320,240,0,False,60.00,0.1000,-0.014966,-0.096346,0.444880,0.560615,0.018698,-0.006300,0.827842,824
72.9434,inicio,True,22.2040,129.041,50.019,295.291,True,320,240,0,False,60.00,0.1000,-0.013757,-0.102142,0.443319,0.567266,0.019587,-0.007972,0.823263,825
73.3124,inicio,True,22.5709,140.935,1.310,70.668,True,320,240,0,False,60.00,0.1000,-0.013757,-0.102142,0.443319,0.567266,0.019587,-0.007972,0.823263,826
73.4965,inicio,True,22.7540,136.095,14.439,35.350,True,320,240,0,False,60.00,0.1000,-0.014305,-0.101259,0.448699,0.566104,0.016573,-0.011090,0.824093,828
73.6462,inicio,True,22.9205,130.944,19.747,57.041,True,320,240,0,False,60.00,0.1000,-0.011494,-0.095442,0.452903,0.561444,0.020815,-0.012708,0.827156,830
73.7996,inicio,True,23.0704,125.463,12.320,28.090,True,320,240,0,False,60.00,0.1000,-0.007487,-0.083795,0.461367,0.552437,0.022253,-0.016876,0.833086,831
73.9058,inicio,True,23.1703,118.144,10.633,42.392,True,320,240,0,False,60.00,0.1000,-0.008604,-0.075183,0.466211,0.548382,0.020021,-0.019127,0.835769,833
74.0668,inicio,True,23.3370,114.708,25.272,36.076,True,320,240,0,False,60.00,0.1000,-0.019613,-0.057922,0.470236,0.536932,0.008744,-0.017826,0.843392,835
74.2086,inicio,True,23.4703,109.980,19.110,23.755,True,320,240,0,False,60.00,0.1000,-0.014532,-0.030810,0.475263,0.514554,0.010747,-0.022190,0.857103,837
74.3684,inicio,True,23.6369,102.219,14.583,31.594,True,320,240,0,False,60.00,0.1000,-0.015718,-0.027493,0.473990,0.512176,0.012697,-0.022424,0.858494,839
74.5048,inicio,True,23.7704,98.761,15.975,32.150,True,320,240,0,False,60.00,0.1000,-0.018146,-0.023014,0.472723,0.508364,0.007054,-0.019624,0.860890,841
74.6386,inicio,True,23.9037,95.630,10.444,28.583,True,320,240,0,False,60.00,0.1000,-0.020103,-0.020960,0.472901,0.505023,0.006702,-0.018909,0.862873,843
74.7804,inicio,True,24.0537,93.679,19.130,37.020,True,320,240,0,False,60.00,0.1000,-0.020322,-0.019646,0.472242,0.502353,0.007913,-0.017518,0.864449,845
74.9353,inicio,True,24.2035,91.830,13.104,34.105,True,320,240,0,False,60.00,0.1000,-0.018700,-0.019458,0.469319,0.503435,0.012558,-0.017432,0.863766,847
75.0892,inicio,True,24.3534,90.204,1.119,30.864,True,320,240,0,False,60.00,0.1000,-0.019078,-0.020063,0.468275,0.505523,0.010618,-0.018423,0.862551,849
75.2064,inicio,True,24.4700,87.114,18.380,30.437,True,320,240,0,False,60.00,0.1000,-0.019475,-0.021128,0.467531,0.507267,0.009118,-0.016634,0.861580,851
75.3726,inicio,True,24.6368,82.622,21.241,31.328,True,320,240,0,False,60.00,0.1000,-0.018032,-0.021767,0.464116,0.502957,0.012824,-0.015592,0.864076,853
75.5364,inicio,True,24.7867,81.853,5.941,35.168,True,320,240,0,False,60.00,0.1000,-0.006323,-0.019084,0.457424,0.505497,0.022823,-0.015327,0.862390,855
75.6569,inicio,True,24.9199,80.366,16.261,32.317,True,320,240,0,False,60.00,0.1000,-0.000436,-0.017377,0.457862,0.500817,0.026956,-0.024611,0.864783,857
75.7689,inicio,True,25.0365,78.192,12.374,26.005,True,320,240,0,False,60.00,0.1000,-0.007442,-0.025184,0.454072,0.517294,0.019479,-0.021837,0.855308,859
75.8797,inicio,True,25.1532,76.280,14.704,22.226,True,320,240,0,False,60.00,0.1000,-0.011009,-0.041674,0.453567,0.532169,0.009419,-0.024206,0.846240,861
76.0009,inicio,True,25.2698,70.903,14.999,23.617,True,320,240,0,False,60.00,0.1000,0.000078,-0.043494,0.449535,0.539437,0.012321,-0.027570,0.841485,863
76.1284,inicio,True,25.4030,67.124,6.811,28.212,True,320,240,0,False,60.00,0.1000,0.002678,-0.046590,0.450647,0.537644,0.016017,-0.028349,0.842543,864
76.2623,inicio,True,25.5362,63.965,16.713,24.853,True,320,240,0,False,60.00,0.1000,0.009331,-0.046763,0.444426,0.542455,0.021373,-0.025491,0.839426,866
76.3905,inicio,True,25.6529,60.432,13.334,24.736,True,320,240,0,False,60.00,0.1000,0.018908,-0.046349,0.447011,0.537358,0.030188,-0.031215,0.842236,868
76.5238,inicio,True,25.7862,58.189,11.496,25.380,True,320,240,0,False,60.00,0.1000,0.013448,-0.048708,0.443229,0.538150,0.025736,-0.024629,0.842096,870
76.6565,inicio,True,25.9194,56.265,12.186,23.468,True,320,240,0,False,60.00,0.1000,0.013748,-0.047456,0.440731,0.535954,0.025738,-0.023649,0.843523,872
76.8071,inicio,True,26.0694,55.452,20.774,26.640,True,320,240,0,False,60.00,0.1000,0.012738,-0.041104,0.436355,0.526091,0.027297,-0.020646,0.849739,875
76.9358,inicio,False,26.0694,56.550,9.493,25.627,True,320,240,0,False,60.00,0.1000,0.012738,-0.041104,0.436355,0.526091,0.027297,-0.020646,0.849739,877
77.0469,inicio,False,26.0694,53.989,7.358,17.933,True,320,240,0,False,60.00,0.1000,0.012738,-0.041104,0.436355,0.526091,0.027297,-0.020646,0.849739,878
77.1927,inicio,True,26.2028,52.669,13.834,25.047,True,320,240,0,False,60.00,0.1000,0.006836,-0.054807,0.427720,0.540261,0.022270,-0.014507,0.841078,880
77.3193,inicio,True,26.3361,51.532,13.657,24.225,True,320,240,0,False,60.00,0.1000,-0.001531,-0.059808,0.429320,0.545581,0.010387,-0.011512,0.837915,882
77.4526,inicio,True,26.4693,50.598,13.261,29.321,True,320,240,0,False,60.00,0.1000,0.003372,-0.050458,0.432057,0.538326,0.010508,-0.016639,0.842507,884
77.5976,inicio,True,26.6191,50.507,13.270,21.684,True,320,240,0,False,60.00,0.1000,-0.003567,-0.044604,0.428380,0.536150,0.000340,-0.012787,0.844026,887
77.7110,inicio,True,26.7357,48.806,6.475,22.548,True,320,240,0,False,60.00,0.1000,-0.004276,-0.037461,0.422920,0.529453,-0.000825,-0.010999,0.848268,888
77.8516,inicio,True,26.8690,48.219,12.149,20.717,True,320,240,0,False,60.00,0.1000,-0.005466,-0.025060,0.419340,0.521774,-0.004435,-0.009248,0.853022,890
77.9771,inicio,True,27.0023,45.459,9.711,21.431,True,320,240,0,False,60.00,0.1000,-0.007101,-0.017324,0.417411,0.515422,-0.007276,-0.008100,0.856867,892
78.1231,inicio,True,27.1356,45.352,14.959,21.874,True,320,240,0,False,60.00,0.1000,-0.002176,-0.011485,0.418335,0.510270,-0.004853,-0.013056,0.859901,894
78.2479,inicio,True,27.2689,45.260,13.686,20.818,True,320,240,0,False,60.00,0.1000,-0.005124,-0.010070,0.417115,0.507648,-0.007506,-0.012369,0.861443,896
78.3535,inicio,True,27.3689,43.558,12.410,26.630,True,320,240,0,False,60.00,0.1000,-0.004914,-0.013342,0.417164,0.511634,-0.009462,-0.010883,0.859082,898
78.4624,inicio,True,27.4857,45.026,16.395,25.736,True,320,240,0,False,60.00,0.1000,-0.002369,-0.011808,0.415862,0.510250,-0.006912,-0.012464,0.859908,899
78.5874,inicio,True,27.6023,44.188,12.307,26.445,True,320,240,0,False,60.00,0.1000,0.002677,-0.010680,0.417715,0.508465,-0.001621,-0.016889,0.860916,901
78.6948,inicio,True,27.7188,43.427,5.553,22.999,True,320,240,0,False,60.00,0.1000,0.001270,-0.012408,0.417791,0.510374,-0.005096,-0.015105,0.859805,903
78.7974,inicio,True,27.8190,44.117,17.259,25.942,True,320,240,0,False,60.00,0.1000,0.002141,-0.015512,0.417302,0.509757,-0.005135,-0.014526,0.860180,904
78.9290,inicio,True,27.9523,44.243,13.819,29.472,True,320,240,0,False,60.00,0.1000,0.007323,-0.020106,0.419850,0.517999,-0.002205,-0.016545,0.855218,906
79.1025,inicio,True,28.1191,45.987,11.782,35.665,True,320,240,0,False,60.00,0.1000,0.012539,-0.024052,0.418507,0.518508,-0.000092,-0.018768,0.854867,909
79.2227,inicio,True,28.2356,47.162,12.779,23.928,True,320,240,0,False,60.00,0.1000,0.011638,-0.026990,0.416779,0.524409,0.000851,-0.016333,0.851310,911
79.3265,inicio,True,28.3355,47.433,12.392,25.201,True,320,240,0,False,60.00,0.1000,0.016093,-0.023680,0.415415,0.523593,-0.000060,-0.019905,0.851736,912
79.4537,inicio,True,28.4687,47.039,17.141,20.692,True,320,240,0,False,60.00,0.1000,0.022840,-0.014712,0.416779,0.517347,0.000625,-0.029760,0.855258,914
79.5884,inicio,True,28.6018,44.488,6.391,23.362,True,320,240,0,False,60.00,0.1000,0.029017,-0.014034,0.415484,0.516249,0.007794,-0.031550,0.855821,916
79.6935,inicio,True,28.7184,43.688,7.193,23.717,True,320,240,0,False,60.00,0.1000,0.035401,-0.023361,0.416660,0.525490,0.013568,-0.036207,0.849921,918
79.8098,inicio,True,28.8349,42.993,21.821,21.837,True,320,240,0,False,60.00,0.1000,0.029175,-0.032738,0.415954,0.529572,0.009432,-0.033349,0.847557,920
79.9179,inicio,True,28.9348,43.673,13.878,19.357,True,320,240,0,False,60.00,0.1000,0.028730,-0.036936,0.416904,0.535899,0.009653,-0.031576,0.843636,921
80.0432,inicio,True,29.0683,41.762,5.398,22.542,True,320,240,0,False,60.00,0.1000,0.031808,-0.047152,0.415960,0.548509,0.012395,-0.034401,0.835345,923
80.1902,inicio,True,29.2016,42.181,11.530,20.577,True,320,240,0,False,60.00,0.1000,0.032832,-0.051710,0.415744,0.552411,0.014597,-0.032020,0.832829,925
80.3231,inicio,True,29.3349,42.542,19.509,21.666,True,320,240,0,False,60.00,0.1000,0.034106,-0.051674,0.417170,0.555076,0.018998,-0.028010,0.831111,927
80.4534,inicio,True,29.4682,42.853,13.681,24.937,True,320,240,0,False,60.00,0.1000,0.033253,-0.064583,0.416475,0.562773,0.017221,-0.027851,0.825963,929
80.5908,inicio,True,29.6015,41.085,8.623,22.215,True,320,240,0,False,60.00,0.1000,0.020816,-0.068751,0.413657,0.574215,0.010289,-0.020032,0.818395,931
80.7115,inicio,True,29.7348,41.602,14.998,18.049,True,320,240,0,False,60.00,0.1000,0.013234,-0.079318,0.418261,0.577586,0.002303,-0.010361,0.816261,933
80.8264,inicio,True,29.8514,41.212,5.452,23.169,True,320,240,0,False,60.00,0.1000,0.010958,-0.090523,0.416148,0.590060,-0.000002,-0.007601,0.807323,935
80.9442,inicio,True,29.9680,40.878,21.496,23.665,True,320,240,0,False,60.00,0.1000,0.016677,-0.087634,0.416260,0.584865,0.005083,-0.006563,0.811089,937
81.0535,inicio,True,30.0680,41.766,11.210,22.524,True,320,240,0,False,60.00,0.1000,0.021320,-0.085815,0.417771,0.580527,0.010480,-0.008227,0.814132,938
81.1845,inicio,True,30.2013,40.201,5.474,22.113,True,320,240,0,False,60.00,0.1000,0.026551,-0.090027,0.417619,0.586263,0.016901,-0.011530,0.809862,940
81.3357,inicio,True,30.3513,39.758,12.876,20.464,True,320,240,0,False,60.00,0.1000,0.037949,-0.100006,0.416581,0.595378,0.027737,-0.018141,0.802762,943
81.4431,inicio,True,30.4679,39.592,5.573,26.133,True,320,240,0,False,60.00,0.1000,0.039139,-0.104501,0.415831,0.601650,0.029920,-0.019457,0.797962,944
81.5917,inicio,True,30.6012,40.322,13.111,24.089,True,320,240,0,False,60.00,0.1000,0.034617,-0.106682,0.413675,0.604552,0.029686,-0.015464,0.795863,946
81.7252,inicio,True,30.7344,40.947,12.570,25.194,True,320,240,0,False,60.00,0.1000,0.031460,-0.103041,0.414304,0.598799,0.022725,-0.013988,0.800455,948
81.8498,inicio,True,30.8677,41.484,13.241,21.273,True,320,240,0,False,60.00,0.1000,0.032548,-0.107835,0.411377,0.607323,0.028334,-0.014191,0.793823,950
81.9857,inicio,True,31.0010,39.971,5.846,23.346,True,320,240,0,False,60.00,0.1000,0.029939,-0.107501,0.407835,0.606220,0.021796,-0.014147,0.794872,952
82.1368,inicio,True,31.1510,39.571,13.399,23.197,True,320,240,0,False,60.00,0.1000,0.029151,-0.106946,0.392555,0.611630,0.025888,-0.013964,0.790597,955
82.2529,inicio,True,31.2676,39.431,4.336,22.382,True,320,240,0,False,60.00,0.1000,0.029062,-0.106342,0.383779,0.614822,0.023060,-0.016044,0.788166,956
82.3808,inicio,True,31.4009,38.298,4.424,18.864,True,320,240,0,False,60.00,0.1000,0.030210,-0.108062,0.383841,0.618240,0.025579,-0.015025,0.785429,958
82.4929,inicio,True,31.5175,38.380,5.947,30.784,True,320,240,0,False,60.00,0.1000,0.027946,-0.106843,0.400577,0.609146,0.022253,-0.012482,0.792648,960
82.6003,inicio,True,31.6175,39.512,12.781,27.734,True,320,240,0,False,60.00,0.1000,0.026423,-0.106336,0.406365,0.607658,0.020823,-0.010567,0.793855,961
82.7117,inicio,True,31.7341,39.462,14.292,21.794,True,320,240,0,False,60.00,0.1000,0.026683,-0.110132,0.414696,0.610207,0.018466,-0.011666,0.791941,963
82.8524,inicio,True,31.8674,38.323,4.997,23.880,True,320,240,0,False,60.00,0.1000,0.025387,-0.108887,0.415670,0.605991,0.018574,-0.009548,0.795197,965
83.0026,inicio,True,32.0174,38.228,12.114,22.205,True,320,240,0,False,60.00,0.1000,0.026026,-0.107861,0.418091,0.603851,0.020703,-0.009739,0.796769,968
83.1133,inicio,True,32.1340,38.280,4.414,18.398,True,320,240,0,False,60.00,0.1000,0.025867,-0.108050,0.419693,0.602954,0.019041,-0.010251,0.797483,969
83.2645,inicio,True,32.2839,38.193,13.365,21.512,True,320,240,0,False,60.00,0.1000,0.025156,-0.106028,0.422491,0.601683,0.016892,-0.009524,0.798500,972
83.3756,inicio,True,32.4006,38.251,11.318,24.224,True,320,240,0,False,60.00,0.1000,0.025462,-0.105927,0.423092,0.601816,0.016101,-0.011650,0.798388,973
83.4777,inicio,True,32.5005,39.395,12.305,24.804,True,320,240,0,False,60.00,0.1000,0.023465,-0.106173,0.422007,0.602323,0.013358,-0.009790,0.798081,975
83.5921,inicio,True,32.6172,39.281,13.028,19.240,True,320,240,0,False,60.00,0.1000,0.023152,-0.106884,0.420753,0.602353,0.015122,-0.008376,0.798043,976
83.7348,inicio,True,32.7505,40.058,13.385,21.923,True,320,240,0,False,60.00,0.1000,0.022322,-0.106930,0.416946,0.605503,0.014491,-0.010453,0.795643,979
83.8424,inicio,True,32.8671,39.849,6.621,28.095,True,320,240,0,False,60.00,0.1000,0.021582,-0.107445,0.417104,0.603351,0.016378,-0.007455,0.797273,980
83.9863,inicio,True,33.0004,40.541,13.398,24.182,True,320,240,0,False,60.00,0.1000,0.019634,-0.107380,0.415448,0.605567,0.014753,-0.005964,0.795636,982
84.1358,inicio,True,33.1503,40.034,12.857,21.815,True,320,240,0,False,60.00,0.1000,0.018868,-0.106640,0.408462,0.606658,0.013245,-0.004574,0.794840,985
84.2519,inicio,True,33.2669,39.828,8.731,21.101,True,320,240,0,False,60.00,0.1000,0.018602,-0.106917,0.404452,0.607845,0.015768,-0.006424,0.793873,986
84.3837,inicio,True,33.4002,38.620,5.204,21.720,True,320,240,0,False,60.00,0.1000,0.017092,-0.106286,0.391890,0.611748,0.013007,-0.004728,0.790932,988
84.5155,inicio,True,33.5335,39.491,13.131,21.918,True,320,240,0,False,60.00,0.1000,0.016944,-0.105633,0.378113,0.621547,0.013178,-0.006526,0.783239,990
84.6449,inicio,True,33.6668,40.236,12.415,19.272,True,320,240,0,False,60.00,0.1000,0.017746,-0.104476,0.416695,0.604029,0.010772,-0.003687,0.796881,992
84.7976,inicio,True,33.8168,39.788,14.185,23.214,True,320,240,0,False,60.00,0.1000,0.022306,-0.104285,0.417633,0.603158,0.015203,-0.005343,0.797459,995
84.9168,inicio,True,33.9334,39.617,4.895,22.555,True,320,240,0,False,60.00,0.1000,0.024099,-0.103986,0.418063,0.600924,0.018270,-0.006371,0.799072,996
85.0731,inicio,True,34.0834,39.283,14.029,21.447,True,320,240,0,False,60.00,0.1000,0.026509,-0.104937,0.417871,0.603971,0.016310,-0.010829,0.796766,999
85.1969,inicio,True,34.2167,40.018,13.368,19.290,True,320,240,0,False,60.00,0.1000,0.025745,-0.104717,0.417226,0.604052,0.018265,-0.008154,0.796694,1001
85.3492,inicio,True,34.3666,39.607,14.548,27.597,True,320,240,0,False,60.00,0.1000,0.024358,-0.104826,0.417301,0.603900,0.015592,-0.008727,0.796860,1003
85.4513,inicio,True,34.4666,40.619,14.467,19.627,True,320,240,0,False,60.00,0.1000,0.024016,-0.104547,0.417275,0.603844,0.016843,-0.006814,0.796896,1004
85.5580,inicio,True,34.5832,40.369,5.824,31.759,True,320,240,0,False,60.00,0.1000,0.024242,-0.104202,0.417772,0.602630,0.018482,-0.006116,0.797783,1006
85.6589,inicio,True,34.6833,41.313,13.230,25.284,True,320,240,0,False,60.00,0.1000,0.023867,-0.103303,0.417066,0.599491,0.015692,-0.006774,0.800199,1008
85.7752,inicio,True,34.7999,40.925,7.089,22.661,True,320,240,0,False,60.00,0.1000,0.024438,-0.103045,0.416808,0.601109,0.012881,-0.009345,0.799009,1009
85.9192,inicio,True,34.9335,41.478,13.333,22.525,True,320,240,0,False,60.00,0.1000,0.023573,-0.103146,0.417142,0.599837,0.014971,-0.006981,0.799952,1011
86.0589,inicio,True,35.0833,42.767,14.008,25.502,True,320,240,0,False,60.00,0.1000,0.024685,-0.102077,0.417752,0.600791,0.020049,-0.005319,0.799137,1014
86.1846,inicio,True,35.1999,42.168,8.137,20.437,True,320,240,0,False,60.00,0.1000,0.024611,-0.102248,0.418315,0.601171,0.017465,-0.007244,0.798897,1015
86.3156,inicio,True,35.3330,40.520,5.693,19.258,True,320,240,0,False,60.00,0.1000,0.023945,-0.101541,0.417668,0.597374,0.016573,-0.007145,0.801760,1017
86.4511,inicio,True,35.4661,39.175,6.233,23.081,True,320,240,0,False,60.00,0.1000,0.024225,-0.100630,0.417693,0.600244,0.016052,-0.007658,0.799619,1019
86.6193,inicio,True,35.6329,39.764,15.919,26.266,True,320,240,0,False,60.00,0.1000,0.023797,-0.099339,0.418531,0.596201,0.013825,-0.007531,0.802681,1022
86.7232,inicio,True,35.7329,40.723,12.642,26.461,True,320,240,0,False,60.00,0.1000,0.022517,-0.099239,0.418156,0.596584,0.011431,-0.006123,0.802446,1024
86.8411,inicio,True,35.8662,41.170,6.176,18.866,True,320,240,0,False,60.00,0.1000,0.023915,-0.099400,0.417897,0.595375,0.014518,-0.006031,0.803294,1025
86.9755,inicio,True,35.9994,41.673,14.219,23.579,True,320,240,0,False,60.00,0.1000,0.024999,-0.100605,0.418514,0.600923,0.020041,-0.004639,0.799042,1027
87.0835,inicio,True,36.0994,40.481,13.010,21.770,True,320,240,0,False,60.00,0.1000,0.025542,-0.101595,0.418650,0.596566,0.015784,-0.006303,0.802384,1029
87.1848,inicio,True,36.1994,41.410,13.649,21.566,True,320,240,0,False,60.00,0.1000,0.025768,-0.101708,0.418585,0.596948,0.016954,-0.007253,0.802068,1030
87.3273,inicio,True,36.3493,40.741,11.268,24.499,True,320,240,0,False,60.00,0.1000,0.025423,-0.102076,0.418749,0.598030,0.017885,-0.005899,0.801253,1033
87.4407,inicio,True,36.4659,40.434,8.129,20.399,True,320,240,0,False,60.00,0.1000,0.024600,-0.101602,0.418556,0.597564,0.014410,-0.007575,0.801656,1034
87.5776,inicio,True,36.5992,41.045,12.859,20.205,True,320,240,0,False,60.00,0.1000,0.024239,-0.100988,0.417755,0.599040,0.014353,-0.006315,0.800566,1036
87.6870,inicio,True,36.6992,39.943,14.080,25.173,True,320,240,0,False,60.00,0.1000,0.025306,-0.101516,0.417847,0.596615,0.016286,-0.006620,0.802335,1038
87.7924,inicio,True,36.8158,41.754,11.451,26.906,True,320,240,0,False,60.00,0.1000,0.025780,-0.102724,0.417334,0.601592,0.018628,-0.006907,0.798556,1040
87.9088,inicio,True,36.9324,41.302,5.772,24.692,True,320,240,0,False,60.00,0.1000,0.025163,-0.102915,0.417187,0.599949,0.014956,-0.007524,0.799863,1041
88.0131,inicio,True,37.0325,42.195,17.858,32.434,True,320,240,0,False,60.00,0.1000,0.025465,-0.102867,0.417468,0.602001,0.017848,-0.005645,0.798276,1043
88.1363,inicio,True,37.1491,43.745,18.770,36.403,True,320,240,0,False,60.00,0.1000,0.025701,-0.103712,0.417582,0.599713,0.018493,-0.006605,0.799974,1045
88.3146,inicio,True,37.3323,48.477,12.891,25.565,True,320,240,0,False,60.00,0.1000,0.024768,-0.103991,0.417280,0.602213,0.019343,-0.004863,0.798087,1046
88.4244,inicio,True,37.4490,47.107,5.752,30.140,True,320,240,0,False,60.00,0.1000,0.025301,-0.104475,0.416996,0.603492,0.018407,-0.004457,0.797144,1048
88.5382,inicio,True,37.5489,47.386,8.489,20.151,True,320,240,0,False,60.00,0.1000,0.025261,-0.104329,0.416723,0.604061,0.017992,-0.005913,0.796714,1050
88.6486,inicio,True,37.6655,46.132,5.324,21.376,True,320,240,0,False,60.00,0.1000,0.025285,-0.104117,0.416935,0.602931,0.019318,-0.004699,0.797546,1051
88.7573,inicio,True,37.7821,45.095,8.643,49.409,True,320,240,0,False,60.00,0.1000,0.027386,-0.102536,0.416284,0.602091,0.019765,-0.005889,0.798161,1053
88.8956,inicio,True,37.9154,47.196,13.069,27.121,True,320,240,0,False,60.00,0.1000,0.028525,-0.101116,0.416001,0.597928,0.017920,-0.010310,0.801284,1055
89.0115,inicio,True,38.0321,48.302,15.205,28.526,True,320,240,0,False,60.00,0.1000,0.036468,-0.102119,0.414903,0.600208,0.021237,-0.020467,0.799300,1057
89.1260,inicio,True,38.1487,49.299,18.418,22.741,True,320,240,0,False,60.00,0.1000,0.033372,-0.102897,0.416139,0.600389,0.024603,-0.014288,0.799202,1059
89.2421,inicio,True,38.2653,47.772,20.827,25.941,True,320,240,0,False,60.00,0.1000,0.033216,-0.102881,0.415954,0.600716,0.023602,-0.013601,0.798998,1060
89.3549,inicio,True,38.3653,47.988,14.571,28.513,True,320,240,0,False,60.00,0.1000,0.036475,-0.100904,0.415890,0.597285,0.022229,-0.018308,0.801512,1062
89.4739,inicio,True,38.3986,47.399,5.081,24.358,True,320,240,0,False,60.00,0.1000,0.056470,-0.066306,0.417833,0.563991,0.040110,-0.033036,0.824145,1064
89.6211,inicio,True,38.5322,47.071,10.077,27.637,True,320,240,0,False,60.00,0.1000,0.032025,-0.076220,0.417359,0.571729,0.014709,-0.019778,0.820073,1066
89.7336,inicio,True,38.6488,48.186,13.169,34.132,True,320,240,0,False,60.00,0.1000,0.045590,-0.082258,0.410541,0.571520,0.022211,-0.027152,0.819838,1068
89.8544,inicio,True,38.7658,49.168,12.529,31.578,True,320,240,0,False,60.00,0.1000,0.053375,-0.084033,0.411147,0.573683,0.030373,-0.031087,0.817924,1069
89.9857,inicio,True,38.8988,48.524,15.122,20.202,True,320,240,0,False,60.00,0.1000,0.063494,-0.073103,0.410857,0.562334,0.042760,-0.036306,0.825005,1071
90.1170,inicio,True,39.0319,45.694,7.255,22.272,True,320,240,0,False,60.00,0.1000,0.051731,-0.041499,0.410306,0.531809,0.031692,-0.031555,0.845683,1073
90.2507,inicio,True,39.1650,45.545,11.749,24.195,True,320,240,0,False,60.00,0.1000,0.046927,-0.026870,0.409117,0.516595,0.022428,-0.029092,0.855441,1075
90.3829,inicio,True,39.2983,43.278,8.861,19.281,True,320,240,0,False,60.00,0.1000,0.044920,-0.018112,0.409524,0.505561,0.012043,-0.024067,0.862371,1077
90.5144,inicio,True,39.4315,43.479,12.102,22.895,True,320,240,0,False,60.00,0.1000,0.045581,-0.009970,0.412001,0.495699,0.005313,-0.020430,0.868238,1079
90.6411,inicio,True,39.5649,41.601,7.690,28.498,True,320,240,0,False,60.00,0.1000,0.044855,-0.004995,0.413800,0.488337,-0.008906,-0.017568,0.872433,1081
90.7852,inicio,True,39.6982,42.005,12.342,21.873,True,320,240,0,False,60.00,0.1000,0.049434,-0.006857,0.413713,0.487828,-0.025414,-0.021705,0.872300,1083
90.9123,inicio,True,39.8315,40.394,8.434,18.271,True,320,240,0,False,60.00,0.1000,0.038668,-0.003456,0.411352,0.484507,-0.061793,-0.019034,0.872395,1085
91.0489,inicio,True,39.9648,39.082,5.501,20.503,True,320,240,0,False,60.00,0.1000,0.044037,-0.003673,0.409115,0.483499,-0.080087,-0.025832,0.871291,1087
91.1972,inicio,True,40.1147,38.846,12.702,22.263,True,320,240,0,False,60.00,0.1000,0.042775,-0.004445,0.402003,0.477918,-0.116712,-0.028442,0.870152,1090
91.3118,inicio,True,40.2314,38.811,5.093,20.198,True,320,240,0,False,60.00,0.1000,0.041563,-0.005755,0.396508,0.473931,-0.129010,-0.027729,0.870619,1091
91.4457,inicio,True,40.3646,37.793,5.159,19.838,True,320,240,0,False,60.00,0.1000,0.041349,-0.011228,0.388007,0.470802,-0.152815,-0.032164,0.868308,1093
91.5851,inicio,True,40.4979,36.963,9.119,22.051,True,320,240,0,False,60.00,0.1000,0.048921,-0.021447,0.378649,0.473929,-0.170393,-0.042386,0.862880,1095
91.7115,inicio,True,40.6312,38.069,12.291,24.868,True,320,240,0,False,60.00,0.1000,0.044415,-0.033595,0.373716,0.472953,-0.193613,-0.048464,0.858185,1097
91.8636,inicio,True,40.7816,38.038,13.636,22.250,True,320,240,0,False,60.00,0.1000,0.046904,-0.049928,0.373682,0.469530,-0.225048,-0.058331,0.851758,1100
91.9844,inicio,True,40.8981,38.112,5.128,21.777,True,320,240,0,False,60.00,0.1000,0.049047,-0.057313,0.373981,0.467779,-0.230430,-0.066538,0.850681,1101
92.1360,inicio,True,41.0479,38.050,12.255,21.079,True,320,240,0,False,60.00,0.1000,0.054276,-0.080542,0.372103,0.467534,-0.247445,-0.080427,0.844816,1104
92.2564,inicio,True,41.1811,38.955,14.450,23.782,True,320,240,0,False,60.00,0.1000,0.045273,-0.084034,0.371007,0.460093,-0.266914,-0.083311,0.842693,1106
92.3731,inicio,True,41.2976,38.900,7.135,23.182,True,320,240,0,False,60.00,0.1000,0.042937,-0.088118,0.376493,0.460348,-0.275568,-0.085346,0.839558,1107
92.5161,inicio,True,41.4310,39.734,12.594,21.872,True,320,240,0,False,60.00,0.1000,0.051403,-0.089920,0.378847,0.457760,-0.274046,-0.093785,0.840571,1109
92.6429,inicio,True,41.5645,40.452,12.465,21.259,True,320,240,0,False,60.00,0.1000,0.052627,-0.088711,0.381015,0.445006,-0.283557,-0.096018,0.844006,1111
92.7790,inicio,True,41.6976,39.123,6.817,21.121,True,320,240,0,False,60.00,0.1000,0.047890,-0.088019,0.387627,0.437479,-0.293427,-0.092753,0.844932,1113
92.8832,inicio,True,41.7975,38.291,0.998,23.484,True,320,240,0,False,60.00,0.1000,0.039661,-0.086496,0.386636,0.436121,-0.303456,-0.087841,0.842613,1115
92.9966,inicio,True,41.9140,38.410,12.562,25.450,True,320,240,0,False,60.00,0.1000,0.018251,-0.085897,0.392422,0.424364,-0.340753,-0.065914,0.836336,1117
93.1184,inicio,True,42.0305,38.431,5.435,23.406,True,320,240,0,False,60.00,0.1000,0.013546,-0.088185,0.389692,0.424198,-0.349479,-0.063178,0.833024,1118
93.2581,inicio,True,42.1807,38.328,12.661,19.292,True,320,240,0,False,60.00,0.1000,-0.002964,-0.089565,0.397063,0.415064,-0.368177,-0.052034,0.830337,1121
93.3956,inicio,True,42.3140,37.399,13.249,24.732,True,320,240,0,False,60.00,0.1000,-0.013128,-0.085431,0.397423,0.396854,-0.394308,-0.040767,0.827869,1123
93.5152,inicio,True,42.4306,37.569,4.347,25.275,True,320,240,0,False,60.00,0.1000,-0.011217,-0.087423,0.396654,0.395658,-0.395942,-0.039319,0.827731,1124
93.6389,inicio,True,42.5639,36.781,5.437,17.374,True,320,240,0,False,60.00,0.1000,-0.006814,-0.090890,0.398209,0.390000,-0.398651,-0.038779,0.829140,1126
93.7528,inicio,True,42.6639,36.287,11.645,18.682,True,320,240,0,False,60.00,0.1000,-0.004520,-0.092287,0.396682,0.390240,-0.399520,-0.035323,0.828764,1128
93.8551,inicio,True,42.7805,36.616,9.442,21.446,True,320,240,0,False,60.00,0.1000,0.001231,-0.089940,0.392691,0.387922,-0.397554,-0.036575,0.830740,1129
93.9878,inicio,True,42.8973,36.946,13.702,25.278,True,320,240,0,False,60.00,0.1000,0.009933,-0.095704,0.392936,0.372663,-0.408266,-0.027286,0.832885,1132
94.0886,inicio,True,43.0139,37.180,21.490,19.386,True,320,240,0,False,60.00,0.1000,0.011942,-0.096513,0.390891,0.373604,-0.408106,-0.026765,0.832558,1133
94.2347,inicio,True,43.1471,38.211,13.367,21.753,True,320,240,0,False,60.00,0.1000,0.025051,-0.090785,0.388038,0.364305,-0.400103,-0.029044,0.840450,1135
94.3506,inicio,True,43.2637,38.345,11.023,19.363,True,320,240,0,False,60.00,0.1000,0.037674,-0.088273,0.396217,0.354263,-0.395426,-0.028013,0.846966,1137
94.4718,inicio,True,43.3970,39.171,5.069,20.951,True,320,240,0,False,60.00,0.1000,0.047037,-0.092908,0.399152,0.354368,-0.394250,-0.025290,0.847556,1139
94.6087,inicio,True,43.5303,40.002,16.815,23.672,True,320,240,0,False,60.00,0.1000,0.050547,-0.094952,0.400552,0.353155,-0.392878,-0.020758,0.848822,1141
94.7235,inicio,True,43.6472,41.780,11.775,33.391,True,320,240,0,False,60.00,0.1000,0.054178,-0.095333,0.400925,0.352588,-0.391344,-0.015183,0.849883,1143
94.8510,inicio,True,43.7642,41.344,6.828,21.676,True,320,240,0,False,60.00,0.1000,0.057157,-0.094855,0.400413,0.353892,-0.387223,-0.012804,0.851267,1144
94.9869,inicio,True,43.8972,39.843,15.991,19.953,True,320,240,0,False,60.00,0.1000,0.067233,-0.100528,0.401771,0.352767,-0.381588,-0.010195,0.854308,1147
95.0894,inicio,True,44.0137,39.660,22.309,18.309,True,320,240,0,False,60.00,0.1000,0.068013,-0.102574,0.401423,0.355099,-0.383072,-0.008327,0.852697,1148
95.1939,inicio,True,44.1135,40.658,13.697,18.311,True,320,240,0,False,60.00,0.1000,0.068636,-0.104681,0.402698,0.357371,-0.381099,-0.006282,0.852649,1150
95.3448,inicio,True,44.2633,40.120,13.436,22.709,True,320,240,0,False,60.00,0.1000,0.065916,-0.108874,0.389337,0.364298,-0.386867,-0.013533,0.847017,1152
95.4481,inicio,True,44.3631,41.075,13.794,27.578,True,320,240,0,False,60.00,0.1000,0.068199,-0.117326,0.400757,0.378346,-0.376757,-0.017314,0.845345,1153
95.5815,inicio,True,44.4967,39.655,6.887,20.222,True,320,240,0,False,60.00,0.1000,0.069411,-0.121359,0.381695,0.386429,-0.378129,-0.028782,0.840752,1155
95.7068,inicio,False,44.4967,38.479,4.894,14.447,True,320,240,0,False,60.00,0.1000,0.069411,-0.121359,0.381695,0.386429,-0.378129,-0.028782,0.840752,1157
95.8382,inicio,False,44.4967,37.522,4.927,16.094,True,320,240,0,False,60.00,0.1000,0.069411,-0.121359,0.381695,0.386429,-0.378129,-0.028782,0.840752,1159
95.9404,inicio,False,44.4967,36.922,8.206,15.553,True,320,240,0,False,60.00,0.1000,0.069411,-0.121359,0.381695,0.386429,-0.378129,-0.028782,0.840752,1161
96.0713,inicio,False,44.4967,36.252,6.813,16.329,True,320,240,0,False,60.00,0.1000,0.069411,-0.121359,0.381695,0.386429,-0.378129,-0.028782,0.840752,1162
96.1716,inicio,False,44.4967,35.834,1.158,14.878,True,320,240,0,False,60.00,0.1000,0.069411,-0.121359,0.381695,0.386429,-0.378129,-0.028782,0.840752,1164
96.3063,inicio,False,44.4967,35.370,5.459,11.987,True,320,240,0,False,60.00,0.1000,0.069411,-0.121359,0.381695,0.386429,-0.378129,-0.028782,0.840752,1166
96.4385,inicio,False,44.4967,34.990,5.581,14.709,True,320,240,0,False,60.00,0.1000,0.069411,-0.121359,0.381695,0.386429,-0.378129,-0.028782,0.840752,1168
96.5951,inicio,True,44.6467,35.513,12.288,28.353,True,320,240,0,False,60.00,0.1000,0.050890,-0.112352,0.364836,0.471334,-0.292052,-0.070403,0.829212,1171
96.7285,inicio,True,44.7800,36.786,16.041,21.842,True,320,240,0,False,60.00,0.1000,0.043045,-0.082794,0.360015,0.452361,-0.275457,-0.071776,0.845187,1173
96.8397,inicio,False,44.8299,37.050,4.920,14.683,True,320,240,0,False,60.00,0.1000,0.043045,-0.082794,0.360015,0.452361,-0.275457,-0.071776,0.845187,1174
96.9781,inicio,True,44.9632,36.356,5.095,22.478,True,320,240,0,False,60.00,0.1000,0.020517,-0.021808,0.363082,0.409639,-0.240496,-0.045202,0.878814,1176
97.1136,inicio,True,45.0964,35.792,5.122,21.055,True,320,240,0,False,60.00,0.1000,0.009119,-0.003955,0.365231,0.415761,-0.198580,-0.034675,0.886852,1178
97.2467,inicio,True,45.2297,35.332,6.678,20.651,True,320,240,0,False,60.00,0.1000,-0.000785,-0.006633,0.363928,0.425361,-0.172520,-0.027018,0.888018,1180
97.3911,inicio,True,45.3796,35.790,10.423,18.904,True,320,240,0,False,60.00,0.1000,-0.021217,-0.000545,0.363156,0.432841,-0.141274,-0.005374,0.890316,1183
97.5281,inicio,True,45.5130,35.337,16.134,26.418,True,320,240,0,False,60.00,0.1000,-0.030052,-0.000297,0.365765,0.432554,-0.129703,-0.000860,0.892229,1185
97.6663,inicio,True,45.6463,36.639,11.936,22.244,True,320,240,0,False,60.00,0.1000,-0.021410,-0.006411,0.360299,0.444536,-0.107849,-0.007474,0.889214,1187
97.7708,inicio,True,45.7629,36.917,4.436,18.341,True,320,240,0,False,60.00,0.1000,-0.014138,-0.009314,0.364434,0.449163,-0.093137,-0.013155,0.888485,1188
97.8719,inicio,True,45.8629,36.401,1.014,18.690,True,320,240,0,False,60.00,0.1000,-0.010782,-0.012330,0.371080,0.449926,-0.082398,-0.017103,0.889092,1190
98.0039,inicio,True,45.9961,35.827,5.188,17.840,True,320,240,0,False,60.00,0.1000,-0.003919,-0.012938,0.371164,0.460401,-0.065584,-0.015302,0.885153,1192
98.1042,inicio,True,46.0960,35.468,6.142,24.662,True,320,240,0,False,60.00,0.1000,0.004739,-0.014279,0.370470,0.465981,-0.053620,-0.020733,0.882925,1193
98.2461,inicio,True,46.2293,36.786,16.650,21.768,True,320,240,0,False,60.00,0.1000,0.030511,-0.021890,0.371441,0.482205,-0.023174,-0.037962,0.874929,1195
98.3707,inicio,True,46.3626,37.919,12.378,20.387,True,320,240,0,False,60.00,0.1000,0.054146,-0.023267,0.385574,0.477080,0.005150,-0.053144,0.877236,1197
98.4799,inicio,True,46.4626,37.263,1.099,23.524,True,320,240,0,False,60.00,0.1000,0.062009,-0.022159,0.391794,0.474137,0.018178,-0.057668,0.878372,1199
98.5886,inicio,True,46.5792,37.493,12.435,25.984,True,320,240,0,False,60.00,0.1000,0.068067,-0.015693,0.397633,0.467442,0.028028,-0.055815,0.881815,1200
98.7262,inicio,True,46.7125,38.524,13.311,23.046,True,320,240,0,False,60.00,0.1000,0.059775,-0.008786,0.398274,0.467912,0.036657,-0.044652,0.881885,1203
98.8586,inicio,True,46.8459,39.367,11.750,23.625,True,320,240,0,False,60.00,0.1000,0.046223,-0.008531,0.400793,0.471152,0.030744,-0.031916,0.880938,1205
98.9728,inicio,True,46.9625,39.260,5.115,18.281,True,320,240,0,False,60.00,0.1000,0.038540,-0.009495,0.403075,0.473122,0.024170,-0.027450,0.880238,1206
99.1116,inicio,True,47.0958,38.157,5.077,21.256,True,320,240,0,False,60.00,0.1000,0.029353,-0.009152,0.411154,0.472753,0.014357,-0.017947,0.880895,1208
99.2494,inicio,True,47.2292,37.267,5.319,21.296,True,320,240,0,False,60.00,0.1000,0.024367,-0.006643,0.413607,0.471393,0.016208,-0.013653,0.881669,1210
99.3762,inicio,True,47.3625,38.326,11.534,18.920,True,320,240,0,False,60.00,0.1000,0.013527,-0.005341,0.413753,0.474920,0.006639,-0.008766,0.879961,1212
99.5095,inicio,True,47.4956,37.393,5.901,18.818,True,320,240,0,False,60.00,0.1000,0.002709,-0.003393,0.421686,0.470332,-0.006204,-0.002579,0.882464,1214
99.6473,inicio,True,47.6289,36.634,7.009,22.617,True,320,240,0,False,60.00,0.1000,0.002793,-0.002339,0.426054,0.470952,-0.010667,-0.007739,0.882060,1216
99.7949,inicio,True,47.7788,36.851,15.429,22.634,True,320,240,0,False,60.00,0.1000,-0.000536,-0.004716,0.431132,0.473766,-0.018048,-0.004837,0.880452,1219
99.9090,inicio,True,47.8962,37.139,6.310,18.647,True,320,240,0,False,60.00,0.1000,0.004059,-0.005020,0.430517,0.476410,-0.015434,-0.008584,0.879046,1220
100.0455,inicio,True,48.0292,36.415,5.754,22.168,True,320,240,0,False,60.00,0.1000,0.012507,-0.006506,0.437646,0.477269,-0.004731,-0.013604,0.878639,1222
100.1879,inicio,True,48.1790,36.664,6.356,26.339,True,320,240,0,False,60.00,0.1000,0.014619,-0.009000,0.441208,0.480982,-0.004365,-0.016305,0.876568,1224
100.3282,inicio,True,48.3120,37.803,14.677,22.918,True,320,240,0,False,60.00,0.1000,0.010618,-0.006600,0.443655,0.479325,-0.013205,-0.014932,0.877411,1227
100.4475,inicio,True,48.4287,37.915,6.455,21.136,True,320,240,0,False,60.00,0.1000,0.007893,-0.006238,0.442736,0.480611,-0.018187,-0.013834,0.876636,1228
100.5703,inicio,True,48.5617,38.874,6.456,24.054,True,320,240,0,False,60.00,0.1000,0.008317,-0.005776,0.443992,0.479204,-0.018587,-0.013958,0.877396,1230
100.6730,inicio,True,48.6624,38.116,11.683,25.450,True,320,240,0,False,60.00,0.1000,0.006501,-0.004803,0.442136,0.478743,-0.017396,-0.013064,0.877686,1232
100.7816,inicio,True,48.7624,39.275,11.879,24.203,True,320,240,0,False,60.00,0.1000,0.000627,-0.005907,0.439962,0.479917,-0.024653,-0.008869,0.876923,1234
100.8868,inicio,True,48.8788,39.170,22.884,19.098,True,320,240,0,False,60.00,0.1000,-0.003132,-0.005174,0.440919,0.479393,-0.025089,-0.005506,0.877224,1235
100.9882,inicio,True,48.9787,40.219,11.495,19.081,True,320,240,0,False,60.00,0.1000,-0.003751,-0.003000,0.441237,0.476881,-0.023142,-0.004093,0.878654,1237
101.1083,inicio,True,49.0952,40.063,21.277,21.657,True,320,240,0,False,60.00,0.1000,-0.003159,-0.002812,0.441252,0.475220,-0.019981,-0.004068,0.879631,1238
101.2557,inicio,False,49.1951,39.649,13.550,27.296,True,320,240,0,False,60.00,0.1000,0.008825,-0.001104,0.422570,0.484611,-0.008384,-0.009589,0.874637,1241
101.3971,inicio,True,49.2783,40.324,15.584,23.481,True,320,240,0,False,60.00,0.1000,0.081768,-0.013409,0.415713,0.488222,0.079786,-0.059575,0.867020,1243
101.5195,inicio,True,49.4115,40.864,13.479,19.571,True,320,240,0,False,60.00,0.1000,0.094083,-0.013114,0.421943,0.479709,0.102152,-0.065659,0.868984,1244
101.6430,inicio,True,49.5283,40.630,8.487,29.265,True,320,240,0,False,60.00,0.1000,0.109876,-0.008273,0.408912,0.473269,0.135165,-0.072409,0.867470,1246
101.7956,inicio,True,49.6782,40.105,12.316,17.062,True,320,240,0,False,60.00,0.1000,0.135166,-0.013673,0.396917,0.462820,0.188726,-0.096444,0.860743,1249
101.9052,inicio,True,49.7949,39.892,4.975,16.935,True,320,240,0,False,60.00,0.1000,0.136810,-0.013057,0.394306,0.457599,0.200311,-0.103523,0.860094,1250
102.0465,inicio,True,49.9282,38.673,5.604,23.750,True,320,240,0,False,60.00,0.1000,0.123807,-0.010801,0.384341,0.454018,0.206060,-0.108614,0.860006,1252
102.1780,inicio,True,50.0614,37.678,7.996,18.966,True,320,240,0,False,60.00,0.1000,0.119670,-0.010572,0.375761,0.446778,0.212492,-0.123150,0.860274,1254
102.2984,inicio,True,50.1780,37.846,12.327,18.006,True,320,240,0,False,60.00,0.1000,0.122455,-0.013110,0.357869,0.445769,0.231720,-0.149911,0.851541,1256
102.4092,inicio,True,50.2946,38.034,14.554,19.816,True,320,240,0,False,60.00,0.1000,0.124651,-0.017694,0.341414,0.443695,0.254414,-0.179235,0.840407,1258
102.5191,inicio,True,50.4112,38.112,14.027,19.582,True,320,240,0,False,60.00,0.1000,0.118784,-0.016472,0.331767,0.441304,0.258614,-0.187539,0.838570,1259
102.6631,inicio,True,50.5446,39.056,15.467,21.401,True,320,240,0,False,60.00,0.1000,0.113687,-0.013090,0.310528,0.428239,0.277892,-0.205322,0.835003,1262
102.7956,inicio,True,50.6779,39.824,11.983,22.605,True,320,240,0,False,60.00,0.1000,0.113402,-0.017488,0.294470,0.423985,0.294259,-0.217090,0.828565,1264
102.9066,inicio,True,50.7945,39.649,4.990,20.163,True,320,240,0,False,60.00,0.1000,0.114131,-0.023529,0.288919,0.424245,0.305958,-0.225481,0.821927,1265
103.0424,inicio,True,50.9278,38.474,6.095,20.334,True,320,240,0,False,60.00,0.1000,0.109651,-0.027342,0.278980,0.425566,0.311486,-0.237702,0.815701,1267
103.1827,inicio,True,51.0611,37.520,13.937,23.076,True,320,240,0,False,60.00,0.1000,0.098623,-0.022859,0.263251,0.408412,0.322937,-0.246093,0.817527,1270
103.2856,inicio,True,51.1777,37.672,23.743,26.985,True,320,240,0,False,60.00,0.1000,0.092850,-0.023507,0.259916,0.406874,0.322326,-0.244832,0.818912,1271
103.4037,inicio,True,51.2943,39.705,13.912,29.568,True,320,240,0,False,60.00,0.1000,0.083769,-0.024705,0.254166,0.408022,0.321818,-0.246595,0.818011,1273
103.5088,inicio,True,51.3943,40.708,7.060,21.150,True,320,240,0,False,60.00,0.1000,0.079758,-0.022536,0.251430,0.408211,0.320733,-0.247766,0.817989,1274
103.6376,inicio,True,51.5276,41.322,13.661,20.894,True,320,240,0,False,60.00,0.1000,0.070401,-0.014549,0.249618,0.398982,0.317835,-0.245872,0.824222,1276
103.7831,inicio,True,51.6609,39.837,14.851,22.241,True,320,240,0,False,60.00,0.1000,0.051557,-0.010449,0.249166,0.397026,0.305950,-0.236209,0.832449,1279
103.8855,inicio,True,51.7775,39.659,21.701,23.260,True,320,240,0,False,60.00,0.1000,0.047183,-0.009018,0.249211,0.395407,0.303200,-0.234159,0.834801,1280
103.9972,inicio,True,51.8775,40.665,10.904,20.547,True,320,240,0,False,60.00,0.1000,0.040360,-0.007133,0.249458,0.394803,0.297111,-0.232716,0.837675,1282
104.1126,inicio,True,51.9941,40.370,4.898,25.126,True,320,240,0,False,60.00,0.1000,0.039121,-0.006161,0.249085,0.392051,0.298901,-0.233446,0.838127,1283
104.2444,inicio,True,52.1274,39.063,6.372,22.602,True,320,240,0,False,60.00,0.1000,0.035713,-0.004211,0.247061,0.389484,0.299611,-0.232363,0.839371,1285
104.3625,inicio,True,52.2440,39.079,13.598,20.723,True,320,240,0,False,60.00,0.1000,0.031525,-0.001587,0.246721,0.387173,0.298794,-0.229553,0.841501,1287
104.4647,inicio,True,52.3440,38.257,12.323,23.922,True,320,240,0,False,60.00,0.1000,0.028287,-0.001163,0.246893,0.385751,0.298694,-0.227974,0.842619,1289
104.6074,inicio,True,52.4940,39.973,13.785,21.968,True,320,240,0,False,60.00,0.1000,0.029893,-0.002344,0.246025,0.386727,0.303651,-0.230150,0.839803,1291
104.7185,inicio,True,52.6106,39.776,12.836,21.143,True,320,240,0,False,60.00,0.1000,0.031053,-0.002341,0.244944,0.385710,0.308188,-0.231755,0.838175,1292
104.8607,inicio,True,52.7439,40.479,13.213,23.405,True,320,240,0,False,60.00,0.1000,0.027557,-0.002444,0.243209,0.386234,0.310823,-0.229202,0.837663,1295
104.9805,inicio,True,52.8605,40.210,13.351,27.569,True,320,240,0,False,60.00,0.1000,0.025051,-0.003318,0.243810,0.387112,0.308665,-0.227484,0.838523,1297
105.0850,inicio,True,52.9771,39.978,23.272,22.546,True,320,240,0,False,60.00,0.1000,0.025627,-0.003550,0.243178,0.388577,0.309992,-0.226973,0.837494,1298
105.1914,inicio,True,53.0771,40.953,9.475,22.760,True,320,240,0,False,60.00,0.1000,0.026437,-0.004212,0.242606,0.388938,0.314133,-0.229597,0.835065,1300
105.3178,inicio,True,53.1937,40.616,13.958,20.314,True,320,240,0,False,60.00,0.1000,0.025201,-0.003692,0.242352,0.389009,0.313905,-0.228082,0.835532,1302
105.4184,inicio,True,53.3103,40.328,24.288,22.595,True,320,240,0,False,60.00,0.1000,0.024990,-0.003181,0.242319,0.387630,0.315093,-0.227835,0.835794,1303
105.5375,inicio,True,53.4269,42.103,13.011,23.492,True,320,240,0,False,60.00,0.1000,0.023893,-0.001985,0.241630,0.385968,0.316101,-0.226777,0.836469,1305
105.6518,inicio,True,53.5438,41.615,21.065,22.007,True,320,240,0,False,60.00,0.1000,0.024073,-0.002231,0.241824,0.387064,0.318821,-0.227060,0.834853,1307
105.7747,inicio,True,53.6604,41.181,5.847,21.775,True,320,240,0,False,60.00,0.1000,0.023373,-0.002060,0.241819,0.386650,0.318833,-0.226224,0.835266,1308
105.9136,inicio,True,53.7936,39.720,13.285,24.055,True,320,240,0,False,60.00,0.1000,0.022521,-0.002423,0.242534,0.387574,0.320779,-0.225042,0.834412,1311
106.0205,inicio,True,53.9103,39.560,6.769,23.720,True,320,240,0,False,60.00,0.1000,0.021914,-0.002233,0.242984,0.387556,0.320108,-0.224728,0.834763,1312
106.1671,inicio,True,54.0435,40.291,13.217,25.631,True,320,240,0,False,60.00,0.1000,0.018686,-0.001583,0.243019,0.386505,0.317163,-0.220542,0.837486,1314
106.2679,inicio,True,54.1601,40.087,7.804,23.955,True,320,240,0,False,60.00,0.1000,0.017397,-0.002250,0.244301,0.389116,0.316877,-0.218839,0.836831,1316
106.3847,inicio,True,54.2765,39.907,12.757,20.756,True,320,240,0,False,60.00,0.1000,0.016894,-0.001874,0.244374,0.387519,0.317478,-0.218925,0.837322,1317
106.5285,inicio,True,54.4100,40.641,12.457,22.466,True,320,240,0,False,60.00,0.1000,0.015599,-0.002748,0.244747,0.389208,0.317030,-0.215362,0.837633,1320
106.6423,inicio,True,54.5266,40.348,13.144,22.709,True,320,240,0,False,60.00,0.1000,0.014086,-0.004808,0.245700,0.388560,0.310141,-0.205134,0.843062,1322
106.7511,inicio,True,54.6432,40.097,6.195,28.916,True,320,240,0,False,60.00,0.1000,0.015296,-0.004101,0.245995,0.388675,0.305597,-0.201098,0.845637,1323
106.8517,inicio,True,54.7432,41.103,12.437,23.136,True,320,240,0,False,60.00,0.1000,0.008281,0.007967,0.243634,0.364193,0.267442,-0.170091,0.875732,1325
107.0058,inicio,True,54.8932,40.494,11.386,21.035,True,320,240,0,False,60.00,0.1000,0.009657,0.000546,0.248834,0.356558,0.227353,-0.131587,0.896583,1327
107.1177,inicio,True,55.0098,40.264,13.381,23.258,True,320,240,0,False,60.00,0.1000,0.019628,-0.015279,0.258148,0.388521,0.206586,-0.124653,0.889289,1328
107.2587,inicio,False,55.0931,40.898,12.533,13.845,True,320,240,0,False,60.00,0.1000,0.036062,-0.051842,0.284287,0.440443,0.188691,-0.101584,0.871830,1331
107.3890,inicio,False,55.0931,39.492,5.678,17.642,True,320,240,0,False,60.00,0.1000,0.036062,-0.051842,0.284287,0.440443,0.188691,-0.101584,0.871830,1333
107.5175,inicio,False,55.0931,38.346,5.343,21.962,True,320,240,0,False,60.00,0.1000,0.036062,-0.051842,0.284287,0.440443,0.188691,-0.101584,0.871830,1335
107.6511,inicio,False,55.0931,37.415,5.300,13.660,True,320,240,0,False,60.00,0.1000,0.036062,-0.051842,0.284287,0.440443,0.188691,-0.101584,0.871830,1337
107.7842,inicio,False,55.0931,36.657,5.166,18.920,True,320,240,0,False,60.00,0.1000,0.036062,-0.051842,0.284287,0.440443,0.188691,-0.101584,0.871830,1339
107.8843,inicio,False,55.0931,36.185,5.460,15.715,True,320,240,0,False,60.00,0.1000,0.036062,-0.051842,0.284287,0.440443,0.188691,-0.101584,0.871830,1340
107.9851,inicio,False,55.0931,35.774,6.139,16.024,True,320,240,0,False,60.00,0.1000,0.036062,-0.051842,0.284287,0.440443,0.188691,-0.101584,0.871830,1341
108.0887,inicio,False,55.0931,35.434,7.444,22.131,True,320,240,0,False,60.00,0.1000,0.036062,-0.051842,0.284287,0.440443,0.188691,-0.101584,0.871830,1343
108.2199,inicio,False,55.0931,35.042,6.264,17.113,True,320,240,0,False,60.00,0.1000,0.036062,-0.051842,0.284287,0.440443,0.188691,-0.101584,0.871830,1345
108.3516,inicio,False,55.0931,34.719,6.481,15.657,True,320,240,0,False,60.00,0.1000,0.036062,-0.051842,0.284287,0.440443,0.188691,-0.101584,0.871830,1347
108.4981,inicio,False,55.0931,34.455,18.685,18.316,True,320,240,0,False,60.00,0.1000,0.036062,-0.051842,0.284287,0.440443,0.188691,-0.101584,0.871830,1349
108.6175,inicio,False,55.0931,34.243,21.520,14.170,True,320,240,0,False,60.00,0.1000,0.036062,-0.051842,0.284287,0.440443,0.188691,-0.101584,0.871830,1351
108.7504,inicio,False,55.0931,34.065,21.224,11.853,True,320,240,0,False,60.00,0.1000,0.036062,-0.051842,0.284287,0.440443,0.188691,-0.101584,0.871830,1353
108.8837,inicio,False,55.0931,33.931,21.912,17.909,True,320,240,0,False,60.00,0.1000,0.036062,-0.051842,0.284287,0.440443,0.188691,-0.101584,0.871830,1355
108.9838,inicio,False,55.0931,33.847,6.378,13.052,True,320,240,0,False,60.00,0.1000,0.036062,-0.051842,0.284287,0.440443,0.188691,-0.101584,0.871830,1356
109.0996,inicio,False,55.0931,33.771,8.318,15.344,True,320,240,0,False,60.00,0.1000,0.036062,-0.051842,0.284287,0.440443,0.188691,-0.101584,0.871830,1358
109.2303,inicio,False,55.0931,33.688,23.605,14.557,True,320,240,0,False,60.00,0.1000,0.036062,-0.051842,0.284287,0.440443,0.188691,-0.101584,0.871830,1360
109.3640,inicio,False,55.0931,33.621,9.412,17.664,True,320,240,0,False,60.00,0.1000,0.036062,-0.051842,0.284287,0.440443,0.188691,-0.101584,0.871830,1362
109.4835,inicio,False,55.0931,33.565,21.562,11.672,True,320,240,0,False,60.00,0.1000,0.036062,-0.051842,0.284287,0.440443,0.188691,-0.101584,0.871830,1364
109.5835,inicio,False,55.0931,33.531,11.930,11.450,True,320,240,0,False,60.00,0.1000,0.036062,-0.051842,0.284287,0.440443,0.188691,-0.101584,0.871830,1365
109.6985,inicio,False,55.0931,33.501,8.218,14.331,True,320,240,0,False,60.00,0.1000,0.036062,-0.051842,0.284287,0.440443,0.188691,-0.101584,0.871830,1367
109.8167,inicio,False,55.0931,33.468,26.098,13.474,True,320,240,0,False,60.00,0.1000,0.036062,-0.051842,0.284287,0.440443,0.188691,-0.101584,0.871830,1369
109.9335,inicio,False,55.0931,34.199,5.493,13.388,True,320,240,0,False,60.00,0.1000,0.036062,-0.051842,0.284287,0.440443,0.188691,-0.101584,0.871830,1371
110.0336,inicio,False,55.0931,34.076,6.296,15.327,True,320,240,0,False,60.00,0.1000,0.036062,-0.051842,0.284287,0.440443,0.188691,-0.101584,0.871830,1372
110.1337,inicio,False,55.0931,33.968,7.402,14.416,True,320,240,0,False,60.00,0.1000,0.036062,-0.051842,0.284287,0.440443,0.188691,-0.101584,0.871830,1374
110.2667,inicio,False,55.0931,33.847,4.785,11.467,True,320,240,0,False,60.00,0.1000,0.036062,-0.051842,0.284287,0.440443,0.188691,-0.101584,0.871830,1376
110.3671,inicio,False,55.0931,33.772,4.965,11.376,True,320,240,0,False,60.00,0.1000,0.036062,-0.051842,0.284287,0.440443,0.188691,-0.101584,0.871830,1377
110.4998,inicio,False,55.0931,33.688,5.135,12.155,True,320,240,0,False,60.00,0.1000,0.036062,-0.051842,0.284287,0.440443,0.188691,-0.101584,0.871830,1379
110.6000,inicio,False,55.0931,33.635,5.003,11.673,True,320,240,0,False,60.00,0.1000,0.036062,-0.051842,0.284287,0.440443,0.188691,-0.101584,0.871830,1381
110.7002,inicio,False,55.0931,33.592,6.143,12.055,True,320,240,0,False,60.00,0.1000,0.036062,-0.051842,0.284287,0.440443,0.188691,-0.101584,0.871830,1382
110.8335,inicio,False,55.0931,33.542,6.091,10.640,True,320,240,0,False,60.00,0.1000,0.036062,-0.051842,0.284287,0.440443,0.188691,-0.101584,0.871830,1384
110.9339,inicio,False,55.0931,33.511,5.710,16.506,True,320,240,0,False,60.00,0.1000,0.036062,-0.051842,0.284287,0.440443,0.188691,-0.101584,0.871830,1386
111.0339,inicio,False,55.0931,33.484,6.110,15.115,True,320,240,0,False,60.00,0.1000,0.036062,-0.051842,0.284287,0.440443,0.188691,-0.101584,0.871830,1387
111.1664,inicio,False,55.0931,33.454,4.666,11.755,True,320,240,0,False,60.00,0.1000,0.036062,-0.051842,0.284287,0.440443,0.188691,-0.101584,0.871830,1389
111.2665,inicio,False,55.0931,33.435,5.600,12.706,True,320,240,0,False,60.00,0.1000,0.036062,-0.051842,0.284287,0.440443,0.188691,-0.101584,0.871830,1391
111.3675,inicio,False,55.0931,33.419,5.570,12.303,True,320,240,0,False,60.00,0.1000,0.036062,-0.051842,0.284287,0.440443,0.188691,-0.101584,0.871830,1392
111.5009,inicio,False,55.0931,33.401,6.671,14.770,True,320,240,0,False,60.00,0.1000,0.036062,-0.051842,0.284287,0.440443,0.188691,-0.101584,0.871830,1394
111.6334,inicio,False,55.0931,33.386,6.886,11.725,True,320,240,0,False,60.00,0.1000,0.036062,-0.051842,0.284287,0.440443,0.188691,-0.101584,0.871830,1396
111.7669,inicio,False,55.0931,33.375,5.024,14.290,True,320,240,0,False,60.00,0.1000,0.036062,-0.051842,0.284287,0.440443,0.188691,-0.101584,0.871830,1398
111.8994,inicio,False,55.0931,33.365,5.003,11.342,True,320,240,0,False,60.00,0.1000,0.036062,-0.051842,0.284287,0.440443,0.188691,-0.101584,0.871830,1400
111.9997,inicio,False,55.0931,33.360,6.363,13.991,True,320,240,0,False,60.00,0.1000,0.036062,-0.051842,0.284287,0.440443,0.188691,-0.101584,0.871830,1402
112.0998,inicio,False,55.0931,33.354,4.930,12.932,True,320,240,0,False,60.00,0.1000,0.036062,-0.051842,0.284287,0.440443,0.188691,-0.101584,0.871830,1403
112.2329,inicio,False,55.0931,33.348,5.587,16.561,True,320,240,0,False,60.00,0.1000,0.036062,-0.051842,0.284287,0.440443,0.188691,-0.101584,0.871830,1405
112.3331,inicio,False,55.0931,33.345,5.613,15.656,True,320,240,0,False,60.00,0.1000,0.036062,-0.051842,0.284287,0.440443,0.188691,-0.101584,0.871830,1407
112.4662,inicio,False,55.0931,33.340,6.322,10.623,True,320,240,0,False,60.00,0.1000,0.036062,-0.051842,0.284287,0.440443,0.188691,-0.101584,0.871830,1409
112.5677,inicio,False,55.0931,33.338,5.552,11.706,True,320,240,0,False,60.00,0.1000,0.036062,-0.051842,0.284287,0.440443,0.188691,-0.101584,0.871830,1410
112.7011,inicio,False,55.0931,33.335,5.081,15.143,True,320,240,0,False,60.00,0.1000,0.036062,-0.051842,0.284287,0.440443,0.188691,-0.101584,0.871830,1412
112.8326,inicio,False,55.0931,33.333,9.146,11.430,True,320,240,0,False,60.00,0.1000,0.036062,-0.051842,0.284287,0.440443,0.188691,-0.101584,0.871830,1414
112.9658,inicio,False,55.0931,33.330,4.879,12.109,True,320,240,0,False,60.00,0.1000,0.036062,-0.051842,0.284287,0.440443,0.188691,-0.101584,0.871830,1416
113.0660,inicio,False,55.0931,33.329,4.442,10.955,True,320,240,0,False,60.00,0.1000,0.036062,-0.051842,0.284287,0.440443,0.188691,-0.101584,0.871830,1418
113.1994,inicio,False,55.0931,33.328,4.997,10.408,True,320,240,0,False,60.00,0.1000,0.036062,-0.051842,0.284287,0.440443,0.188691,-0.101584,0.871830,1420
113.3005,inicio,False,55.0931,33.327,5.199,12.382,True,320,240,0,False,60.00,0.1000,0.036062,-0.051842,0.284287,0.440443,0.188691,-0.101584,0.871830,1421
113.4324,inicio,False,55.0931,33.327,5.941,7.749,True,320,240,0,False,60.00,0.1000,0.036062,-0.051842,0.284287,0.440443,0.188691,-0.101584,0.871830,1423
113.5325,inicio,False,55.0931,33.326,4.987,12.036,True,320,240,0,False,60.00,0.1000,0.036062,-0.051842,0.284287,0.440443,0.188691,-0.101584,0.871830,1425
113.6656,inicio,False,55.0931,33.325,4.663,10.335,True,320,240,0,False,60.00,0.1000,0.036062,-0.051842,0.284287,0.440443,0.188691,-0.101584,0.871830,1427
113.7667,inicio,False,55.0931,33.325,7.743,12.084,True,320,240,0,False,60.00,0.1000,0.036062,-0.051842,0.284287,0.440443,0.188691,-0.101584,0.871830,1428
113.8988,inicio,False,55.0931,33.324,5.154,9.797,True,320,240,0,False,60.00,0.1000,0.036062,-0.051842,0.284287,0.440443,0.188691,-0.101584,0.871830,1430
113.9997,inicio,False,55.0931,33.324,5.222,12.122,True,320,240,0,False,60.00,0.1000,0.036062,-0.051842,0.284287,0.440443,0.188691,-0.101584,0.871830,1432
114.1055,inicio,False,55.0931,33.324,8.479,9.736,True,320,240,0,False,60.00,0.1000,0.036062,-0.051842,0.284287,0.440443,0.188691,-0.101584,0.871830,1434
114.2325,inicio,False,55.0931,33.324,6.642,1.584,True,320,240,0,False,60.00,0.1000,0.036062,-0.051842,0.284287,0.440443,0.188691,-0.101584,0.871830,1435
114.3335,inicio,False,55.0931,33.324,5.084,1.540,True,320,240,0,False,60.00,0.1000,0.036062,-0.051842,0.284287,0.440443,0.188691,-0.101584,0.871830,1437
114.4655,inicio,False,55.0931,33.323,5.315,1.668,True,320,240,0,False,60.00,0.1000,0.036062,-0.051842,0.284287,0.440443,0.188691,-0.101584,0.871830,1439
114.5986,inicio,False,55.0931,33.323,5.918,6.354,True,320,240,0,False,60.00,0.1000,0.036062,-0.051842,0.284287,0.440443,0.188691,-0.101584,0.871830,1441
114.6988,inicio,False,55.0931,33.323,7.151,6.243,True,320,240,0,False,60.00,0.1000,0.036062,-0.051842,0.284287,0.440443,0.188691,-0.101584,0.871830,1442
114.7992,inicio,False,55.0931,33.323,5.598,7.213,True,320,240,0,False,60.00,0.1000,0.036062,-0.051842,0.284287,0.440443,0.188691,-0.101584,0.871830,1444
114.9322,inicio,False,55.0931,33.323,5.204,1.513,True,320,240,0,False,60.00,0.1000,0.036062,-0.051842,0.284287,0.440443,0.188691,-0.101584,0.871830,1446
115.0652,inicio,False,55.0931,33.328,5.975,1.579,True,320,240,0,False,60.00,0.1000,0.036062,-0.051842,0.284287,0.440443,0.188691,-0.101584,0.871830,1448
115.1653,inicio,False,55.0931,33.327,5.001,7.362,True,320,240,0,False,60.00,0.1000,0.036062,-0.051842,0.284287,0.440443,0.188691,-0.101584,0.871830,1449
115.2984,inicio,False,55.0931,33.319,5.050,1.431,True,320,240,0,False,60.00,0.1000,0.036062,-0.051842,0.284287,0.440443,0.188691,-0.101584,0.871830,1451
115.3984,inicio,False,55.0931,33.319,6.632,1.457,True,320,240,0,False,60.00,0.1000,0.036062,-0.051842,0.284287,0.440443,0.188691,-0.101584,0.871830,1453
115.5315,inicio,False,55.0931,33.314,5.137,3.747,True,320,240,0,False,60.00,0.1000,0.036062,-0.051842,0.284287,0.440443,0.188691,-0.101584,0.871830,1455
115.6654,inicio,False,55.0931,33.322,5.042,1.514,True,320,240,0,False,60.00,0.1000,0.036062,-0.051842,0.284287,0.440443,0.188691,-0.101584,0.871830,1457
115.7985,inicio,False,55.0931,33.322,5.902,1.457,True,320,240,0,False,60.00,0.1000,0.036062,-0.051842,0.284287,0.440443,0.188691,-0.101584,0.871830,1459
115.8988,inicio,False,55.0931,33.322,5.059,1.465,True,320,240,0,False,60.00,0.1000,0.036062,-0.051842,0.284287,0.440443,0.188691,-0.101584,0.871830,1460
116.0314,inicio,False,55.0931,33.323,5.020,1.517,True,320,240,0,False,60.00,0.1000,0.036062,-0.051842,0.284287,0.440443,0.188691,-0.101584,0.871830,1462
116.1323,inicio,False,55.0931,33.322,4.996,6.548,True,320,240,0,False,60.00,0.1000,0.036062,-0.051842,0.284287,0.440443,0.188691,-0.101584,0.871830,1464
116.2675,inicio,False,55.0931,33.336,5.140,1.478,True,320,240,0,False,60.00,0.1000,0.036062,-0.051842,0.284287,0.440443,0.188691,-0.101584,0.871830,1466
116.3987,inicio,False,55.0931,33.331,4.949,1.681,True,320,240,0,False,60.00,0.1000,0.036062,-0.051842,0.284287,0.440443,0.188691,-0.101584,0.871830,1468
116.5315,inicio,False,55.0931,33.321,7.658,6.573,True,320,240,0,False,60.00,0.1000,0.036062,-0.051842,0.284287,0.440443,0.188691,-0.101584,0.871830,1470
116.6648,inicio,False,55.0931,33.318,6.464,2.515,True,320,240,0,False,60.00,0.1000,0.036062,-0.051842,0.284287,0.440443,0.188691,-0.101584,0.871830,1472
116.7977,inicio,False,55.0931,33.310,5.436,1.538,True,320,240,0,False,60.00,0.1000,0.036062,-0.051842,0.284287,0.440443,0.188691,-0.101584,0.871830,1474
116.8979,inicio,False,55.0931,33.341,4.990,1.526,True,320,240,0,False,60.00,0.1000,0.036062,-0.051842,0.284287,0.440443,0.188691,-0.101584,0.871830,1475
116.9998,inicio,False,55.0931,33.317,5.096,1.511,True,320,240,0,False,60.00,0.1000,0.036062,-0.051842,0.284287,0.440443,0.188691,-0.101584,0.871830,1477
117.1312,inicio,False,55.0931,33.321,5.244,3.696,True,320,240,0,False,60.00,0.1000,0.036062,-0.051842,0.284287,0.440443,0.188691,-0.101584,0.871830,1479
117.2314,inicio,False,55.0931,33.321,5.438,2.504,True,320,240,0,False,60.00,0.1000,0.036062,-0.051842,0.284287,0.440443,0.188691,-0.101584,0.871830,1480
117.3647,inicio,False,55.0931,33.322,6.375,1.848,True,320,240,0,False,60.00,0.1000,0.036062,-0.051842,0.284287,0.440443,0.188691,-0.101584,0.871830,1482
117.4975,inicio,False,55.0931,33.322,5.197,1.467,True,320,240,0,False,60.00,0.1000,0.036062,-0.051842,0.284287,0.440443,0.188691,-0.101584,0.871830,1484
117.5978,inicio,False,55.0931,33.322,5.696,1.886,True,320,240,0,False,60.00,0.1000,0.036062,-0.051842,0.284287,0.440443,0.188691,-0.101584,0.871830,1486
117.7312,inicio,False,55.0931,33.322,5.829,1.939,True,320,240,0,False,60.00,0.1000,0.036062,-0.051842,0.284287,0.440443,0.188691,-0.101584,0.871830,1488
117.8657,inicio,False,55.0931,33.322,5.090,2.830,True,320,240,0,False,60.00,0.1000,0.036062,-0.051842,0.284287,0.440443,0.188691,-0.101584,0.871830,1490
117.9980,inicio,False,55.0931,33.323,5.729,4.467,True,320,240,0,False,60.00,0.1000,0.036062,-0.051842,0.284287,0.440443,0.188691,-0.101584,0.871830,1492
118.1309,inicio,False,55.0931,33.323,5.416,4.573,True,320,240,0,False,60.00,0.1000,0.036062,-0.051842,0.284287,0.440443,0.188691,-0.101584,0.871830,1494
118.2645,inicio,False,55.0931,33.322,5.988,1.939,True,320,240,0,False,60.00,0.1000,0.036062,-0.051842,0.284287,0.440443,0.188691,-0.101584,0.871830,1496
118.3979,inicio,False,55.0931,33.323,5.204,1.756,True,320,240,0,False,60.00,0.1000,0.036062,-0.051842,0.284287,0.440443,0.188691,-0.101584,0.871830,1498
118.5307,inicio,False,55.0931,33.323,5.485,1.936,True,320,240,0,False,60.00,0.1000,0.036062,-0.051842,0.284287,0.440443,0.188691,-0.101584,0.871830,1500
118.6639,inicio,False,55.0931,33.322,5.531,4.717,True,320,240,0,False,60.00,0.1000,0.036062,-0.051842,0.284287,0.440443,0.188691,-0.101584,0.871830,1502
118.7645,inicio,False,55.0931,33.322,5.296,6.331,True,320,240,0,False,60.00,0.1000,0.036062,-0.051842,0.284287,0.440443,0.188691,-0.101584,0.871830,1503
118.8976,inicio,False,55.0931,33.322,5.613,4.749,True,320,240,0,False,60.00,0.1000,0.036062,-0.051842,0.284287,0.440443,0.188691,-0.101584,0.871830,1505
118.9979,inicio,False,55.0931,33.324,5.858,3.434,True,320,240,0,False,60.00,0.1000,0.036062,-0.051842,0.284287,0.440443,0.188691,-0.101584,0.871830,1507
119.1308,inicio,False,55.0931,33.322,5.619,2.182,True,320,240,0,False,60.00,0.1000,0.036062,-0.051842,0.284287,0.440443,0.188691,-0.101584,0.871830,1509
119.2637,inicio,False,55.0931,33.322,5.217,1.870,True,320,240,0,False,60.00,0.1000,0.036062,-0.051842,0.284287,0.440443,0.188691,-0.101584,0.871830,1511
119.3970,inicio,False,55.0931,33.323,5.492,1.936,True,320,240,0,False,60.00,0.1000,0.036062,-0.051842,0.284287,0.440443,0.188691,-0.101584,0.871830,1513
119.5323,inicio,False,55.0931,33.325,5.401,1.652,True,320,240,0,False,60.00,0.1000,0.036062,-0.051842,0.284287,0.440443,0.188691,-0.101584,0.871830,1515
119.6636,inicio,False,55.0931,33.323,5.269,1.905,True,320,240,0,False,60.00,0.1000,0.036062,-0.051842,0.284287,0.440443,0.188691,-0.101584,0.871830,1517
119.7638,inicio,False,55.0931,33.323,5.550,2.214,True,320,240,0,False,60.00,0.1000,0.036062,-0.051842,0.284287,0.440443,0.188691,-0.101584,0.871830,1518
119.8968,inicio,False,55.0931,33.322,4.874,1.728,True,320,240,0,False,60.00,0.1000,0.036062,-0.051842,0.284287,0.440443,0.188691,-0.101584,0.871830,1520
119.9969,inicio,False,55.0931,33.324,6.195,1.460,True,320,240,0,False,60.00,0.1000,0.036062,-0.051842,0.284287,0.440443,0.188691,-0.101584,0.871830,1522
120.0971,inicio,False,55.0931,33.321,5.457,1.620,True,320,240,0,False,60.00,0.1000,0.036062,-0.051842,0.284287,0.440443,0.188691,-0.101584,0.871830,1523
120.2303,inicio,False,55.0931,33.322,5.375,1.772,True,320,240,0,False,60.00,0.1000,0.036062,-0.051842,0.284287,0.440443,0.188691,-0.101584,0.871830,1525
120.3635,inicio,False,55.0931,33.322,5.340,4.455,True,320,240,0,False,60.00,0.1000,0.036062,-0.051842,0.284287,0.440443,0.188691,-0.101584,0.871830,1527
120.4970,inicio,False,55.0931,33.322,5.283,1.470,True,320,240,0,False,60.00,0.1000,0.036062,-0.051842,0.284287,0.440443,0.188691,-0.101584,0.871830,1529
120.6300,inicio,False,55.0931,33.324,5.402,2.013,True,320,240,0,False,60.00,0.1000,0.036062,-0.051842,0.284287,0.440443,0.188691,-0.101584,0.871830,1531
120.7309,inicio,False,55.0931,33.323,6.487,1.934,True,320,240,0,False,60.00,0.1000,0.036062,-0.051842,0.284287,0.440443,0.188691,-0.101584,0.871830,1533
120.8634,inicio,False,55.0931,33.323,5.571,2.063,True,320,240,0,False,60.00,0.1000,0.036062,-0.051842,0.284287,0.440443,0.188691,-0.101584,0.871830,1535
120.9967,inicio,False,55.0931,33.322,6.762,1.702,True,320,240,0,False,60.00,0.1000,0.036062,-0.051842,0.284287,0.440443,0.188691,-0.101584,0.871830,1537
121.1299,inicio,False,55.0931,33.323,5.175,1.652,True,320,240,0,False,60.00,0.1000,0.036062,-0.051842,0.284287,0.440443,0.188691,-0.101584,0.871830,1539
121.2300,inicio,False,55.0931,33.322,5.275,2.649,True,320,240,0,False,60.00,0.1000,0.036062,-0.051842,0.284287,0.440443,0.188691,-0.101584,0.871830,1540
121.3300,inicio,False,55.0931,33.327,5.511,3.500,True,320,240,0,False,60.00,0.1000,0.036062,-0.051842,0.284287,0.440443,0.188691,-0.101584,0.871830,1542
121.4303,inicio,False,55.0931,33.323,5.346,3.481,True,320,240,0,False,60.00,0.1000,0.036062,-0.051842,0.284287,0.440443,0.188691,-0.101584,0.871830,1543
121.5630,inicio,False,55.0931,33.322,5.347,1.476,True,320,240,0,False,60.00,0.1000,0.036062,-0.051842,0.284287,0.440443,0.188691,-0.101584,0.871830,1545
121.6633,inicio,False,55.0931,33.321,5.729,1.878,True,320,240,0,False,60.00,0.1000,0.036062,-0.051842,0.284287,0.440443,0.188691,-0.101584,0.871830,1547
121.7966,inicio,False,55.0931,33.326,5.363,2.054,True,320,240,0,False,60.00,0.1000,0.036062,-0.051842,0.284287,0.440443,0.188691,-0.101584,0.871830,1549
121.9297,inicio,False,55.0931,33.322,5.182,2.159,True,320,240,0,False,60.00,0.1000,0.036062,-0.051842,0.284287,0.440443,0.188691,-0.101584,0.871830,1551
122.0628,inicio,False,55.0931,33.323,5.468,1.860,True,320,240,0,False,60.00,0.1000,0.036062,-0.051842,0.284287,0.440443,0.188691,-0.101584,0.871830,1553
122.1628,inicio,False,55.0931,33.323,5.467,1.680,True,320,240,0,False,60.00,0.1000,0.036062,-0.051842,0.284287,0.440443,0.188691,-0.101584,0.871830,1554
122.2629,inicio,False,55.0931,33.322,5.435,1.851,True,320,240,0,False,60.00,0.1000,0.036062,-0.051842,0.284287,0.440443,0.188691,-0.101584,0.871830,1556
122.3631,inicio,False,55.0931,33.323,5.671,1.513,True,320,240,0,False,60.00,0.1000,0.036062,-0.051842,0.284287,0.440443,0.188691,-0.101584,0.871830,1557
122.4963,inicio,False,55.0931,33.323,5.461,1.447,True,320,240,0,False,60.00,0.1000,0.036062,-0.051842,0.284287,0.440443,0.188691,-0.101584,0.871830,1559
122.5968,inicio,False,55.0931,33.322,5.395,1.849,True,320,240,0,False,60.00,0.1000,0.036062,-0.051842,0.284287,0.440443,0.188691,-0.101584,0.871830,1561
122.7299,inicio,False,55.0931,33.324,5.624,7.393,True,320,240,0,False,60.00,0.1000,0.036062,-0.051842,0.284287,0.440443,0.188691,-0.101584,0.871830,1563
122.8304,inicio,False,55.0931,33.324,5.965,5.209,True,320,240,0,False,60.00,0.1000,0.036062,-0.051842,0.284287,0.440443,0.188691,-0.101584,0.871830,1564
122.9625,inicio,False,55.0931,33.320,4.940,1.659,True,320,240,0,False,60.00,0.1000,0.036062,-0.051842,0.284287,0.440443,0.188691,-0.101584,0.871830,1566
123.0958,inicio,False,55.0931,33.321,5.277,1.941,True,320,240,0,False,60.00,0.1000,0.036062,-0.051842,0.284287,0.440443,0.188691,-0.101584,0.871830,1568
123.1961,inicio,False,55.0931,33.322,5.127,1.920,True,320,240,0,False,60.00,0.1000,0.036062,-0.051842,0.284287,0.440443,0.188691,-0.101584,0.871830,1570
123.2963,inicio,False,55.0931,33.320,5.655,1.910,True,320,240,0,False,60.00,0.1000,0.036062,-0.051842,0.284287,0.440443,0.188691,-0.101584,0.871830,1571
123.4292,inicio,False,55.0931,33.323,5.683,1.933,True,320,240,0,False,60.00,0.1000,0.036062,-0.051842,0.284287,0.440443,0.188691,-0.101584,0.871830,1573
123.5625,inicio,False,55.0931,33.323,6.572,1.752,True,320,240,0,False,60.00,0.1000,0.036062,-0.051842,0.284287,0.440443,0.188691,-0.101584,0.871830,1575
123.6956,inicio,False,55.0931,33.322,5.607,2.125,True,320,240,0,False,60.00,0.1000,0.036062,-0.051842,0.284287,0.440443,0.188691,-0.101584,0.871830,1577
123.7957,inicio,False,55.0931,33.327,6.486,2.104,True,320,240,0,False,60.00,0.1000,0.036062,-0.051842,0.284287,0.440443,0.188691,-0.101584,0.871830,1579
123.9300,inicio,False,55.0931,33.323,5.701,1.753,True,320,240,0,False,60.00,0.1000,0.036062,-0.051842,0.284287,0.440443,0.188691,-0.101584,0.871830,1581
124.0626,inicio,False,55.0931,33.325,5.532,3.914,True,320,240,0,False,60.00,0.1000,0.036062,-0.051842,0.284287,0.440443,0.188691,-0.101584,0.871830,1583
124.1970,inicio,False,55.0931,33.323,5.449,1.658,True,320,240,0,False,60.00,0.1000,0.036062,-0.051842,0.284287,0.440443,0.188691,-0.101584,0.871830,1585
124.3300,inicio,False,55.0931,33.321,5.473,2.218,True,320,240,0,False,60.00,0.1000,0.036062,-0.051842,0.284287,0.440443,0.188691,-0.101584,0.871830,1587
124.4623,inicio,False,55.0931,33.324,5.696,2.206,True,320,240,0,False,60.00,0.1000,0.036062,-0.051842,0.284287,0.440443,0.188691,-0.101584,0.871830,1589
124.5954,inicio,False,55.0931,33.322,5.554,1.788,True,320,240,0,False,60.00,0.1000,0.036062,-0.051842,0.284287,0.440443,0.188691,-0.101584,0.871830,1591
124.6964,inicio,False,55.0931,33.322,5.592,1.733,True,320,240,0,False,60.00,0.1000,0.036062,-0.051842,0.284287,0.440443,0.188691,-0.101584,0.871830,1592
124.8289,inicio,False,55.0931,33.322,5.658,6.962,True,320,240,0,False,60.00,0.1000,0.036062,-0.051842,0.284287,0.440443,0.188691,-0.101584,0.871830,1594
124.9623,inicio,False,55.0931,33.331,5.499,3.267,True,320,240,0,False,60.00,0.1000,0.036062,-0.051842,0.284287,0.440443,0.188691,-0.101584,0.871830,1596
125.0626,inicio,False,55.0931,33.323,5.168,1.924,True,320,240,0,False,60.00,0.1000,0.036062,-0.051842,0.284287,0.440443,0.188691,-0.101584,0.871830,1598
125.1627,inicio,False,55.0931,33.319,5.128,1.898,True,320,240,0,False,60.00,0.1000,0.036062,-0.051842,0.284287,0.440443,0.188691,-0.101584,0.871830,1599
125.2952,inicio,False,55.0931,33.315,5.093,1.486,True,320,240,0,False,60.00,0.1000,0.036062,-0.051842,0.284287,0.440443,0.188691,-0.101584,0.871830,1601
125.4283,inicio,False,55.0931,33.312,5.691,1.642,True,320,240,0,False,60.00,0.1000,0.036062,-0.051842,0.284287,0.440443,0.188691,-0.101584,0.871830,1603
125.5286,inicio,False,55.0931,33.339,5.552,1.951,True,320,240,0,False,60.00,0.1000,0.036062,-0.051842,0.284287,0.440443,0.188691,-0.101584,0.871830,1605
125.6287,inicio,False,55.0931,33.321,5.226,2.278,True,320,240,0,False,60.00,0.1000,0.036062,-0.051842,0.284287,0.440443,0.188691,-0.101584,0.871830,1606
125.7287,inicio,False,55.0931,33.320,5.561,2.196,True,320,240,0,False,60.00,0.1000,0.036062,-0.051842,0.284287,0.440443,0.188691,-0.101584,0.871830,1608
125.8645,inicio,False,55.0931,33.322,5.343,2.289,True,320,240,0,False,60.00,0.1000,0.036062,-0.051842,0.284287,0.440443,0.188691,-0.101584,0.871830,1610
125.9954,inicio,False,55.0931,33.321,6.098,1.836,True,320,240,0,False,60.00,0.1000,0.036062,-0.051842,0.284287,0.440443,0.188691,-0.101584,0.871830,1612
126.1285,inicio,False,55.0931,33.323,5.478,1.929,True,320,240,0,False,60.00,0.1000,0.036062,-0.051842,0.284287,0.440443,0.188691,-0.101584,0.871830,1614
126.2618,inicio,False,55.0931,33.322,5.605,2.161,True,320,240,0,False,60.00,0.1000,0.036062,-0.051842,0.284287,0.440443,0.188691,-0.101584,0.871830,1616
126.3949,inicio,False,55.0931,33.322,6.544,1.617,True,320,240,0,False,60.00,0.1000,0.036062,-0.051842,0.284287,0.440443,0.188691,-0.101584,0.871830,1618
126.4952,inicio,False,55.0931,33.323,5.503,1.889,True,320,240,0,False,60.00,0.1000,0.036062,-0.051842,0.284287,0.440443,0.188691,-0.101584,0.871830,1619
126.6283,inicio,False,55.0931,33.322,5.430,1.645,True,320,240,0,False,60.00,0.1000,0.036062,-0.051842,0.284287,0.440443,0.188691,-0.101584,0.871830,1621
126.7612,inicio,False,55.0931,33.323,6.332,1.929,True,320,240,0,False,60.00,0.1000,0.036062,-0.051842,0.284287,0.440443,0.188691,-0.101584,0.871830,1623
126.8616,inicio,False,55.0931,33.323,5.178,2.255,True,320,240,0,False,60.00,0.1000,0.036062,-0.051842,0.284287,0.440443,0.188691,-0.101584,0.871830,1625
126.9947,inicio,False,55.0931,33.325,4.996,1.570,True,320,240,0,False,60.00,0.1000,0.036062,-0.051842,0.284287,0.440443,0.188691,-0.101584,0.871830,1627
127.1297,inicio,False,55.0931,33.323,5.275,2.170,True,320,240,0,False,60.00,0.1000,0.036062,-0.051842,0.284287,0.440443,0.188691,-0.101584,0.871830,1629
127.2629,inicio,False,55.0931,33.324,5.611,1.849,True,320,240,0,False,60.00,0.1000,0.036062,-0.051842,0.284287,0.440443,0.188691,-0.101584,0.871830,1631
127.3944,inicio,False,55.0931,33.323,5.806,1.649,True,320,240,0,False,60.00,0.1000,0.036062,-0.051842,0.284287,0.440443,0.188691,-0.101584,0.871830,1633
127.5280,inicio,False,55.0931,33.322,5.995,1.646,True,320,240,0,False,60.00,0.1000,0.036062,-0.051842,0.284287,0.440443,0.188691,-0.101584,0.871830,1635
127.6608,inicio,False,55.0931,33.323,4.977,1.621,True,320,240,0,False,60.00,0.1000,0.036062,-0.051842,0.284287,0.440443,0.188691,-0.101584,0.871830,1637
127.7611,inicio,False,55.0931,33.322,5.162,1.396,True,320,240,0,False,60.00,0.1000,0.036062,-0.051842,0.284287,0.440443,0.188691,-0.101584,0.871830,1638
127.8941,inicio,False,55.0931,33.320,6.806,2.044,True,320,240,0,False,60.00,0.1000,0.036062,-0.051842,0.284287,0.440443,0.188691,-0.101584,0.871830,1640
127.9942,inicio,False,55.0931,33.322,5.667,2.139,True,320,240,0,False,60.00,0.1000,0.036062,-0.051842,0.284287,0.440443,0.188691,-0.101584,0.871830,1642
128.0942,inicio,False,55.0931,33.321,5.178,2.097,True,320,240,0,False,60.00,0.1000,0.036062,-0.051842,0.284287,0.440443,0.188691,-0.101584,0.871830,1643
128.2275,inicio,False,55.0931,33.322,5.249,1.856,True,320,240,0,False,60.00,0.1000,0.036062,-0.051842,0.284287,0.440443,0.188691,-0.101584,0.871830,1645
128.3609,inicio,False,55.0931,33.322,6.463,2.019,True,320,240,0,False,60.00,0.1000,0.036062,-0.051842,0.284287,0.440443,0.188691,-0.101584,0.871830,1647
128.4610,inicio,False,55.0931,33.323,3.974,1.488,True,320,240,0,False,60.00,0.1000,0.036062,-0.051842,0.284287,0.440443,0.188691,-0.101584,0.871830,1649
128.5940,inicio,False,55.0931,33.322,5.374,1.455,True,320,240,0,False,60.00,0.1000,0.036062,-0.051842,0.284287,0.440443,0.188691,-0.101584,0.871830,1651
128.6948,inicio,False,55.0931,33.322,5.715,1.955,True,320,240,0,False,60.00,0.1000,0.036062,-0.051842,0.284287,0.440443,0.188691,-0.101584,0.871830,1652
128.8273,inicio,False,55.0931,33.322,5.970,1.573,True,320,240,0,False,60.00,0.1000,0.036062,-0.051842,0.284287,0.440443,0.188691,-0.101584,0.871830,1654
128.9607,inicio,False,55.0931,33.322,6.185,1.468,True,320,240,0,False,60.00,0.1000,0.036062,-0.051842,0.284287,0.440443,0.188691,-0.101584,0.871830,1656
129.0940,inicio,False,55.0931,33.322,5.541,1.933,True,320,240,0,False,60.00,0.1000,0.036062,-0.051842,0.284287,0.440443,0.188691,-0.101584,0.871830,1658
129.2271,inicio,False,55.0931,33.322,5.144,1.994,True,320,240,0,False,60.00,0.1000,0.036062,-0.051842,0.284287,0.440443,0.188691,-0.101584,0.871830,1660
129.3272,inicio,False,55.0931,33.322,5.488,1.592,True,320,240,0,False,60.00,0.1000,0.036062,-0.051842,0.284287,0.440443,0.188691,-0.101584,0.871830,1662
129.4272,inicio,False,55.0931,33.321,5.618,1.864,True,320,240,0,False,60.00,0.1000,0.036062,-0.051842,0.284287,0.440443,0.188691,-0.101584,0.871830,1663
129.5273,inicio,False,55.0931,33.321,5.296,1.990,True,320,240,0,False,60.00,0.1000,0.036062,-0.051842,0.284287,0.440443,0.188691,-0.101584,0.871830,1665
129.6278,inicio,False,55.0931,33.322,5.130,1.758,True,320,240,0,False,60.00,0.1000,0.036062,-0.051842,0.284287,0.440443,0.188691,-0.101584,0.871830,1666
129.7623,inicio,False,55.0931,33.322,5.167,1.529,True,320,240,0,False,60.00,0.1000,0.036062,-0.051842,0.284287,0.440443,0.188691,-0.101584,0.871830,1668
129.8935,inicio,False,55.0931,33.324,5.488,1.771,True,320,240,0,False,60.00,0.1000,0.036062,-0.051842,0.284287,0.440443,0.188691,-0.101584,0.871830,1670
130.0272,inicio,False,55.0931,33.322,5.454,1.964,True,320,240,0,False,60.00,0.1000,0.036062,-0.051842,0.284287,0.440443,0.188691,-0.101584,0.871830,1672
130.1604,inicio,False,55.0931,33.324,7.456,1.946,True,320,240,0,False,60.00,0.1000,0.036062,-0.051842,0.284287,0.440443,0.188691,-0.101584,0.871830,1674
130.2934,inicio,False,55.0931,33.323,5.579,1.923,True,320,240,0,False,60.00,0.1000,0.036062,-0.051842,0.284287,0.440443,0.188691,-0.101584,0.871830,1676
130.3934,inicio,False,55.0931,33.322,6.755,1.532,True,320,240,0,False,60.00,0.1000,0.036062,-0.051842,0.284287,0.440443,0.188691,-0.101584,0.871830,1678
130.5268,inicio,False,55.0931,33.321,5.680,1.880,True,320,240,0,False,60.00,0.1000,0.036062,-0.051842,0.284287,0.440443,0.188691,-0.101584,0.871830,1680
130.6608,inicio,False,55.0931,33.321,5.162,1.905,True,320,240,0,False,60.00,0.1000,0.036062,-0.051842,0.284287,0.440443,0.188691,-0.101584,0.871830,1682
130.7933,inicio,False,55.0931,33.322,7.866,3.216,True,320,240,0,False,60.00,0.1000,0.036062,-0.051842,0.284287,0.440443,0.188691,-0.101584,0.871830,1684
130.8933,inicio,False,55.0931,33.323,6.512,1.697,True,320,240,0,False,60.00,0.1000,0.036062,-0.051842,0.284287,0.440443,0.188691,-0.101584,0.871830,1685
130.9933,inicio,False,55.0931,33.322,5.214,1.940,True,320,240,0,False,60.00,0.1000,0.036062,-0.051842,0.284287,0.440443,0.188691,-0.101584,0.871830,1687
131.1268,inicio,False,55.0931,33.322,7.123,2.509,True,320,240,0,False,60.00,0.1000,0.036062,-0.051842,0.284287,0.440443,0.188691,-0.101584,0.871830,1689
131.2602,inicio,False,55.0931,33.321,5.326,1.911,True,320,240,0,False,60.00,0.1000,0.036062,-0.051842,0.284287,0.440443,0.188691,-0.101584,0.871830,1691
131.3603,inicio,False,55.0931,33.321,5.926,1.683,True,320,240,0,False,60.00,0.1000,0.036062,-0.051842,0.284287,0.440443,0.188691,-0.101584,0.871830,1692
131.4933,inicio,False,55.0931,33.323,6.204,1.458,True,320,240,0,False,60.00,0.1000,0.036062,-0.051842,0.284287,0.440443,0.188691,-0.101584,0.871830,1694
131.6266,inicio,False,55.0931,33.323,5.182,1.787,True,320,240,0,False,60.00,0.1000,0.036062,-0.051842,0.284287,0.440443,0.188691,-0.101584,0.871830,1696
131.7606,inicio,False,55.0931,33.324,5.367,1.488,True,320,240,0,False,60.00,0.1000,0.036062,-0.051842,0.284287,0.440443,0.188691,-0.101584,0.871830,1698
131.8930,inicio,False,55.0931,33.323,5.548,1.633,True,320,240,0,False,60.00,0.1000,0.036062,-0.051842,0.284287,0.440443,0.188691,-0.101584,0.871830,1700
132.0264,inicio,False,55.0931,33.322,10.461,3.639,True,320,240,0,False,60.00,0.1000,0.036062,-0.051842,0.284287,0.440443,0.188691,-0.101584,0.871830,1702
132.1599,inicio,False,55.0931,33.322,5.598,2.000,True,320,240,0,False,60.00,0.1000,0.036062,-0.051842,0.284287,0.440443,0.188691,-0.101584,0.871830,1704
132.2931,inicio,False,55.0931,33.320,6.352,4.376,True,320,240,0,False,60.00,0.1000,0.036062,-0.051842,0.284287,0.440443,0.188691,-0.101584,0.871830,1706
132.3931,inicio,False,55.0931,33.322,5.397,1.876,True,320,240,0,False,60.00,0.1000,0.036062,-0.051842,0.284287,0.440443,0.188691,-0.101584,0.871830,1708
132.5261,inicio,False,55.0931,33.323,5.391,1.483,True,320,240,0,False,60.00,0.1000,0.036062,-0.051842,0.284287,0.440443,0.188691,-0.101584,0.871830,1710
132.6267,inicio,False,55.0931,33.322,5.682,1.859,True,320,240,0,False,60.00,0.1000,0.036062,-0.051842,0.284287,0.440443,0.188691,-0.101584,0.871830,1711
132.7593,inicio,False,55.0931,33.327,5.242,1.894,True,320,240,0,False,60.00,0.1000,0.036062,-0.051842,0.284287,0.440443,0.188691,-0.101584,0.871830,1713
132.8594,inicio,False,55.0931,33.322,7.399,1.487,True,320,240,0,False,60.00,0.1000,0.036062,-0.051842,0.284287,0.440443,0.188691,-0.101584,0.871830,1715
132.9610,inicio,False,55.0931,33.323,5.177,1.680,True,320,240,0,False,60.00,0.1000,0.036062,-0.051842,0.284287,0.440443,0.188691,-0.101584,0.871830,1716
133.0936,inicio,False,55.0931,33.322,5.847,1.375,True,320,240,0,False,60.00,0.1000,0.036062,-0.051842,0.284287,0.440443,0.188691,-0.101584,0.871830,1718
133.2259,inicio,False,55.0931,33.321,14.117,7.137,True,320,240,0,False,60.00,0.1000,0.036062,-0.051842,0.284287,0.440443,0.188691,-0.101584,0.871830,1720
133.3272,inicio,False,55.0931,33.320,5.371,1.961,True,320,240,0,False,60.00,0.1000,0.036062,-0.051842,0.284287,0.440443,0.188691,-0.101584,0.871830,1722
133.4593,inicio,False,55.0931,33.321,5.761,1.841,True,320,240,0,False,60.00,0.1000,0.036062,-0.051842,0.284287,0.440443,0.188691,-0.101584,0.871830,1724
133.5925,inicio,False,55.0931,33.326,5.522,2.093,True,320,240,0,False,60.00,0.1000,0.036062,-0.051842,0.284287,0.440443,0.188691,-0.101584,0.871830,1726
133.7259,inicio,False,55.0931,33.322,5.511,1.993,True,320,240,0,False,60.00,0.1000,0.036062,-0.051842,0.284287,0.440443,0.188691,-0.101584,0.871830,1728
133.8265,inicio,False,55.0931,33.321,5.259,1.803,True,320,240,0,False,60.00,0.1000,0.036062,-0.051842,0.284287,0.440443,0.188691,-0.101584,0.871830,1729
133.9591,inicio,False,55.0931,33.320,5.596,4.677,True,320,240,0,False,60.00,0.1000,0.036062,-0.051842,0.284287,0.440443,0.188691,-0.101584,0.871830,1731
134.0595,inicio,False,55.0931,33.321,8.429,1.524,True,320,240,0,False,60.00,0.1000,0.036062,-0.051842,0.284287,0.440443,0.188691,-0.101584,0.871830,1733
134.1924,inicio,False,55.0931,33.331,6.413,1.624,True,320,240,0,False,60.00,0.1000,0.036062,-0.051842,0.284287,0.440443,0.188691,-0.101584,0.871830,1735
134.2925,inicio,False,55.0931,33.331,5.745,1.756,True,320,240,0,False,60.00,0.1000,0.036062,-0.051842,0.284287,0.440443,0.188691,-0.101584,0.871830,1736
134.4255,inicio,False,55.0931,33.320,5.301,3.164,True,320,240,0,False,60.00,0.1000,0.036062,-0.051842,0.284287,0.440443,0.188691,-0.101584,0.871830,1738
134.5586,inicio,False,55.0931,33.313,5.163,2.100,True,320,240,0,False,60.00,0.1000,0.036062,-0.051842,0.284287,0.440443,0.188691,-0.101584,0.871830,1740
134.6587,inicio,False,55.0931,33.310,5.571,1.907,True,320,240,0,False,60.00,0.1000,0.036062,-0.051842,0.284287,0.440443,0.188691,-0.101584,0.871830,1742
134.7592,inicio,False,55.0931,33.322,5.677,2.545,True,320,240,0,False,60.00,0.1000,0.036062,-0.051842,0.284287,0.440443,0.188691,-0.101584,0.871830,1743
134.8594,inicio,False,55.0931,33.322,5.438,2.173,True,320,240,0,False,60.00,0.1000,0.036062,-0.051842,0.284287,0.440443,0.188691,-0.101584,0.871830,1745
134.9921,inicio,False,55.0931,33.321,5.756,1.383,True,320,240,0,False,60.00,0.1000,0.036062,-0.051842,0.284287,0.440443,0.188691,-0.101584,0.871830,1747
135.1252,inicio,False,55.0931,33.322,6.507,1.952,True,320,240,0,False,60.00,0.1000,0.036062,-0.051842,0.284287,0.440443,0.188691,-0.101584,0.871830,1749
135.2255,inicio,False,55.0931,33.323,7.732,1.689,True,320,240,0,False,60.00,0.1000,0.036062,-0.051842,0.284287,0.440443,0.188691,-0.101584,0.871830,1750
135.3589,inicio,False,55.0931,33.322,4.871,1.758,True,320,240,0,False,60.00,0.1000,0.036062,-0.051842,0.284287,0.440443,0.188691,-0.101584,0.871830,1752
135.4917,inicio,False,55.0931,33.321,5.675,1.986,True,320,240,0,False,60.00,0.1000,0.036062,-0.051842,0.284287,0.440443,0.188691,-0.101584,0.871830,1754
135.6251,inicio,False,55.0931,33.322,5.509,2.091,True,320,240,0,False,60.00,0.1000,0.036062,-0.051842,0.284287,0.440443,0.188691,-0.101584,0.871830,1756
135.7583,inicio,False,55.0931,33.323,5.531,1.977,True,320,240,0,False,60.00,0.1000,0.036062,-0.051842,0.284287,0.440443,0.188691,-0.101584,0.871830,1758
135.8588,inicio,False,55.0931,33.324,5.440,2.113,True,320,240,0,False,60.00,0.1000,0.036062,-0.051842,0.284287,0.440443,0.188691,-0.101584,0.871830,1760
135.9919,inicio,False,55.0931,33.323,5.588,1.896,True,320,240,0,False,60.00,0.1000,0.036062,-0.051842,0.284287,0.440443,0.188691,-0.101584,0.871830,1762
136.1249,inicio,False,55.0931,33.322,5.208,2.319,True,320,240,0,False,60.00,0.1000,0.036062,-0.051842,0.284287,0.440443,0.188691,-0.101584,0.871830,1764
136.2255,inicio,False,55.0931,33.325,5.651,1.857,True,320,240,0,False,60.00,0.1000,0.036062,-0.051842,0.284287,0.440443,0.188691,-0.101584,0.871830,1765
136.3596,inicio,False,55.0931,33.322,5.400,2.086,True,320,240,0,False,60.00,0.1000,0.036062,-0.051842,0.284287,0.440443,0.188691,-0.101584,0.871830,1767
136.4915,inicio,False,55.0931,33.322,5.161,2.062,True,320,240,0,False,60.00,0.1000,0.036062,-0.051842,0.284287,0.440443,0.188691,-0.101584,0.871830,1769
136.5916,inicio,False,55.0931,33.322,5.076,1.848,True,320,240,0,False,60.00,0.1000,0.036062,-0.051842,0.284287,0.440443,0.188691,-0.101584,0.871830,1771
136.7247,inicio,False,55.0931,33.321,6.282,1.979,True,320,240,0,False,60.00,0.1000,0.036062,-0.051842,0.284287,0.440443,0.188691,-0.101584,0.871830,1773
136.8588,inicio,False,55.0931,33.323,5.375,1.990,True,320,240,0,False,60.00,0.1000,0.036062,-0.051842,0.284287,0.440443,0.188691,-0.101584,0.871830,1775
136.9913,inicio,False,55.0931,33.323,5.543,1.442,True,320,240,0,False,60.00,0.1000,0.036062,-0.051842,0.284287,0.440443,0.188691,-0.101584,0.871830,1777
137.0917,inicio,False,55.0931,33.323,5.662,1.612,True,320,240,0,False,60.00,0.1000,0.036062,-0.051842,0.284287,0.440443,0.188691,-0.101584,0.871830,1778
137.1918,inicio,False,55.0931,33.322,5.158,5.843,True,320,240,0,False,60.00,0.1000,0.036062,-0.051842,0.284287,0.440443,0.188691,-0.101584,0.871830,1780
137.3245,inicio,False,55.0931,33.322,5.228,2.092,True,320,240,0,False,60.00,0.1000,0.036062,-0.051842,0.284287,0.440443,0.188691,-0.101584,0.871830,1782
137.4246,inicio,False,55.0931,33.322,5.700,3.334,True,320,240,0,False,60.00,0.1000,0.036062,-0.051842,0.284287,0.440443,0.188691,-0.101584,0.871830,1783
137.5578,inicio,False,55.0931,33.322,5.243,1.906,True,320,240,0,False,60.00,0.1000,0.036062,-0.051842,0.284287,0.440443,0.188691,-0.101584,0.871830,1785
137.6579,inicio,False,55.0931,33.322,5.405,1.972,True,320,240,0,False,60.00,0.1000,0.036062,-0.051842,0.284287,0.440443,0.188691,-0.101584,0.871830,1787
137.7909,inicio,False,55.0931,33.322,5.286,1.764,True,320,240,0,False,60.00,0.1000,0.036062,-0.051842,0.284287,0.440443,0.188691,-0.101584,0.871830,1789
137.8910,inicio,False,55.0931,33.322,5.780,1.910,True,320,240,0,False,60.00,0.1000,0.036062,-0.051842,0.284287,0.440443,0.188691,-0.101584,0.871830,1790
138.0243,inicio,False,55.0931,33.322,5.325,1.472,True,320,240,0,False,60.00,0.1000,0.036062,-0.051842,0.284287,0.440443,0.188691,-0.101584,0.871830,1792
138.1244,inicio,False,55.0931,33.323,6.029,5.214,True,320,240,0,False,60.00,0.1000,0.036062,-0.051842,0.284287,0.440443,0.188691,-0.101584,0.871830,1794
138.2575,inicio,False,55.0931,33.323,5.431,1.542,True,320,240,0,False,60.00,0.1000,0.036062,-0.051842,0.284287,0.440443,0.188691,-0.101584,0.871830,1796
138.3580,inicio,False,55.0931,33.322,4.945,1.419,True,320,240,0,False,60.00,0.1000,0.036062,-0.051842,0.284287,0.440443,0.188691,-0.101584,0.871830,1797
138.4580,inicio,False,55.0931,33.322,5.119,1.446,True,320,240,0,False,60.00,0.1000,0.036062,-0.051842,0.284287,0.440443,0.188691,-0.101584,0.871830,1799
138.5908,inicio,False,55.0931,33.324,5.257,1.510,True,320,240,0,False,60.00,0.1000,0.036062,-0.051842,0.284287,0.440443,0.188691,-0.101584,0.871830,1801
138.6910,inicio,False,55.0931,33.323,5.748,1.567,True,320,240,0,False,60.00,0.1000,0.036062,-0.051842,0.284287,0.440443,0.188691,-0.101584,0.871830,1802
138.8241,inicio,False,55.0931,33.324,6.128,7.108,True,320,240,0,False,60.00,0.1000,0.036062,-0.051842,0.284287,0.440443,0.188691,-0.101584,0.871830,1804
138.9241,inicio,False,55.0931,33.322,4.963,6.336,True,320,240,0,False,60.00,0.1000,0.036062,-0.051842,0.284287,0.440443,0.188691,-0.101584,0.871830,1806
139.0573,inicio,False,55.0931,33.321,5.418,1.523,True,320,240,0,False,60.00,0.1000,0.036062,-0.051842,0.284287,0.440443,0.188691,-0.101584,0.871830,1808
139.1923,inicio,False,55.0931,33.320,5.020,1.879,True,320,240,0,False,60.00,0.1000,0.036062,-0.051842,0.284287,0.440443,0.188691,-0.101584,0.871830,1810
139.3238,inicio,False,55.0931,33.322,6.760,2.372,True,320,240,0,False,60.00,0.1000,0.036062,-0.051842,0.284287,0.440443,0.188691,-0.101584,0.871830,1812
139.4238,inicio,False,55.0931,33.322,5.671,6.058,True,320,240,0,False,60.00,0.1000,0.036062,-0.051842,0.284287,0.440443,0.188691,-0.101584,0.871830,1813
139.5242,inicio,False,55.0931,33.322,8.108,1.531,True,320,240,0,False,60.00,0.1000,0.036062,-0.051842,0.284287,0.440443,0.188691,-0.101584,0.871830,1815
139.6574,inicio,False,55.0931,33.322,6.058,1.658,True,320,240,0,False,60.00,0.1000,0.036062,-0.051842,0.284287,0.440443,0.188691,-0.101584,0.871830,1817
139.7906,inicio,False,55.0931,33.322,5.010,1.813,True,320,240,0,False,60.00,0.1000,0.036062,-0.051842,0.284287,0.440443,0.188691,-0.101584,0.871830,1819
139.9237,inicio,False,55.0931,33.323,5.569,1.903,True,320,240,0,False,60.00,0.1000,0.036062,-0.051842,0.284287,0.440443,0.188691,-0.101584,0.871830,1821
140.0579,inicio,False,55.0931,33.322,4.850,1.637,True,320,240,0,False,60.00,0.1000,0.036062,-0.051842,0.284287,0.440443,0.188691,-0.101584,0.871830,1823
140.1902,inicio,False,55.0931,33.322,5.428,1.882,True,320,240,0,False,60.00,0.1000,0.036062,-0.051842,0.284287,0.440443,0.188691,-0.101584,0.871830,1825
140.2903,inicio,False,55.0931,33.322,5.405,1.635,True,320,240,0,False,60.00,0.1000,0.036062,-0.051842,0.284287,0.440443,0.188691,-0.101584,0.871830,1826
140.4235,inicio,False,55.0931,33.325,5.466,7.130,True,320,240,0,False,60.00,0.1000,0.036062,-0.051842,0.284287,0.440443,0.188691,-0.101584,0.871830,1828
140.5236,inicio,False,55.0931,33.323,5.350,1.619,True,320,240,0,False,60.00,0.1000,0.036062,-0.051842,0.284287,0.440443,0.188691,-0.101584,0.871830,1830
140.6567,inicio,False,55.0931,33.322,5.547,1.630,True,320,240,0,False,60.00,0.1000,0.036062,-0.051842,0.284287,0.440443,0.188691,-0.101584,0.871830,1832
140.7568,inicio,False,55.0931,33.324,5.484,1.763,True,320,240,0,False,60.00,0.1000,0.036062,-0.051842,0.284287,0.440443,0.188691,-0.101584,0.871830,1833
140.8571,inicio,False,55.0931,33.322,5.074,1.695,True,320,240,0,False,60.00,0.1000,0.036062,-0.051842,0.284287,0.440443,0.188691,-0.101584,0.871830,1835
140.9902,inicio,False,55.0931,33.323,5.046,1.921,True,320,240,0,False,60.00,0.1000,0.036062,-0.051842,0.284287,0.440443,0.188691,-0.101584,0.871830,1837
141.1233,inicio,False,55.0931,33.321,5.988,1.870,True,320,240,0,False,60.00,0.1000,0.036062,-0.051842,0.284287,0.440443,0.188691,-0.101584,0.871830,1839
141.2566,inicio,False,55.0931,33.320,6.898,3.996,True,320,240,0,False,60.00,0.1000,0.036062,-0.051842,0.284287,0.440443,0.188691,-0.101584,0.871830,1841
141.3900,inicio,False,55.0931,33.329,5.167,4.792,True,320,240,0,False,60.00,0.1000,0.036062,-0.051842,0.284287,0.440443,0.188691,-0.101584,0.871830,1843
141.5231,inicio,False,55.0931,33.319,5.845,2.052,True,320,240,0,False,60.00,0.1000,0.036062,-0.051842,0.284287,0.440443,0.188691,-0.101584,0.871830,1845
141.6235,inicio,False,55.0931,33.322,6.561,1.646,True,320,240,0,False,60.00,0.1000,0.036062,-0.051842,0.284287,0.440443,0.188691,-0.101584,0.871830,1846
141.7571,inicio,False,55.0931,33.320,5.520,1.898,True,320,240,0,False,60.00,0.1000,0.036062,-0.051842,0.284287,0.440443,0.188691,-0.101584,0.871830,1848
141.8898,inicio,False,55.0931,33.338,5.063,1.489,True,320,240,0,False,60.00,0.1000,0.036062,-0.051842,0.284287,0.440443,0.188691,-0.101584,0.871830,1850
142.0232,inicio,False,55.0931,33.322,5.326,2.237,True,320,240,0,False,60.00,0.1000,0.036062,-0.051842,0.284287,0.440443,0.188691,-0.101584,0.871830,1852
142.1579,inicio,False,55.0931,33.323,5.219,1.901,True,320,240,0,False,60.00,0.1000,0.036062,-0.051842,0.284287,0.440443,0.188691,-0.101584,0.871830,1854
142.2898,inicio,False,55.0931,33.321,4.987,1.963,True,320,240,0,False,60.00,0.1000,0.036062,-0.051842,0.284287,0.440443,0.188691,-0.101584,0.871830,1856
142.4229,inicio,False,55.0931,33.322,7.107,1.881,True,320,240,0,False,60.00,0.1000,0.036062,-0.051842,0.284287,0.440443,0.188691,-0.101584,0.871830,1858
142.5577,inicio,False,55.0931,33.324,6.028,6.013,True,320,240,0,False,60.00,0.1000,0.036062,-0.051842,0.284287,0.440443,0.188691,-0.101584,0.871830,1860
142.6902,inicio,False,55.0931,33.333,6.152,1.513,True,320,240,0,False,60.00,0.1000,0.036062,-0.051842,0.284287,0.440443,0.188691,-0.101584,0.871830,1862
142.8233,inicio,False,55.0931,33.321,5.974,1.535,True,320,240,0,False,60.00,0.1000,0.036062,-0.051842,0.284287,0.440443,0.188691,-0.101584,0.871830,1864
142.9561,inicio,False,55.0931,33.314,6.379,1.721,True,320,240,0,False,60.00,0.1000,0.036062,-0.051842,0.284287,0.440443,0.188691,-0.101584,0.871830,1866
143.0563,inicio,False,55.0931,33.318,5.492,2.654,True,320,240,0,False,60.00,0.1000,0.036062,-0.051842,0.284287,0.440443,0.188691,-0.101584,0.871830,1868
143.1895,inicio,False,55.0931,33.306,5.529,1.626,True,320,240,0,False,60.00,0.1000,0.036062,-0.051842,0.284287,0.440443,0.188691,-0.101584,0.871830,1870
143.2900,inicio,False,55.0931,33.319,5.985,1.568,True,320,240,0,False,60.00,0.1000,0.036062,-0.051842,0.284287,0.440443,0.188691,-0.101584,0.871830,1871
143.4229,inicio,False,55.0931,33.321,5.316,2.119,True,320,240,0,False,60.00,0.1000,0.036062,-0.051842,0.284287,0.440443,0.188691,-0.101584,0.871830,1873
143.5558,inicio,False,55.0931,33.321,5.305,2.171,True,320,240,0,False,60.00,0.1000,0.036062,-0.051842,0.284287,0.440443,0.188691,-0.101584,0.871830,1875
143.6563,inicio,False,55.0931,33.321,6.793,1.966,True,320,240,0,False,60.00,0.1000,0.036062,-0.051842,0.284287,0.440443,0.188691,-0.101584,0.871830,1877
143.7891,inicio,False,55.0931,33.322,5.805,2.854,True,320,240,0,False,60.00,0.1000,0.036062,-0.051842,0.284287,0.440443,0.188691,-0.101584,0.871830,1879
143.8893,inicio,False,55.0931,33.322,5.588,2.131,True,320,240,0,False,60.00,0.1000,0.036062,-0.051842,0.284287,0.440443,0.188691,-0.101584,0.871830,1880
143.9894,inicio,False,55.0931,33.321,6.134,7.842,True,320,240,0,False,60.00,0.1000,0.036062,-0.051842,0.284287,0.440443,0.188691,-0.101584,0.871830,1882
144.0897,inicio,False,55.0931,33.322,7.828,8.037,True,320,240,0,False,60.00,0.1000,0.036062,-0.051842,0.284287,0.440443,0.188691,-0.101584,0.871830,1883
144.2223,inicio,False,55.0931,33.322,5.418,2.009,True,320,240,0,False,60.00,0.1000,0.036062,-0.051842,0.284287,0.440443,0.188691,-0.101584,0.871830,1885
144.3557,inicio,False,55.0931,33.322,5.644,1.966,True,320,240,0,False,60.00,0.1000,0.036062,-0.051842,0.284287,0.440443,0.188691,-0.101584,0.871830,1887
144.4557,inicio,False,55.0931,33.322,5.454,2.086,True,320,240,0,False,60.00,0.1000,0.036062,-0.051842,0.284287,0.440443,0.188691,-0.101584,0.871830,1889
144.5890,inicio,False,55.0931,33.322,5.317,2.059,True,320,240,0,False,60.00,0.1000,0.036062,-0.051842,0.284287,0.440443,0.188691,-0.101584,0.871830,1891
144.6890,inicio,False,55.0931,33.322,5.300,1.772,True,320,240,0,False,60.00,0.1000,0.036062,-0.051842,0.284287,0.440443,0.188691,-0.101584,0.871830,1892
144.7905,inicio,False,55.0931,33.322,4.844,1.791,True,320,240,0,False,60.00,0.1000,0.036062,-0.051842,0.284287,0.440443,0.188691,-0.101584,0.871830,1894
144.9221,inicio,False,55.0931,33.323,5.449,2.476,True,320,240,0,False,60.00,0.1000,0.036062,-0.051842,0.284287,0.440443,0.188691,-0.101584,0.871830,1896
145.0228,inicio,False,55.0931,33.323,6.105,2.418,True,320,240,0,False,60.00,0.1000,0.036062,-0.051842,0.284287,0.440443,0.188691,-0.101584,0.871830,1897
145.1554,inicio,False,55.0931,33.323,5.246,1.471,True,320,240,0,False,60.00,0.1000,0.036062,-0.051842,0.284287,0.440443,0.188691,-0.101584,0.871830,1899
145.2887,inicio,False,55.0931,33.324,6.586,2.017,True,320,240,0,False,60.00,0.1000,0.036062,-0.051842,0.284287,0.440443,0.188691,-0.101584,0.871830,1901
145.4224,inicio,False,55.0931,33.322,4.932,3.565,True,320,240,0,False,60.00,0.1000,0.036062,-0.051842,0.284287,0.440443,0.188691,-0.101584,0.871830,1903
145.5227,inicio,False,55.0931,33.322,5.384,1.693,True,320,240,0,False,60.00,0.1000,0.036062,-0.051842,0.284287,0.440443,0.188691,-0.101584,0.871830,1905
145.6551,inicio,False,55.0931,33.321,5.735,1.413,True,320,240,0,False,60.00,0.1000,0.036062,-0.051842,0.284287,0.440443,0.188691,-0.101584,0.871830,1907
145.7553,inicio,False,55.0931,33.321,5.252,2.050,True,320,240,0,False,60.00,0.1000,0.036062,-0.051842,0.284287,0.440443,0.188691,-0.101584,0.871830,1908
145.8891,inicio,False,55.0931,33.321,5.307,1.599,True,320,240,0,False,60.00,0.1000,0.036062,-0.051842,0.284287,0.440443,0.188691,-0.101584,0.871830,1910
146.0220,inicio,False,55.0931,33.322,5.212,1.769,True,320,240,0,False,60.00,0.1000,0.036062,-0.051842,0.284287,0.440443,0.188691,-0.101584,0.871830,1912
146.1552,inicio,False,55.0931,33.324,5.376,2.448,True,320,240,0,False,60.00,0.1000,0.036062,-0.051842,0.284287,0.440443,0.188691,-0.101584,0.871830,1914
146.2566,inicio,False,55.0931,33.322,5.476,1.777,True,320,240,0,False,60.00,0.1000,0.036062,-0.051842,0.284287,0.440443,0.188691,-0.101584,0.871830,1916
146.3885,inicio,False,55.0931,33.325,5.712,2.123,True,320,240,0,False,60.00,0.1000,0.036062,-0.051842,0.284287,0.440443,0.188691,-0.101584,0.871830,1918
146.5214,inicio,False,55.0931,33.323,6.510,1.748,True,320,240,0,False,60.00,0.1000,0.036062,-0.051842,0.284287,0.440443,0.188691,-0.101584,0.871830,1920
146.6217,inicio,False,55.0931,33.322,5.800,1.703,True,320,240,0,False,60.00,0.1000,0.036062,-0.051842,0.284287,0.440443,0.188691,-0.101584,0.871830,1921
146.7552,inicio,False,55.0931,33.322,5.323,1.967,True,320,240,0,False,60.00,0.1000,0.036062,-0.051842,0.284287,0.440443,0.188691,-0.101584,0.871830,1923
146.8882,inicio,False,55.0931,33.323,5.712,1.810,True,320,240,0,False,60.00,0.1000,0.036062,-0.051842,0.284287,0.440443,0.188691,-0.101584,0.871830,1925
147.0213,inicio,False,55.0931,33.323,5.370,1.841,True,320,240,0,False,60.00,0.1000,0.036062,-0.051842,0.284287,0.440443,0.188691,-0.101584,0.871830,1927
147.1217,inicio,False,55.0931,33.322,5.588,1.596,True,320,240,0,False,60.00,0.1000,0.036062,-0.051842,0.284287,0.440443,0.188691,-0.101584,0.871830,1929
147.2221,inicio,False,55.0931,33.322,5.535,1.938,True,320,240,0,False,60.00,0.1000,0.036062,-0.051842,0.284287,0.440443,0.188691,-0.101584,0.871830,1930
147.3545,inicio,False,55.0931,33.322,5.584,1.913,True,320,240,0,False,60.00,0.1000,0.036062,-0.051842,0.284287,0.440443,0.188691,-0.101584,0.871830,1932
147.4547,inicio,False,55.0931,33.321,6.428,1.865,True,320,240,0,False,60.00,0.1000,0.036062,-0.051842,0.284287,0.440443,0.188691,-0.101584,0.871830,1934
147.5547,inicio,False,55.0931,33.324,6.778,1.895,True,320,240,0,False,60.00,0.1000,0.036062,-0.051842,0.284287,0.440443,0.188691,-0.101584,0.871830,1935
147.6553,inicio,False,55.0931,33.324,5.418,2.036,True,320,240,0,False,60.00,0.1000,0.036062,-0.051842,0.284287,0.440443,0.188691,-0.101584,0.871830,1937
147.7887,inicio,False,55.0931,33.330,5.734,1.862,True,320,240,0,False,60.00,0.1000,0.036062,-0.051842,0.284287,0.440443,0.188691,-0.101584,0.871830,1939
147.9216,inicio,False,55.0931,33.325,5.494,2.087,True,320,240,0,False,60.00,0.1000,0.036062,-0.051842,0.284287,0.440443,0.188691,-0.101584,0.871830,1941
148.0555,inicio,False,55.0931,33.314,5.387,1.713,True,320,240,0,False,60.00,0.1000,0.036062,-0.051842,0.284287,0.440443,0.188691,-0.101584,0.871830,1943
148.1875,inicio,False,55.0931,33.306,6.724,1.864,True,320,240,0,False,60.00,0.1000,0.036062,-0.051842,0.284287,0.440443,0.188691,-0.101584,0.871830,1945
148.2878,inicio,False,55.0931,33.316,5.954,1.738,True,320,240,0,False,60.00,0.1000,0.036062,-0.051842,0.284287,0.440443,0.188691,-0.101584,0.871830,1946
148.4216,inicio,False,55.0931,33.319,5.993,2.163,True,320,240,0,False,60.00,0.1000,0.036062,-0.051842,0.284287,0.440443,0.188691,-0.101584,0.871830,1948
148.5545,inicio,False,55.0931,33.322,5.570,2.288,True,320,240,0,False,60.00,0.1000,0.036062,-0.051842,0.284287,0.440443,0.188691,-0.101584,0.871830,1950
148.6547,inicio,False,55.0931,33.320,5.037,1.862,True,320,240,0,False,60.00,0.1000,0.036062,-0.051842,0.284287,0.440443,0.188691,-0.101584,0.871830,1952
148.7877,inicio,False,55.0931,33.320,5.565,1.901,True,320,240,0,False,60.00,0.1000,0.036062,-0.051842,0.284287,0.440443,0.188691,-0.101584,0.871830,1954
148.9208,inicio,False,55.0931,33.319,5.345,2.046,True,320,240,0,False,60.00,0.1000,0.036062,-0.051842,0.284287,0.440443,0.188691,-0.101584,0.871830,1956
149.0540,inicio,False,55.0931,33.322,5.224,1.688,True,320,240,0,False,60.00,0.1000,0.036062,-0.051842,0.284287,0.440443,0.188691,-0.101584,0.871830,1958
149.1542,inicio,False,55.0931,33.323,5.728,1.529,True,320,240,0,False,60.00,0.1000,0.036062,-0.051842,0.284287,0.440443,0.188691,-0.101584,0.871830,1959
149.2545,inicio,False,55.0931,33.322,3.113,1.577,True,320,240,0,False,60.00,0.1000,0.036062,-0.051842,0.284287,0.440443,0.188691,-0.101584,0.871830,1961
149.3873,inicio,False,55.0931,33.324,5.367,2.079,True,320,240,0,False,60.00,0.1000,0.036062,-0.051842,0.284287,0.440443,0.188691,-0.101584,0.871830,1963
149.4873,inicio,False,55.0931,33.323,5.035,2.071,True,320,240,0,False,60.00,0.1000,0.036062,-0.051842,0.284287,0.440443,0.188691,-0.101584,0.871830,1964
149.6214,inicio,False,55.0931,33.321,6.552,1.720,True,320,240,0,False,60.00,0.1000,0.036062,-0.051842,0.284287,0.440443,0.188691,-0.101584,0.871830,1966
149.7544,inicio,False,55.0931,33.323,3.377,1.918,True,320,240,0,False,60.00,0.1000,0.036062,-0.051842,0.284287,0.440443,0.188691,-0.101584,0.871830,1968
149.8869,inicio,False,55.0931,33.322,2.979,1.716,True,320,240,0,False,60.00,0.1000,0.036062,-0.051842,0.284287,0.440443,0.188691,-0.101584,0.871830,1970
149.9872,inicio,False,55.0931,33.321,6.795,1.563,True,320,240,0,False,60.00,0.1000,0.036062,-0.051842,0.284287,0.440443,0.188691,-0.101584,0.871830,1972
150.1205,inicio,False,55.0931,33.322,5.480,2.133,True,320,240,0,False,60.00,0.1000,0.036062,-0.051842,0.284287,0.440443,0.188691,-0.101584,0.871830,1974
150.2537,inicio,False,55.0931,33.322,7.378,1.636,True,320,240,0,False,60.00,0.1000,0.036062,-0.051842,0.284287,0.440443,0.188691,-0.101584,0.871830,1976
150.3871,inicio,False,55.0931,33.322,5.491,1.913,True,320,240,0,False,60.00,0.1000,0.036062,-0.051842,0.284287,0.440443,0.188691,-0.101584,0.871830,1978
150.5212,inicio,False,55.0931,33.322,4.011,1.813,True,320,240,0,False,60.00,0.1000,0.036062,-0.051842,0.284287,0.440443,0.188691,-0.101584,0.871830,1980
150.6536,inicio,False,55.0931,33.321,6.397,1.594,True,320,240,0,False,60.00,0.1000,0.036062,-0.051842,0.284287,0.440443,0.188691,-0.101584,0.871830,1982
150.7536,inicio,False,55.0931,33.322,6.773,2.049,True,320,240,0,False,60.00,0.1000,0.036062,-0.051842,0.284287,0.440443,0.188691,-0.101584,0.871830,1983
150.8545,inicio,False,55.0931,33.322,5.143,1.522,True,320,240,0,False,60.00,0.1000,0.036062,-0.051842,0.284287,0.440443,0.188691,-0.101584,0.871830,1985
150.9868,inicio,False,55.0931,33.322,5.491,1.910,True,320,240,0,False,60.00,0.1000,0.036062,-0.051842,0.284287,0.440443,0.188691,-0.101584,0.871830,1987
151.0869,inicio,False,55.0931,33.322,6.853,1.698,True,320,240,0,False,60.00,0.1000,0.036062,-0.051842,0.284287,0.440443,0.188691,-0.101584,0.871830,1988
151.2199,inicio,False,55.0931,33.323,5.704,1.761,True,320,240,0,False,60.00,0.1000,0.036062,-0.051842,0.284287,0.440443,0.188691,-0.101584,0.871830,1990
151.3199,inicio,False,55.0931,33.322,5.791,2.081,True,320,240,0,False,60.00,0.1000,0.036062,-0.051842,0.284287,0.440443,0.188691,-0.101584,0.871830,1992
151.4535,inicio,False,55.0931,33.322,5.370,2.035,True,320,240,0,False,60.00,0.1000,0.036062,-0.051842,0.284287,0.440443,0.188691,-0.101584,0.871830,1994
151.5871,inicio,False,55.0931,33.322,5.447,2.032,True,320,240,0,False,60.00,0.1000,0.036062,-0.051842,0.284287,0.440443,0.188691,-0.101584,0.871830,1996
151.7202,inicio,False,55.0931,33.327,5.572,1.481,True,320,240,0,False,60.00,0.1000,0.036062,-0.051842,0.284287,0.440443,0.188691,-0.101584,0.871830,1998
151.8532,inicio,False,55.0931,33.324,5.607,4.517,True,320,240,0,False,60.00,0.1000,0.036062,-0.051842,0.284287,0.440443,0.188691,-0.101584,0.871830,2000
151.9538,inicio,False,55.0931,33.322,5.028,1.983,True,320,240,0,False,60.00,0.1000,0.036062,-0.051842,0.284287,0.440443,0.188691,-0.101584,0.871830,2001
152.0864,inicio,False,55.0931,33.339,5.777,1.761,True,320,240,0,False,60.00,0.1000,0.036062,-0.051842,0.284287,0.440443,0.188691,-0.101584,0.871830,2003
152.2200,inicio,False,55.0931,33.321,7.128,3.460,True,320,240,0,False,60.00,0.1000,0.036062,-0.051842,0.284287,0.440443,0.188691,-0.101584,0.871830,2005
152.3209,inicio,False,55.0931,33.317,5.286,1.410,True,320,240,0,False,60.00,0.1000,0.036062,-0.051842,0.284287,0.440443,0.188691,-0.101584,0.871830,2007
152.4535,inicio,False,55.0931,33.324,5.354,2.131,True,320,240,0,False,60.00,0.1000,0.036062,-0.051842,0.284287,0.440443,0.188691,-0.101584,0.871830,2009
152.5867,inicio,False,55.0931,33.321,5.343,4.691,True,320,240,0,False,60.00,0.1000,0.036062,-0.051842,0.284287,0.440443,0.188691,-0.101584,0.871830,2011
152.6868,inicio,False,55.0931,33.324,5.652,2.737,True,320,240,0,False,60.00,0.1000,0.036062,-0.051842,0.284287,0.440443,0.188691,-0.101584,0.871830,2012
152.8196,inicio,False,55.0931,33.327,5.489,1.599,True,320,240,0,False,60.00,0.1000,0.036062,-0.051842,0.284287,0.440443,0.188691,-0.101584,0.871830,2014
152.9199,inicio,False,55.0931,33.318,5.523,1.897,True,320,240,0,False,60.00,0.1000,0.036062,-0.051842,0.284287,0.440443,0.188691,-0.101584,0.871830,2016
153.0531,inicio,False,55.0931,33.321,5.538,4.170,True,320,240,0,False,60.00,0.1000,0.036062,-0.051842,0.284287,0.440443,0.188691,-0.101584,0.871830,2018
153.1868,inicio,False,55.0931,33.321,5.587,1.635,True,320,240,0,False,60.00,0.1000,0.036062,-0.051842,0.284287,0.440443,0.188691,-0.101584,0.871830,2020
153.3208,inicio,False,55.0931,33.319,5.522,2.003,True,320,240,0,False,60.00,0.1000,0.036062,-0.051842,0.284287,0.440443,0.188691,-0.101584,0.871830,2022
153.4535,inicio,False,55.0931,33.328,5.633,2.191,True,320,240,0,False,60.00,0.1000,0.036062,-0.051842,0.284287,0.440443,0.188691,-0.101584,0.871830,2024
153.5875,inicio,False,55.0931,33.319,5.491,3.087,True,320,240,0,False,60.00,0.1000,0.036062,-0.051842,0.284287,0.440443,0.188691,-0.101584,0.871830,2026
153.7194,inicio,False,55.0931,33.319,5.532,1.586,True,320,240,0,False,60.00,0.1000,0.036062,-0.051842,0.284287,0.440443,0.188691,-0.101584,0.871830,2028
153.8526,inicio,False,55.0931,33.315,5.816,4.851,True,320,240,0,False,60.00,0.1000,0.036062,-0.051842,0.284287,0.440443,0.188691,-0.101584,0.871830,2030
153.9538,inicio,False,55.0931,33.313,5.277,1.853,True,320,240,0,False,60.00,0.1000,0.036062,-0.051842,0.284287,0.440443,0.188691,-0.101584,0.871830,2031
154.0860,inicio,False,55.0931,33.321,5.916,5.373,True,320,240,0,False,60.00,0.1000,0.036062,-0.051842,0.284287,0.440443,0.188691,-0.101584,0.871830,2033
154.2202,inicio,False,55.0931,33.321,5.054,1.616,True,320,240,0,False,60.00,0.1000,0.036062,-0.051842,0.284287,0.440443,0.188691,-0.101584,0.871830,2035
154.3215,inicio,False,55.0931,33.320,4.923,1.517,True,320,240,0,False,60.00,0.1000,0.036062,-0.051842,0.284287,0.440443,0.188691,-0.101584,0.871830,2037
154.4523,inicio,False,55.0931,33.322,5.629,2.241,True,320,240,0,False,60.00,0.1000,0.036062,-0.051842,0.284287,0.440443,0.188691,-0.101584,0.871830,2039
154.5529,inicio,False,55.0931,33.321,5.899,2.466,True,320,240,0,False,60.00,0.1000,0.036062,-0.051842,0.284287,0.440443,0.188691,-0.101584,0.871830,2040
154.6857,inicio,False,55.0931,33.320,6.075,3.895,True,320,240,0,False,60.00,0.1000,0.036062,-0.051842,0.284287,0.440443,0.188691,-0.101584,0.871830,2042
154.8192,inicio,False,55.0931,33.318,5.672,1.997,True,320,240,0,False,60.00,0.1000,0.036062,-0.051842,0.284287,0.440443,0.188691,-0.101584,0.871830,2044
154.9203,inicio,False,55.0931,33.317,5.015,1.465,True,320,240,0,False,60.00,0.1000,0.036062,-0.051842,0.284287,0.440443,0.188691,-0.101584,0.871830,2046
155.0524,inicio,False,55.0931,33.321,9.135,4.407,True,320,240,0,False,60.00,0.1000,0.036062,-0.051842,0.284287,0.440443,0.188691,-0.101584,0.871830,2048
155.1859,inicio,False,55.0931,33.326,5.217,1.547,True,320,240,0,False,60.00,0.1000,0.036062,-0.051842,0.284287,0.440443,0.188691,-0.101584,0.871830,2050
155.3198,inicio,False,55.0931,33.323,5.191,1.618,True,320,240,0,False,60.00,0.1000,0.036062,-0.051842,0.284287,0.440443,0.188691,-0.101584,0.871830,2052
155.4223,inicio,False,55.0931,33.323,6.226,5.081,True,320,240,0,False,60.00,0.1000,0.036062,-0.051842,0.284287,0.440443,0.188691,-0.101584,0.871830,2053
155.5521,inicio,False,55.0931,33.319,5.405,1.461,True,320,240,0,False,60.00,0.1000,0.036062,-0.051842,0.284287,0.440443,0.188691,-0.101584,0.871830,2055
155.6852,inicio,False,55.0931,33.316,5.357,1.621,True,320,240,0,False,60.00,0.1000,0.036062,-0.051842,0.284287,0.440443,0.188691,-0.101584,0.871830,2057
155.7852,inicio,False,55.0931,33.319,5.222,1.413,True,320,240,0,False,60.00,0.1000,0.036062,-0.051842,0.284287,0.440443,0.188691,-0.101584,0.871830,2059
155.8853,inicio,False,55.0931,33.320,5.042,7.238,True,320,240,0,False,60.00,0.1000,0.036062,-0.051842,0.284287,0.440443,0.188691,-0.101584,0.871830,2060
155.9858,inicio,False,55.0931,33.318,5.310,1.891,True,320,240,0,False,60.00,0.1000,0.036062,-0.051842,0.284287,0.440443,0.188691,-0.101584,0.871830,2062
156.1194,inicio,False,55.0931,33.323,5.414,1.990,True,320,240,0,False,60.00,0.1000,0.036062,-0.051842,0.284287,0.440443,0.188691,-0.101584,0.871830,2064
156.2517,inicio,False,55.0931,33.323,5.525,2.849,True,320,240,0,False,60.00,0.1000,0.036062,-0.051842,0.284287,0.440443,0.188691,-0.101584,0.871830,2066
156.3521,inicio,False,55.0931,33.322,5.405,1.582,True,320,240,0,False,60.00,0.1000,0.036062,-0.051842,0.284287,0.440443,0.188691,-0.101584,0.871830,2067
156.4851,inicio,False,55.0931,33.324,5.605,4.692,True,320,240,0,False,60.00,0.1000,0.036062,-0.051842,0.284287,0.440443,0.188691,-0.101584,0.871830,2069
156.6193,inicio,False,55.0931,33.321,5.483,3.641,True,320,240,0,False,60.00,0.1000,0.036062,-0.051842,0.284287,0.440443,0.188691,-0.101584,0.871830,2071
156.7194,inicio,False,55.0931,33.319,5.083,1.661,True,320,240,0,False,60.00,0.1000,0.036062,-0.051842,0.284287,0.440443,0.188691,-0.101584,0.871830,2073
156.8522,inicio,False,55.0931,33.322,5.573,1.552,True,320,240,0,False,60.00,0.1000,0.036062,-0.051842,0.284287,0.440443,0.188691,-0.101584,0.871830,2075
156.9849,inicio,False,55.0931,33.321,5.658,2.619,True,320,240,0,False,60.00,0.1000,0.036062,-0.051842,0.284287,0.440443,0.188691,-0.101584,0.871830,2077
157.0850,inicio,False,55.0931,33.322,5.895,3.131,True,320,240,0,False,60.00,0.1000,0.036062,-0.051842,0.284287,0.440443,0.188691,-0.101584,0.871830,2078
157.2180,inicio,False,55.0931,33.323,5.499,1.913,True,320,240,0,False,60.00,0.1000,0.036062,-0.051842,0.284287,0.440443,0.188691,-0.101584,0.871830,2080
157.3181,inicio,False,55.0931,33.321,6.178,2.839,True,320,240,0,False,60.00,0.1000,0.036062,-0.051842,0.284287,0.440443,0.188691,-0.101584,0.871830,2082
157.4182,inicio,False,55.0931,33.320,5.429,2.610,True,320,240,0,False,60.00,0.1000,0.036062,-0.051842,0.284287,0.440443,0.188691,-0.101584,0.871830,2083
157.5514,inicio,False,55.0931,33.322,5.631,1.515,True,320,240,0,False,60.00,0.1000,0.036062,-0.051842,0.284287,0.440443,0.188691,-0.101584,0.871830,2085
157.6515,inicio,False,55.0931,33.322,5.425,1.999,True,320,240,0,False,60.00,0.1000,0.036062,-0.051842,0.284287,0.440443,0.188691,-0.101584,0.871830,2087
157.7845,inicio,False,55.0931,33.322,5.376,1.594,True,320,240,0,False,60.00,0.1000,0.036062,-0.051842,0.284287,0.440443,0.188691,-0.101584,0.871830,2089
157.8866,inicio,False,55.0931,33.323,5.479,1.582,True,320,240,0,False,60.00,0.1000,0.036062,-0.051842,0.284287,0.440443,0.188691,-0.101584,0.871830,2090
158.0178,inicio,False,55.0931,33.323,6.880,1.873,True,320,240,0,False,60.00,0.1000,0.036062,-0.051842,0.284287,0.440443,0.188691,-0.101584,0.871830,2092
158.1181,inicio,False,55.0931,33.322,5.811,1.945,True,320,240,0,False,60.00,0.1000,0.036062,-0.051842,0.284287,0.440443,0.188691,-0.101584,0.871830,2094
158.2518,inicio,False,55.0931,33.322,5.906,4.778,True,320,240,0,False,60.00,0.1000,0.036062,-0.051842,0.284287,0.440443,0.188691,-0.101584,0.871830,2096
158.3844,inicio,False,55.0931,33.323,5.099,2.003,True,320,240,0,False,60.00,0.1000,0.036062,-0.051842,0.284287,0.440443,0.188691,-0.101584,0.871830,2098
158.4844,inicio,False,55.0931,33.323,5.410,1.916,True,320,240,0,False,60.00,0.1000,0.036062,-0.051842,0.284287,0.440443,0.188691,-0.101584,0.871830,2099
158.6175,inicio,False,55.0931,33.324,7.046,2.291,True,320,240,0,False,60.00,0.1000,0.036062,-0.051842,0.284287,0.440443,0.188691,-0.101584,0.871830,2101
158.7187,inicio,False,55.0931,33.338,6.694,1.568,True,320,240,0,False,60.00,0.1000,0.036062,-0.051842,0.284287,0.440443,0.188691,-0.101584,0.871830,2103
158.8193,inicio,False,55.0931,33.337,6.242,1.769,True,320,240,0,False,60.00,0.1000,0.036062,-0.051842,0.284287,0.440443,0.188691,-0.101584,0.871830,2104
158.9518,inicio,False,55.0931,33.326,6.237,3.171,True,320,240,0,False,60.00,0.1000,0.036062,-0.051842,0.284287,0.440443,0.188691,-0.101584,0.871830,2106
159.0843,inicio,False,55.0931,33.311,5.613,1.673,True,320,240,0,False,60.00,0.1000,0.036062,-0.051842,0.284287,0.440443,0.188691,-0.101584,0.871830,2108
159.2171,inicio,False,55.0931,33.306,5.804,1.641,True,320,240,0,False,60.00,0.1000,0.036062,-0.051842,0.284287,0.440443,0.188691,-0.101584,0.871830,2110
159.3177,inicio,False,55.0931,33.301,6.042,4.431,True,320,240,0,False,60.00,0.1000,0.036062,-0.051842,0.284287,0.440443,0.188691,-0.101584,0.871830,2112
159.4184,inicio,False,55.0931,33.321,5.246,2.305,True,320,240,0,False,60.00,0.1000,0.036062,-0.051842,0.284287,0.440443,0.188691,-0.101584,0.871830,2113
159.5512,inicio,False,55.0931,33.321,6.018,1.928,True,320,240,0,False,60.00,0.1000,0.036062,-0.051842,0.284287,0.440443,0.188691,-0.101584,0.871830,2115
159.6843,inicio,False,55.0931,33.342,5.568,1.904,True,320,240,0,False,60.00,0.1000,0.036062,-0.051842,0.284287,0.440443,0.188691,-0.101584,0.871830,2117
159.8177,inicio,False,55.0931,33.323,5.838,1.696,True,320,240,0,False,60.00,0.1000,0.036062,-0.051842,0.284287,0.440443,0.188691,-0.101584,0.871830,2119
159.9180,inicio,False,55.0931,33.327,5.666,7.038,True,320,240,0,False,60.00,0.1000,0.036062,-0.051842,0.284287,0.440443,0.188691,-0.101584,0.871830,2121
160.0512,inicio,False,55.0931,33.321,5.743,1.984,True,320,240,0,False,60.00,0.1000,0.036062,-0.051842,0.284287,0.440443,0.188691,-0.101584,0.871830,2123
160.1842,inicio,False,55.0931,33.318,5.612,2.328,True,320,240,0,False,60.00,0.1000,0.036062,-0.051842,0.284287,0.440443,0.188691,-0.101584,0.871830,2125
160.3177,inicio,False,55.0931,33.319,6.134,2.421,True,320,240,0,False,60.00,0.1000,0.036062,-0.051842,0.284287,0.440443,0.188691,-0.101584,0.871830,2127
160.4507,inicio,False,55.0931,33.321,5.277,2.128,True,320,240,0,False,60.00,0.1000,0.036062,-0.051842,0.284287,0.440443,0.188691,-0.101584,0.871830,2129
160.5841,inicio,False,55.0931,33.322,5.222,1.985,True,320,240,0,False,60.00,0.1000,0.036062,-0.051842,0.284287,0.440443,0.188691,-0.101584,0.871830,2131
160.6842,inicio,False,55.0931,33.333,5.245,1.633,True,320,240,0,False,60.00,0.1000,0.036062,-0.051842,0.284287,0.440443,0.188691,-0.101584,0.871830,2133
160.7843,inicio,False,55.0931,33.327,5.272,1.632,True,320,240,0,False,60.00,0.1000,0.036062,-0.051842,0.284287,0.440443,0.188691,-0.101584,0.871830,2134
160.8845,inicio,False,55.0931,33.327,6.100,1.816,True,320,240,0,False,60.00,0.1000,0.036062,-0.051842,0.284287,0.440443,0.188691,-0.101584,0.871830,2135
161.0168,inicio,False,55.0931,33.320,5.697,1.825,True,320,240,0,False,60.00,0.1000,0.036062,-0.051842,0.284287,0.440443,0.188691,-0.101584,0.871830,2137
161.1500,inicio,False,55.0931,33.316,7.073,5.412,True,320,240,0,False,60.00,0.1000,0.036062,-0.051842,0.284287,0.440443,0.188691,-0.101584,0.871830,2139
161.2500,inicio,False,55.0931,33.312,5.649,2.170,True,320,240,0,False,60.00,0.1000,0.036062,-0.051842,0.284287,0.440443,0.188691,-0.101584,0.871830,2141
161.3505,inicio,False,55.0931,33.322,6.002,5.872,True,320,240,0,False,60.00,0.1000,0.036062,-0.051842,0.284287,0.440443,0.188691,-0.101584,0.871830,2142
161.4837,inicio,False,55.0931,33.322,5.436,4.221,True,320,240,0,False,60.00,0.1000,0.036062,-0.051842,0.284287,0.440443,0.188691,-0.101584,0.871830,2144
161.6170,inicio,False,55.0931,33.322,5.952,2.031,True,320,240,0,False,60.00,0.1000,0.036062,-0.051842,0.284287,0.440443,0.188691,-0.101584,0.871830,2146
161.7504,inicio,False,55.0931,33.322,5.610,1.696,True,320,240,0,False,60.00,0.1000,0.036062,-0.051842,0.284287,0.440443,0.188691,-0.101584,0.871830,2148
161.8838,inicio,False,55.0931,33.323,5.515,5.319,True,320,240,0,False,60.00,0.1000,0.036062,-0.051842,0.284287,0.440443,0.188691,-0.101584,0.871830,2150
162.0165,inicio,False,55.0931,33.323,5.530,1.516,True,320,240,0,False,60.00,0.1000,0.036062,-0.051842,0.284287,0.440443,0.188691,-0.101584,0.871830,2152
162.1168,inicio,False,55.0931,33.323,5.902,2.020,True,320,240,0,False,60.00,0.1000,0.036062,-0.051842,0.284287,0.440443,0.188691,-0.101584,0.871830,2154
162.2173,inicio,False,55.0931,33.323,5.467,2.139,True,320,240,0,False,60.00,0.1000,0.036062,-0.051842,0.284287,0.440443,0.188691,-0.101584,0.871830,2155
162.3498,inicio,False,55.0931,33.322,5.397,1.690,True,320,240,0,False,60.00,0.1000,0.036062,-0.051842,0.284287,0.440443,0.188691,-0.101584,0.871830,2158
162.4835,inicio,False,55.0931,33.321,5.341,1.721,True,320,240,0,False,60.00,0.1000,0.036062,-0.051842,0.284287,0.440443,0.188691,-0.101584,0.871830,2159
162.6172,inicio,False,55.0931,33.321,5.872,1.788,True,320,240,0,False,60.00,0.1000,0.036062,-0.051842,0.284287,0.440443,0.188691,-0.101584,0.871830,2161
162.7498,inicio,False,55.0931,33.328,5.571,2.168,True,320,240,0,False,60.00,0.1000,0.036062,-0.051842,0.284287,0.440443,0.188691,-0.101584,0.871830,2163
162.8830,inicio,False,55.0931,33.334,5.304,2.533,True,320,240,0,False,60.00,0.1000,0.036062,-0.051842,0.284287,0.440443,0.188691,-0.101584,0.871830,2165
162.9833,inicio,False,55.0931,33.323,5.601,1.816,True,320,240,0,False,60.00,0.1000,0.036062,-0.051842,0.284287,0.440443,0.188691,-0.101584,0.871830,2167
163.1163,inicio,False,55.0931,33.322,5.379,1.594,True,320,240,0,False,60.00,0.1000,0.036062,-0.051842,0.284287,0.440443,0.188691,-0.101584,0.871830,2169
163.2500,inicio,False,55.0931,33.321,5.496,1.689,True,320,240,0,False,60.00,0.1000,0.036062,-0.051842,0.284287,0.440443,0.188691,-0.101584,0.871830,2171
163.3830,inicio,False,55.0931,33.319,4.495,2.350,True,320,240,0,False,60.00,0.1000,0.036062,-0.051842,0.284287,0.440443,0.188691,-0.101584,0.871830,2173
163.5165,inicio,False,55.0931,33.321,5.477,1.916,True,320,240,0,False,60.00,0.1000,0.036062,-0.051842,0.284287,0.440443,0.188691,-0.101584,0.871830,2175
163.6513,inicio,False,55.0931,33.322,5.470,1.597,True,320,240,0,False,60.00,0.1000,0.036062,-0.051842,0.284287,0.440443,0.188691,-0.101584,0.871830,2177
163.7825,inicio,False,55.0931,33.321,5.357,2.110,True,320,240,0,False,60.00,0.1000,0.036062,-0.051842,0.284287,0.440443,0.188691,-0.101584,0.871830,2179
163.8828,inicio,False,55.0931,33.322,6.294,2.378,True,320,240,0,False,60.00,0.1000,0.036062,-0.051842,0.284287,0.440443,0.188691,-0.101584,0.871830,2180
163.9835,inicio,False,55.0931,33.321,5.554,1.926,True,320,240,0,False,60.00,0.1000,0.036062,-0.051842,0.284287,0.440443,0.188691,-0.101584,0.871830,2182
164.1159,inicio,False,55.0931,33.328,5.129,1.872,True,320,240,0,False,60.00,0.1000,0.036062,-0.051842,0.284287,0.440443,0.188691,-0.101584,0.871830,2184
164.2493,inicio,False,55.0931,33.325,5.580,2.799,True,320,240,0,False,60.00,0.1000,0.036062,-0.051842,0.284287,0.440443,0.188691,-0.101584,0.871830,2186
164.3493,inicio,False,55.0931,33.324,6.904,3.771,True,320,240,0,False,60.00,0.1000,0.036062,-0.051842,0.284287,0.440443,0.188691,-0.101584,0.871830,2187
164.4495,inicio,False,55.0931,33.319,5.218,3.144,True,320,240,0,False,60.00,0.1000,0.036062,-0.051842,0.284287,0.440443,0.188691,-0.101584,0.871830,2189
164.5823,inicio,False,55.0931,33.315,6.014,2.207,True,320,240,0,False,60.00,0.1000,0.036062,-0.051842,0.284287,0.440443,0.188691,-0.101584,0.871830,2191
164.6824,inicio,False,55.0931,33.315,5.441,4.740,True,320,240,0,False,60.00,0.1000,0.036062,-0.051842,0.284287,0.440443,0.188691,-0.101584,0.871830,2192
164.7825,inicio,False,55.0931,33.322,5.475,1.728,True,320,240,0,False,60.00,0.1000,0.036062,-0.051842,0.284287,0.440443,0.188691,-0.101584,0.871830,2194
164.9164,inicio,False,55.0931,33.323,5.926,1.977,True,320,240,0,False,60.00,0.1000,0.036062,-0.051842,0.284287,0.440443,0.188691,-0.101584,0.871830,2196
165.0495,inicio,False,55.0931,33.323,5.088,2.636,True,320,240,0,False,60.00,0.1000,0.036062,-0.051842,0.284287,0.440443,0.188691,-0.101584,0.871830,2198
165.1822,inicio,False,55.0931,33.322,5.702,2.083,True,320,240,0,False,60.00,0.1000,0.036062,-0.051842,0.284287,0.440443,0.188691,-0.101584,0.871830,2200
165.3158,inicio,False,55.0931,33.322,5.554,1.675,True,320,240,0,False,60.00,0.1000,0.036062,-0.051842,0.284287,0.440443,0.188691,-0.101584,0.871830,2202
165.4494,inicio,False,55.0931,33.321,5.540,3.668,True,320,240,0,False,60.00,0.1000,0.036062,-0.051842,0.284287,0.440443,0.188691,-0.101584,0.871830,2204
165.5820,inicio,False,55.0931,33.322,5.671,1.735,True,320,240,0,False,60.00,0.1000,0.036062,-0.051842,0.284287,0.440443,0.188691,-0.101584,0.871830,2206
165.7152,inicio,False,55.0931,33.322,6.723,1.875,True,320,240,0,False,60.00,0.1000,0.036062,-0.051842,0.284287,0.440443,0.188691,-0.101584,0.871830,2208
165.8153,inicio,False,55.0931,33.323,6.321,1.703,True,320,240,0,False,60.00,0.1000,0.036062,-0.051842,0.284287,0.440443,0.188691,-0.101584,0.871830,2209
165.9153,inicio,False,55.0931,33.330,5.841,1.694,True,320,240,0,False,60.00,0.1000,0.036062,-0.051842,0.284287,0.440443,0.188691,-0.101584,0.871830,2211
166.0158,inicio,False,55.0931,33.326,5.130,2.109,True,320,240,0,False,60.00,0.1000,0.036062,-0.051842,0.284287,0.440443,0.188691,-0.101584,0.871830,2212
166.1488,inicio,False,55.0931,33.321,5.811,1.641,True,320,240,0,False,60.00,0.1000,0.036062,-0.051842,0.284287,0.440443,0.188691,-0.101584,0.871830,2214
166.2817,inicio,False,55.0931,33.320,5.188,3.081,True,320,240,0,False,60.00,0.1000,0.036062,-0.051842,0.284287,0.440443,0.188691,-0.101584,0.871830,2217
166.3820,inicio,False,55.0931,33.315,5.543,1.943,True,320,240,0,False,60.00,0.1000,0.036062,-0.051842,0.284287,0.440443,0.188691,-0.101584,0.871830,2218
166.5150,inicio,False,55.0931,33.314,5.736,1.453,True,320,240,0,False,60.00,0.1000,0.036062,-0.051842,0.284287,0.440443,0.188691,-0.101584,0.871830,2220
166.6154,inicio,False,55.0931,33.322,5.601,4.388,True,320,240,0,False,60.00,0.1000,0.036062,-0.051842,0.284287,0.440443,0.188691,-0.101584,0.871830,2221
166.7155,inicio,False,55.0931,33.323,5.326,2.802,True,320,240,0,False,60.00,0.1000,0.036062,-0.051842,0.284287,0.440443,0.188691,-0.101584,0.871830,2223
166.8486,inicio,False,55.0931,33.325,6.162,7.257,True,320,240,0,False,60.00,0.1000,0.036062,-0.051842,0.284287,0.440443,0.188691,-0.101584,0.871830,2225
166.9819,inicio,False,55.0931,33.324,7.133,2.053,True,320,240,0,False,60.00,0.1000,0.036062,-0.051842,0.284287,0.440443,0.188691,-0.101584,0.871830,2227
167.1148,inicio,False,55.0931,33.323,6.080,1.716,True,320,240,0,False,60.00,0.1000,0.036062,-0.051842,0.284287,0.440443,0.188691,-0.101584,0.871830,2229
167.2149,inicio,False,55.0931,33.321,5.673,1.575,True,320,240,0,False,60.00,0.1000,0.036062,-0.051842,0.284287,0.440443,0.188691,-0.101584,0.871830,2230
167.3483,inicio,False,55.0931,33.319,5.271,1.500,True,320,240,0,False,60.00,0.1000,0.036062,-0.051842,0.284287,0.440443,0.188691,-0.101584,0.871830,2232
167.4816,inicio,False,55.0931,33.322,5.721,1.892,True,320,240,0,False,60.00,0.1000,0.036062,-0.051842,0.284287,0.440443,0.188691,-0.101584,0.871830,2234
167.5817,inicio,False,55.0931,33.323,5.364,3.171,True,320,240,0,False,60.00,0.1000,0.036062,-0.051842,0.284287,0.440443,0.188691,-0.101584,0.871830,2236
167.6819,inicio,False,55.0931,33.322,5.615,2.123,True,320,240,0,False,60.00,0.1000,0.036062,-0.051842,0.284287,0.440443,0.188691,-0.101584,0.871830,2237
167.7819,inicio,False,55.0931,33.323,5.528,1.980,True,320,240,0,False,60.00,0.1000,0.036062,-0.051842,0.284287,0.440443,0.188691,-0.101584,0.871830,2239
167.9146,inicio,False,55.0931,33.322,9.637,3.554,True,320,240,0,False,60.00,0.1000,0.036062,-0.051842,0.284287,0.440443,0.188691,-0.101584,0.871830,2241
168.0152,inicio,False,55.0931,33.322,5.361,3.265,True,320,240,0,False,60.00,0.1000,0.036062,-0.051842,0.284287,0.440443,0.188691,-0.101584,0.871830,2242
168.1481,inicio,False,55.0931,33.321,5.498,1.836,True,320,240,0,False,60.00,0.1000,0.036062,-0.051842,0.284287,0.440443,0.188691,-0.101584,0.871830,2244
168.2818,inicio,False,55.0931,33.322,5.751,1.517,True,320,240,0,False,60.00,0.1000,0.036062,-0.051842,0.284287,0.440443,0.188691,-0.101584,0.871830,2246
168.3821,inicio,False,55.0931,33.324,5.562,5.007,True,320,240,0,False,60.00,0.1000,0.036062,-0.051842,0.284287,0.440443,0.188691,-0.101584,0.871830,2248
168.5143,inicio,False,55.0931,33.323,5.140,1.500,True,320,240,0,False,60.00,0.1000,0.036062,-0.051842,0.284287,0.440443,0.188691,-0.101584,0.871830,2250
168.6145,inicio,False,55.0931,33.322,5.177,1.492,True,320,240,0,False,60.00,0.1000,0.036062,-0.051842,0.284287,0.440443,0.188691,-0.101584,0.871830,2251
168.7476,inicio,False,55.0931,33.322,5.416,4.899,True,320,240,0,False,60.00,0.1000,0.036062,-0.051842,0.284287,0.440443,0.188691,-0.101584,0.871830,2254
168.8479,inicio,False,55.0931,33.322,5.393,1.447,True,320,240,0,False,60.00,0.1000,0.036062,-0.051842,0.284287,0.440443,0.188691,-0.101584,0.871830,2255
168.9811,inicio,False,55.0931,33.321,6.122,1.500,True,320,240,0,False,60.00,0.1000,0.036062,-0.051842,0.284287,0.440443,0.188691,-0.101584,0.871830,2257
169.0829,inicio,False,55.0931,33.322,5.567,1.466,True,320,240,0,False,60.00,0.1000,0.036062,-0.051842,0.284287,0.440443,0.188691,-0.101584,0.871830,2258
169.2141,inicio,False,55.0931,33.322,6.656,1.700,True,320,240,0,False,60.00,0.1000,0.036062,-0.051842,0.284287,0.440443,0.188691,-0.101584,0.871830,2260
169.3145,inicio,False,55.0931,33.322,5.012,1.483,True,320,240,0,False,60.00,0.1000,0.036062,-0.051842,0.284287,0.440443,0.188691,-0.101584,0.871830,2262
169.4148,inicio,False,55.0931,33.322,6.751,1.976,True,320,240,0,False,60.00,0.1000,0.036062,-0.051842,0.284287,0.440443,0.188691,-0.101584,0.871830,2263
169.5474,inicio,False,55.0931,33.322,4.957,1.838,True,320,240,0,False,60.00,0.1000,0.036062,-0.051842,0.284287,0.440443,0.188691,-0.101584,0.871830,2265
169.6475,inicio,False,55.0931,33.322,5.486,1.684,True,320,240,0,False,60.00,0.1000,0.036062,-0.051842,0.284287,0.440443,0.188691,-0.101584,0.871830,2267
169.7811,inicio,False,55.0931,33.321,5.312,2.877,True,320,240,0,False,60.00,0.1000,0.036062,-0.051842,0.284287,0.440443,0.188691,-0.101584,0.871830,2269
169.9140,inicio,False,55.0931,33.321,5.616,1.872,True,320,240,0,False,60.00,0.1000,0.036062,-0.051842,0.284287,0.440443,0.188691,-0.101584,0.871830,2271
170.0140,inicio,False,55.0931,33.322,5.356,2.942,True,320,240,0,False,60.00,0.1000,0.036062,-0.051842,0.284287,0.440443,0.188691,-0.101584,0.871830,2273
170.1144,inicio,False,55.0931,33.322,5.579,2.869,True,320,240,0,False,60.00,0.1000,0.036062,-0.051842,0.284287,0.440443,0.188691,-0.101584,0.871830,2274
170.2477,inicio,False,55.0931,33.323,5.867,1.647,True,320,240,0,False,60.00,0.1000,0.036062,-0.051842,0.284287,0.440443,0.188691,-0.101584,0.871830,2276
170.3809,inicio,False,55.0931,33.326,5.256,1.628,True,320,240,0,False,60.00,0.1000,0.036062,-0.051842,0.284287,0.440443,0.188691,-0.101584,0.871830,2278
170.5145,inicio,False,55.0931,33.323,5.675,2.086,True,320,240,0,False,60.00,0.1000,0.036062,-0.051842,0.284287,0.440443,0.188691,-0.101584,0.871830,2280
170.6475,inicio,False,55.0931,33.329,5.349,4.224,True,320,240,0,False,60.00,0.1000,0.036062,-0.051842,0.284287,0.440443,0.188691,-0.101584,0.871830,2282
170.7475,inicio,False,55.0931,33.326,5.636,3.795,True,320,240,0,False,60.00,0.1000,0.036062,-0.051842,0.284287,0.440443,0.188691,-0.101584,0.871830,2283
170.8805,inicio,False,55.0931,33.321,5.698,1.974,True,320,240,0,False,60.00,0.1000,0.036062,-0.051842,0.284287,0.440443,0.188691,-0.101584,0.871830,2285
170.9807,inicio,False,55.0931,33.316,5.666,2.162,True,320,240,0,False,60.00,0.1000,0.036062,-0.051842,0.284287,0.440443,0.188691,-0.101584,0.871830,2287
171.1136,inicio,False,55.0931,33.317,5.577,1.862,True,320,240,0,False,60.00,0.1000,0.036062,-0.051842,0.284287,0.440443,0.188691,-0.101584,0.871830,2289
171.2470,inicio,False,55.0931,33.321,5.292,1.724,True,320,240,0,False,60.00,0.1000,0.036062,-0.051842,0.284287,0.440443,0.188691,-0.101584,0.871830,2291
171.3806,inicio,False,55.0931,33.321,3.275,4.091,True,320,240,0,False,60.00,0.1000,0.036062,-0.051842,0.284287,0.440443,0.188691,-0.101584,0.871830,2293
171.4814,inicio,False,55.0931,33.321,3.009,2.193,True,320,240,0,False,60.00,0.1000,0.036062,-0.051842,0.284287,0.440443,0.188691,-0.101584,0.871830,2294
171.6142,inicio,False,55.0931,33.320,5.568,3.633,True,320,240,0,False,60.00,0.1000,0.036062,-0.051842,0.284287,0.440443,0.188691,-0.101584,0.871830,2296
171.7467,inicio,False,55.0931,33.321,6.032,3.404,True,320,240,0,False,60.00,0.1000,0.036062,-0.051842,0.284287,0.440443,0.188691,-0.101584,0.871830,2298
171.8468,inicio,False,55.0931,33.322,12.875,1.556,True,320,240,0,False,60.00,0.1000,0.036062,-0.051842,0.284287,0.440443,0.188691,-0.101584,0.871830,2300
171.9799,inicio,False,55.0931,33.322,10.589,1.600,True,320,240,0,False,60.00,0.1000,0.036062,-0.051842,0.284287,0.440443,0.188691,-0.101584,0.871830,2302
172.0809,inicio,False,55.0931,33.322,6.086,1.729,True,320,240,0,False,60.00,0.1000,0.036062,-0.051842,0.284287,0.440443,0.188691,-0.101584,0.871830,2303
172.2135,inicio,False,55.0931,33.321,5.126,2.061,True,320,240,0,False,60.00,0.1000,0.036062,-0.051842,0.284287,0.440443,0.188691,-0.101584,0.871830,2305
172.3466,inicio,False,55.0931,33.324,6.534,2.739,True,320,240,0,False,60.00,0.1000,0.036062,-0.051842,0.284287,0.440443,0.188691,-0.101584,0.871830,2307
172.4802,inicio,False,55.0931,33.322,5.658,2.351,True,320,240,0,False,60.00,0.1000,0.036062,-0.051842,0.284287,0.440443,0.188691,-0.101584,0.871830,2309
172.6133,inicio,False,55.0931,33.323,5.565,1.894,True,320,240,0,False,60.00,0.1000,0.036062,-0.051842,0.284287,0.440443,0.188691,-0.101584,0.871830,2311
172.7137,inicio,False,55.0931,33.323,8.008,5.435,True,320,240,0,False,60.00,0.1000,0.036062,-0.051842,0.284287,0.440443,0.188691,-0.101584,0.871830,2313
172.8478,inicio,False,55.0931,33.321,5.146,1.829,True,320,240,0,False,60.00,0.1000,0.036062,-0.051842,0.284287,0.440443,0.188691,-0.101584,0.871830,2315
172.9799,inicio,False,55.0931,33.322,5.586,2.195,True,320,240,0,False,60.00,0.1000,0.036062,-0.051842,0.284287,0.440443,0.188691,-0.101584,0.871830,2317
173.0802,inicio,False,55.0931,33.321,6.154,5.645,True,320,240,0,False,60.00,0.1000,0.036062,-0.051842,0.284287,0.440443,0.188691,-0.101584,0.871830,2319
173.2130,inicio,False,55.0931,33.321,5.694,3.143,True,320,240,0,False,60.00,0.1000,0.036062,-0.051842,0.284287,0.440443,0.188691,-0.101584,0.871830,2320
173.3462,inicio,False,55.0931,33.322,5.626,1.508,True,320,240,0,False,60.00,0.1000,0.036062,-0.051842,0.284287,0.440443,0.188691,-0.101584,0.871830,2323
173.4473,inicio,False,55.0931,33.323,5.096,4.364,True,320,240,0,False,60.00,0.1000,0.036062,-0.051842,0.284287,0.440443,0.188691,-0.101584,0.871830,2324
173.5808,inicio,False,55.0931,33.322,7.069,1.466,True,320,240,0,False,60.00,0.1000,0.036062,-0.051842,0.284287,0.440443,0.188691,-0.101584,0.871830,2326
173.7130,inicio,False,55.0931,33.346,5.923,6.022,True,320,240,0,False,60.00,0.1000,0.036062,-0.051842,0.284287,0.440443,0.188691,-0.101584,0.871830,2328
173.8466,inicio,False,55.0931,33.324,4.949,2.667,True,320,240,0,False,60.00,0.1000,0.036062,-0.051842,0.284287,0.440443,0.188691,-0.101584,0.871830,2330
173.9800,inicio,False,55.0931,33.322,4.881,5.749,True,320,240,0,False,60.00,0.1000,0.036062,-0.051842,0.284287,0.440443,0.188691,-0.101584,0.871830,2332
174.0809,inicio,False,55.0931,33.319,5.704,6.345,True,320,240,0,False,60.00,0.1000,0.036062,-0.051842,0.284287,0.440443,0.188691,-0.101584,0.871830,2333
174.2125,inicio,False,55.0931,33.316,4.722,5.079,True,320,240,0,False,60.00,0.1000,0.036062,-0.051842,0.284287,0.440443,0.188691,-0.101584,0.871830,2336
174.3458,inicio,False,55.0931,33.325,6.474,1.625,True,320,240,0,False,60.00,0.1000,0.036062,-0.051842,0.284287,0.440443,0.188691,-0.101584,0.871830,2338
174.4794,inicio,False,55.0931,33.322,5.357,1.888,True,320,240,0,False,60.00,0.1000,0.036062,-0.051842,0.284287,0.440443,0.188691,-0.101584,0.871830,2339
174.6129,inicio,False,55.0931,33.322,8.076,1.620,True,320,240,0,False,60.00,0.1000,0.036062,-0.051842,0.284287,0.440443,0.188691,-0.101584,0.871830,2341
174.7457,inicio,False,55.0931,33.322,5.171,1.674,True,320,240,0,False,60.00,0.1000,0.036062,-0.051842,0.284287,0.440443,0.188691,-0.101584,0.871830,2344
174.8458,inicio,False,55.0931,33.322,4.980,1.544,True,320,240,0,False,60.00,0.1000,0.036062,-0.051842,0.284287,0.440443,0.188691,-0.101584,0.871830,2345
174.9790,inicio,False,55.0931,33.325,6.288,3.204,True,320,240,0,False,60.00,0.1000,0.036062,-0.051842,0.284287,0.440443,0.188691,-0.101584,0.871830,2347
175.0798,inicio,False,55.0931,33.324,5.352,2.766,True,320,240,0,False,60.00,0.1000,0.036062,-0.051842,0.284287,0.440443,0.188691,-0.101584,0.871830,2348
175.2124,inicio,False,55.0931,33.321,6.119,1.416,True,320,240,0,False,60.00,0.1000,0.036062,-0.051842,0.284287,0.440443,0.188691,-0.101584,0.871830,2350
175.3124,inicio,False,55.0931,33.321,4.811,8.739,True,320,240,0,False,60.00,0.1000,0.036062,-0.051842,0.284287,0.440443,0.188691,-0.101584,0.871830,2352
175.4456,inicio,False,55.0931,33.321,6.509,3.362,True,320,240,0,False,60.00,0.1000,0.036062,-0.051842,0.284287,0.440443,0.188691,-0.101584,0.871830,2354
175.5457,inicio,False,55.0931,33.326,7.132,5.329,True,320,240,0,False,60.00,0.1000,0.036062,-0.051842,0.284287,0.440443,0.188691,-0.101584,0.871830,2355
175.6471,inicio,False,55.0931,33.326,6.635,3.838,True,320,240,0,False,60.00,0.1000,0.036062,-0.051842,0.284287,0.440443,0.188691,-0.101584,0.871830,2357
175.7793,inicio,False,55.0931,33.321,5.977,1.665,True,320,240,0,False,60.00,0.1000,0.036062,-0.051842,0.284287,0.440443,0.188691,-0.101584,0.871830,2359
175.9118,inicio,False,55.0931,33.319,5.065,4.028,True,320,240,0,False,60.00,0.1000,0.036062,-0.051842,0.284287,0.440443,0.188691,-0.101584,0.871830,2361
176.0451,inicio,False,55.0931,33.317,6.404,4.510,True,320,240,0,False,60.00,0.1000,0.036062,-0.051842,0.284287,0.440443,0.188691,-0.101584,0.871830,2363
176.1454,inicio,False,55.0931,33.319,6.487,5.632,True,320,240,0,False,60.00,0.1000,0.036062,-0.051842,0.284287,0.440443,0.188691,-0.101584,0.871830,2364
176.2457,inicio,False,55.0931,33.322,6.611,6.338,True,320,240,0,False,60.00,0.1000,0.036062,-0.051842,0.284287,0.440443,0.188691,-0.101584,0.871830,2366
176.3806,inicio,False,55.0931,33.322,5.423,8.631,True,320,240,0,False,60.00,0.1000,0.036062,-0.051842,0.284287,0.440443,0.188691,-0.101584,0.871830,2368
176.5117,inicio,False,55.0931,33.322,5.169,7.203,True,320,240,0,False,60.00,0.1000,0.036062,-0.051842,0.284287,0.440443,0.188691,-0.101584,0.871830,2370
176.6120,inicio,False,55.0931,33.322,6.791,8.196,True,320,240,0,False,60.00,0.1000,0.036062,-0.051842,0.284287,0.440443,0.188691,-0.101584,0.871830,2371
176.7451,inicio,False,55.0931,33.323,6.064,6.942,True,320,240,0,False,60.00,0.1000,0.036062,-0.051842,0.284287,0.440443,0.188691,-0.101584,0.871830,2373
176.8783,inicio,False,55.0931,33.322,5.713,1.885,True,320,240,0,False,60.00,0.1000,0.036062,-0.051842,0.284287,0.440443,0.188691,-0.101584,0.871830,2375
176.9791,inicio,False,55.0931,33.322,6.233,1.378,True,320,240,0,False,60.00,0.1000,0.036062,-0.051842,0.284287,0.440443,0.188691,-0.101584,0.871830,2377
177.1119,inicio,False,55.0931,33.324,5.133,4.599,True,320,240,0,False,60.00,0.1000,0.036062,-0.051842,0.284287,0.440443,0.188691,-0.101584,0.871830,2379
177.2121,inicio,False,55.0931,33.323,5.390,1.647,True,320,240,0,False,60.00,0.1000,0.036062,-0.051842,0.284287,0.440443,0.188691,-0.101584,0.871830,2380
177.3449,inicio,False,55.0931,33.323,5.113,2.352,True,320,240,0,False,60.00,0.1000,0.036062,-0.051842,0.284287,0.440443,0.188691,-0.101584,0.871830,2382
177.4781,inicio,False,55.0931,33.323,5.015,3.098,True,320,240,0,False,60.00,0.1000,0.036062,-0.051842,0.284287,0.440443,0.188691,-0.101584,0.871830,2384
177.5783,inicio,False,55.0931,33.323,6.419,5.263,True,320,240,0,False,60.00,0.1000,0.036062,-0.051842,0.284287,0.440443,0.188691,-0.101584,0.871830,2386
177.7130,inicio,False,55.0931,33.322,6.928,1.550,True,320,240,0,False,60.00,0.1000,0.036062,-0.051842,0.284287,0.440443,0.188691,-0.101584,0.871830,2388
177.8450,inicio,False,55.0931,33.322,6.340,4.923,True,320,240,0,False,60.00,0.1000,0.036062,-0.051842,0.284287,0.440443,0.188691,-0.101584,0.871830,2390
177.9460,inicio,False,55.0931,33.323,5.091,4.941,True,320,240,0,False,60.00,0.1000,0.036062,-0.051842,0.284287,0.440443,0.188691,-0.101584,0.871830,2392
178.0787,inicio,False,55.0931,33.323,5.983,9.875,True,320,240,0,False,60.00,0.1000,0.036062,-0.051842,0.284287,0.440443,0.188691,-0.101584,0.871830,2394
178.2112,inicio,False,55.0931,33.323,5.772,13.991,True,320,240,0,False,60.00,0.1000,0.036062,-0.051842,0.284287,0.440443,0.188691,-0.101584,0.871830,2396
178.3117,inicio,False,55.0931,33.326,5.204,15.192,True,320,240,0,False,60.00,0.1000,0.036062,-0.051842,0.284287,0.440443,0.188691,-0.101584,0.871830,2397
178.4445,inicio,False,55.0931,33.322,4.942,16.757,True,320,240,0,False,60.00,0.1000,0.036062,-0.051842,0.284287,0.440443,0.188691,-0.101584,0.871830,2399
178.5448,inicio,False,55.0931,33.322,6.239,16.383,True,320,240,0,False,60.00,0.1000,0.036062,-0.051842,0.284287,0.440443,0.188691,-0.101584,0.871830,2400
178.6452,inicio,False,55.0931,33.322,7.360,14.654,True,320,240,0,False,60.00,0.1000,0.036062,-0.051842,0.284287,0.440443,0.188691,-0.101584,0.871830,2402
178.7777,inicio,False,55.0931,33.322,5.341,11.957,True,320,240,0,False,60.00,0.1000,0.036062,-0.051842,0.284287,0.440443,0.188691,-0.101584,0.871830,2404
178.8777,inicio,False,55.0931,33.321,5.903,10.670,True,320,240,0,False,60.00,0.1000,0.036062,-0.051842,0.284287,0.440443,0.188691,-0.101584,0.871830,2406
179.0152,inicio,False,55.1265,33.322,9.215,11.723,True,320,240,0,False,60.00,0.1000,-0.048649,-0.086422,0.275145,0.579965,-0.070675,0.010298,0.811505,2408
179.1451,inicio,True,55.1598,33.322,5.904,19.124,True,320,240,0,False,60.00,0.1000,0.006990,-0.054219,0.292515,0.545366,0.016254,-0.022402,0.837741,2410
179.2775,inicio,True,55.2598,33.322,4.871,21.270,True,320,240,0,False,60.00,0.1000,-0.001195,-0.028268,0.307075,0.500998,-0.014493,-0.025120,0.864963,2412
179.4150,inicio,True,55.3931,33.322,16.701,20.025,True,320,240,0,False,60.00,0.1000,0.001024,-0.025365,0.314494,0.491917,-0.004964,-0.021572,0.870361,2414
179.5274,inicio,True,55.5097,34.074,11.956,24.977,True,320,240,0,False,60.00,0.1000,0.003037,-0.030618,0.321492,0.495341,0.008644,-0.009500,0.868604,2415
179.6659,inicio,True,55.6430,35.591,11.462,25.126,True,320,240,0,False,60.00,0.1000,0.001122,-0.029544,0.327888,0.497760,0.015393,-0.006137,0.867156,2417
179.8037,inicio,True,55.7763,35.173,12.491,22.508,True,320,240,0,False,60.00,0.1000,-0.005805,-0.023066,0.334780,0.493430,0.005964,-0.005879,0.869745,2420
179.9108,inicio,True,55.8929,35.659,5.501,20.127,True,320,240,0,False,60.00,0.1000,-0.006472,-0.022606,0.337014,0.492278,0.007723,-0.004779,0.870391,2421
180.0654,inicio,True,56.0429,36.058,12.248,22.447,True,320,240,0,False,60.00,0.1000,-0.008582,-0.016492,0.344809,0.487625,0.009242,-0.003183,0.872999,2424
180.1778,inicio,True,56.1595,36.419,9.657,19.234,True,320,240,0,False,60.00,0.1000,-0.004904,-0.013257,0.347707,0.485178,0.011427,-0.005512,0.874324,2425
180.3188,inicio,True,56.2928,37.560,9.178,20.932,True,320,240,0,False,60.00,0.1000,0.004247,-0.011754,0.357114,0.484022,0.022303,-0.011542,0.874696,2427
180.4205,inicio,True,56.3927,36.955,13.044,19.425,True,320,240,0,False,60.00,0.1000,0.007977,-0.012888,0.365341,0.488359,0.023146,-0.016060,0.872188,2429
180.5437,inicio,True,56.5261,37.982,15.679,17.864,True,320,240,0,False,60.00,0.1000,0.006316,-0.006009,0.367337,0.482088,0.019184,-0.015551,0.875775,2430
180.6608,inicio,True,56.6427,38.150,12.104,21.172,True,320,240,0,False,60.00,0.1000,0.001370,-0.006948,0.373862,0.482954,0.013797,-0.010372,0.875476,2432
180.7813,inicio,True,56.7593,38.295,12.456,24.203,True,320,240,0,False,60.00,0.1000,0.015573,-0.012530,0.376405,0.496669,0.020505,-0.018555,0.867499,2434
180.8883,inicio,True,56.8593,37.585,13.910,20.241,True,320,240,0,False,60.00,0.1000,0.026848,-0.013466,0.389038,0.492244,0.035537,-0.025422,0.869360,2436
180.9936,inicio,True,56.9759,37.729,13.521,19.212,True,320,240,0,False,60.00,0.1000,0.027311,-0.015335,0.389072,0.490634,0.035158,-0.023067,0.870351,2437
181.1257,inicio,False,57.0092,37.892,17.516,16.317,True,320,240,0,False,60.00,0.1000,0.029314,-0.024845,0.389829,0.487117,0.029162,-0.030513,0.872316,2439
181.2655,inicio,True,57.0925,37.877,14.947,20.171,True,320,240,0,False,60.00,0.1000,0.032856,-0.025224,0.392541,0.495506,0.027334,-0.032698,0.867559,2442
181.3784,inicio,False,57.1758,37.979,6.100,13.539,True,320,240,0,False,60.00,0.1000,0.032856,-0.025224,0.392541,0.495506,0.027334,-0.032698,0.867559,2443
181.5351,inicio,True,57.3258,37.949,12.528,20.205,True,320,240,0,False,60.00,0.1000,-0.019261,-0.002231,0.410011,0.473633,-0.027534,-0.001957,0.880289,2446
181.6439,inicio,True,57.4424,38.041,5.246,19.829,True,320,240,0,False,60.00,0.1000,-0.019167,0.004533,0.416628,0.475377,-0.024936,0.001215,0.879428,2447
181.7769,inicio,True,57.5757,37.165,22.153,20.241,True,320,240,0,False,60.00,0.1000,-0.028225,0.003600,0.412811,0.493168,-0.028349,0.001809,0.869470,2449
181.8817,inicio,True,57.6757,38.415,15.775,20.952,True,320,240,0,False,60.00,0.1000,-0.042072,0.005476,0.427911,0.483980,-0.041690,0.011674,0.874007,2451
181.9999,inicio,True,57.7924,38.446,5.795,19.810,True,320,240,0,False,60.00,0.1000,-0.037563,0.006920,0.424104,0.484911,-0.040497,0.008618,0.873583,2452
182.1135,inicio,True,57.9090,38.547,13.298,20.625,True,320,240,0,False,60.00,0.1000,-0.032673,0.004996,0.427400,0.486356,-0.036174,0.003948,0.873003,2454
182.2191,inicio,True,58.0090,37.801,15.138,19.968,True,320,240,0,False,60.00,0.1000,-0.021904,0.000375,0.434425,0.488138,-0.026601,-0.001415,0.872360,2456
182.3432,inicio,True,58.1422,38.705,13.058,20.732,True,320,240,0,False,60.00,0.1000,-0.023209,-0.006069,0.436286,0.490465,-0.030532,-0.002313,0.870923,2457
182.4703,inicio,True,58.2588,38.768,13.635,18.138,True,320,240,0,False,60.00,0.1000,-0.015439,-0.007115,0.437201,0.499429,-0.022274,-0.004830,0.866055,2460
182.5764,inicio,True,58.3754,38.742,5.110,18.665,True,320,240,0,False,60.00,0.1000,-0.020020,-0.005388,0.432926,0.496062,-0.026041,0.002394,0.867894,2461
182.6769,inicio,True,58.4754,37.969,19.394,19.001,True,320,240,0,False,60.00,0.1000,-0.016794,-0.002502,0.427933,0.486685,-0.022676,0.002061,0.873281,2463
182.8007,inicio,True,58.5924,38.076,15.645,21.707,True,320,240,0,False,60.00,0.1000,-0.018394,0.000541,0.426644,0.483489,-0.022954,0.004539,0.875037,2465
182.9105,inicio,True,58.7090,38.147,6.798,19.950,True,320,240,0,False,60.00,0.1000,-0.016653,0.001530,0.426893,0.485272,-0.022980,0.002601,0.874057,2466
183.0264,inicio,True,58.8255,38.246,4.952,20.679,True,320,240,0,False,60.00,0.1000,-0.016961,0.003174,0.425694,0.482866,-0.021741,0.001887,0.875422,2468
183.1596,inicio,True,58.9586,37.325,21.490,17.654,True,320,240,0,False,60.00,0.1000,-0.014757,0.001514,0.425302,0.483734,-0.020479,0.000144,0.874976,2470
183.2762,inicio,True,59.0751,37.501,5.212,18.653,True,320,240,0,False,60.00,0.1000,-0.013120,-0.001526,0.426162,0.486773,-0.016313,0.001022,0.873376,2472
183.3771,inicio,True,59.1750,36.899,7.058,19.184,True,320,240,0,False,60.00,0.1000,-0.012963,-0.001490,0.425730,0.485875,-0.017601,0.001027,0.873850,2473
183.5201,inicio,True,59.3085,38.023,19.041,22.833,True,320,240,0,False,60.00,0.1000,-0.013497,-0.002082,0.425480,0.487598,-0.018665,-0.001578,0.872867,2475
183.6433,inicio,True,59.4418,37.150,5.553,24.929,True,320,240,0,False,60.00,0.1000,-0.013290,-0.002377,0.423074,0.488962,-0.021840,-0.001387,0.872030,2477
183.7798,inicio,True,59.5751,38.230,14.966,19.000,True,320,240,0,False,60.00,0.1000,-0.012116,-0.001411,0.419249,0.489266,-0.015057,0.000473,0.872005,2479
183.9268,inicio,True,59.7250,38.152,17.100,18.363,True,320,240,0,False,60.00,0.1000,-0.010450,-0.001147,0.418298,0.488600,-0.016433,-0.003035,0.872348,2481
184.0508,inicio,True,59.8416,38.296,13.187,24.654,True,320,240,0,False,60.00,0.1000,-0.011410,-0.000817,0.418521,0.488863,-0.019378,-0.002526,0.872141,2483
184.1804,inicio,True,59.9749,37.373,4.737,21.783,True,320,240,0,False,60.00,0.1000,-0.009409,0.000998,0.418141,0.487216,-0.016039,-0.003003,0.873129,2485
184.2834,inicio,True,60.0749,36.795,14.116,23.922,True,320,240,0,False,60.00,0.1000,-0.007496,0.000489,0.417701,0.485667,-0.013344,-0.003580,0.874035,2487
184.3837,inicio,True,60.1749,38.082,13.215,25.493,True,320,240,0,False,60.00,0.1000,-0.007818,-0.000433,0.417683,0.487788,-0.016771,-0.003991,0.872792,2488
184.4847,inicio,True,60.2748,37.403,11.551,24.722,True,320,240,0,False,60.00,0.1000,-0.009736,-0.001780,0.416923,0.488395,-0.013813,-0.001677,0.872512,2490
184.6125,inicio,True,60.4081,38.365,12.266,19.310,True,320,240,0,False,60.00,0.1000,-0.009658,-0.002265,0.417422,0.488951,-0.016479,-0.003613,0.872148,2491
184.7432,inicio,True,60.5248,38.478,12.515,23.044,True,320,240,0,False,60.00,0.1000,-0.007231,-0.002018,0.416459,0.488196,-0.012166,-0.004143,0.872640,2494
184.8702,inicio,True,60.6581,39.331,12.104,20.383,True,320,240,0,False,60.00,0.1000,-0.007728,-0.001980,0.417096,0.488116,-0.012222,-0.003987,0.872684,2496
184.9816,inicio,True,60.7747,39.225,5.280,21.218,True,320,240,0,False,60.00,0.1000,-0.008355,-0.002039,0.416860,0.488256,-0.015168,-0.003307,0.872562,2497
185.0868,inicio,True,60.8747,38.382,14.855,19.012,True,320,240,0,False,60.00,0.1000,-0.005903,-0.001116,0.415577,0.488491,-0.014673,-0.005649,0.872427,2499
185.2089,inicio,True,61.0080,39.205,15.278,18.255,True,320,240,0,False,60.00,0.1000,-0.004507,-0.001459,0.416639,0.487399,-0.013074,-0.006662,0.873056,2500
185.3248,inicio,True,61.1079,38.364,12.790,20.245,True,320,240,0,False,60.00,0.1000,-0.004951,-0.001425,0.417328,0.487571,-0.011329,-0.005762,0.872991,2502
185.4461,inicio,True,61.2412,39.269,12.220,19.317,True,320,240,0,False,60.00,0.1000,-0.003848,-0.002318,0.416890,0.488762,-0.012412,-0.005810,0.872309,2504
185.5543,inicio,True,61.3411,38.420,12.918,23.778,True,320,240,0,False,60.00,0.1000,-0.003985,-0.002314,0.417015,0.488079,-0.011137,-0.005804,0.872709,2506
185.6754,inicio,True,61.4744,39.237,12.523,20.969,True,320,240,0,False,60.00,0.1000,-0.003960,-0.003387,0.416311,0.488514,-0.012340,-0.007036,0.872441,2507
185.7941,inicio,True,61.5911,39.227,12.559,21.112,True,320,240,0,False,60.00,0.1000,-0.005503,-0.003764,0.415116,0.489351,-0.011232,-0.004773,0.872002,2510
185.9464,inicio,True,61.7410,38.964,13.387,20.319,True,320,240,0,False,60.00,0.1000,-0.005446,-0.003728,0.415120,0.489464,-0.009799,-0.005854,0.871949,2512
186.0674,inicio,True,61.8577,38.993,14.128,22.799,True,320,240,0,False,60.00,0.1000,-0.005387,-0.004239,0.414291,0.489212,-0.010967,-0.004394,0.872085,2514
186.1755,inicio,True,61.9743,38.936,8.317,21.131,True,320,240,0,False,60.00,0.1000,-0.005528,-0.004904,0.414421,0.490246,-0.013105,-0.007108,0.871457,2515
186.3108,inicio,True,62.1076,39.760,15.111,19.548,True,320,240,0,False,60.00,0.1000,-0.005672,-0.004550,0.414232,0.490256,-0.012815,-0.005219,0.871469,2517
186.4132,inicio,True,62.2075,38.842,11.036,20.511,True,320,240,0,False,60.00,0.1000,-0.004796,-0.004636,0.414690,0.489613,-0.013581,-0.006461,0.871810,2519
186.5340,inicio,True,62.3242,38.806,15.018,19.985,True,320,240,0,False,60.00,0.1000,-0.004782,-0.004441,0.413369,0.490398,-0.010280,-0.006656,0.871412,2521
186.6417,inicio,True,62.4408,38.776,6.684,19.070,True,320,240,0,False,60.00,0.1000,-0.004665,-0.004544,0.414413,0.490258,-0.011955,-0.006512,0.871471,2522
186.7765,inicio,True,62.5574,38.832,15.432,21.408,True,320,240,0,False,60.00,0.1000,-0.007606,-0.004598,0.413363,0.490437,-0.013592,-0.004212,0.871360,2524
186.8886,inicio,True,62.6741,38.879,14.168,22.807,True,320,240,0,False,60.00,0.1000,-0.009440,-0.004941,0.413804,0.490833,-0.017238,-0.004750,0.871071,2526
187.0086,inicio,True,62.8073,39.629,13.078,19.382,True,320,240,0,False,60.00,0.1000,-0.009646,-0.004492,0.413335,0.490966,-0.014633,-0.003559,0.871049,2527
187.1286,inicio,True,62.9240,39.563,14.980,18.745,True,320,240,0,False,60.00,0.1000,-0.006988,-0.003199,0.413705,0.489614,-0.014868,-0.006531,0.871788,2530
187.2870,inicio,True,63.0739,39.238,7.630,19.735,True,320,240,0,False,60.00,0.1000,-0.004946,-0.001432,0.412997,0.486757,-0.014267,-0.006267,0.873399,2532
187.4082,inicio,True,63.2072,39.938,14.479,23.481,True,320,240,0,False,60.00,0.1000,-0.005500,-0.001931,0.412015,0.487912,-0.010424,-0.004187,0.872821,2533
187.5263,inicio,True,63.3238,39.827,12.699,22.291,True,320,240,0,False,60.00,0.1000,-0.007313,-0.002723,0.412732,0.487315,-0.013106,-0.005483,0.873111,2536
187.6419,inicio,True,63.4405,39.651,6.937,21.484,True,320,240,0,False,60.00,0.1000,-0.008357,-0.003107,0.412388,0.488025,-0.018751,-0.004765,0.872615,2537
187.7761,inicio,True,63.5738,40.373,14.421,18.931,True,320,240,0,False,60.00,0.1000,-0.006473,-0.002459,0.410834,0.487750,-0.012168,-0.003367,0.872892,2539
187.8823,inicio,True,63.6737,39.367,13.871,22.772,True,320,240,0,False,60.00,0.1000,-0.005783,-0.002564,0.411793,0.487443,-0.010653,-0.005236,0.873074,2541
188.0080,inicio,True,63.8070,40.049,12.412,20.326,True,320,240,0,False,60.00,0.1000,-0.006664,-0.002560,0.411474,0.487764,-0.012327,-0.003971,0.872879,2542
188.1330,inicio,True,63.9236,39.923,12.597,19.546,True,320,240,0,False,60.00,0.1000,-0.008561,-0.003027,0.411013,0.488397,-0.017887,-0.004474,0.872427,2545
188.2414,inicio,True,64.0403,39.733,6.087,20.869,True,320,240,0,False,60.00,0.1000,-0.008602,-0.002922,0.411195,0.488152,-0.017824,-0.004020,0.872567,2546
188.3703,inicio,True,64.1569,39.610,13.171,19.555,True,320,240,0,False,60.00,0.1000,-0.008560,-0.002919,0.411256,0.488471,-0.018356,-0.003917,0.872378,2548
188.5103,inicio,True,64.3068,39.277,14.289,19.781,True,320,240,0,False,60.00,0.1000,-0.008253,-0.003137,0.411217,0.488085,-0.016788,-0.003756,0.872627,2550
188.6106,inicio,True,64.4068,38.427,12.711,23.722,True,320,240,0,False,60.00,0.1000,-0.006909,-0.003199,0.411807,0.488245,-0.018108,-0.004831,0.872505,2552
188.7415,inicio,True,64.5401,39.243,12.292,23.583,True,320,240,0,False,60.00,0.1000,-0.006641,-0.003151,0.410537,0.488652,-0.015906,-0.005010,0.872320,2553
188.8741,inicio,True,64.6567,39.231,12.877,20.443,True,320,240,0,False,60.00,0.1000,-0.006886,-0.003350,0.410809,0.489590,-0.016766,-0.005581,0.871774,2556
188.9944,inicio,True,64.7900,39.974,11.463,19.410,True,320,240,0,False,60.00,0.1000,-0.007267,-0.002982,0.411633,0.488599,-0.016525,-0.004784,0.872339,2558
189.1485,inicio,True,64.9400,39.574,13.019,19.074,True,320,240,0,False,60.00,0.1000,-0.005062,-0.002110,0.411185,0.487940,-0.009865,-0.001871,0.872820,2560
189.2744,inicio,True,65.0733,40.225,13.232,26.453,True,320,240,0,False,60.00,0.1000,-0.004119,-0.002188,0.412053,0.486848,-0.008013,-0.003460,0.873443,2561
189.3907,inicio,True,65.1899,40.073,12.760,20.026,True,320,240,0,False,60.00,0.1000,-0.004883,-0.002394,0.412951,0.487275,-0.010117,-0.003694,0.873182,2564
189.4919,inicio,True,65.2899,39.110,7.644,22.487,True,320,240,0,False,60.00,0.1000,-0.005458,-0.002166,0.413219,0.487140,-0.009656,-0.002560,0.873267,2565
189.6078,inicio,True,65.4065,39.076,21.097,23.521,True,320,240,0,False,60.00,0.1000,-0.005027,-0.001856,0.411498,0.488472,-0.011578,-0.003177,0.872497,2567
189.7122,inicio,True,65.5065,40.139,13.253,21.012,True,320,240,0,False,60.00,0.1000,-0.005522,-0.001782,0.411847,0.487850,-0.013078,-0.003704,0.872822,2568
189.8410,inicio,True,65.6397,38.875,20.515,24.475,True,320,240,0,False,60.00,0.1000,-0.005012,-0.001434,0.411513,0.487376,-0.013609,-0.006746,0.873060,2570
189.9416,inicio,True,65.7397,39.958,12.747,20.836,True,320,240,0,False,60.00,0.1000,-0.004968,-0.001522,0.410879,0.487830,-0.014335,-0.005408,0.872805,2572
190.0606,inicio,True,65.8563,39.845,18.128,19.719,True,320,240,0,False,60.00,0.1000,-0.006454,-0.001188,0.412116,0.486543,-0.017218,-0.004756,0.873474,2574
190.1739,inicio,True,65.9730,39.666,6.980,25.932,True,320,240,0,False,60.00,0.1000,-0.006540,-0.000671,0.412417,0.485280,-0.013330,-0.003635,0.874250,2575
190.3110,inicio,True,66.1063,40.386,12.395,18.097,True,320,240,0,False,60.00,0.1000,-0.006592,-0.000419,0.410710,0.485553,-0.011330,-0.001900,0.874132,2577
190.4146,inicio,True,66.2062,39.379,12.211,21.337,True,320,240,0,False,60.00,0.1000,-0.007415,-0.000130,0.410307,0.485895,-0.009318,-0.000283,0.873968,2579
190.5242,inicio,True,66.3229,39.267,12.850,18.583,True,320,240,0,False,60.00,0.1000,-0.007171,0.000079,0.410310,0.485951,-0.012684,-0.001188,0.873893,2580
190.6447,inicio,True,66.4395,39.253,13.320,24.560,True,320,240,0,False,60.00,0.1000,-0.005993,0.000439,0.410987,0.484840,-0.013693,-0.005491,0.874478,2582
190.7482,inicio,True,66.5395,38.407,15.827,20.725,True,320,240,0,False,60.00,0.1000,-0.007112,0.000179,0.411480,0.485511,-0.013467,-0.002997,0.874122,2584
190.8749,inicio,True,66.6727,39.224,9.406,20.702,True,320,240,0,False,60.00,0.1000,-0.007455,0.000290,0.410958,0.485532,-0.014957,-0.003888,0.874083,2585
191.0055,inicio,True,66.7894,39.216,15.017,20.186,True,320,240,0,False,60.00,0.1000,-0.006517,0.000378,0.410897,0.485161,-0.015886,-0.004380,0.874269,2588
191.1138,inicio,True,66.9060,39.127,7.168,18.170,True,320,240,0,False,60.00,0.1000,-0.006481,0.000382,0.410510,0.485175,-0.015082,-0.005149,0.874272,2589
191.2160,inicio,True,67.0060,38.299,11.081,21.304,True,320,240,0,False,60.00,0.1000,-0.005938,0.000695,0.410059,0.484517,-0.015292,-0.005728,0.874630,2591
191.3403,inicio,True,67.1393,39.132,15.548,22.127,True,320,240,0,False,60.00,0.1000,-0.005918,0.000891,0.410196,0.484055,-0.015801,-0.005486,0.874878,2592
191.4581,inicio,True,67.2559,39.137,13.512,23.322,True,320,240,0,False,60.00,0.1000,-0.005609,0.000643,0.410795,0.484304,-0.014877,-0.006068,0.874752,2595
191.5735,inicio,True,67.3725,39.060,6.151,25.139,True,320,240,0,False,60.00,0.1000,-0.005134,0.000576,0.409414,0.485679,-0.015670,-0.005680,0.873979,2596
191.7172,inicio,True,67.5058,39.866,13.382,23.811,True,320,240,0,False,60.00,0.1000,-0.004039,0.000530,0.409223,0.485154,-0.013676,-0.006716,0.874296,2598
191.8489,inicio,True,67.6391,40.557,12.981,21.783,True,320,240,0,False,60.00,0.1000,-0.002134,0.000866,0.408151,0.482168,-0.010324,-0.006939,0.875991,2600
191.9748,inicio,True,67.7724,39.215,5.543,20.202,True,320,240,0,False,60.00,0.1000,-0.000225,0.001493,0.404502,0.480598,-0.008924,-0.007532,0.876863,2602
192.1060,inicio,True,67.8890,39.166,12.664,21.241,True,320,240,0,False,60.00,0.1000,-0.009188,0.000834,0.398864,0.479587,-0.010331,-0.001090,0.877433,2604
192.2147,inicio,True,68.0056,39.166,13.101,20.697,True,320,240,0,False,60.00,0.1000,-0.018211,0.000081,0.399239,0.480210,-0.024908,0.002177,0.876797,2606
192.3408,inicio,True,68.1389,39.876,15.794,19.930,True,320,240,0,False,60.00,0.1000,-0.021050,0.000245,0.400284,0.479566,-0.027190,0.005008,0.877070,2607
192.4606,inicio,True,68.2556,39.774,9.603,22.097,True,320,240,0,False,60.00,0.1000,-0.027161,0.000989,0.402047,0.477429,-0.026979,0.010613,0.878192,2610
192.6086,inicio,True,68.4055,39.410,12.234,20.397,True,320,240,0,False,60.00,0.1000,-0.024114,0.001980,0.403240,0.480683,-0.030941,0.004345,0.876338,2612
192.7303,inicio,True,68.5221,39.375,15.119,24.832,True,320,240,0,False,60.00,0.1000,-0.019351,0.002101,0.404388,0.480894,-0.023942,0.001830,0.876450,2614
192.8473,inicio,True,68.6388,39.266,6.091,20.709,True,320,240,0,False,60.00,0.1000,-0.017627,0.001890,0.404743,0.480689,-0.022134,-0.000012,0.876612,2615
192.9734,inicio,True,68.7721,38.163,7.855,21.232,True,320,240,0,False,60.00,0.1000,-0.013963,0.001289,0.404902,0.480990,-0.017977,-0.000390,0.876542,2617
193.1147,inicio,True,68.9054,39.096,15.862,22.430,True,320,240,0,False,60.00,0.1000,-0.015429,0.001663,0.404367,0.480642,-0.022839,-0.001761,0.876617,2619
193.2458,inicio,True,69.0387,38.025,4.856,18.875,True,320,240,0,False,60.00,0.1000,-0.014532,0.002033,0.401433,0.479590,-0.021752,-0.002245,0.877220,2621
193.3729,inicio,True,69.1719,37.151,5.072,22.827,True,320,240,0,False,60.00,0.1000,-0.012137,0.002734,0.402810,0.478142,-0.014625,-0.001315,0.878160,2623
193.5147,inicio,True,69.3052,38.230,17.980,22.560,True,320,240,0,False,60.00,0.1000,-0.009364,0.003588,0.401816,0.477438,-0.015954,-0.006110,0.878500,2625
193.6402,inicio,True,69.4385,39.155,12.741,22.436,True,320,240,0,False,60.00,0.1000,-0.008871,0.003555,0.400029,0.476899,-0.013455,-0.006869,0.878828,2627
193.7423,inicio,True,69.5385,38.323,12.555,17.917,True,320,240,0,False,60.00,0.1000,-0.015273,0.002277,0.400020,0.477245,-0.017713,-0.002543,0.878588,2629
193.8583,inicio,True,69.6551,38.443,11.365,19.967,True,320,240,0,False,60.00,0.1000,-0.017485,0.001525,0.402251,0.479109,-0.022353,-0.002835,0.877467,2631
193.9727,inicio,True,69.7717,38.464,6.707,20.231,True,320,240,0,False,60.00,0.1000,-0.017367,0.001724,0.403590,0.479542,-0.022433,-0.002860,0.877228,2632
194.1106,inicio,True,69.9050,39.356,13.239,23.173,True,320,240,0,False,60.00,0.1000,-0.017613,0.000186,0.408433,0.481829,-0.021637,-0.002952,0.875993,2634
194.2156,inicio,True,70.0050,38.495,12.219,23.887,True,320,240,0,False,60.00,0.1000,-0.022762,-0.002530,0.413372,0.486975,-0.023766,0.000749,0.873092,2636
194.3408,inicio,True,70.1383,39.301,12.695,20.494,True,320,240,0,False,60.00,0.1000,-0.023156,-0.003111,0.416512,0.490094,-0.026949,0.000227,0.871253,2637
194.4635,inicio,True,70.2549,39.282,13.051,26.104,True,320,240,0,False,60.00,0.1000,-0.015597,-0.004190,0.423423,0.492847,-0.018609,-0.007157,0.869887,2640
194.5835,inicio,True,70.3716,39.184,9.438,21.325,True,320,240,0,False,60.00,0.1000,-0.015610,-0.004606,0.424386,0.493716,-0.018496,-0.006851,0.869400,2641
194.7114,inicio,True,70.5048,38.096,4.622,20.448,True,320,240,0,False,60.00,0.1000,-0.016463,-0.005347,0.424696,0.495514,-0.018384,-0.003999,0.868396,2643
194.8394,inicio,True,70.6381,37.210,7.151,22.444,True,320,240,0,False,60.00,0.1000,-0.016175,-0.006136,0.426364,0.497763,-0.020194,-0.006299,0.867055,2645
194.9728,inicio,True,70.7714,38.280,14.372,19.304,True,320,240,0,False,60.00,0.1000,-0.011960,-0.006459,0.428636,0.497679,-0.014941,-0.009107,0.867185,2647
195.0776,inicio,True,70.8714,37.573,14.911,22.781,True,320,240,0,False,60.00,0.1000,-0.013496,-0.006771,0.428724,0.497824,-0.013660,-0.006943,0.867143,2649
195.1779,inicio,True,70.9714,38.788,13.318,22.951,True,320,240,0,False,60.00,0.1000,-0.014386,-0.007192,0.428810,0.498531,-0.015104,-0.006988,0.866712,2650
195.2828,inicio,True,71.0714,38.008,12.552,24.692,True,320,240,0,False,60.00,0.1000,-0.013014,-0.007093,0.429063,0.498151,-0.012951,-0.006805,0.866967,2652
195.3855,inicio,True,71.1714,39.175,15.165,24.228,True,320,240,0,False,60.00,0.1000,-0.011196,-0.007010,0.428579,0.498734,-0.012086,-0.008065,0.866633,2653
195.5099,inicio,True,71.3046,38.088,5.999,19.418,True,320,240,0,False,60.00,0.1000,-0.011683,-0.006894,0.428710,0.498200,-0.011212,-0.008670,0.866946,2655
195.6377,inicio,True,71.4212,38.199,12.938,18.826,True,320,240,0,False,60.00,0.1000,-0.013391,-0.007122,0.429281,0.498044,-0.013887,-0.007092,0.867012,2657
195.7424,inicio,True,71.5380,38.345,10.698,19.028,True,320,240,0,False,60.00,0.1000,-0.013693,-0.006590,0.429351,0.498635,-0.013052,-0.006499,0.866689,2659
195.8597,inicio,True,71.6546,38.459,14.496,20.246,True,320,240,0,False,60.00,0.1000,-0.014924,-0.006872,0.429003,0.498533,-0.013790,-0.005779,0.866742,2661
195.9724,inicio,True,71.7712,38.476,6.720,21.297,True,320,240,0,False,60.00,0.1000,-0.015283,-0.006783,0.429160,0.498285,-0.013119,-0.005710,0.866895,2662
196.1151,inicio,True,71.9044,39.364,13.440,25.039,True,320,240,0,False,60.00,0.1000,-0.014846,-0.006318,0.428760,0.498802,-0.014611,-0.006061,0.866572,2664
196.2613,inicio,True,72.0543,39.075,14.157,21.749,True,320,240,0,False,60.00,0.1000,-0.012417,-0.005551,0.429426,0.497444,-0.015096,-0.008081,0.867327,2667
196.3798,inicio,True,72.1709,39.003,4.739,24.051,True,320,240,0,False,60.00,0.1000,-0.012404,-0.005625,0.428789,0.497554,-0.014164,-0.008144,0.867279,2668
196.5103,inicio,True,72.3042,37.952,4.692,20.502,True,320,240,0,False,60.00,0.1000,-0.011922,-0.005455,0.428606,0.496826,-0.013214,-0.007797,0.867714,2670
196.6386,inicio,True,72.4375,37.093,6.088,18.347,True,320,240,0,False,60.00,0.1000,-0.013622,-0.006032,0.428890,0.498766,-0.014805,-0.008313,0.866570,2672
196.7393,inicio,True,72.5375,36.555,20.096,18.510,True,320,240,0,False,60.00,0.1000,-0.014318,-0.006055,0.428668,0.499384,-0.015833,-0.007110,0.866207,2674
196.8551,inicio,True,72.6541,36.845,13.955,18.856,True,320,240,0,False,60.00,0.1000,-0.013798,-0.005994,0.428483,0.498900,-0.014307,-0.008096,0.866504,2675
196.9987,inicio,True,72.7874,37.969,15.549,21.806,True,320,240,0,False,60.00,0.1000,-0.015190,-0.005721,0.428520,0.497704,-0.015583,-0.006988,0.867179,2678
197.1148,inicio,True,72.9041,38.059,5.030,23.215,True,320,240,0,False,60.00,0.1000,-0.015498,-0.004893,0.428023,0.496223,-0.013070,-0.004235,0.868087,2679
197.2453,inicio,True,73.0374,39.008,16.906,22.653,True,320,240,0,False,60.00,0.1000,-0.015874,-0.005451,0.427639,0.496829,-0.016115,-0.005703,0.867680,2681
197.3788,inicio,True,73.1707,37.957,6.038,19.063,True,320,240,0,False,60.00,0.1000,-0.014890,-0.004997,0.427884,0.496141,-0.011840,-0.005023,0.868147,2683
197.5177,inicio,True,73.3040,37.095,6.244,24.447,True,320,240,0,False,60.00,0.1000,-0.015437,-0.005122,0.427503,0.496056,-0.014024,-0.004528,0.868166,2685
197.6429,inicio,True,73.4372,38.180,12.405,22.383,True,320,240,0,False,60.00,0.1000,-0.015374,-0.005033,0.427790,0.496040,-0.013134,-0.004307,0.868190,2687
197.7715,inicio,True,73.5705,37.277,6.752,20.715,True,320,240,0,False,60.00,0.1000,-0.016882,-0.005231,0.427275,0.496716,-0.015321,-0.004188,0.867768,2689
197.9075,inicio,True,73.7038,38.337,11.624,18.536,True,320,240,0,False,60.00,0.1000,-0.016835,-0.005447,0.426791,0.497656,-0.017048,-0.004919,0.867193,2691
198.0650,inicio,True,73.8537,38.240,13.392,24.628,True,320,240,0,False,60.00,0.1000,-0.015162,-0.005141,0.427774,0.496170,-0.014347,-0.005259,0.868091,2694
198.1808,inicio,True,73.9704,38.291,7.220,22.847,True,320,240,0,False,60.00,0.1000,-0.014280,-0.004972,0.427703,0.496132,-0.012721,-0.005366,0.868137,2695
198.3061,inicio,True,74.1037,39.207,12.845,21.918,True,320,240,0,False,60.00,0.1000,-0.013854,-0.004888,0.427751,0.495790,-0.012400,-0.005837,0.868334,2697
198.4122,inicio,True,74.2036,38.369,11.429,27.958,True,320,240,0,False,60.00,0.1000,-0.013989,-0.004536,0.427513,0.496627,-0.011396,-0.005323,0.867873,2699
198.5181,inicio,True,74.3036,39.501,17.931,23.310,True,320,240,0,False,60.00,0.1000,-0.014450,-0.004882,0.427313,0.496108,-0.012301,-0.004882,0.868160,2700
198.6473,inicio,True,74.4369,40.244,12.029,26.397,True,320,240,0,False,60.00,0.1000,-0.014472,-0.004925,0.427506,0.496410,-0.011336,-0.004827,0.868001,2702
198.7730,inicio,True,74.5702,38.960,5.232,18.935,True,320,240,0,False,60.00,0.1000,-0.015362,-0.005189,0.427558,0.496802,-0.014609,-0.004865,0.867728,2704
198.8998,inicio,True,74.6868,38.947,12.650,19.448,True,320,240,0,False,60.00,0.1000,-0.014238,-0.004835,0.427656,0.496299,-0.012420,-0.004697,0.868050,2706
199.0390,inicio,True,74.8201,37.903,14.374,21.416,True,320,240,0,False,60.00,0.1000,-0.013638,-0.004411,0.427501,0.496491,-0.012252,-0.006423,0.867932,2708
199.1450,inicio,True,74.9367,38.084,11.859,24.849,True,320,240,0,False,60.00,0.1000,-0.013843,-0.004523,0.427901,0.496780,-0.011001,-0.005861,0.867787,2710
199.2603,inicio,True,75.0534,38.156,12.575,17.755,True,320,240,0,False,60.00,0.1000,-0.014058,-0.004595,0.428160,0.497016,-0.010489,-0.004809,0.867665,2711
199.4049,inicio,True,75.2033,39.925,11.882,22.909,True,320,240,0,False,60.00,0.1000,-0.012813,-0.004750,0.427998,0.496777,-0.010607,-0.005685,0.867795,2714
199.5303,inicio,True,75.3199,39.816,12.873,21.888,True,320,240,0,False,60.00,0.1000,-0.011642,-0.004201,0.429054,0.497587,-0.010622,-0.007375,0.867317,2716
199.6409,inicio,True,75.4366,39.642,5.378,19.604,True,320,240,0,False,60.00,0.1000,-0.012203,-0.004067,0.428618,0.497658,-0.011241,-0.008095,0.867263,2717
199.7464,inicio,True,75.5365,38.740,11.962,25.718,True,320,240,0,False,60.00,0.1000,-0.013804,-0.004442,0.428482,0.497472,-0.010540,-0.005616,0.867398,2719
199.8713,inicio,True,75.6698,39.511,4.630,21.835,True,320,240,0,False,60.00,0.1000,-0.014762,-0.004386,0.428329,0.497513,-0.011989,-0.005066,0.867359,2721
199.9753,inicio,True,75.7698,38.628,4.527,20.462,True,320,240,0,False,60.00,0.1000,-0.015651,-0.004546,0.428532,0.497149,-0.011670,-0.004741,0.867574,2722
200.1335,inicio,True,75.9197,38.477,12.527,20.799,True,320,240,0,False,60.00,0.1000,-0.015129,-0.004506,0.427979,0.497047,-0.010318,-0.005399,0.867646,2725
200.2412,inicio,True,76.0364,38.493,4.317,21.444,True,320,240,0,False,60.00,0.1000,-0.016087,-0.004468,0.427367,0.496607,-0.012011,-0.004685,0.867880,2726
200.3443,inicio,True,76.1363,37.756,13.629,21.485,True,320,240,0,False,60.00,0.1000,-0.016794,-0.004552,0.428059,0.496727,-0.013798,-0.003638,0.867790,2728
200.4539,inicio,True,76.2530,37.876,13.523,18.392,True,320,240,0,False,60.00,0.1000,-0.015859,-0.004399,0.427922,0.497722,-0.012774,-0.004516,0.867231,2729
200.5707,inicio,True,76.3529,37.226,12.851,19.108,True,320,240,0,False,60.00,0.1000,-0.014694,-0.003901,0.428290,0.496905,-0.014681,-0.006991,0.867652,2731
200.6786,inicio,True,76.4696,37.502,13.598,26.108,True,320,240,0,False,60.00,0.1000,-0.014472,-0.003582,0.427817,0.496034,-0.015117,-0.006659,0.868146,2733
200.8037,inicio,True,76.6028,38.449,13.129,19.166,True,320,240,0,False,60.00,0.1000,-0.014270,-0.003174,0.427451,0.494956,-0.012720,-0.005245,0.868809,2734
200.9204,inicio,True,76.7028,37.718,16.677,22.797,True,320,240,0,False,60.00,0.1000,-0.015034,-0.002818,0.427024,0.492504,-0.012231,-0.005148,0.870209,2737
201.0207,inicio,True,76.8194,37.843,26.075,21.543,True,320,240,0,False,60.00,0.1000,-0.014863,-0.002965,0.427127,0.493538,-0.011854,-0.004845,0.869630,2738
201.1276,inicio,True,76.9194,39.028,16.606,19.862,True,320,240,0,False,60.00,0.1000,-0.014846,-0.003262,0.427000,0.494844,-0.013997,-0.005409,0.868853,2740
201.2491,inicio,True,77.0360,38.965,6.773,24.582,True,320,240,0,False,60.00,0.1000,-0.014769,-0.003136,0.426850,0.494750,-0.013560,-0.004853,0.868916,2741
201.3704,inicio,True,77.1693,37.918,5.497,22.460,True,320,240,0,False,60.00,0.1000,-0.014702,-0.003169,0.427043,0.494459,-0.013714,-0.005321,0.869076,2743
201.5022,inicio,True,77.2860,38.055,13.486,18.404,True,320,240,0,False,60.00,0.1000,-0.014128,-0.003090,0.426871,0.494429,-0.012094,-0.005294,0.869118,2745
201.6100,inicio,True,77.4026,38.213,12.827,23.305,True,320,240,0,False,60.00,0.1000,-0.014854,-0.003216,0.426895,0.494665,-0.013016,-0.004949,0.868972,2747
201.7208,inicio,True,77.5192,38.267,12.651,18.716,True,320,240,0,False,60.00,0.1000,-0.014738,-0.003098,0.427177,0.494788,-0.012644,-0.004622,0.868909,2748
201.8628,inicio,True,77.6525,39.186,12.049,21.815,True,320,240,0,False,60.00,0.1000,-0.014781,-0.003134,0.426808,0.494180,-0.013219,-0.004710,0.869246,2751
201.9920,inicio,True,77.7858,39.935,13.325,23.550,True,320,240,0,False,60.00,0.1000,-0.013325,-0.002795,0.426754,0.493797,-0.007961,-0.004258,0.869530,2753
202.1038,inicio,True,77.9025,39.746,6.563,25.264,True,320,240,0,False,60.00,0.1000,-0.013888,-0.002608,0.426304,0.494273,-0.010674,-0.005351,0.869225,2754
202.2424,inicio,True,78.0357,40.453,13.285,22.441,True,320,240,0,False,60.00,0.1000,-0.013636,-0.002616,0.426033,0.494807,-0.011057,-0.005382,0.868916,2756
202.3715,inicio,True,78.1690,41.060,11.892,21.899,True,320,240,0,False,60.00,0.1000,-0.011657,-0.002755,0.426966,0.494179,-0.007858,-0.006491,0.869300,2758
202.5113,inicio,True,78.3023,39.624,5.233,20.868,True,320,240,0,False,60.00,0.1000,-0.011563,-0.003372,0.427332,0.496000,-0.011127,-0.008329,0.868211,2760
202.6441,inicio,True,78.4356,38.455,6.330,20.547,True,320,240,0,False,60.00,0.1000,-0.009132,-0.003367,0.427851,0.496011,-0.010711,-0.009576,0.868197,2762
202.7847,inicio,True,78.5688,37.502,15.702,23.765,True,320,240,0,False,60.00,0.1000,-0.006353,-0.002722,0.428497,0.495213,-0.006012,-0.010080,0.868692,2765
202.9109,inicio,True,78.7022,38.410,4.710,21.395,True,320,240,0,False,60.00,0.1000,-0.005873,-0.002509,0.428518,0.494854,-0.004886,-0.010173,0.868903,2766
203.0453,inicio,True,78.8355,37.467,6.085,23.009,True,320,240,0,False,60.00,0.1000,-0.008207,-0.002497,0.427708,0.495189,-0.006422,-0.008679,0.868718,2768
203.1918,inicio,True,78.9854,37.531,13.610,19.007,True,320,240,0,False,60.00,0.1000,-0.010866,-0.002926,0.427747,0.494442,-0.008552,-0.007318,0.869138,2771
203.3455,inicio,True,79.1354,37.585,16.107,22.328,True,320,240,0,False,60.00,0.1000,-0.010413,-0.002749,0.427439,0.494352,-0.007901,-0.006617,0.869201,2773
203.4481,inicio,True,79.2353,38.793,11.538,23.114,True,320,240,0,False,60.00,0.1000,-0.009758,-0.002753,0.427995,0.494156,-0.007951,-0.007891,0.869301,2774
203.5764,inicio,True,79.3686,37.778,5.038,21.698,True,320,240,0,False,60.00,0.1000,-0.010149,-0.002386,0.427475,0.495219,-0.009536,-0.007364,0.868685,2776
203.7094,inicio,True,79.5019,36.952,6.316,20.764,True,320,240,0,False,60.00,0.1000,-0.010215,-0.002030,0.427448,0.495378,-0.010475,-0.008977,0.868568,2778
203.8429,inicio,True,79.6352,36.278,4.919,21.495,True,320,240,0,False,60.00,0.1000,-0.009476,-0.002011,0.427286,0.495646,-0.009624,-0.009658,0.868418,2780
203.9823,inicio,True,79.7685,35.730,5.109,23.785,True,320,240,0,False,60.00,0.1000,-0.009593,-0.001863,0.427565,0.495549,-0.009784,-0.010002,0.868467,2782
204.0838,inicio,True,79.8685,37.162,29.712,21.386,True,320,240,0,False,60.00,0.1000,-0.008536,-0.001573,0.427463,0.494034,-0.010243,-0.009783,0.869327,2784
204.2037,inicio,True,80.0019,40.044,21.468,27.841,True,320,240,0,False,60.00,0.1000,-0.006688,-0.001083,0.427345,0.492844,-0.005790,-0.009679,0.870045,2786
204.3199,inicio,True,80.1185,41.844,14.584,29.346,True,320,240,0,False,60.00,0.1000,-0.007066,-0.000791,0.427657,0.490675,-0.005350,-0.009387,0.871276,2788
204.4555,inicio,True,80.2521,42.227,17.690,23.254,True,320,240,0,False,60.00,0.1000,-0.007229,-0.000894,0.427425,0.491845,-0.004059,-0.008418,0.870633,2790
204.5804,inicio,True,80.3686,41.702,8.110,22.375,True,320,240,0,False,60.00,0.1000,-0.007786,-0.001272,0.427720,0.493018,-0.008107,-0.009824,0.869926,2791
204.7192,inicio,True,80.5184,42.915,14.274,24.596,True,320,240,0,False,60.00,0.1000,-0.006923,-0.001095,0.427347,0.492979,-0.007378,-0.009224,0.869961,2794
204.8648,inicio,True,80.6516,43.129,19.505,37.460,True,320,240,0,False,60.00,0.1000,-0.007683,-0.002745,0.427346,0.493932,-0.006016,-0.008675,0.869437,2796
204.9965,inicio,True,80.7848,45.421,12.648,30.546,True,320,240,0,False,60.00,0.1000,-0.009085,-0.003781,0.427107,0.496894,-0.010481,-0.009058,0.867701,2798
205.1096,inicio,True,80.9019,46.677,12.707,26.326,True,320,240,0,False,60.00,0.1000,-0.009257,-0.003854,0.426412,0.496113,-0.007931,-0.008735,0.868178,2799
205.2197,inicio,True,81.0186,45.567,5.893,24.499,True,320,240,0,False,60.00,0.1000,-0.019021,0.000499,0.419581,0.485922,-0.013391,0.002179,0.873897,2801
205.3242,inicio,True,81.1184,46.034,21.681,26.689,True,320,240,0,False,60.00,0.1000,-0.020698,-0.008635,0.421118,0.496880,-0.015466,0.005036,0.867667,2803
205.4659,inicio,True,81.2518,45.726,12.800,24.414,True,320,240,0,False,60.00,0.1000,-0.022110,-0.003585,0.419130,0.489716,-0.014892,0.007393,0.871723,2805
205.5693,inicio,True,81.3516,46.094,12.269,22.146,True,320,240,0,False,60.00,0.1000,-0.021795,-0.001402,0.419232,0.489137,-0.015835,0.006463,0.872039,2806
205.6754,inicio,True,81.4683,45.065,15.602,26.932,True,320,240,0,False,60.00,0.1000,-0.020848,0.000575,0.420004,0.485345,-0.013532,0.005661,0.874200,2808
205.7996,inicio,True,81.5847,46.366,13.340,30.272,True,320,240,0,False,60.00,0.1000,-0.017599,0.001838,0.419447,0.486557,-0.016782,0.000812,0.873487,2810
205.9111,inicio,True,81.7012,47.507,17.798,23.037,True,320,240,0,False,60.00,0.1000,-0.013392,0.002784,0.417882,0.485798,-0.009172,0.000640,0.874023,2811
206.0379,inicio,True,81.8347,47.157,12.173,28.897,True,320,240,0,False,60.00,0.1000,-0.004804,0.005027,0.420802,0.484319,-0.000126,-0.005357,0.874875,2813
206.2003,inicio,True,81.9845,47.635,14.825,23.660,True,320,240,0,False,60.00,0.1000,-0.001930,0.007117,0.422172,0.481082,0.000441,-0.007536,0.876643,2816
206.3327,inicio,True,82.1177,47.174,11.381,24.794,True,320,240,0,False,60.00,0.1000,-0.000527,0.007207,0.422612,0.481907,-0.000905,-0.010265,0.876162,2818
206.4914,inicio,True,82.2843,48.369,11.098,42.104,True,320,240,0,False,60.00,0.1000,-0.000362,0.007192,0.422466,0.481824,-0.000793,-0.010198,0.876209,2820
206.6160,inicio,True,82.4010,49.321,15.027,44.230,True,320,240,0,False,60.00,0.1000,-0.000734,0.007295,0.422243,0.481674,-0.001387,-0.010022,0.876292,2822
206.7476,inicio,True,82.5342,50.965,14.826,27.490,True,320,240,0,False,60.00,0.1000,0.000083,0.007218,0.422832,0.482050,0.000299,-0.010608,0.876080,2824
206.8675,inicio,True,82.6508,51.657,21.960,28.792,True,320,240,0,False,60.00,0.1000,-0.001151,0.007200,0.422512,0.480869,-0.000457,-0.009309,0.876743,2826
206.9883,inicio,True,82.7843,53.129,13.591,19.872,True,320,240,0,False,60.00,0.1000,-0.000837,0.007074,0.423057,0.482198,-0.000406,-0.009314,0.876013,2827
207.1536,inicio,True,82.9508,53.591,22.519,39.243,True,320,240,0,False,60.00,0.1000,-0.002076,0.007022,0.425805,0.480628,0.000116,-0.008139,0.876887,2830
207.3129,inicio,True,83.1008,55.613,17.521,35.393,True,320,240,0,False,60.00,0.1000,-0.004814,0.006823,0.423699,0.481398,0.001005,-0.003871,0.876493,2832
207.4478,inicio,True,83.2340,56.645,15.003,23.645,True,320,240,0,False,60.00,0.1000,-0.007660,0.005479,0.422523,0.484531,-0.008059,-0.006124,0.874716,2834
207.5484,inicio,True,83.3340,55.953,12.797,41.787,True,320,240,0,False,60.00,0.1000,-0.009081,0.004538,0.421537,0.483018,-0.003319,-0.001423,0.875603,2836
207.7008,inicio,True,83.4840,57.789,17.886,40.177,True,320,240,0,False,60.00,0.1000,-0.009399,0.002733,0.425333,0.485077,-0.004301,-0.002532,0.874457,2838
207.8552,inicio,True,83.6508,60.288,1.231,31.770,True,320,240,0,False,60.00,0.1000,-0.009201,0.001539,0.426842,0.489017,-0.006001,-0.003701,0.872246,2840
207.9634,inicio,True,83.7507,56.440,27.085,39.788,True,320,240,0,False,60.00,0.1000,-0.010829,0.001585,0.428812,0.489629,-0.004311,-0.002235,0.871917,2841
208.1339,inicio,True,83.9173,59.014,1.329,35.795,True,320,240,0,False,60.00,0.1000,-0.011099,0.002235,0.429253,0.489366,-0.009100,-0.004376,0.872020,2843
208.2856,inicio,True,84.0843,58.538,12.233,28.440,True,320,240,0,False,60.00,0.1000,-0.006826,0.004463,0.431650,0.488615,-0.008321,-0.008634,0.872417,2845
208.4128,inicio,True,84.2008,58.531,11.549,36.815,True,320,240,0,False,60.00,0.1000,-0.008685,0.004201,0.431219,0.489059,-0.007954,-0.006778,0.872188,2847
208.5471,inicio,True,84.3341,59.322,22.342,37.191,True,320,240,0,False,60.00,0.1000,-0.011548,0.004184,0.431590,0.489118,-0.010828,-0.004073,0.872141,2849
208.6786,inicio,True,84.4672,59.987,14.575,30.298,True,320,240,0,False,60.00,0.1000,-0.011911,0.004641,0.431871,0.488373,-0.013367,-0.004477,0.872521,2851
208.9131,inicio,True,84.7003,65.624,9.239,37.963,True,320,240,0,False,60.00,0.1000,-0.009260,0.005034,0.431753,0.487730,-0.007802,-0.005429,0.872943,2853
209.0387,inicio,True,84.8335,65.720,12.634,30.022,True,320,240,0,False,60.00,0.1000,-0.008496,0.005543,0.431338,0.484906,-0.002732,-0.003725,0.874554,2855
209.1660,inicio,True,84.9501,65.019,21.087,42.422,True,320,240,0,False,60.00,0.1000,-0.007346,0.006013,0.430999,0.487337,-0.004749,-0.004898,0.873187,2857
209.3104,inicio,True,85.1000,65.924,20.786,34.738,True,320,240,0,False,60.00,0.1000,-0.006804,0.006676,0.430520,0.486380,-0.008274,-0.007830,0.873673,2859
209.4544,inicio,True,85.2498,66.823,14.590,36.989,True,320,240,0,False,60.00,0.1000,-0.006644,0.006792,0.430719,0.485986,-0.007912,-0.007870,0.873895,2861
209.5689,inicio,True,85.3666,65.980,1.078,29.886,True,320,240,0,False,60.00,0.1000,-0.006644,0.006792,0.430719,0.485986,-0.007912,-0.007870,0.873895,2862
209.6819,inicio,True,85.4666,61.324,1.075,30.732,True,320,240,0,False,60.00,0.1000,-0.007787,0.007223,0.430009,0.483714,-0.005070,-0.005271,0.875196,2864
209.7977,inicio,True,85.5833,61.010,12.171,22.694,True,320,240,0,False,60.00,0.1000,-0.007906,0.007358,0.430255,0.483771,-0.004205,-0.004517,0.875173,2866
209.9407,inicio,True,85.7333,59.480,12.497,26.876,True,320,240,0,False,60.00,0.1000,-0.008164,0.008018,0.429378,0.483815,-0.004752,-0.004766,0.875144,2868
210.0467,inicio,True,85.8332,58.555,11.610,23.524,True,320,240,0,False,60.00,0.1000,-0.009555,0.007638,0.429341,0.484567,-0.001368,-0.000918,0.874753,2870
210.1508,inicio,True,85.9499,55.708,21.506,32.753,True,320,240,0,False,60.00,0.1000,-0.009134,0.007712,0.430094,0.483421,-0.002709,-0.002245,0.875381,2871
210.2704,inicio,True,86.0664,55.981,12.559,24.062,True,320,240,0,False,60.00,0.1000,-0.009031,0.007785,0.429067,0.483210,-0.002661,-0.002259,0.875498,2873
210.3710,inicio,True,86.1666,55.407,13.640,22.606,True,320,240,0,False,60.00,0.1000,-0.008926,0.007661,0.429423,0.483971,-0.003928,-0.003142,0.875069,2874
210.5379,inicio,True,86.3332,52.975,14.908,24.625,True,320,240,0,False,60.00,0.1000,-0.008828,0.007994,0.429220,0.485428,-0.003746,-0.003512,0.874262,2877
210.6417,inicio,True,86.4331,52.681,14.248,23.028,True,320,240,0,False,60.00,0.1000,-0.008483,0.008122,0.429111,0.485580,-0.006053,-0.004292,0.874161,2878
210.7751,inicio,True,86.5664,49.088,4.981,23.117,True,320,240,0,False,60.00,0.1000,-0.008846,0.008097,0.429001,0.485504,-0.006095,-0.004356,0.874203,2880
210.9063,inicio,True,86.6996,48.460,14.022,28.860,True,320,240,0,False,60.00,0.1000,-0.008793,0.008163,0.429510,0.485137,-0.006926,-0.005825,0.874392,2882
211.0552,inicio,True,86.8494,46.480,14.756,22.705,True,320,240,0,False,60.00,0.1000,-0.008539,0.008365,0.429000,0.484933,-0.008991,-0.006605,0.874480,2885
211.1899,inicio,True,86.9826,46.184,22.524,24.904,True,320,240,0,False,60.00,0.1000,-0.008766,0.008358,0.429109,0.484531,-0.008495,-0.006584,0.874708,2887
211.3050,inicio,True,87.0994,47.395,13.924,25.440,True,320,240,0,False,60.00,0.1000,-0.008951,0.008179,0.428689,0.485358,-0.006929,-0.005743,0.874269,2888
211.4699,inicio,True,87.2660,46.450,14.767,27.471,True,320,240,0,False,60.00,0.1000,-0.009493,0.008043,0.429074,0.485602,-0.006487,-0.003891,0.874147,2891
211.5754,inicio,True,87.3660,46.796,14.193,23.374,True,320,240,0,False,60.00,0.1000,-0.009794,0.008006,0.428615,0.485776,-0.004753,-0.003419,0.874064,2892
211.7106,inicio,True,87.4993,44.298,13.904,21.644,True,320,240,0,False,60.00,0.1000,-0.010034,0.007907,0.428682,0.485000,-0.004945,-0.002315,0.874497,2895
211.8169,inicio,True,87.6159,43.484,6.665,22.774,True,320,240,0,False,60.00,0.1000,-0.010078,0.007891,0.428554,0.485094,-0.004911,-0.002514,0.874445,2896
211.9376,inicio,True,87.7326,42.826,16.284,26.902,True,320,240,0,False,60.00,0.1000,-0.010163,0.007982,0.428783,0.485495,-0.005575,-0.002978,0.874217,2898
212.0454,inicio,True,87.8325,43.524,11.216,25.068,True,320,240,0,False,60.00,0.1000,-0.009501,0.008028,0.428507,0.485708,-0.006669,-0.003764,0.874088,2899
212.1699,inicio,True,87.9659,43.695,12.740,25.361,True,320,240,0,False,60.00,0.1000,-0.008749,0.008423,0.428478,0.484413,-0.009470,-0.006945,0.874761,2901
212.2830,inicio,True,88.0658,42.215,1.135,27.050,True,320,240,0,False,60.00,0.1000,-0.008293,0.008403,0.428680,0.484602,-0.009996,-0.006998,0.874650,2903
212.3855,inicio,True,88.1824,43.805,14.449,21.580,True,320,240,0,False,60.00,0.1000,-0.009131,0.008311,0.428967,0.484568,-0.008752,-0.006678,0.874684,2905
212.5101,inicio,True,88.2991,43.062,4.920,23.657,True,320,240,0,False,60.00,0.1000,-0.008795,0.008458,0.428701,0.484182,-0.011140,-0.007343,0.874866,2906
212.6402,inicio,True,88.4328,43.320,11.821,24.390,True,320,240,0,False,60.00,0.1000,-0.008974,0.008447,0.428968,0.484424,-0.010171,-0.007370,0.874744,2908
212.7945,inicio,True,88.5826,42.292,13.782,32.756,True,320,240,0,False,60.00,0.1000,-0.008689,0.008969,0.428327,0.483004,-0.008229,-0.006294,0.875557,2911
212.9055,inicio,True,88.6991,43.827,13.493,22.837,True,320,240,0,False,60.00,0.1000,-0.008742,0.008749,0.428661,0.483616,-0.009902,-0.006599,0.875199,2912
213.0377,inicio,True,88.8324,41.877,5.003,19.093,True,320,240,0,False,60.00,0.1000,-0.008729,0.008466,0.428927,0.484313,-0.010030,-0.007440,0.874806,2914
213.1935,inicio,True,88.9822,43.106,14.204,22.800,True,320,240,0,False,60.00,0.1000,-0.008639,0.008769,0.428733,0.483553,-0.010381,-0.006600,0.875228,2917
213.3310,inicio,True,89.1153,43.289,22.308,41.243,True,320,240,0,False,60.00,0.1000,-0.008328,0.009025,0.428527,0.482812,-0.009069,-0.005853,0.875658,2919
213.4590,inicio,True,89.2485,45.522,17.235,33.275,True,320,240,0,False,60.00,0.1000,-0.008209,0.009200,0.428148,0.481962,-0.007619,-0.004709,0.876146,2921
213.5751,inicio,True,89.3654,46.759,14.826,23.738,True,320,240,0,False,60.00,0.1000,-0.007821,0.009152,0.428482,0.482131,-0.007304,-0.005777,0.876050,2922
213.7135,inicio,True,89.4986,44.265,6.677,25.511,True,320,240,0,False,60.00,0.1000,-0.007577,0.008916,0.428755,0.483134,-0.008164,-0.006949,0.875481,2924
213.8543,inicio,True,89.6487,45.165,13.423,23.714,True,320,240,0,False,60.00,0.1000,-0.007413,0.009033,0.428574,0.482579,-0.007269,-0.006375,0.875799,2927
214.0117,inicio,True,89.7986,45.893,10.397,31.025,True,320,240,0,False,60.00,0.1000,-0.008344,0.009086,0.428412,0.482776,-0.009138,-0.005598,0.875679,2929
214.1310,inicio,True,89.9155,47.097,22.989,35.020,True,320,240,0,False,60.00,0.1000,-0.007662,0.009659,0.428484,0.481078,-0.002259,-0.004778,0.876662,2931
214.2819,inicio,True,90.0656,49.802,18.384,36.502,True,320,240,0,False,60.00,0.1000,-0.007503,0.009816,0.428230,0.481652,-0.001578,-0.003756,0.876353,2933
214.4182,inicio,True,90.2154,52.230,20.720,34.287,True,320,240,0,False,60.00,0.1000,-0.007746,0.009730,0.428433,0.481485,-0.002692,-0.003794,0.876442,2935
214.5427,inicio,True,90.3320,52.801,15.112,27.121,True,320,240,0,False,60.00,0.1000,-0.007895,0.009616,0.428462,0.481341,-0.005157,-0.004340,0.876507,2937
214.6469,inicio,True,90.4319,52.479,13.201,24.940,True,320,240,0,False,60.00,0.1000,-0.006862,0.009700,0.427839,0.481915,-0.002713,-0.005803,0.876195,2939
214.7826,inicio,True,90.5652,51.330,12.022,25.769,True,320,240,0,False,60.00,0.1000,-0.006346,0.010001,0.428159,0.482015,-0.004648,-0.004928,0.876137,2941
214.9090,inicio,True,90.6983,50.259,4.901,22.029,True,320,240,0,False,60.00,0.1000,-0.006302,0.009996,0.427883,0.483780,-0.001800,-0.004669,0.875175,2942
215.0618,inicio,True,90.8481,47.944,11.698,21.167,True,320,240,0,False,60.00,0.1000,-0.005968,0.009947,0.428297,0.481816,-0.003043,-0.005847,0.876248,2945
215.1947,inicio,True,90.9815,47.449,12.395,23.257,True,320,240,0,False,60.00,0.1000,-0.007321,0.009779,0.428310,0.482762,0.001213,-0.002492,0.875747,2947
215.3311,inicio,True,91.1148,47.019,12.041,27.429,True,320,240,0,False,60.00,0.1000,-0.006029,0.010008,0.428442,0.483564,-0.000552,-0.003427,0.875302,2949
215.4406,inicio,True,91.2315,48.142,12.770,24.497,True,320,240,0,False,60.00,0.1000,-0.007022,0.009990,0.428534,0.483889,-0.002345,-0.004480,0.875115,2951
215.5493,inicio,True,91.3480,46.777,12.386,24.715,True,320,240,0,False,60.00,0.1000,-0.007820,0.009683,0.427962,0.482127,-0.000656,-0.002965,0.876096,2952
215.7314,inicio,True,91.5147,48.113,19.784,42.305,True,320,240,0,False,60.00,0.1000,-0.008524,0.009735,0.428495,0.482474,-0.003295,-0.002798,0.875900,2955
215.8762,inicio,True,91.6647,50.713,12.715,26.440,True,320,240,0,False,60.00,0.1000,-0.008067,0.009715,0.428674,0.481501,-0.003086,-0.003247,0.876434,2957
215.9796,inicio,True,91.7647,50.645,13.323,19.825,True,320,240,0,False,60.00,0.1000,-0.007416,0.009722,0.428869,0.482162,-0.000708,-0.002216,0.876079,2959
216.0828,inicio,True,91.8813,48.923,5.636,24.997,True,320,240,0,False,60.00,0.1000,-0.007089,0.010008,0.428584,0.483770,-0.001209,-0.003507,0.875188,2960
216.1990,inicio,True,91.9979,47.487,6.958,22.886,True,320,240,0,False,60.00,0.1000,-0.007446,0.009985,0.428468,0.484035,-0.003479,-0.004107,0.875032,2962
216.3155,inicio,True,92.1145,46.257,13.455,26.801,True,320,240,0,False,60.00,0.1000,-0.006633,0.010142,0.428597,0.484094,-0.004930,-0.005637,0.874984,2963
216.4707,inicio,True,92.2644,46.868,10.815,27.430,True,320,240,0,False,60.00,0.1000,-0.006567,0.010034,0.429019,0.483775,-0.003215,-0.005072,0.875172,2966
216.5735,inicio,True,92.3644,47.172,13.235,23.828,True,320,240,0,False,60.00,0.1000,-0.006569,0.010064,0.429129,0.483776,-0.002793,-0.005166,0.875172,2967
216.7358,inicio,True,92.5310,46.268,28.010,29.231,True,320,240,0,False,60.00,0.1000,-0.005259,0.009979,0.429411,0.483166,0.001208,-0.004221,0.875518,2970
216.8646,inicio,True,92.6479,47.435,15.346,37.489,True,320,240,0,False,60.00,0.1000,-0.004918,0.009958,0.429605,0.483066,-0.001827,-0.006610,0.875557,2972
217.0334,inicio,True,92.8152,50.971,10.652,25.695,True,320,240,0,False,60.00,0.1000,-0.004295,0.010106,0.429820,0.482459,-0.000630,-0.005932,0.875898,2974
217.1336,inicio,True,92.9309,51.619,14.209,43.560,True,320,240,0,False,60.00,0.1000,-0.003454,0.010160,0.429499,0.483660,-0.002965,-0.007819,0.875216,2976
217.2716,inicio,True,93.0655,53.149,13.955,34.443,True,320,240,0,False,60.00,0.1000,-0.003207,0.010295,0.429808,0.483834,-0.002951,-0.009296,0.875106,2978
217.4020,inicio,True,93.1978,54.419,15.214,29.045,True,320,240,0,False,60.00,0.1000,-0.002243,0.010606,0.429791,0.483296,-0.005835,-0.010184,0.875378,2980
217.5149,inicio,True,93.2978,53.987,19.103,22.336,True,320,240,0,False,60.00,0.1000,-0.000982,0.011623,0.430266,0.479644,0.001409,-0.008622,0.877420,2982
217.6156,inicio,True,93.4143,54.343,5.659,29.351,True,320,240,0,False,60.00,0.1000,-0.000626,0.011715,0.429935,0.480285,0.002366,-0.008787,0.877065,2983
217.7263,inicio,True,93.5141,53.908,12.605,24.133,True,320,240,0,False,60.00,0.1000,-0.000654,0.012201,0.429315,0.481440,0.000465,-0.009803,0.876424,2985
217.8494,inicio,True,93.6473,55.147,12.652,26.600,True,320,240,0,False,60.00,0.1000,0.000412,0.012469,0.429643,0.480652,-0.001461,-0.011867,0.876830,2987
217.9676,inicio,True,93.7639,52.786,5.762,25.339,True,320,240,0,False,60.00,0.1000,0.000836,0.012792,0.429544,0.479880,-0.001713,-0.011923,0.877251,2988
218.1102,inicio,True,93.8972,51.633,15.388,25.344,True,320,240,0,False,60.00,0.1000,0.001359,0.013154,0.428616,0.478719,-0.000302,-0.011797,0.877889,2990
218.2262,inicio,True,94.0137,49.851,12.297,22.758,True,320,240,0,False,60.00,0.1000,0.002433,0.013666,0.429064,0.477592,0.004992,-0.009928,0.878511,2992
218.3449,inicio,True,94.1305,48.330,12.107,30.481,True,320,240,0,False,60.00,0.1000,0.001614,0.013747,0.428545,0.477248,0.004466,-0.009938,0.878701,2994
218.4574,inicio,True,94.2471,49.284,12.842,28.400,True,320,240,0,False,60.00,0.1000,0.000959,0.013716,0.430300,0.477508,0.005429,-0.007911,0.878575,2996
218.5703,inicio,True,94.3637,50.186,15.181,23.607,True,320,240,0,False,60.00,0.1000,0.001082,0.013351,0.431135,0.478343,0.000970,-0.011468,0.878098,2997
218.6998,inicio,True,94.4970,49.446,16.757,24.527,True,320,240,0,False,60.00,0.1000,0.001127,0.013037,0.432682,0.479823,-0.002420,-0.012967,0.877266,2999
218.8525,inicio,True,94.6469,49.603,13.515,21.239,True,320,240,0,False,60.00,0.1000,0.001256,0.013257,0.431750,0.478944,0.000630,-0.011472,0.877771,3002
218.9718,inicio,True,94.7637,48.040,5.746,21.375,True,320,240,0,False,60.00,0.1000,0.000933,0.013125,0.431843,0.479423,-0.002094,-0.012128,0.877498,3003
219.1130,inicio,True,94.8970,45.310,15.241,21.171,True,320,240,0,False,60.00,0.1000,0.001435,0.013603,0.431656,0.477625,0.002663,-0.010991,0.878491,3006
219.2379,inicio,True,95.0303,45.184,20.756,20.708,True,320,240,0,False,60.00,0.1000,0.001848,0.013711,0.432125,0.477081,0.004015,-0.011344,0.878777,3007
219.3900,inicio,True,95.1802,43.815,12.309,23.294,True,320,240,0,False,60.00,0.1000,0.001691,0.013782,0.431728,0.477883,0.004004,-0.011825,0.878335,3010
219.5218,inicio,True,95.3134,43.901,14.740,28.339,True,320,240,0,False,60.00,0.1000,0.001153,0.013738,0.431477,0.477314,0.002998,-0.010615,0.878663,3012
219.6405,inicio,True,95.4301,45.286,11.947,25.590,True,320,240,0,False,60.00,0.1000,0.001326,0.013888,0.431496,0.477537,0.004317,-0.009912,0.878545,3013
219.7725,inicio,True,95.5634,43.068,6.443,22.102,True,320,240,0,False,60.00,0.1000,0.001573,0.013917,0.431381,0.477896,0.004916,-0.009816,0.878348,3015
219.9254,inicio,True,95.7133,44.095,14.857,32.230,True,320,240,0,False,60.00,0.1000,-0.000525,0.013023,0.431128,0.479487,-0.003446,-0.012084,0.877459,3018
220.0375,inicio,True,95.8300,45.464,15.532,23.356,True,320,240,0,False,60.00,0.1000,0.000503,0.012405,0.430792,0.480666,-0.001044,-0.011615,0.876827,3019
220.1693,inicio,True,95.9633,45.356,11.318,26.060,True,320,240,0,False,60.00,0.1000,0.003168,0.012386,0.430953,0.481207,0.002640,-0.013954,0.876492,3021
220.3384,inicio,True,96.1299,46.929,15.421,33.355,True,320,240,0,False,60.00,0.1000,0.003451,0.011201,0.431352,0.480232,0.003444,-0.013260,0.877034,3024
220.4710,inicio,True,96.2632,48.850,18.478,36.906,True,320,240,0,False,60.00,0.1000,0.003787,0.012064,0.431797,0.480303,0.006214,-0.011959,0.876999,3026
220.5919,inicio,True,96.3798,49.753,14.182,33.262,True,320,240,0,False,60.00,0.1000,0.003729,0.011581,0.431879,0.479825,0.006615,-0.012393,0.877252,3028
220.7166,inicio,True,96.5132,51.405,12.437,43.179,True,320,240,0,False,60.00,0.1000,0.003499,0.010703,0.431524,0.482524,0.001446,-0.014350,0.875764,3030
220.8607,inicio,True,96.6464,52.888,13.048,37.889,True,320,240,0,False,60.00,0.1000,0.002374,0.010130,0.431488,0.481919,0.005434,-0.009754,0.876145,3032
221.0048,inicio,True,96.7964,55.021,16.536,31.554,True,320,240,0,False,60.00,0.1000,0.000966,0.010022,0.431483,0.481881,0.005233,-0.008950,0.876176,3034
221.1310,inicio,True,96.9296,56.152,14.840,36.962,True,320,240,0,False,60.00,0.1000,0.001551,0.010177,0.431263,0.483120,0.001846,-0.011931,0.875471,3036
221.2609,inicio,True,97.0463,56.343,13.419,28.039,True,320,240,0,False,60.00,0.1000,0.001076,0.010128,0.431503,0.482034,0.004751,-0.009571,0.876087,3038
221.3750,inicio,True,97.1629,56.512,15.369,27.370,True,320,240,0,False,60.00,0.1000,0.001029,0.010029,0.431464,0.482342,0.004763,-0.009477,0.875919,3039
221.5255,inicio,True,97.3128,55.661,14.349,31.929,True,320,240,0,False,60.00,0.1000,0.000255,0.009878,0.431049,0.482999,0.004689,-0.008503,0.875567,3042
221.6493,inicio,True,97.4461,56.731,14.102,24.214,True,320,240,0,False,60.00,0.1000,0.000544,0.009874,0.431322,0.482845,0.005335,-0.008143,0.875652,3043
221.7844,inicio,True,97.5795,55.026,12.082,22.922,True,320,240,0,False,60.00,0.1000,0.001464,0.010115,0.431400,0.483487,0.004613,-0.010913,0.875271,3046
221.9238,inicio,True,97.7128,53.514,20.973,36.686,True,320,240,0,False,60.00,0.1000,0.000686,0.010259,0.431170,0.483837,-0.000789,-0.011021,0.875088,3048
222.0497,inicio,True,97.8460,54.750,23.907,22.250,True,320,240,0,False,60.00,0.1000,0.000895,0.010200,0.431752,0.482334,0.003531,-0.010001,0.875924,3050
222.1536,inicio,True,97.9460,54.284,13.187,20.041,True,320,240,0,False,60.00,0.1000,0.000834,0.009910,0.431489,0.482246,0.003005,-0.009720,0.875977,3051
222.2708,inicio,True,98.0626,52.124,10.876,33.745,True,320,240,0,False,60.00,0.1000,0.000774,0.009119,0.430819,0.483571,-0.001545,-0.011715,0.875225,3053
222.4054,inicio,True,98.1960,53.546,11.886,24.640,True,320,240,0,False,60.00,0.1000,0.001021,0.008854,0.431509,0.484387,-0.003390,-0.013530,0.874743,3055
222.5305,inicio,True,98.3293,52.205,5.137,20.665,True,320,240,0,False,60.00,0.1000,0.001223,0.009479,0.431347,0.483346,0.002434,-0.011173,0.875355,3057
222.6333,inicio,True,98.4291,49.506,5.214,18.570,True,320,240,0,False,60.00,0.1000,0.001560,0.009995,0.431498,0.483406,0.002686,-0.011362,0.875318,3058
222.7534,inicio,True,98.5458,48.035,12.806,24.376,True,320,240,0,False,60.00,0.1000,0.001533,0.010197,0.431046,0.483996,0.003306,-0.011682,0.874986,3060
222.8548,inicio,True,98.6457,45.933,13.579,22.939,True,320,240,0,False,60.00,0.1000,0.001195,0.009811,0.431724,0.482029,0.004652,-0.010388,0.876082,3062
222.9838,inicio,True,98.7789,45.717,12.356,20.353,True,320,240,0,False,60.00,0.1000,0.000630,0.008806,0.430767,0.483833,-0.003888,-0.012505,0.875063,3064
223.1024,inicio,True,98.8955,44.697,4.748,20.569,True,320,240,0,False,60.00,0.1000,0.001478,0.008482,0.430956,0.485544,-0.000854,-0.012799,0.874118,3065
223.2401,inicio,True,99.0290,42.599,12.786,25.058,True,320,240,0,False,60.00,0.1000,0.001063,0.008047,0.430977,0.483761,0.003577,-0.009471,0.875142,3068
223.3573,inicio,True,99.1457,42.028,8.638,21.903,True,320,240,0,False,60.00,0.1000,0.000662,0.007601,0.430900,0.484656,0.005243,-0.008102,0.874652,3069
223.4584,inicio,True,99.2456,40.786,10.927,19.379,True,320,240,0,False,60.00,0.1000,0.000501,0.007731,0.431127,0.485159,0.004677,-0.008479,0.874372,3071
223.5682,inicio,True,99.3622,40.471,4.975,19.942,True,320,240,0,False,60.00,0.1000,0.001133,0.008138,0.431373,0.485730,0.002143,-0.011536,0.874030,3072
223.6940,inicio,True,99.4788,40.282,12.061,25.217,True,320,240,0,False,60.00,0.1000,0.000221,0.007356,0.430753,0.485173,0.001357,-0.009360,0.874367,3074
223.7966,inicio,True,99.5953,40.078,5.707,21.890,True,320,240,0,False,60.00,0.1000,0.001499,0.007946,0.431118,0.485374,0.003742,-0.010591,0.874234,3076
223.9059,inicio,True,99.6952,39.112,12.351,22.402,True,320,240,0,False,60.00,0.1000,0.002538,0.008353,0.431087,0.485533,0.000141,-0.012638,0.874127,3078
224.0131,inicio,True,99.8119,39.041,5.878,22.941,True,320,240,0,False,60.00,0.1000,0.002613,0.008701,0.430883,0.484814,-0.001316,-0.013311,0.874515,3079
224.1294,inicio,True,99.9286,39.017,4.940,18.281,True,320,240,0,False,60.00,0.1000,0.002138,0.008452,0.430558,0.485389,0.000901,-0.012483,0.874209,3081
224.2348,inicio,True,100.0285,38.205,5.498,20.024,True,320,240,0,False,60.00,0.1000,0.002124,0.008361,0.430478,0.485575,-0.000387,-0.012424,0.874107,3082
224.3833,inicio,True,100.1785,38.133,14.151,23.578,True,320,240,0,False,60.00,0.1000,0.002058,0.007757,0.430699,0.484507,0.007506,-0.008687,0.874712,3085
224.5099,inicio,True,100.2952,38.199,13.428,28.372,True,320,240,0,False,60.00,0.1000,0.003936,0.007688,0.431019,0.483592,0.007513,-0.011312,0.875188,3087
224.6562,inicio,True,100.4451,39.840,11.499,24.464,True,320,240,0,False,60.00,0.1000,0.004249,0.006521,0.430987,0.487354,0.001538,-0.014682,0.873080,3089
224.7797,inicio,True,100.5784,40.455,10.831,21.261,True,320,240,0,False,60.00,0.1000,0.003153,0.006024,0.430990,0.486424,0.006006,-0.010867,0.873635,3090
224.9155,inicio,True,100.7117,41.061,12.435,26.753,True,320,240,0,False,60.00,0.1000,0.002893,0.006121,0.431287,0.488043,0.001837,-0.012425,0.872729,3093
225.0341,inicio,True,100.8283,40.709,5.611,20.964,True,320,240,0,False,60.00,0.1000,0.002323,0.006088,0.431325,0.487767,0.002129,-0.012084,0.872888,3094
225.1737,inicio,True,100.9616,39.338,16.206,28.184,True,320,240,0,False,60.00,0.1000,0.002973,0.007328,0.430927,0.485425,0.002912,-0.011933,0.874192,3097
225.3055,inicio,True,101.0949,39.985,13.046,26.315,True,320,240,0,False,60.00,0.1000,0.003266,0.007272,0.430855,0.485416,0.003739,-0.012819,0.874181,3099
225.4124,inicio,True,101.2115,39.784,6.022,28.315,True,320,240,0,False,60.00,0.1000,0.003072,0.007200,0.431105,0.485384,0.001949,-0.012279,0.874213,3100
225.5132,inicio,True,101.2948,39.988,12.667,20.706,True,320,240,0,False,60.00,0.1000,0.002017,0.006124,0.431048,0.488028,0.001060,-0.012286,0.872741,3102
225.6808,inicio,True,101.4785,41.149,15.845,21.280,True,320,240,0,False,60.00,0.1000,0.001638,0.006005,0.430845,0.487641,0.002408,-0.011645,0.872963,3104
225.8268,inicio,True,101.6115,41.561,12.508,22.864,True,320,240,0,False,60.00,0.1000,0.001256,0.005040,0.430138,0.487621,-0.000218,-0.012156,0.872971,3106
225.9530,inicio,True,101.7447,42.007,13.820,17.898,True,320,240,0,False,60.00,0.1000,0.002478,0.005701,0.430706,0.487038,0.005545,-0.009873,0.873307,3108
226.0647,inicio,True,101.8613,41.598,15.808,20.943,True,320,240,0,False,60.00,0.1000,0.002765,0.005926,0.430812,0.487343,0.005826,-0.009448,0.873140,3110
226.1788,inicio,True,101.9778,41.165,21.467,18.061,True,320,240,0,False,60.00,0.1000,0.002456,0.006043,0.430471,0.488196,0.002921,-0.011847,0.872649,3112
226.3102,inicio,True,102.0944,40.795,13.174,19.888,True,320,240,0,False,60.00,0.1000,0.003473,0.006322,0.430433,0.487541,0.000255,-0.013916,0.872989,3114
226.4134,inicio,True,102.2112,40.488,6.033,31.991,True,320,240,0,False,60.00,0.1000,0.003757,0.006437,0.430178,0.487255,0.001809,-0.013850,0.873148,3115
226.5234,inicio,True,102.3112,41.418,15.549,30.531,True,320,240,0,False,60.00,0.1000,0.004994,0.006883,0.430411,0.485480,0.000819,-0.014823,0.874122,3117
226.6424,inicio,True,102.4285,43.078,11.669,47.804,True,320,240,0,False,60.00,0.1000,0.004545,0.006781,0.430185,0.486014,0.001029,-0.014545,0.873829,3119
226.7905,inicio,True,102.5784,46.122,20.229,28.132,True,320,240,0,False,60.00,0.1000,0.004662,0.006956,0.430257,0.485052,0.001065,-0.014013,0.874373,3121
226.9184,inicio,True,102.7118,48.128,12.574,23.582,True,320,240,0,False,60.00,0.1000,0.005031,0.006492,0.430497,0.487177,0.002682,-0.014861,0.873173,3123
227.0455,inicio,True,102.8282,46.760,12.237,26.880,True,320,240,0,False,60.00,0.1000,0.003744,0.006611,0.429997,0.487412,0.000237,-0.014176,0.873057,3125
227.1714,inicio,True,102.9612,46.333,15.487,27.984,True,320,240,0,False,60.00,0.1000,0.004879,0.006546,0.430444,0.487248,0.001510,-0.014593,0.873140,3127
227.3064,inicio,True,103.0943,45.970,13.205,34.678,True,320,240,0,False,60.00,0.1000,0.004304,0.006684,0.430723,0.486715,0.000856,-0.014568,0.873439,3129
227.4099,inicio,True,103.1941,46.313,8.105,30.922,True,320,240,0,False,60.00,0.1000,0.004027,0.007146,0.430147,0.485969,0.002825,-0.013122,0.873873,3130
227.5198,inicio,True,103.3106,47.454,15.732,22.450,True,320,240,0,False,60.00,0.1000,0.003591,0.007243,0.430239,0.484400,0.003615,-0.011831,0.874759,3132
227.6495,inicio,True,103.4439,49.366,9.804,27.574,True,320,240,0,False,60.00,0.1000,0.002664,0.007193,0.430135,0.484510,0.002204,-0.011446,0.874708,3134
227.7879,inicio,True,103.5774,48.675,16.981,30.144,True,320,240,0,False,60.00,0.1000,0.001179,0.007694,0.428791,0.483294,0.005661,-0.008795,0.875396,3136
227.9171,inicio,True,103.7108,50.432,14.449,27.312,True,320,240,0,False,60.00,0.1000,0.003281,0.007871,0.428605,0.484611,0.005645,-0.011074,0.874642,3138
228.0383,inicio,True,103.8274,51.222,14.154,25.641,True,320,240,0,False,60.00,0.1000,0.003034,0.007945,0.428133,0.485187,0.005242,-0.012157,0.874310,3140
228.1887,inicio,True,103.9774,53.474,19.372,25.919,True,320,240,0,False,60.00,0.1000,0.001748,0.008051,0.428127,0.485210,0.002470,-0.010981,0.874325,3142
228.3061,inicio,True,104.0939,53.922,15.252,21.756,True,320,240,0,False,60.00,0.1000,0.001131,0.008211,0.428026,0.484782,0.001057,-0.011560,0.874558,3143
228.4586,inicio,True,104.2440,53.404,18.589,29.619,True,320,240,0,False,60.00,0.1000,-0.000261,0.008597,0.426505,0.482486,-0.000935,-0.010307,0.875843,3146
228.5814,inicio,True,104.3773,54.696,13.625,20.361,True,320,240,0,False,60.00,0.1000,0.002889,0.008633,0.426701,0.481852,0.001816,-0.012287,0.876164,3148
228.7016,inicio,True,104.4938,52.396,5.410,20.345,True,320,240,0,False,60.00,0.1000,0.003087,0.008520,0.426746,0.482728,0.001320,-0.013304,0.875668,3149
228.8437,inicio,True,104.6272,51.301,12.392,29.594,True,320,240,0,False,60.00,0.1000,0.001052,0.008725,0.426347,0.481848,0.000769,-0.010648,0.876190,3152
228.9722,inicio,True,104.7604,50.240,13.397,27.534,True,320,240,0,False,60.00,0.1000,-0.000885,0.008957,0.425843,0.479710,0.000668,-0.008871,0.877382,3154
229.1163,inicio,True,104.9103,50.161,13.907,23.343,True,320,240,0,False,60.00,0.1000,-0.001282,0.009204,0.424757,0.480255,0.002168,-0.006573,0.877102,3156
229.2404,inicio,True,105.0269,50.974,9.771,29.529,True,320,240,0,False,60.00,0.1000,-0.000710,0.009474,0.424153,0.480086,0.000431,-0.008673,0.877179,3157
229.3910,inicio,True,105.1770,50.880,17.903,31.702,True,320,240,0,False,60.00,0.1000,-0.004559,0.009385,0.423063,0.480782,-0.005086,-0.005567,0.876808,3160
229.5188,inicio,True,105.3102,52.415,14.935,27.390,True,320,240,0,False,60.00,0.1000,-0.003272,0.004761,0.419449,0.479296,-0.000034,-0.004292,0.877643,3162
229.6385,inicio,True,105.4269,52.970,17.431,22.126,True,320,240,0,False,60.00,0.1000,-0.007141,0.004836,0.406338,0.486324,0.007616,0.006071,0.873724,3163
229.7940,inicio,True,105.5768,52.582,13.651,33.164,True,320,240,0,False,60.00,0.1000,-0.047809,-0.015269,0.370889,0.499807,-0.019657,0.045289,0.864729,3166
229.9061,inicio,True,105.6934,53.121,16.719,25.687,True,320,240,0,False,60.00,0.1000,-0.071283,-0.017510,0.364453,0.487396,-0.040276,0.068970,0.869520,3168
230.0671,inicio,True,105.8600,53.465,10.414,54.847,True,320,240,0,False,60.00,0.1000,-0.074125,-0.019149,0.360669,0.481476,-0.044946,0.069839,0.872515,3170
230.2070,inicio,True,105.9933,54.710,17.446,27.613,True,320,240,0,False,60.00,0.1000,-0.064560,-0.011394,0.349414,0.474387,-0.033792,0.061670,0.877503,3172
230.3244,inicio,True,106.1099,55.038,24.792,29.846,True,320,240,0,False,60.00,0.1000,-0.044539,-0.011235,0.338821,0.482755,-0.017151,0.042224,0.874569,3174
230.4610,inicio,True,106.2435,56.141,11.543,24.051,True,320,240,0,False,60.00,0.1000,-0.015604,0.007736,0.344563,0.456585,0.016993,0.015702,0.889379,3176
230.5647,inicio,True,106.3601,56.373,17.086,23.831,True,320,240,0,False,60.00,0.1000,-0.004711,0.016411,0.351029,0.449762,0.025001,0.006113,0.892778,3177
230.6914,inicio,True,106.4767,53.915,13.153,26.241,True,320,240,0,False,60.00,0.1000,0.015341,0.018405,0.358203,0.455518,0.037060,-0.011695,0.889378,3179
230.8197,inicio,True,106.6099,52.599,16.493,22.535,True,320,240,0,False,60.00,0.1000,0.044342,0.017036,0.368027,0.461500,0.062245,-0.033850,0.884306,3181
230.9282,inicio,True,106.7098,49.846,10.232,21.124,True,320,240,0,False,60.00,0.1000,0.064845,0.017952,0.377258,0.456584,0.087630,-0.045821,0.884168,3183
231.0607,inicio,True,106.8596,49.821,5.190,24.518,True,320,240,0,False,60.00,0.1000,0.072956,0.016925,0.380736,0.454200,0.094855,-0.052173,0.884298,3185
231.1772,inicio,True,106.9762,48.256,14.913,21.067,True,320,240,0,False,60.00,0.1000,0.073557,0.015994,0.381304,0.454639,0.095596,-0.052611,0.883967,3186
231.3002,inicio,True,107.0928,46.956,15.032,19.962,True,320,240,0,False,60.00,0.1000,0.074606,0.015627,0.380819,0.454541,0.099048,-0.051958,0.883676,3188
231.4410,inicio,True,107.2262,46.603,15.677,24.307,True,320,240,0,False,60.00,0.1000,0.076745,0.015129,0.379744,0.456436,0.099510,-0.051336,0.882683,3191
231.5698,inicio,True,107.3595,46.293,14.755,21.453,True,320,240,0,False,60.00,0.1000,0.084827,0.019970,0.368413,0.450381,0.109454,-0.055589,0.884357,3193
231.6771,inicio,True,107.4761,45.195,5.910,24.142,True,320,240,0,False,60.00,0.1000,0.093707,0.023410,0.358133,0.445874,0.120761,-0.061295,0.884792,3194
231.7833,inicio,True,107.5761,45.703,16.151,28.861,True,320,240,0,False,60.00,0.1000,0.098492,0.027554,0.346264,0.423176,0.142107,-0.063009,0.892613,3196
231.8956,inicio,True,107.6927,46.953,12.854,25.531,True,320,240,0,False,60.00,0.1000,0.082962,0.031160,0.330783,0.410441,0.129915,-0.053309,0.901010,3197
232.0221,inicio,True,107.8093,45.842,21.417,20.632,True,320,240,0,False,60.00,0.1000,0.063405,0.048057,0.310633,0.353934,0.111612,-0.037657,0.927823,3199
232.1269,inicio,True,107.9260,44.847,5.536,19.841,True,320,240,0,False,60.00,0.1000,0.082226,0.052720,0.278386,0.326964,0.142620,-0.044053,0.933174,3201
232.2353,inicio,True,108.0259,43.204,14.002,23.892,True,320,240,0,False,60.00,0.1000,0.096202,0.042015,0.263329,0.295558,0.169523,-0.050131,0.938826,3203
232.3504,inicio,True,108.1426,42.546,5.939,21.481,True,320,240,0,False,60.00,0.1000,0.100179,0.041203,0.254511,0.284585,0.179959,-0.050868,0.940234,3204
232.4812,inicio,False,108.1759,40.836,11.359,13.050,True,320,240,0,False,60.00,0.1000,0.100179,0.041203,0.254511,0.284585,0.179959,-0.050868,0.940234,3206
232.6138,inicio,False,108.1759,39.442,12.993,14.523,True,320,240,0,False,60.00,0.1000,0.100179,0.041203,0.254511,0.284585,0.179959,-0.050868,0.940234,3208
232.7180,inicio,False,108.2092,38.570,13.126,13.555,True,320,240,0,False,60.00,0.1000,0.110458,0.017818,0.229981,0.176611,0.249862,-0.053406,0.950539,3210
232.8244,inicio,False,108.2092,37.822,22.231,14.594,True,320,240,0,False,60.00,0.1000,0.110458,0.017818,0.229981,0.176611,0.249862,-0.053406,0.950539,3211
232.9569,inicio,False,108.2092,36.987,21.874,14.419,True,320,240,0,False,60.00,0.1000,0.110458,0.017818,0.229981,0.176611,0.249862,-0.053406,0.950539,3213
233.0765,inicio,False,108.2092,36.306,22.164,12.345,True,320,240,0,False,60.00,0.1000,0.110458,0.017818,0.229981,0.176611,0.249862,-0.053406,0.950539,3215
233.1766,inicio,True,108.3092,35.881,21.174,15.236,True,320,240,0,False,60.00,0.1000,0.092880,0.018706,0.211723,0.198941,0.213280,-0.075893,0.953506,3217
233.2909,inicio,False,108.3425,35.515,20.552,17.659,True,320,240,0,False,60.00,0.1000,0.092880,0.018706,0.211723,0.198941,0.213280,-0.075893,0.953506,3218
233.3936,inicio,True,108.4591,35.994,5.154,20.240,True,320,240,0,False,60.00,0.1000,0.076658,0.024826,0.234977,0.156246,0.178900,-0.052642,0.969954,3220
233.5271,inicio,True,108.5924,35.500,5.717,17.544,True,320,240,0,False,60.00,0.1000,0.081934,0.030045,0.245652,0.141617,0.190372,-0.061821,0.969475,3222
233.6286,inicio,True,108.6924,35.188,5.489,15.679,True,320,240,0,False,60.00,0.1000,0.078708,0.026680,0.247835,0.158806,0.193839,-0.067971,0.965706,3223
233.7652,inicio,True,108.8257,34.843,12.283,31.040,True,320,240,0,False,60.00,0.1000,0.075070,0.026311,0.253381,0.159684,0.185849,-0.066496,0.967233,3226
233.9026,inicio,True,108.9596,36.156,13.537,18.315,True,320,240,0,False,60.00,0.1000,0.079949,0.026060,0.254831,0.150585,0.193649,-0.069941,0.966919,3228
234.0101,inicio,True,109.0762,36.500,5.957,22.513,True,320,240,0,False,60.00,0.1000,0.081726,0.024593,0.254593,0.154888,0.196012,-0.072925,0.965542,3229
234.1270,inicio,True,109.1926,36.829,5.234,19.460,True,320,240,0,False,60.00,0.1000,0.084370,0.022310,0.254523,0.150215,0.204577,-0.073190,0.964483,3231
234.2597,inicio,True,109.3256,36.167,22.358,15.591,True,320,240,0,False,60.00,0.1000,0.086451,0.019327,0.253860,0.144077,0.206798,-0.073716,0.964906,3233
234.3763,inicio,True,109.4421,36.505,22.221,21.352,True,320,240,0,False,60.00,0.1000,0.087968,0.018182,0.252310,0.144773,0.211992,-0.075945,0.963500,3235
234.4804,inicio,True,109.5419,37.812,11.981,18.760,True,320,240,0,False,60.00,0.1000,0.087149,0.018969,0.251236,0.139095,0.213436,-0.075950,0.964018,3236
234.5833,inicio,True,109.6418,37.166,12.784,16.953,True,320,240,0,False,60.00,0.1000,0.086475,0.016331,0.250909,0.133215,0.204280,-0.073344,0.967029,3238
234.6937,inicio,True,109.7587,37.466,23.498,15.304,True,320,240,0,False,60.00,0.1000,0.085137,0.015628,0.249948,0.134435,0.208356,-0.072100,0.966083,3239
234.8234,inicio,True,109.8753,37.707,16.022,23.412,True,320,240,0,False,60.00,0.1000,0.081278,0.015484,0.249106,0.126214,0.203001,-0.069084,0.968549,3241
234.9489,inicio,True,110.0086,38.748,27.378,31.797,True,320,240,0,False,60.00,0.1000,0.078058,0.016544,0.248129,0.118433,0.195780,-0.068452,0.971060,3243
235.0795,inicio,True,110.1420,41.471,15.606,17.855,True,320,240,0,False,60.00,0.1000,0.070353,0.013409,0.245549,0.115889,0.188332,-0.063843,0.973152,3245
235.2312,inicio,True,110.2919,42.727,15.884,27.254,True,320,240,0,False,60.00,0.1000,0.063560,0.012337,0.245565,0.110847,0.175359,-0.059987,0.976403,3247
235.4100,inicio,True,110.4754,47.570,3.407,30.893,True,320,240,0,False,60.00,0.1000,0.062666,0.013754,0.244847,0.097099,0.164494,-0.060914,0.979695,3249
235.5425,inicio,True,110.5922,48.685,11.122,32.326,True,320,240,0,False,60.00,0.1000,0.051242,0.029663,0.244058,0.050222,0.136028,-0.062609,0.987448,3251
235.6575,inicio,True,110.7089,49.606,11.421,22.431,True,320,240,0,False,60.00,0.1000,0.054634,0.024252,0.244551,0.052925,0.131657,-0.063044,0.987872,3253
235.7617,inicio,True,110.8254,50.471,12.928,30.008,True,320,240,0,False,60.00,0.1000,0.056528,0.025628,0.243813,0.046021,0.131385,-0.063534,0.988222,3254
235.9064,inicio,True,110.9585,47.283,12.613,19.653,True,320,240,0,False,60.00,0.1000,0.059272,0.029724,0.240193,0.023652,0.129159,-0.064307,0.989254,3257
236.0094,inicio,True,111.0754,46.058,23.337,27.291,True,320,240,0,False,60.00,0.1000,0.059635,0.030949,0.238807,0.021554,0.122702,-0.063307,0.990188,3258
236.1363,inicio,True,111.1918,47.222,1.080,21.465,True,320,240,0,False,60.00,0.1000,0.061282,0.029506,0.235908,0.012752,0.126964,-0.062422,0.989859,3260
236.2598,inicio,True,111.3250,46.776,12.362,30.226,True,320,240,0,False,60.00,0.1000,0.067508,0.021093,0.229822,0.010110,0.126568,-0.065246,0.989758,3262
236.3709,inicio,True,111.4249,47.088,16.165,20.954,True,320,240,0,False,60.00,0.1000,0.074684,0.014726,0.228517,0.015016,0.131803,-0.070004,0.988687,3264
236.4761,inicio,True,111.5416,45.878,22.665,21.750,True,320,240,0,False,60.00,0.1000,0.077784,0.014426,0.227517,0.011399,0.132663,-0.072310,0.988454,3265
236.5949,inicio,True,111.6585,47.084,27.014,26.286,True,320,240,0,False,60.00,0.1000,0.082993,0.009907,0.226346,0.003114,0.132690,-0.073458,0.988427,3267
236.7268,inicio,True,111.7917,48.984,12.928,27.548,True,320,240,0,False,60.00,0.1000,0.084950,0.002713,0.225544,0.004147,0.136991,-0.073790,0.987811,3269
236.8369,inicio,False,111.7917,49.078,11.277,19.413,True,320,240,0,False,60.00,0.1000,0.084950,0.002713,0.225544,0.004147,0.136991,-0.073790,0.987811,3271
236.9431,inicio,False,111.7917,47.571,8.507,15.659,True,320,240,0,False,60.00,0.1000,0.084950,0.002713,0.225544,0.004147,0.136991,-0.073790,0.987811,3272
237.0780,inicio,False,111.7917,47.168,9.018,23.200,True,320,240,0,False,60.00,0.1000,0.084950,0.002713,0.225544,0.004147,0.136991,-0.073790,0.987811,3274
237.1934,inicio,False,111.7917,45.987,6.535,32.333,True,320,240,0,False,60.00,0.1000,0.084950,0.002713,0.225544,0.004147,0.136991,-0.073790,0.987811,3276
237.3156,inicio,False,111.7917,47.209,16.657,17.680,True,320,240,0,False,60.00,0.1000,0.084950,0.002713,0.225544,0.004147,0.136991,-0.073790,0.987811,3278
237.4668,inicio,False,111.7917,47.650,18.687,28.719,True,320,240,0,False,60.00,0.1000,0.084950,0.002713,0.225544,0.004147,0.136991,-0.073790,0.987811,3280
237.5831,inicio,False,111.7917,48.675,15.002,45.652,True,320,240,0,False,60.00,0.1000,0.084950,0.002713,0.225544,0.004147,0.136991,-0.073790,0.987811,3282
237.7015,inicio,False,111.7917,49.596,11.903,28.853,True,320,240,0,False,60.00,0.1000,0.084950,0.002713,0.225544,0.004147,0.136991,-0.073790,0.987811,3284
237.8095,inicio,False,111.7917,48.019,39.922,27.571,True,320,240,0,False,60.00,0.1000,0.084950,0.002713,0.225544,0.004147,0.136991,-0.073790,0.987811,3285
237.9136,inicio,True,111.8916,50.614,18.481,42.353,True,320,240,0,False,60.00,0.1000,0.086502,-0.001594,0.226993,0.003503,0.131288,-0.069141,0.988924,3286
238.1033,inicio,True,112.0750,54.597,19.032,41.352,True,320,240,0,False,60.00,0.1000,0.078617,-0.005595,0.228596,0.013379,0.120485,-0.066788,0.990376,3288
238.2423,inicio,True,112.2248,56.559,1.296,30.986,True,320,240,0,False,60.00,0.1000,0.078617,-0.005595,0.228596,0.013379,0.120485,-0.066788,0.990376,3289
238.4161,inicio,True,112.3916,56.545,27.549,25.218,True,320,240,0,False,60.00,0.1000,0.074229,-0.015789,0.228311,0.025566,0.119314,-0.073077,0.989834,3292
238.5589,inicio,True,112.5248,57.523,17.706,33.786,True,320,240,0,False,60.00,0.1000,0.068003,-0.014441,0.231590,0.033198,0.108156,-0.071566,0.990999,3294
238.6926,inicio,True,112.6747,59.205,16.458,30.787,True,320,240,0,False,60.00,0.1000,0.069307,-0.011985,0.232333,0.035436,0.113116,-0.073035,0.990260,3296
238.8385,inicio,True,112.8079,59.967,1.105,42.429,True,320,240,0,False,60.00,0.1000,0.067836,-0.011199,0.233089,0.037859,0.111098,-0.073320,0.990378,3298
238.9596,inicio,True,112.9412,60.533,14.378,29.238,True,320,240,0,False,60.00,0.1000,0.064621,-0.009606,0.236153,0.039591,0.111179,-0.072484,0.990363,3299
239.0782,inicio,True,113.0578,60.336,22.547,37.815,True,320,240,0,False,60.00,0.1000,0.061886,-0.006673,0.235101,0.037461,0.111355,-0.071864,0.990471,3301
239.1991,inicio,True,113.1743,63.147,12.976,26.097,True,320,240,0,False,60.00,0.1000,0.062212,-0.005712,0.234887,0.036150,0.107693,-0.072471,0.990880,3302
239.3466,inicio,True,113.3242,64.360,16.575,21.391,True,320,240,0,False,60.00,0.1000,0.060003,-0.002564,0.235795,0.039953,0.107372,-0.075175,0.990567,3304
239.4808,inicio,True,113.4577,64.591,32.633,59.415,True,320,240,0,False,60.00,0.1000,0.059399,-0.001150,0.236312,0.040162,0.112361,-0.076987,0.989866,3306
239.6168,inicio,True,113.5910,68.025,13.705,42.333,True,320,240,0,False,60.00,0.1000,0.060050,-0.000218,0.236609,0.037931,0.109159,-0.078367,0.990204,3307
239.7385,inicio,True,113.7078,70.467,24.159,49.505,True,320,240,0,False,60.00,0.1000,0.060992,0.000186,0.236785,0.036420,0.122348,-0.080649,0.988535,3308
239.9262,inicio,True,113.9086,73.385,1.141,32.092,True,320,240,0,False,60.00,0.1000,0.063624,0.000697,0.236332,0.034251,0.123679,-0.084001,0.988167,3310
240.0798,inicio,True,114.0585,73.559,17.722,45.180,True,320,240,0,False,60.00,0.1000,0.070739,-0.001071,0.237215,0.034402,0.137502,-0.093630,0.985466,3312
240.2552,inicio,True,114.2250,74.502,13.956,62.181,True,320,240,0,False,60.00,0.1000,0.073203,-0.001558,0.238167,0.039142,0.140584,-0.099025,0.984326,3314
240.3753,inicio,True,114.3582,77.436,23.069,38.800,True,320,240,0,False,60.00,0.1000,0.073325,-0.001785,0.238243,0.036771,0.143159,-0.099711,0.983977,3315
240.5281,inicio,True,114.4918,76.361,37.988,29.253,True,320,240,0,False,60.00,0.1000,0.074256,-0.004024,0.239305,0.033691,0.156524,-0.101321,0.981886,3317
240.6454,inicio,True,114.6250,79.201,12.212,32.684,True,320,240,0,False,60.00,0.1000,0.074912,-0.004646,0.239601,0.036710,0.159055,-0.103528,0.981140,3318
240.7643,inicio,True,114.7414,77.178,1.468,31.351,True,320,240,0,False,60.00,0.1000,0.074912,-0.004646,0.239601,0.036710,0.159055,-0.103528,0.981140,3319
240.8953,inicio,True,114.8743,76.213,8.513,34.413,True,320,240,0,False,60.00,0.1000,0.072574,-0.006657,0.238766,0.037933,0.170000,-0.108492,0.978719,3321
241.0585,inicio,True,115.0241,76.148,2.295,33.088,True,320,240,0,False,60.00,0.1000,0.068876,-0.007130,0.239117,0.038769,0.166847,-0.106673,0.979428,3323
241.1935,inicio,True,115.1738,76.041,16.622,26.857,True,320,240,0,False,60.00,0.1000,0.063974,-0.007816,0.239871,0.039178,0.170149,-0.102463,0.979294,3325
241.3076,inicio,True,115.2902,74.324,11.027,23.137,True,320,240,0,False,60.00,0.1000,0.063269,-0.006572,0.240773,0.041548,0.176907,-0.105948,0.977626,3327
241.4076,inicio,True,115.3901,71.906,13.412,43.961,True,320,240,0,False,60.00,0.1000,0.060509,-0.006306,0.240572,0.042521,0.176045,-0.106158,0.977717,3328
241.5780,inicio,True,115.5569,73.065,1.223,27.810,True,320,240,0,False,60.00,0.1000,0.057840,-0.006715,0.241725,0.044042,0.179556,-0.105238,0.977111,3330
241.7019,inicio,True,115.6734,68.144,13.904,22.555,True,320,240,0,False,60.00,0.1000,0.052513,-0.006079,0.243386,0.043376,0.181989,-0.103346,0.976892,3332
241.8348,inicio,True,115.8068,64.771,17.284,16.923,True,320,240,0,False,60.00,0.1000,0.051717,-0.004856,0.244101,0.045147,0.186854,-0.105204,0.975694,3334
241.9762,inicio,True,115.9567,62.702,16.370,34.471,True,320,240,0,False,60.00,0.1000,0.054518,-0.004788,0.243386,0.039125,0.190512,-0.106807,0.975073,3336
242.1002,inicio,True,116.0735,62.260,14.476,21.183,True,320,240,0,False,60.00,0.1000,0.053671,-0.005386,0.242959,0.042112,0.196512,-0.108524,0.973567,3338
242.2358,inicio,True,116.2069,59.721,12.808,14.363,True,320,240,0,False,60.00,0.1000,0.054201,-0.006034,0.242599,0.037844,0.196418,-0.108318,0.973784,3340
242.3475,inicio,True,116.3235,56.706,9.820,15.461,True,320,240,0,False,60.00,0.1000,0.057890,-0.006224,0.240974,0.031883,0.200778,-0.111184,0.972785,3341
242.4569,inicio,True,116.4401,54.161,5.659,21.222,True,320,240,0,False,60.00,0.1000,0.064240,-0.006549,0.239084,0.030942,0.221760,-0.118543,0.967374,3343
242.5737,inicio,True,116.5566,51.977,21.023,30.252,True,320,240,0,False,60.00,0.1000,0.065964,-0.008263,0.238304,0.034481,0.229278,-0.125249,0.964653,3345
242.6952,inicio,True,116.6732,52.573,11.879,22.022,True,320,240,0,False,60.00,0.1000,0.063704,-0.009200,0.236977,0.038007,0.232038,-0.125983,0.963764,3346
242.8253,inicio,True,116.8065,51.492,14.437,23.409,True,320,240,0,False,60.00,0.1000,0.059764,-0.014102,0.236424,0.037754,0.234498,-0.124448,0.963378,3348
242.9620,inicio,True,116.9398,50.567,16.253,27.569,True,320,240,0,False,60.00,0.1000,0.062347,-0.016875,0.235748,0.045970,0.238258,-0.130288,0.961325,3351
243.1262,inicio,True,117.1066,51.287,9.009,33.918,True,320,240,0,False,60.00,0.1000,0.058481,-0.017780,0.234437,0.043932,0.236854,-0.127355,0.962159,3353
243.2630,inicio,True,117.2399,52.825,9.216,24.555,True,320,240,0,False,60.00,0.1000,0.055653,-0.019507,0.233161,0.043501,0.231873,-0.125177,0.963677,3355
243.3867,inicio,True,117.3568,53.397,16.554,29.510,True,320,240,0,False,60.00,0.1000,0.054530,-0.019658,0.232683,0.038649,0.230238,-0.123429,0.964501,3357
243.5037,inicio,True,117.4733,53.850,17.145,24.008,True,320,240,0,False,60.00,0.1000,0.053596,-0.017745,0.231621,0.038924,0.229131,-0.123779,0.964709,3359
243.6389,inicio,True,117.6065,52.422,13.695,36.262,True,320,240,0,False,60.00,0.1000,0.051448,-0.013057,0.231350,0.028817,0.223581,-0.123033,0.966460,3361
243.7871,inicio,True,117.7564,54.638,11.774,32.490,True,320,240,0,False,60.00,0.1000,0.050290,-0.002851,0.230299,0.008921,0.221992,-0.123135,0.967201,3363
243.8994,inicio,True,117.8730,54.973,14.356,21.987,True,320,240,0,False,60.00,0.1000,0.050475,0.001713,0.230855,-0.003122,0.224131,-0.124663,0.966548,3365
244.0176,inicio,True,117.9895,52.633,13.016,16.829,True,320,240,0,False,60.00,0.1000,0.050767,0.003063,0.231239,-0.005400,0.222458,-0.126241,0.966720,3366
244.1712,inicio,True,118.1394,52.288,17.432,16.636,True,320,240,0,False,60.00,0.1000,0.049349,0.008992,0.231797,-0.014869,0.222151,-0.129255,0.966292,3369
244.3142,inicio,True,118.2892,51.998,12.786,28.213,True,320,240,0,False,60.00,0.1000,0.047825,0.008195,0.233521,-0.011799,0.220358,-0.131022,0.966507,3371
244.4331,inicio,True,118.4060,52.641,22.092,41.144,True,320,240,0,False,60.00,0.1000,0.045930,0.005974,0.235096,-0.005256,0.224746,-0.132301,0.965380,3373
244.6237,inicio,True,118.6060,57.300,30.941,45.762,True,320,240,0,False,60.00,0.1000,0.042412,0.003905,0.236664,-0.000705,0.219846,-0.132579,0.966483,3375
244.7716,inicio,True,118.7393,58.168,13.047,23.017,True,320,240,0,False,60.00,0.1000,0.041626,0.001620,0.236484,-0.000438,0.223687,-0.131141,0.965798,3377
244.9182,inicio,True,118.8893,56.963,12.206,38.734,True,320,240,0,False,60.00,0.1000,0.040437,-0.000778,0.237393,0.004241,0.223788,-0.130761,0.965817,3379
245.0733,inicio,True,119.0392,58.741,28.440,40.681,True,320,240,0,False,60.00,0.1000,0.039762,-0.002467,0.237376,0.005548,0.223670,-0.130965,0.965810,3381
245.2393,inicio,True,119.2058,61.094,1.031,19.713,True,320,240,0,False,60.00,0.1000,0.040801,-0.002905,0.237045,0.003277,0.223513,-0.130622,0.965903,3383
245.3395,inicio,True,119.3224,57.884,19.545,44.635,True,320,240,0,False,60.00,0.1000,0.043665,-0.002905,0.236699,0.004132,0.232165,-0.133252,0.963497,3384
245.5296,inicio,True,119.5059,61.206,1.317,58.854,True,320,240,0,False,60.00,0.1000,0.043695,-0.002222,0.236706,0.006932,0.230201,-0.133839,0.963871,3386
245.6897,inicio,True,119.6725,63.316,10.602,34.200,True,320,240,0,False,60.00,0.1000,0.047938,-0.001965,0.235204,0.002115,0.237617,-0.134267,0.962032,3388
245.8516,inicio,True,119.8223,64.428,1.622,51.840,True,320,240,0,False,60.00,0.1000,0.049201,-0.002183,0.234595,-0.002112,0.242613,-0.134982,0.960684,3390
246.0421,inicio,True,120.0056,67.101,10.287,23.755,True,320,240,0,False,60.00,0.1000,0.050406,-0.007112,0.232625,0.009386,0.243183,-0.136220,0.960322,3392
246.1507,inicio,True,120.1222,66.221,30.663,26.139,True,320,240,0,False,60.00,0.1000,0.053582,-0.010501,0.231562,0.013000,0.251054,-0.136173,0.958259,3394
246.3069,inicio,True,120.2888,67.886,1.906,57.272,True,320,240,0,False,60.00,0.1000,0.054734,-0.012339,0.231042,0.017456,0.255740,-0.136719,0.956870,3396
246.4430,inicio,True,120.4221,67.765,21.194,47.863,True,320,240,0,False,60.00,0.1000,0.058005,-0.026875,0.229104,0.047912,0.258126,-0.135818,0.955316,3398
246.5432,inicio,True,120.5054,68.541,13.956,34.159,True,320,240,0,False,60.00,0.1000,0.057975,-0.027379,0.227665,0.047837,0.258341,-0.133652,0.955567,3399
246.7194,inicio,True,120.6886,70.812,1.697,28.072,True,320,240,0,False,60.00,0.1000,0.057346,-0.028732,0.226372,0.050126,0.260791,-0.132854,0.954895,3401
246.8356,inicio,True,120.8052,69.612,31.391,32.050,True,320,240,0,False,60.00,0.1000,0.059475,-0.028998,0.226065,0.048955,0.256111,-0.131100,0.956464,3403
247.0040,inicio,True,120.9719,70.910,22.245,22.460,True,320,240,0,False,60.00,0.1000,0.058919,-0.028154,0.225950,0.051640,0.259408,-0.131566,0.955370,3405
247.1643,inicio,True,121.1218,71.327,19.704,28.579,True,320,240,0,False,60.00,0.1000,0.059728,-0.026617,0.226239,0.049809,0.259011,-0.131520,0.955581,3407
247.2770,inicio,True,121.2553,70.836,1.150,27.817,True,320,240,0,False,60.00,0.1000,0.059728,-0.026617,0.226239,0.049809,0.259011,-0.131520,0.955581,3408
247.4035,inicio,True,121.3720,66.326,17.235,30.443,True,320,240,0,False,60.00,0.1000,0.060149,-0.023425,0.223833,0.046656,0.257603,-0.132465,0.955990,3410
247.5284,inicio,True,121.5052,66.352,8.229,29.027,True,320,240,0,False,60.00,0.1000,0.058969,-0.022170,0.225023,0.042774,0.257288,-0.131875,0.956338,3412
247.6854,inicio,True,121.6554,64.028,17.992,26.224,True,320,240,0,False,60.00,0.1000,0.058249,-0.021391,0.224234,0.042850,0.256923,-0.131623,0.956467,3414
247.8489,inicio,True,121.8219,62.932,8.308,32.857,True,320,240,0,False,60.00,0.1000,0.058663,-0.020525,0.224352,0.043504,0.253583,-0.132001,0.957277,3417
247.9578,inicio,True,121.9384,62.456,18.265,15.731,True,320,240,0,False,60.00,0.1000,0.058493,-0.020388,0.224201,0.043855,0.254847,-0.131747,0.956960,3418
248.0839,inicio,True,122.0549,59.128,17.378,21.784,True,320,240,0,False,60.00,0.1000,0.058562,-0.020263,0.224032,0.043146,0.254427,-0.131584,0.957126,3420
248.2496,inicio,True,122.2214,58.690,14.446,20.731,True,320,240,0,False,60.00,0.1000,0.058300,-0.020206,0.223917,0.039218,0.252105,-0.131701,0.957894,3423
248.3514,inicio,True,122.3213,57.839,14.475,23.640,True,320,240,0,False,60.00,0.1000,0.058145,-0.020039,0.223799,0.037035,0.254253,-0.131574,0.957430,3424
248.5168,inicio,True,122.4879,54.959,6.700,27.388,True,320,240,0,False,60.00,0.1000,0.057946,-0.020102,0.223399,0.040355,0.249426,-0.131798,0.958534,3427
248.6515,inicio,True,122.6214,56.107,11.081,29.032,True,320,240,0,False,60.00,0.1000,0.056977,-0.019740,0.222783,0.041502,0.254232,-0.131403,0.957276,3429
248.7687,inicio,True,122.7380,56.259,15.575,16.577,True,320,240,0,False,60.00,0.1000,0.050031,-0.020695,0.221290,0.050630,0.237942,-0.133392,0.960743,3431
248.8876,inicio,True,122.8546,53.738,6.184,20.941,True,320,240,0,False,60.00,0.1000,0.044743,-0.021556,0.220427,0.057385,0.220778,-0.134147,0.964349,3432
249.0112,inicio,True,122.9879,52.449,13.617,17.788,True,320,240,0,False,60.00,0.1000,0.036201,-0.025952,0.223802,0.084803,0.189226,-0.123919,0.970385,3434
249.1387,inicio,False,123.0878,48.899,7.148,13.873,True,320,240,0,False,60.00,0.1000,0.035681,-0.028133,0.215397,0.094363,0.218197,-0.119933,0.963899,3436
249.2433,inicio,False,123.0878,46.677,6.189,19.237,True,320,240,0,False,60.00,0.1000,0.035681,-0.028133,0.215397,0.094363,0.218197,-0.119933,0.963899,3437
249.3675,inicio,False,123.0878,45.565,8.775,31.944,True,320,240,0,False,60.00,0.1000,0.035681,-0.028133,0.215397,0.094363,0.218197,-0.119933,0.963899,3440
249.4982,inicio,True,123.1379,45.409,19.296,32.269,True,320,240,0,False,60.00,0.1000,0.015398,-0.030858,0.246707,0.302844,0.054603,-0.057119,0.949759,3442
249.6217,inicio,True,123.2711,47.460,11.948,27.182,True,320,240,0,False,60.00,0.1000,0.023694,-0.014154,0.259897,0.299257,0.053351,-0.054321,0.951130,3443
249.7454,inicio,True,123.3877,46.275,8.128,22.774,True,320,240,0,False,60.00,0.1000,0.030685,0.007249,0.278849,0.347562,0.028862,-0.053975,0.935657,3445
249.8716,inicio,True,123.5211,43.876,5.322,16.790,True,320,240,0,False,60.00,0.1000,0.059916,0.030455,0.301427,0.356140,0.050049,-0.071737,0.930330,3447
249.9831,inicio,True,123.6210,42.369,14.003,27.635,True,320,240,0,False,60.00,0.1000,0.071748,0.049863,0.341317,0.377230,0.032315,-0.067998,0.923055,3449
250.0872,inicio,True,123.7210,43.112,13.118,22.172,True,320,240,0,False,60.00,0.1000,0.069623,0.050305,0.346879,0.391339,0.029341,-0.068072,0.917256,3450
250.2111,inicio,True,123.8543,43.340,13.489,22.172,True,320,240,0,False,60.00,0.1000,0.063346,0.054858,0.361946,0.400879,0.017550,-0.060520,0.913961,3452
250.3510,inicio,True,123.9875,41.481,6.928,23.987,True,320,240,0,False,60.00,0.1000,0.070534,0.054671,0.368362,0.408430,0.023163,-0.060134,0.910512,3454
250.4869,inicio,True,124.1208,41.941,16.118,22.798,True,320,240,0,False,60.00,0.1000,0.069183,0.053696,0.370895,0.412439,0.021328,-0.062654,0.908578,3456
250.6087,inicio,True,124.2544,42.348,9.638,21.441,True,320,240,0,False,60.00,0.1000,0.058294,0.052032,0.374106,0.418291,0.008521,-0.055267,0.906590,3458
250.7638,inicio,True,124.4042,41.502,12.274,19.495,True,320,240,0,False,60.00,0.1000,0.057378,0.055472,0.377280,0.415824,0.006603,-0.050925,0.907994,3461
250.8819,inicio,True,124.5208,41.084,5.153,23.064,True,320,240,0,False,60.00,0.1000,0.056036,0.057813,0.375113,0.414086,0.006223,-0.050443,0.908818,3462
251.0128,inicio,True,124.6540,39.640,6.602,19.527,True,320,240,0,False,60.00,0.1000,0.050874,0.054596,0.371010,0.408658,0.002902,-0.048802,0.911377,3464
251.1304,inicio,False,124.6873,39.527,12.704,17.704,True,320,240,0,False,60.00,0.1000,0.041945,0.043618,0.361002,0.413355,0.012618,-0.051166,0.909044,3466
251.2683,inicio,True,124.7540,38.378,7.211,25.154,True,320,240,0,False,60.00,0.1000,-0.039043,0.024715,0.332714,0.456879,-0.058323,0.008847,0.887571,3468
251.3826,inicio,True,124.8711,38.509,15.247,27.565,True,320,240,0,False,60.00,0.1000,-0.073003,0.022555,0.333114,0.446330,-0.081029,0.036117,0.890460,3470
251.5045,inicio,True,125.0042,39.265,21.198,22.594,True,320,240,0,False,60.00,0.1000,-0.087937,0.023920,0.339964,0.430999,-0.081688,0.047538,0.897389,3472
251.6208,inicio,True,125.1208,39.167,15.392,17.417,True,320,240,0,False,60.00,0.1000,-0.090844,0.025183,0.335197,0.428963,-0.075217,0.051323,0.898721,3473
251.7743,inicio,True,125.2705,40.782,11.969,26.392,True,320,240,0,False,60.00,0.1000,-0.114975,0.025624,0.333225,0.419970,-0.087141,0.066214,0.900915,3476
251.8823,inicio,True,125.3704,41.675,12.245,27.845,True,320,240,0,False,60.00,0.1000,-0.117332,0.028547,0.333041,0.414451,-0.085833,0.066762,0.903552,3477
252.0038,inicio,True,125.5036,40.119,5.938,16.632,True,320,240,0,False,60.00,0.1000,-0.119276,0.037404,0.328252,0.402920,-0.082165,0.067079,0.909068,3479
252.1412,inicio,True,125.6371,38.869,6.930,16.703,True,320,240,0,False,60.00,0.1000,-0.120408,0.042597,0.324774,0.398782,-0.081412,0.068277,0.910870,3481
252.2447,inicio,True,125.7370,38.078,14.359,18.085,True,320,240,0,False,60.00,0.1000,-0.126870,0.044435,0.323166,0.394590,-0.087800,0.070850,0.911905,3483
252.3599,inicio,True,125.8537,38.152,12.753,24.040,True,320,240,0,False,60.00,0.1000,-0.129091,0.048631,0.323067,0.389998,-0.089181,0.071738,0.913675,3485
252.4747,inicio,True,125.9704,38.217,4.949,19.132,True,320,240,0,False,60.00,0.1000,-0.129423,0.050313,0.322928,0.389121,-0.089478,0.071657,0.914026,3486
252.6069,inicio,True,126.1036,37.308,4.388,21.293,True,320,240,0,False,60.00,0.1000,-0.131460,0.050908,0.322397,0.388891,-0.092270,0.073522,0.913698,3488
252.7189,inicio,True,126.2036,36.739,9.903,18.482,True,320,240,0,False,60.00,0.1000,-0.132645,0.052322,0.322542,0.388145,-0.094684,0.073775,0.913748,3490
252.8205,inicio,True,126.3202,37.003,12.947,19.169,True,320,240,0,False,60.00,0.1000,-0.131255,0.053581,0.323126,0.387543,-0.096788,0.071256,0.913983,3491
252.9482,inicio,True,126.4368,37.310,15.774,17.552,True,320,240,0,False,60.00,0.1000,-0.129290,0.055348,0.321309,0.384720,-0.092790,0.071832,0.915544,3493
253.0839,inicio,True,126.5701,36.569,6.485,25.176,True,320,240,0,False,60.00,0.1000,-0.128022,0.057006,0.321198,0.383991,-0.091660,0.069737,0.916126,3495
253.2016,inicio,True,126.6867,36.900,12.653,19.000,True,320,240,0,False,60.00,0.1000,-0.125541,0.058840,0.320235,0.381698,-0.092740,0.067276,0.917159,3497
253.3091,inicio,True,126.8034,37.225,15.427,21.765,True,320,240,0,False,60.00,0.1000,-0.123349,0.059588,0.320102,0.383034,-0.087977,0.067588,0.917048,3499
253.4204,inicio,True,126.9200,37.419,11.875,17.199,True,320,240,0,False,60.00,0.1000,-0.122669,0.060235,0.320388,0.380911,-0.089640,0.065429,0.917927,3500
253.5288,inicio,True,127.0200,36.834,12.891,15.776,True,320,240,0,False,60.00,0.1000,-0.120384,0.060761,0.320859,0.380431,-0.087431,0.063595,0.918468,3502
253.6305,inicio,True,127.1201,36.340,11.638,19.327,True,320,240,0,False,60.00,0.1000,-0.120410,0.060657,0.320820,0.380315,-0.087109,0.064151,0.918508,3504
253.7451,inicio,True,127.2367,36.740,21.388,21.098,True,320,240,0,False,60.00,0.1000,-0.120126,0.060933,0.321332,0.381560,-0.087687,0.063765,0.917963,3505
253.8773,inicio,True,127.3699,36.102,6.764,19.993,True,320,240,0,False,60.00,0.1000,-0.119891,0.061083,0.321080,0.382497,-0.088587,0.063654,0.917495,3507
254.0038,inicio,True,127.5031,35.583,7.008,17.507,True,320,240,0,False,60.00,0.1000,-0.118669,0.061370,0.320906,0.382151,-0.085193,0.063971,0.917938,3509
254.1585,inicio,True,127.6530,35.994,10.583,21.441,True,320,240,0,False,60.00,0.1000,-0.118834,0.060226,0.321620,0.384076,-0.087061,0.064378,0.916931,3512
254.3108,inicio,True,127.8030,36.335,16.993,22.040,True,320,240,0,False,60.00,0.1000,-0.117674,0.061072,0.321941,0.381970,-0.085895,0.062580,0.918044,3514
254.4198,inicio,True,127.9197,36.658,15.033,15.929,True,320,240,0,False,60.00,0.1000,-0.117955,0.060948,0.321905,0.382359,-0.086813,0.062550,0.917798,3515
254.5625,inicio,True,128.0529,37.806,11.375,23.150,True,320,240,0,False,60.00,0.1000,-0.116618,0.061444,0.322319,0.383829,-0.086234,0.061633,0.917301,3518
254.6700,inicio,True,128.1696,37.920,5.096,17.277,True,320,240,0,False,60.00,0.1000,-0.115512,0.061760,0.322516,0.384246,-0.085805,0.060828,0.917220,3519
254.7711,inicio,True,128.2696,37.264,10.659,16.126,True,320,240,0,False,60.00,0.1000,-0.112839,0.063038,0.322211,0.382309,-0.082271,0.060075,0.918402,3521
254.9028,inicio,True,128.4028,36.533,4.927,15.548,True,320,240,0,False,60.00,0.1000,-0.110674,0.063861,0.322118,0.382680,-0.081117,0.058455,0.918455,3522
255.0138,inicio,True,128.5028,36.075,10.376,16.250,True,320,240,0,False,60.00,0.1000,-0.106152,0.065690,0.322046,0.380164,-0.074580,0.054890,0.920272,3524
255.1398,inicio,True,128.6361,37.307,12.931,19.360,True,320,240,0,False,60.00,0.1000,-0.102508,0.064533,0.322864,0.379840,-0.072667,0.050961,0.920784,3526
255.2845,inicio,True,128.7694,36.567,12.905,20.706,True,320,240,0,False,60.00,0.1000,-0.094999,0.059869,0.321393,0.390825,-0.067919,0.047790,0.916711,3528
255.4090,inicio,True,128.9027,37.729,11.500,24.748,True,320,240,0,False,60.00,0.1000,-0.073536,0.055011,0.312469,0.404894,-0.055568,0.032100,0.912109,3530
255.5466,inicio,True,129.0360,36.913,5.454,22.884,True,320,240,0,False,60.00,0.1000,-0.054154,0.053225,0.323889,0.404321,-0.027986,0.009477,0.914140,3532
255.6705,inicio,True,129.1693,36.246,6.654,25.394,True,320,240,0,False,60.00,0.1000,-0.048515,0.057900,0.317427,0.392929,-0.025728,0.001502,0.919208,3534
255.7985,inicio,True,129.2859,36.620,11.562,18.217,True,320,240,0,False,60.00,0.1000,-0.043709,0.059623,0.318333,0.387392,-0.022978,-0.006350,0.921607,3536
255.9341,inicio,True,129.4192,36.008,10.553,23.451,True,320,240,0,False,60.00,0.1000,-0.043626,0.064064,0.317528,0.383816,-0.023009,-0.002956,0.923118,3538
256.0442,inicio,True,129.5358,36.458,10.918,21.457,True,320,240,0,False,60.00,0.1000,-0.044787,0.060493,0.316632,0.381597,-0.017707,-0.002747,0.924155,3540
256.1691,inicio,True,129.6691,37.556,6.175,22.203,True,320,240,0,False,60.00,0.1000,-0.053057,0.037698,0.319735,0.421242,-0.025484,0.005305,0.906575,3542
256.2784,inicio,True,129.7691,36.951,6.913,22.763,True,320,240,0,False,60.00,0.1000,-0.056750,0.038994,0.315176,0.423984,-0.028951,0.009257,0.905160,3543
256.4025,inicio,True,129.9024,36.278,9.313,19.825,True,320,240,0,False,60.00,0.1000,-0.067889,0.052835,0.308948,0.404267,-0.039082,0.017514,0.913638,3545
256.5501,inicio,True,130.0356,37.481,17.403,23.855,True,320,240,0,False,60.00,0.1000,-0.067837,0.056633,0.293110,0.403743,-0.034939,0.022158,0.913937,3547
256.6594,inicio,False,130.0690,37.680,14.885,11.838,True,320,240,0,False,60.00,0.1000,-0.077821,0.045545,0.288043,0.406103,-0.041319,0.026307,0.912514,3549
256.7856,inicio,False,130.0690,36.871,4.911,14.387,True,320,240,0,False,60.00,0.1000,-0.077821,0.045545,0.288043,0.406103,-0.041319,0.026307,0.912514,3551
256.9205,inicio,False,130.0690,36.213,8.471,13.825,True,320,240,0,False,60.00,0.1000,-0.077821,0.045545,0.288043,0.406103,-0.041319,0.026307,0.912514,3553
257.0523,inicio,False,130.0690,35.676,5.172,15.709,True,320,240,0,False,60.00,0.1000,-0.077821,0.045545,0.288043,0.406103,-0.041319,0.026307,0.912514,3555
257.1524,inicio,False,130.0690,35.340,7.220,15.304,True,320,240,0,False,60.00,0.1000,-0.077821,0.045545,0.288043,0.406103,-0.041319,0.026307,0.912514,3557
257.2526,inicio,False,130.0690,35.052,5.652,11.546,True,320,240,0,False,60.00,0.1000,-0.077821,0.045545,0.288043,0.406103,-0.041319,0.026307,0.912514,3558
257.3526,inicio,False,130.0690,34.806,5.956,14.074,True,320,240,0,False,60.00,0.1000,-0.077821,0.045545,0.288043,0.406103,-0.041319,0.026307,0.912514,3560
257.4866,inicio,False,130.0690,34.531,10.636,17.910,True,320,240,0,False,60.00,0.1000,-0.077821,0.045545,0.288043,0.406103,-0.041319,0.026307,0.912514,3562
257.6186,inicio,False,130.0690,34.309,15.472,14.983,True,320,240,0,False,60.00,0.1000,-0.077821,0.045545,0.288043,0.406103,-0.041319,0.026307,0.912514,3564
257.7664,inicio,False,130.0690,34.126,12.093,20.832,True,320,240,0,False,60.00,0.1000,-0.077821,0.045545,0.288043,0.406103,-0.041319,0.026307,0.912514,3566
257.8765,inicio,False,130.0690,34.762,11.128,16.834,True,320,240,0,False,60.00,0.1000,-0.077821,0.045545,0.288043,0.406103,-0.041319,0.026307,0.912514,3567
258.0046,inicio,False,130.0690,34.494,6.259,22.727,True,320,240,0,False,60.00,0.1000,-0.077821,0.045545,0.288043,0.406103,-0.041319,0.026307,0.912514,3569
258.1426,inicio,False,130.0690,35.952,17.930,15.468,True,320,240,0,False,60.00,0.1000,-0.077821,0.045545,0.288043,0.406103,-0.041319,0.026307,0.912514,3571
258.2691,inicio,False,130.0690,35.463,7.008,12.918,True,320,240,0,False,60.00,0.1000,-0.077821,0.045545,0.288043,0.406103,-0.041319,0.026307,0.912514,3573
258.4036,inicio,False,130.0690,35.067,5.879,18.263,True,320,240,0,False,60.00,0.1000,-0.077821,0.045545,0.288043,0.406103,-0.041319,0.026307,0.912514,3575
258.5354,inicio,False,130.0690,34.743,5.836,13.364,True,320,240,0,False,60.00,0.1000,-0.077821,0.045545,0.288043,0.406103,-0.041319,0.026307,0.912514,3577
258.6360,inicio,False,130.0690,34.540,5.151,11.092,True,320,240,0,False,60.00,0.1000,-0.077821,0.045545,0.288043,0.406103,-0.041319,0.026307,0.912514,3579
258.7682,inicio,False,130.0690,34.314,4.512,15.742,True,320,240,0,False,60.00,0.1000,-0.077821,0.045545,0.288043,0.406103,-0.041319,0.026307,0.912514,3581
258.8702,inicio,False,130.0690,34.173,5.077,12.697,True,320,240,0,False,60.00,0.1000,-0.077821,0.045545,0.288043,0.406103,-0.041319,0.026307,0.912514,3582
259.0018,inicio,False,130.0690,34.015,4.552,3.124,True,320,240,0,False,60.00,0.1000,-0.077821,0.045545,0.288043,0.406103,-0.041319,0.026307,0.912514,3584
259.1021,inicio,False,130.0690,33.918,4.839,4.240,True,320,240,0,False,60.00,0.1000,-0.077821,0.045545,0.288043,0.406103,-0.041319,0.026307,0.912514,3586
259.2349,inicio,False,130.0690,33.807,6.113,1.607,True,320,240,0,False,60.00,0.1000,-0.077821,0.045545,0.288043,0.406103,-0.041319,0.026307,0.912514,3588
259.3684,inicio,False,130.0690,33.716,4.386,2.008,True,320,240,0,False,60.00,0.1000,-0.077821,0.045545,0.288043,0.406103,-0.041319,0.026307,0.912514,3590
259.4685,inicio,False,130.0690,33.660,8.013,2.283,True,320,240,0,False,60.00,0.1000,-0.077821,0.045545,0.288043,0.406103,-0.041319,0.026307,0.912514,3591
259.6043,inicio,False,130.0690,33.597,7.858,2.107,True,320,240,0,False,60.00,0.1000,-0.077821,0.045545,0.288043,0.406103,-0.041319,0.026307,0.912514,3593
259.7086,inicio,False,130.0690,33.557,7.476,5.504,True,320,240,0,False,60.00,0.1000,-0.077821,0.045545,0.288043,0.406103,-0.041319,0.026307,0.912514,3595
259.8348,inicio,False,130.0690,33.515,1.039,7.796,True,320,240,0,False,60.00,0.1000,-0.077821,0.045545,0.288043,0.406103,-0.041319,0.026307,0.912514,3597
259.9362,inicio,False,130.0690,33.490,4.727,2.113,True,320,240,0,False,60.00,0.1000,-0.077821,0.045545,0.288043,0.406103,-0.041319,0.026307,0.912514,3598
260.0689,inicio,False,130.0690,33.459,10.382,2.337,True,320,240,0,False,60.00,0.1000,-0.077821,0.045545,0.288043,0.406103,-0.041319,0.026307,0.912514,3600
260.2034,inicio,False,130.0690,33.433,6.841,3.021,True,320,240,0,False,60.00,0.1000,-0.077821,0.045545,0.288043,0.406103,-0.041319,0.026307,0.912514,3602
260.3043,inicio,False,130.0690,33.415,5.574,2.600,True,320,240,0,False,60.00,0.1000,-0.077821,0.045545,0.288043,0.406103,-0.041319,0.026307,0.912514,3603
260.4346,inicio,False,130.0690,33.397,14.334,2.301,True,320,240,0,False,60.00,0.1000,-0.077821,0.045545,0.288043,0.406103,-0.041319,0.026307,0.912514,3605
260.5368,inicio,False,130.0690,33.387,6.545,2.408,True,320,240,0,False,60.00,0.1000,-0.077821,0.045545,0.288043,0.406103,-0.041319,0.026307,0.912514,3607
260.6684,inicio,False,130.0690,33.375,10.201,2.906,True,320,240,0,False,60.00,0.1000,-0.077821,0.045545,0.288043,0.406103,-0.041319,0.026307,0.912514,3609
260.7686,inicio,False,130.0690,33.370,4.840,6.497,True,320,240,0,False,60.00,0.1000,-0.077821,0.045545,0.288043,0.406103,-0.041319,0.026307,0.912514,3610
260.9013,inicio,False,130.0690,33.360,4.919,2.321,True,320,240,0,False,60.00,0.1000,-0.077821,0.045545,0.288043,0.406103,-0.041319,0.026307,0.912514,3612
261.0022,inicio,False,130.0690,33.354,5.069,6.984,True,320,240,0,False,60.00,0.1000,-0.077821,0.045545,0.288043,0.406103,-0.041319,0.026307,0.912514,3614
261.1356,inicio,False,130.0690,33.348,4.862,3.609,True,320,240,0,False,60.00,0.1000,-0.077821,0.045545,0.288043,0.406103,-0.041319,0.026307,0.912514,3616
261.2699,inicio,False,130.0690,33.343,5.466,4.204,True,320,240,0,False,60.00,0.1000,-0.077821,0.045545,0.288043,0.406103,-0.041319,0.026307,0.912514,3618
261.4023,inicio,False,130.0690,33.338,4.608,1.505,True,320,240,0,False,60.00,0.1000,-0.077821,0.045545,0.288043,0.406103,-0.041319,0.026307,0.912514,3620
261.5358,inicio,False,130.0690,33.336,5.942,1.483,True,320,240,0,False,60.00,0.1000,-0.077821,0.045545,0.288043,0.406103,-0.041319,0.026307,0.912514,3622
261.6682,inicio,False,130.0690,33.333,5.038,1.670,True,320,240,0,False,60.00,0.1000,-0.077821,0.045545,0.288043,0.406103,-0.041319,0.026307,0.912514,3624
261.7684,inicio,False,130.0690,33.333,4.589,2.447,True,320,240,0,False,60.00,0.1000,-0.077821,0.045545,0.288043,0.406103,-0.041319,0.026307,0.912514,3625
261.9005,inicio,False,130.0690,33.330,5.687,1.692,True,320,240,0,False,60.00,0.1000,-0.077821,0.045545,0.288043,0.406103,-0.041319,0.026307,0.912514,3628
262.0040,inicio,False,130.0690,33.329,6.348,1.479,True,320,240,0,False,60.00,0.1000,-0.077821,0.045545,0.288043,0.406103,-0.041319,0.026307,0.912514,3629
262.1357,inicio,False,130.0690,33.328,5.760,1.462,True,320,240,0,False,60.00,0.1000,-0.077821,0.045545,0.288043,0.406103,-0.041319,0.026307,0.912514,3631
262.2687,inicio,False,130.0690,33.327,4.838,1.446,True,320,240,0,False,60.00,0.1000,-0.077821,0.045545,0.288043,0.406103,-0.041319,0.026307,0.912514,3633
262.4011,inicio,False,130.0690,33.326,6.181,4.153,True,320,240,0,False,60.00,0.1000,-0.077821,0.045545,0.288043,0.406103,-0.041319,0.026307,0.912514,3635
262.5337,inicio,False,130.0690,33.326,6.448,6.377,True,320,240,0,False,60.00,0.1000,-0.077821,0.045545,0.288043,0.406103,-0.041319,0.026307,0.912514,3637
262.6669,inicio,False,130.0690,33.325,4.891,1.442,True,320,240,0,False,60.00,0.1000,-0.077821,0.045545,0.288043,0.406103,-0.041319,0.026307,0.912514,3639
262.7669,inicio,False,130.0690,33.325,5.817,1.664,True,320,240,0,False,60.00,0.1000,-0.077821,0.045545,0.288043,0.406103,-0.041319,0.026307,0.912514,3641
262.9003,inicio,False,130.0690,33.325,6.096,4.485,True,320,240,0,False,60.00,0.1000,-0.077821,0.045545,0.288043,0.406103,-0.041319,0.026307,0.912514,3643
263.0033,inicio,False,130.0690,33.325,4.643,5.215,True,320,240,0,False,60.00,0.1000,-0.077821,0.045545,0.288043,0.406103,-0.041319,0.026307,0.912514,3644
263.1336,inicio,False,130.0690,33.324,5.269,6.116,True,320,240,0,False,60.00,0.1000,-0.077821,0.045545,0.288043,0.406103,-0.041319,0.026307,0.912514,3646
263.2676,inicio,False,130.0690,33.324,7.304,3.890,True,320,240,0,False,60.00,0.1000,-0.077821,0.045545,0.288043,0.406103,-0.041319,0.026307,0.912514,3648
263.4003,inicio,False,130.0690,33.322,6.126,3.794,True,320,240,0,False,60.00,0.1000,-0.077821,0.045545,0.288043,0.406103,-0.041319,0.026307,0.912514,3650
263.5021,inicio,False,130.0690,33.323,1.020,5.408,True,320,240,0,False,60.00,0.1000,-0.077821,0.045545,0.288043,0.406103,-0.041319,0.026307,0.912514,3652
263.6023,inicio,False,130.0690,33.322,5.311,1.503,True,320,240,0,False,60.00,0.1000,-0.077821,0.045545,0.288043,0.406103,-0.041319,0.026307,0.912514,3653
263.7343,inicio,False,130.0690,33.323,6.846,5.187,True,320,240,0,False,60.00,0.1000,-0.077821,0.045545,0.288043,0.406103,-0.041319,0.026307,0.912514,3655
263.8673,inicio,False,130.0690,33.323,4.965,3.569,True,320,240,0,False,60.00,0.1000,-0.077821,0.045545,0.288043,0.406103,-0.041319,0.026307,0.912514,3657
264.0015,inicio,False,130.0690,33.322,4.372,1.743,True,320,240,0,False,60.00,0.1000,-0.077821,0.045545,0.288043,0.406103,-0.041319,0.026307,0.912514,3659
264.1335,inicio,False,130.0690,33.324,6.446,1.452,True,320,240,0,False,60.00,0.1000,-0.077821,0.045545,0.288043,0.406103,-0.041319,0.026307,0.912514,3661
269.2824,inicio,False,130.0690,285.791,6.352,2.057,True,320,240,0,False,60.00,0.1000,-0.077821,0.045545,0.288043,0.406103,-0.041319,0.026307,0.912514,3662
269.4145,inicio,False,130.0690,238.962,6.352,2.057,True,320,240,0,False,60.00,0.1000,-0.077821,0.045545,0.288043,0.406103,-0.041319,0.026307,0.912514,3662
269.5477,inicio,False,130.0690,200.816,6.352,2.057,True,320,240,0,False,60.00,0.1000,-0.077821,0.045545,0.288043,0.406103,-0.041319,0.026307,0.912514,3662
269.6478,inicio,False,130.0690,176.927,235.379,2.251,True,320,240,0,False,60.00,0.1000,-0.077821,0.045545,0.288043,0.406103,-0.041319,0.026307,0.912514,3663
269.8899,inicio,False,130.0690,179.744,8.161,1.187,True,320,240,0,False,60.00,0.1000,-0.077821,0.045545,0.288043,0.406103,-0.041319,0.026307,0.912514,3664
270.0142,inicio,False,130.0690,152.584,14.415,1.475,True,320,240,0,False,60.00,0.1000,-0.077821,0.045545,0.288043,0.406103,-0.041319,0.026307,0.912514,3665
270.1143,inicio,False,130.0690,135.578,19.535,1.338,True,320,240,0,False,60.00,0.1000,-0.077821,0.045545,0.288043,0.406103,-0.041319,0.026307,0.912514,3667
270.2145,inicio,False,130.0690,120.992,19.218,1.338,True,320,240,0,False,60.00,0.1000,-0.077821,0.045545,0.288043,0.406103,-0.041319,0.026307,0.912514,3669
270.3475,inicio,False,130.0690,104.729,16.499,1.382,True,320,240,0,False,60.00,0.1000,-0.077821,0.045545,0.288043,0.406103,-0.041319,0.026307,0.912514,3671
270.4808,inicio,False,130.0690,91.482,15.932,1.352,True,320,240,0,False,60.00,0.1000,-0.077821,0.045545,0.288043,0.406103,-0.041319,0.026307,0.912514,3673
270.5809,inicio,False,130.0690,83.186,18.707,1.331,True,320,240,0,False,60.00,0.1000,-0.077821,0.045545,0.288043,0.406103,-0.041319,0.026307,0.912514,3674
270.6810,inicio,False,130.0690,76.073,18.793,1.195,True,320,240,0,False,60.00,0.1000,-0.077821,0.045545,0.288043,0.406103,-0.041319,0.026307,0.912514,3675
270.7842,inicio,False,130.0690,69.978,19.815,1.377,True,320,240,0,False,60.00,0.1000,-0.077821,0.045545,0.288043,0.406103,-0.041319,0.026307,0.912514,3677
270.9139,inicio,False,130.0690,63.178,16.937,1.429,True,320,240,0,False,60.00,0.1000,-0.077821,0.045545,0.288043,0.406103,-0.041319,0.026307,0.912514,3679
271.0140,inicio,False,130.0690,58.921,17.086,1.296,True,320,240,0,False,60.00,0.1000,-0.077821,0.045545,0.288043,0.406103,-0.041319,0.026307,0.912514,3681
271.1141,inicio,False,130.0690,55.269,18.514,1.449,True,320,240,0,False,60.00,0.1000,-0.077821,0.045545,0.288043,0.406103,-0.041319,0.026307,0.912514,3682
271.2472,inicio,False,130.0690,51.198,19.056,1.682,True,320,240,0,False,60.00,0.1000,-0.077821,0.045545,0.288043,0.406103,-0.041319,0.026307,0.912514,3684
271.3805,inicio,False,130.0690,47.884,18.287,1.733,True,320,240,0,False,60.00,0.1000,-0.077821,0.045545,0.288043,0.406103,-0.041319,0.026307,0.912514,3686
271.5138,inicio,False,130.0690,45.182,17.905,1.508,True,320,240,0,False,60.00,0.1000,-0.077821,0.045545,0.288043,0.406103,-0.041319,0.026307,0.912514,3688
271.6471,inicio,False,130.0690,42.982,18.655,1.481,True,320,240,0,False,60.00,0.1000,-0.077821,0.045545,0.288043,0.406103,-0.041319,0.026307,0.912514,3690
271.7804,inicio,False,130.0690,41.190,18.852,1.477,True,320,240,0,False,60.00,0.1000,-0.077821,0.045545,0.288043,0.406103,-0.041319,0.026307,0.912514,3692
271.9139,inicio,False,130.0690,39.729,18.927,1.903,True,320,240,0,False,60.00,0.1000,-0.077821,0.045545,0.288043,0.406103,-0.041319,0.026307,0.912514,3694
272.0473,inicio,False,130.0690,38.542,19.247,1.772,True,320,240,0,False,60.00,0.1000,-0.077821,0.045545,0.288043,0.406103,-0.041319,0.026307,0.912514,3696
272.1806,inicio,False,130.0690,37.575,19.263,1.851,True,320,240,0,False,60.00,0.1000,-0.077821,0.045545,0.288043,0.406103,-0.041319,0.026307,0.912514,3698
272.3136,inicio,False,130.0690,36.786,18.783,1.721,True,320,240,0,False,60.00,0.1000,-0.077821,0.045545,0.288043,0.406103,-0.041319,0.026307,0.912514,3700
272.4138,inicio,False,130.0690,36.292,17.047,1.719,True,320,240,0,False,60.00,0.1000,-0.077821,0.045545,0.288043,0.406103,-0.041319,0.026307,0.912514,3701
272.5203,inicio,False,130.0690,35.868,18.566,1.407,True,320,240,0,False,60.00,0.1000,-0.077821,0.045545,0.288043,0.406103,-0.041319,0.026307,0.912514,3703
272.6470,inicio,False,130.0690,35.396,12.467,1.655,True,320,240,0,False,60.00,0.1000,-0.077821,0.045545,0.288043,0.406103,-0.041319,0.026307,0.912514,3705
272.7472,inicio,False,130.0690,35.102,18.811,1.369,True,320,240,0,False,60.00,0.1000,-0.077821,0.045545,0.288043,0.406103,-0.041319,0.026307,0.912514,3707
272.8803,inicio,False,130.0690,34.774,18.729,1.548,True,320,240,0,False,60.00,0.1000,-0.077821,0.045545,0.288043,0.406103,-0.041319,0.026307,0.912514,3709
273.0148,inicio,False,130.0690,34.503,17.514,1.628,True,320,240,0,False,60.00,0.1000,-0.077821,0.045545,0.288043,0.406103,-0.041319,0.026307,0.912514,3711
273.1478,inicio,False,130.0690,34.283,17.722,1.612,True,320,240,0,False,60.00,0.1000,-0.077821,0.045545,0.288043,0.406103,-0.041319,0.026307,0.912514,3713
273.2801,inicio,False,130.0690,34.102,19.043,1.259,True,320,240,0,False,60.00,0.1000,-0.077821,0.045545,0.288043,0.406103,-0.041319,0.026307,0.912514,3715
273.4133,inicio,False,130.0690,33.958,21.220,1.703,True,320,240,0,False,60.00,0.1000,-0.077821,0.045545,0.288043,0.406103,-0.041319,0.026307,0.912514,3717
273.5487,inicio,False,130.0690,33.843,17.234,1.590,True,320,240,0,False,60.00,0.1000,-0.077821,0.045545,0.288043,0.406103,-0.041319,0.026307,0.912514,3719
273.6800,inicio,False,130.0690,33.746,18.558,1.535,True,320,240,0,False,60.00,0.1000,-0.077821,0.045545,0.288043,0.406103,-0.041319,0.026307,0.912514,3721
273.8143,inicio,False,130.0690,33.668,17.871,1.504,True,320,240,0,False,60.00,0.1000,-0.077821,0.045545,0.288043,0.406103,-0.041319,0.026307,0.912514,3723
273.9465,inicio,False,130.0690,33.604,19.128,1.605,True,320,240,0,False,60.00,0.1000,-0.077821,0.045545,0.288043,0.406103,-0.041319,0.026307,0.912514,3725
274.0466,inicio,False,130.0690,33.562,18.960,1.685,True,320,240,0,False,60.00,0.1000,-0.077821,0.045545,0.288043,0.406103,-0.041319,0.026307,0.912514,3726
274.1466,inicio,False,130.0690,33.528,19.032,1.542,True,320,240,0,False,60.00,0.1000,-0.077821,0.045545,0.288043,0.406103,-0.041319,0.026307,0.912514,3727
274.2798,inicio,False,130.0690,33.489,18.314,1.478,True,320,240,0,False,60.00,0.1000,-0.077821,0.045545,0.288043,0.406103,-0.041319,0.026307,0.912514,3729
274.3798,inicio,False,130.0690,33.465,19.326,1.589,True,320,240,0,False,60.00,0.1000,-0.077821,0.045545,0.288043,0.406103,-0.041319,0.026307,0.912514,3731
274.4808,inicio,False,130.0690,33.446,18.834,1.801,True,320,240,0,False,60.00,0.1000,-0.077821,0.045545,0.288043,0.406103,-0.041319,0.026307,0.912514,3733
274.6201,inicio,False,130.0690,33.422,14.055,1.550,True,320,240,0,False,60.00,0.1000,-0.077821,0.045545,0.288043,0.406103,-0.041319,0.026307,0.912514,3735
274.7643,inicio,False,130.0690,34.239,2.586,1.980,True,320,240,0,False,60.00,0.1000,-0.077821,0.045545,0.288043,0.406103,-0.041319,0.026307,0.912514,3737
274.8964,inicio,False,130.0690,34.068,2.704,1.521,True,320,240,0,False,60.00,0.1000,-0.077821,0.045545,0.288043,0.406103,-0.041319,0.026307,0.912514,3739
275.0296,inicio,False,130.0690,33.928,2.676,1.431,True,320,240,0,False,60.00,0.1000,-0.077821,0.045545,0.288043,0.406103,-0.041319,0.026307,0.912514,3741
275.1628,inicio,False,130.0690,33.819,3.317,1.480,True,320,240,0,False,60.00,0.1000,-0.077821,0.045545,0.288043,0.406103,-0.041319,0.026307,0.912514,3743
275.2961,inicio,False,130.0690,33.723,3.403,1.863,True,320,240,0,False,60.00,0.1000,-0.077821,0.045545,0.288043,0.406103,-0.041319,0.026307,0.912514,3745
275.4295,inicio,False,130.0690,33.650,3.048,1.475,True,320,240,0,False,60.00,0.1000,-0.077821,0.045545,0.288043,0.406103,-0.041319,0.026307,0.912514,3747
275.5626,inicio,False,130.0690,33.589,2.179,1.494,True,320,240,0,False,60.00,0.1000,-0.077821,0.045545,0.288043,0.406103,-0.041319,0.026307,0.912514,3749
275.6632,inicio,False,130.0690,33.551,2.564,1.499,True,320,240,0,False,60.00,0.1000,-0.077821,0.045545,0.288043,0.406103,-0.041319,0.026307,0.912514,3750
275.7960,inicio,False,130.0690,33.510,2.448,1.560,True,320,240,0,False,60.00,0.1000,-0.077821,0.045545,0.288043,0.406103,-0.041319,0.026307,0.912514,3752
275.9297,inicio,False,130.0690,33.475,3.139,1.537,True,320,240,0,False,60.00,0.1000,-0.077821,0.045545,0.288043,0.406103,-0.041319,0.026307,0.912514,3754
276.0625,inicio,False,130.0690,33.446,2.715,1.677,True,320,240,0,False,60.00,0.1000,-0.077821,0.045545,0.288043,0.406103,-0.041319,0.026307,0.912514,3756
276.1626,inicio,False,130.0690,33.429,2.298,1.506,True,320,240,0,False,60.00,0.1000,-0.077821,0.045545,0.288043,0.406103,-0.041319,0.026307,0.912514,3758
276.2626,inicio,False,130.0690,33.411,3.859,1.473,True,320,240,0,False,60.00,0.1000,-0.077821,0.045545,0.288043,0.406103,-0.041319,0.026307,0.912514,3759
276.3957,inicio,False,130.0690,33.396,2.879,1.540,True,320,240,0,False,60.00,0.1000,-0.077821,0.045545,0.288043,0.406103,-0.041319,0.026307,0.912514,3761
276.4959,inicio,False,130.0690,33.384,2.512,1.826,True,320,240,0,False,60.00,0.1000,-0.077821,0.045545,0.288043,0.406103,-0.041319,0.026307,0.912514,3763
276.6289,inicio,False,130.0690,33.375,2.508,1.552,True,320,240,0,False,60.00,0.1000,-0.077821,0.045545,0.288043,0.406103,-0.041319,0.026307,0.912514,3765
276.7291,inicio,False,130.0690,33.367,2.459,1.761,True,320,240,0,False,60.00,0.1000,-0.077821,0.045545,0.288043,0.406103,-0.041319,0.026307,0.912514,3766
276.8293,inicio,False,130.0690,33.362,2.782,1.815,True,320,240,0,False,60.00,0.1000,-0.077821,0.045545,0.288043,0.406103,-0.041319,0.026307,0.912514,3767
276.9627,inicio,False,130.0690,33.354,2.773,1.524,True,320,240,0,False,60.00,0.1000,-0.077821,0.045545,0.288043,0.406103,-0.041319,0.026307,0.912514,3770
277.0958,inicio,False,130.0690,33.348,2.484,1.236,True,320,240,0,False,60.00,0.1000,-0.077821,0.045545,0.288043,0.406103,-0.041319,0.026307,0.912514,3772
277.2289,inicio,False,130.0690,33.342,2.232,1.358,True,320,240,0,False,60.00,0.1000,-0.077821,0.045545,0.288043,0.406103,-0.041319,0.026307,0.912514,3774
277.3622,inicio,False,130.0690,33.338,2.206,1.719,True,320,240,0,False,60.00,0.1000,-0.077821,0.045545,0.288043,0.406103,-0.041319,0.026307,0.912514,3776
277.4958,inicio,False,130.0690,33.335,2.503,1.713,True,320,240,0,False,60.00,0.1000,-0.077821,0.045545,0.288043,0.406103,-0.041319,0.026307,0.912514,3778
277.6288,inicio,False,130.0690,33.333,2.419,1.549,True,320,240,0,False,60.00,0.1000,-0.077821,0.045545,0.288043,0.406103,-0.041319,0.026307,0.912514,3780
277.7619,inicio,False,130.0690,33.331,2.454,1.559,True,320,240,0,False,60.00,0.1000,-0.077821,0.045545,0.288043,0.406103,-0.041319,0.026307,0.912514,3782
277.8625,inicio,False,130.0690,33.331,2.631,1.704,True,320,240,0,False,60.00,0.1000,-0.077821,0.045545,0.288043,0.406103,-0.041319,0.026307,0.912514,3783
277.9958,inicio,False,130.0690,33.329,2.986,1.536,True,320,240,0,False,60.00,0.1000,-0.077821,0.045545,0.288043,0.406103,-0.041319,0.026307,0.912514,3785
278.1284,inicio,False,130.0690,33.327,3.544,1.988,True,320,240,0,False,60.00,0.1000,-0.077821,0.045545,0.288043,0.406103,-0.041319,0.026307,0.912514,3787
278.2285,inicio,False,130.0690,33.326,3.037,1.792,True,320,240,0,False,60.00,0.1000,-0.077821,0.045545,0.288043,0.406103,-0.041319,0.026307,0.912514,3789
278.3286,inicio,False,130.0690,33.325,2.658,1.624,True,320,240,0,False,60.00,0.1000,-0.077821,0.045545,0.288043,0.406103,-0.041319,0.026307,0.912514,3790
278.4617,inicio,False,130.0690,33.327,3.264,1.554,True,320,240,0,False,60.00,0.1000,-0.077821,0.045545,0.288043,0.406103,-0.041319,0.026307,0.912514,3792
278.5618,inicio,False,130.0690,33.324,3.253,1.533,True,320,240,0,False,60.00,0.1000,-0.077821,0.045545,0.288043,0.406103,-0.041319,0.026307,0.912514,3794
278.6621,inicio,False,130.0690,33.324,3.191,1.545,True,320,240,0,False,60.00,0.1000,-0.077821,0.045545,0.288043,0.406103,-0.041319,0.026307,0.912514,3795
278.7951,inicio,False,130.0690,33.324,2.643,1.663,True,320,240,0,False,60.00,0.1000,-0.077821,0.045545,0.288043,0.406103,-0.041319,0.026307,0.912514,3797
278.8953,inicio,False,130.0690,33.324,2.026,1.232,True,320,240,0,False,60.00,0.1000,-0.077821,0.045545,0.288043,0.406103,-0.041319,0.026307,0.912514,3799
278.9953,inicio,False,130.0690,33.324,2.289,1.525,True,320,240,0,False,60.00,0.1000,-0.077821,0.045545,0.288043,0.406103,-0.041319,0.026307,0.912514,3800
279.1287,inicio,False,130.0690,33.324,2.620,1.655,True,320,240,0,False,60.00,0.1000,-0.077821,0.045545,0.288043,0.406103,-0.041319,0.026307,0.912514,3802
279.2616,inicio,False,130.0690,33.324,2.628,1.711,True,320,240,0,False,60.00,0.1000,-0.077821,0.045545,0.288043,0.406103,-0.041319,0.026307,0.912514,3804
279.3951,inicio,False,130.0690,33.325,3.029,1.685,True,320,240,0,False,60.00,0.1000,-0.077821,0.045545,0.288043,0.406103,-0.041319,0.026307,0.912514,3806
279.4957,inicio,False,130.0690,33.323,2.359,1.365,True,320,240,0,False,60.00,0.1000,-0.077821,0.045545,0.288043,0.406103,-0.041319,0.026307,0.912514,3808
279.6285,inicio,False,130.0690,33.322,2.510,1.695,True,320,240,0,False,60.00,0.1000,-0.077821,0.045545,0.288043,0.406103,-0.041319,0.026307,0.912514,3810
279.7615,inicio,False,130.0690,33.321,2.844,1.681,True,320,240,0,False,60.00,0.1000,-0.077821,0.045545,0.288043,0.406103,-0.041319,0.026307,0.912514,3812
279.8949,inicio,False,130.0690,33.323,2.529,1.673,True,320,240,0,False,60.00,0.1000,-0.077821,0.045545,0.288043,0.406103,-0.041319,0.026307,0.912514,3814
279.9950,inicio,False,130.0690,33.324,2.406,1.504,True,320,240,0,False,60.00,0.1000,-0.077821,0.045545,0.288043,0.406103,-0.041319,0.026307,0.912514,3815
280.1281,inicio,False,130.0690,33.325,2.270,1.601,True,320,240,0,False,60.00,0.1000,-0.077821,0.045545,0.288043,0.406103,-0.041319,0.026307,0.912514,3817
280.2282,inicio,False,130.0690,33.327,2.793,1.693,True,320,240,0,False,60.00,0.1000,-0.077821,0.045545,0.288043,0.406103,-0.041319,0.026307,0.912514,3819
280.3613,inicio,False,130.0690,33.322,2.565,1.730,True,320,240,0,False,60.00,0.1000,-0.077821,0.045545,0.288043,0.406103,-0.041319,0.026307,0.912514,3821
280.4950,inicio,False,130.0690,33.323,4.019,1.496,True,320,240,0,False,60.00,0.1000,-0.077821,0.045545,0.288043,0.406103,-0.041319,0.026307,0.912514,3823
280.6278,inicio,False,130.0690,33.322,3.115,1.613,True,320,240,0,False,60.00,0.1000,-0.077821,0.045545,0.288043,0.406103,-0.041319,0.026307,0.912514,3825
280.7279,inicio,False,130.0690,33.321,2.735,1.589,True,320,240,0,False,60.00,0.1000,-0.077821,0.045545,0.288043,0.406103,-0.041319,0.026307,0.912514,3826
280.8280,inicio,False,130.0690,33.323,2.834,1.731,True,320,240,0,False,60.00,0.1000,-0.077821,0.045545,0.288043,0.406103,-0.041319,0.026307,0.912514,3828
280.9281,inicio,False,130.0690,33.320,3.702,1.780,True,320,240,0,False,60.00,0.1000,-0.077821,0.045545,0.288043,0.406103,-0.041319,0.026307,0.912514,3829
281.0610,inicio,False,130.0690,33.322,2.370,1.511,True,320,240,0,False,60.00,0.1000,-0.077821,0.045545,0.288043,0.406103,-0.041319,0.026307,0.912514,3831
281.1611,inicio,False,130.0690,33.325,2.520,1.627,True,320,240,0,False,60.00,0.1000,-0.077821,0.045545,0.288043,0.406103,-0.041319,0.026307,0.912514,3833
281.2947,inicio,False,130.0690,33.322,2.865,1.894,True,320,240,0,False,60.00,0.1000,-0.077821,0.045545,0.288043,0.406103,-0.041319,0.026307,0.912514,3835
281.4279,inicio,False,130.0690,33.323,2.176,1.500,True,320,240,0,False,60.00,0.1000,-0.077821,0.045545,0.288043,0.406103,-0.041319,0.026307,0.912514,3837
281.5279,inicio,False,130.0690,33.322,3.230,1.451,True,320,240,0,False,60.00,0.1000,-0.077821,0.045545,0.288043,0.406103,-0.041319,0.026307,0.912514,3838
281.6612,inicio,False,130.0690,33.321,2.667,1.756,True,320,240,0,False,60.00,0.1000,-0.077821,0.045545,0.288043,0.406103,-0.041319,0.026307,0.912514,3840
281.7939,inicio,False,130.0690,33.321,4.126,1.824,True,320,240,0,False,60.00,0.1000,-0.077821,0.045545,0.288043,0.406103,-0.041319,0.026307,0.912514,3842
281.8947,inicio,False,130.0690,33.323,2.427,1.563,True,320,240,0,False,60.00,0.1000,-0.077821,0.045545,0.288043,0.406103,-0.041319,0.026307,0.912514,3844
282.0278,inicio,False,130.0690,33.322,2.822,1.701,True,320,240,0,False,60.00,0.1000,-0.077821,0.045545,0.288043,0.406103,-0.041319,0.026307,0.912514,3846
282.1609,inicio,False,130.0690,33.323,2.211,1.606,True,320,240,0,False,60.00,0.1000,-0.077821,0.045545,0.288043,0.406103,-0.041319,0.026307,0.912514,3848
282.2943,inicio,False,130.0690,33.323,2.574,1.728,True,320,240,0,False,60.00,0.1000,-0.077821,0.045545,0.288043,0.406103,-0.041319,0.026307,0.912514,3850
282.4282,inicio,False,130.0690,33.323,2.543,1.591,True,320,240,0,False,60.00,0.1000,-0.077821,0.045545,0.288043,0.406103,-0.041319,0.026307,0.912514,3852
282.5610,inicio,False,130.0690,33.323,2.677,1.231,True,320,240,0,False,60.00,0.1000,-0.077821,0.045545,0.288043,0.406103,-0.041319,0.026307,0.912514,3854
282.6939,inicio,False,130.0690,33.322,2.606,1.568,True,320,240,0,False,60.00,0.1000,-0.077821,0.045545,0.288043,0.406103,-0.041319,0.026307,0.912514,3856
282.8269,inicio,False,130.0690,33.322,2.257,1.677,True,320,240,0,False,60.00,0.1000,-0.077821,0.045545,0.288043,0.406103,-0.041319,0.026307,0.912514,3858
282.9279,inicio,False,130.0690,33.322,2.463,1.672,True,320,240,0,False,60.00,0.1000,-0.077821,0.045545,0.288043,0.406103,-0.041319,0.026307,0.912514,3859
283.0606,inicio,False,130.0690,33.325,3.908,1.609,True,320,240,0,False,60.00,0.1000,-0.077821,0.045545,0.288043,0.406103,-0.041319,0.026307,0.912514,3861
283.1613,inicio,False,130.0690,33.324,2.471,1.585,True,320,240,0,False,60.00,0.1000,-0.077821,0.045545,0.288043,0.406103,-0.041319,0.026307,0.912514,3863
283.2939,inicio,False,130.0690,33.323,3.845,1.766,True,320,240,0,False,60.00,0.1000,-0.077821,0.045545,0.288043,0.406103,-0.041319,0.026307,0.912514,3865
283.3941,inicio,False,130.0690,33.323,2.488,1.697,True,320,240,0,False,60.00,0.1000,-0.077821,0.045545,0.288043,0.406103,-0.041319,0.026307,0.912514,3866
283.5272,inicio,False,130.0690,33.324,0.747,1.758,True,320,240,0,False,60.00,0.1000,-0.077821,0.045545,0.288043,0.406103,-0.041319,0.026307,0.912514,3868
283.6602,inicio,False,130.0690,33.322,4.457,1.327,True,320,240,0,False,60.00,0.1000,-0.077821,0.045545,0.288043,0.406103,-0.041319,0.026307,0.912514,3870
283.7603,inicio,False,130.0690,33.321,2.880,1.485,True,320,240,0,False,60.00,0.1000,-0.077821,0.045545,0.288043,0.406103,-0.041319,0.026307,0.912514,3872
283.8934,inicio,False,130.0690,33.322,2.683,1.682,True,320,240,0,False,60.00,0.1000,-0.077821,0.045545,0.288043,0.406103,-0.041319,0.026307,0.912514,3874
284.0270,inicio,False,130.0690,33.324,2.863,1.606,True,320,240,0,False,60.00,0.1000,-0.077821,0.045545,0.288043,0.406103,-0.041319,0.026307,0.912514,3876
284.1274,inicio,False,130.0690,33.322,2.673,1.536,True,320,240,0,False,60.00,0.1000,-0.077821,0.045545,0.288043,0.406103,-0.041319,0.026307,0.912514,3877
284.2601,inicio,False,130.0690,33.322,2.718,1.661,True,320,240,0,False,60.00,0.1000,-0.077821,0.045545,0.288043,0.406103,-0.041319,0.026307,0.912514,3879
284.3933,inicio,False,130.0690,33.321,2.689,1.738,True,320,240,0,False,60.00,0.1000,-0.077821,0.045545,0.288043,0.406103,-0.041319,0.026307,0.912514,3881
284.4936,inicio,False,130.0690,33.323,4.627,1.280,True,320,240,0,False,60.00,0.1000,-0.077821,0.045545,0.288043,0.406103,-0.041319,0.026307,0.912514,3883
284.6270,inicio,False,130.0690,33.323,3.665,1.854,True,320,240,0,False,60.00,0.1000,-0.077821,0.045545,0.288043,0.406103,-0.041319,0.026307,0.912514,3885
284.7598,inicio,False,130.0690,33.326,2.542,1.825,True,320,240,0,False,60.00,0.1000,-0.077821,0.045545,0.288043,0.406103,-0.041319,0.026307,0.912514,3887
284.8606,inicio,False,130.0690,33.322,2.646,1.533,True,320,240,0,False,60.00,0.1000,-0.077821,0.045545,0.288043,0.406103,-0.041319,0.026307,0.912514,3888
284.9929,inicio,False,130.0690,33.322,2.374,1.737,True,320,240,0,False,60.00,0.1000,-0.077821,0.045545,0.288043,0.406103,-0.041319,0.026307,0.912514,3890
285.0934,inicio,False,130.0690,33.323,2.794,1.497,True,320,240,0,False,60.00,0.1000,-0.077821,0.045545,0.288043,0.406103,-0.041319,0.026307,0.912514,3892
285.2268,inicio,False,130.0690,33.322,2.542,1.427,True,320,240,0,False,60.00,0.1000,-0.077821,0.045545,0.288043,0.406103,-0.041319,0.026307,0.912514,3894
285.3603,inicio,False,130.0690,33.322,2.582,2.006,True,320,240,0,False,60.00,0.1000,-0.077821,0.045545,0.288043,0.406103,-0.041319,0.026307,0.912514,3896
285.4929,inicio,False,130.0690,33.321,2.484,1.535,True,320,240,0,False,60.00,0.1000,-0.077821,0.045545,0.288043,0.406103,-0.041319,0.026307,0.912514,3898
285.6268,inicio,False,130.0690,33.322,3.097,1.651,True,320,240,0,False,60.00,0.1000,-0.077821,0.045545,0.288043,0.406103,-0.041319,0.026307,0.912514,3900
285.7596,inicio,False,130.0690,33.322,3.846,1.773,True,320,240,0,False,60.00,0.1000,-0.077821,0.045545,0.288043,0.406103,-0.041319,0.026307,0.912514,3902
285.8928,inicio,False,130.0690,33.322,2.464,1.713,True,320,240,0,False,60.00,0.1000,-0.077821,0.045545,0.288043,0.406103,-0.041319,0.026307,0.912514,3904
285.9935,inicio,False,130.0690,33.322,2.910,1.685,True,320,240,0,False,60.00,0.1000,-0.077821,0.045545,0.288043,0.406103,-0.041319,0.026307,0.912514,3905
286.1259,inicio,False,130.0690,33.322,3.160,1.458,True,320,240,0,False,60.00,0.1000,-0.077821,0.045545,0.288043,0.406103,-0.041319,0.026307,0.912514,3907
286.2264,inicio,False,130.0690,33.322,2.686,1.495,True,320,240,0,False,60.00,0.1000,-0.077821,0.045545,0.288043,0.406103,-0.041319,0.026307,0.912514,3909
286.3595,inicio,False,130.0690,33.324,2.845,1.876,True,320,240,0,False,60.00,0.1000,-0.077821,0.045545,0.288043,0.406103,-0.041319,0.026307,0.912514,3911
286.4928,inicio,False,130.0690,33.323,2.853,1.712,True,320,240,0,False,60.00,0.1000,-0.077821,0.045545,0.288043,0.406103,-0.041319,0.026307,0.912514,3913
286.6260,inicio,False,130.0690,33.323,3.274,1.809,True,320,240,0,False,60.00,0.1000,-0.077821,0.045545,0.288043,0.406103,-0.041319,0.026307,0.912514,3915
286.7596,inicio,False,130.0690,33.322,3.040,1.638,True,320,240,0,False,60.00,0.1000,-0.077821,0.045545,0.288043,0.406103,-0.041319,0.026307,0.912514,3917
286.8923,inicio,False,130.0690,33.321,2.789,1.516,True,320,240,0,False,60.00,0.1000,-0.077821,0.045545,0.288043,0.406103,-0.041319,0.026307,0.912514,3919
286.9926,inicio,False,130.0690,33.321,2.746,1.468,True,320,240,0,False,60.00,0.1000,-0.077821,0.045545,0.288043,0.406103,-0.041319,0.026307,0.912514,3920
287.1261,inicio,False,130.0690,33.330,2.516,1.529,True,320,240,0,False,60.00,0.1000,-0.077821,0.045545,0.288043,0.406103,-0.041319,0.026307,0.912514,3922
287.2591,inicio,False,130.0690,33.323,3.118,1.520,True,320,240,0,False,60.00,0.1000,-0.077821,0.045545,0.288043,0.406103,-0.041319,0.026307,0.912514,3924
287.3922,inicio,False,130.0690,33.323,3.303,1.582,True,320,240,0,False,60.00,0.1000,-0.077821,0.045545,0.288043,0.406103,-0.041319,0.026307,0.912514,3926
287.4923,inicio,False,130.0690,33.321,2.578,1.762,True,320,240,0,False,60.00,0.1000,-0.077821,0.045545,0.288043,0.406103,-0.041319,0.026307,0.912514,3928
287.5926,inicio,False,130.0690,33.321,2.683,1.787,True,320,240,0,False,60.00,0.1000,-0.077821,0.045545,0.288043,0.406103,-0.041319,0.026307,0.912514,3929
287.7256,inicio,False,130.0690,33.322,4.654,1.822,True,320,240,0,False,60.00,0.1000,-0.077821,0.045545,0.288043,0.406103,-0.041319,0.026307,0.912514,3931
287.8263,inicio,False,130.0690,33.322,2.618,1.626,True,320,240,0,False,60.00,0.1000,-0.077821,0.045545,0.288043,0.406103,-0.041319,0.026307,0.912514,3933
287.9592,inicio,False,130.0690,33.323,2.260,1.705,True,320,240,0,False,60.00,0.1000,-0.077821,0.045545,0.288043,0.406103,-0.041319,0.026307,0.912514,3935
288.0921,inicio,False,130.0690,33.323,2.923,1.474,True,320,240,0,False,60.00,0.1000,-0.077821,0.045545,0.288043,0.406103,-0.041319,0.026307,0.912514,3937
288.1922,inicio,False,130.0690,33.322,2.427,1.548,True,320,240,0,False,60.00,0.1000,-0.077821,0.045545,0.288043,0.406103,-0.041319,0.026307,0.912514,3938
288.2925,inicio,False,130.0690,33.323,2.738,1.528,True,320,240,0,False,60.00,0.1000,-0.077821,0.045545,0.288043,0.406103,-0.041319,0.026307,0.912514,3940
288.4260,inicio,False,130.0690,33.322,2.975,1.453,True,320,240,0,False,60.00,0.1000,-0.077821,0.045545,0.288043,0.406103,-0.041319,0.026307,0.912514,3942
288.5593,inicio,False,130.0690,33.321,2.909,1.529,True,320,240,0,False,60.00,0.1000,-0.077821,0.045545,0.288043,0.406103,-0.041319,0.026307,0.912514,3944
288.6917,inicio,False,130.0690,33.321,2.879,1.826,True,320,240,0,False,60.00,0.1000,-0.077821,0.045545,0.288043,0.406103,-0.041319,0.026307,0.912514,3946
288.7919,inicio,False,130.0690,33.321,2.995,1.864,True,320,240,0,False,60.00,0.1000,-0.077821,0.045545,0.288043,0.406103,-0.041319,0.026307,0.912514,3947
288.8921,inicio,False,130.0690,33.321,2.692,1.634,True,320,240,0,False,60.00,0.1000,-0.077821,0.045545,0.288043,0.406103,-0.041319,0.026307,0.912514,3949
289.0252,inicio,False,130.0690,33.321,4.325,1.824,True,320,240,0,False,60.00,0.1000,-0.077821,0.045545,0.288043,0.406103,-0.041319,0.026307,0.912514,3951
289.1584,inicio,False,130.0690,33.322,2.909,1.670,True,320,240,0,False,60.00,0.1000,-0.077821,0.045545,0.288043,0.406103,-0.041319,0.026307,0.912514,3953
289.2585,inicio,False,130.0690,33.322,3.456,1.497,True,320,240,0,False,60.00,0.1000,-0.077821,0.045545,0.288043,0.406103,-0.041319,0.026307,0.912514,3954
289.3585,inicio,False,130.0690,33.322,2.901,1.457,True,320,240,0,False,60.00,0.1000,-0.077821,0.045545,0.288043,0.406103,-0.041319,0.026307,0.912514,3956
289.4919,inicio,False,130.0690,33.323,3.630,1.636,True,320,240,0,False,60.00,0.1000,-0.077821,0.045545,0.288043,0.406103,-0.041319,0.026307,0.912514,3958
289.6248,inicio,False,130.0690,33.322,2.763,1.748,True,320,240,0,False,60.00,0.1000,-0.077821,0.045545,0.288043,0.406103,-0.041319,0.026307,0.912514,3960
289.7584,inicio,False,130.0690,33.322,4.169,1.948,True,320,240,0,False,60.00,0.1000,-0.077821,0.045545,0.288043,0.406103,-0.041319,0.026307,0.912514,3962
289.8589,inicio,False,130.0690,33.322,2.611,1.690,True,320,240,0,False,60.00,0.1000,-0.077821,0.045545,0.288043,0.406103,-0.041319,0.026307,0.912514,3963
289.9914,inicio,False,130.0690,33.322,2.930,1.665,True,320,240,0,False,60.00,0.1000,-0.077821,0.045545,0.288043,0.406103,-0.041319,0.026307,0.912514,3965
290.0915,inicio,False,130.0690,33.324,2.932,1.351,True,320,240,0,False,60.00,0.1000,-0.077821,0.045545,0.288043,0.406103,-0.041319,0.026307,0.912514,3967
290.1918,inicio,False,130.0690,33.323,2.182,1.399,True,320,240,0,False,60.00,0.1000,-0.077821,0.045545,0.288043,0.406103,-0.041319,0.026307,0.912514,3968
290.3253,inicio,False,130.0690,33.322,3.172,1.698,True,320,240,0,False,60.00,0.1000,-0.077821,0.045545,0.288043,0.406103,-0.041319,0.026307,0.912514,3970
290.4256,inicio,False,130.0690,33.322,2.671,1.386,True,320,240,0,False,60.00,0.1000,-0.077821,0.045545,0.288043,0.406103,-0.041319,0.026307,0.912514,3972
290.5581,inicio,False,130.0690,33.322,2.654,1.447,True,320,240,0,False,60.00,0.1000,-0.077821,0.045545,0.288043,0.406103,-0.041319,0.026307,0.912514,3974
290.6917,inicio,False,130.0690,33.322,2.650,1.478,True,320,240,0,False,60.00,0.1000,-0.077821,0.045545,0.288043,0.406103,-0.041319,0.026307,0.912514,3976
290.8246,inicio,False,130.0690,33.323,2.545,1.427,True,320,240,0,False,60.00,0.1000,-0.077821,0.045545,0.288043,0.406103,-0.041319,0.026307,0.912514,3978
290.9247,inicio,False,130.0690,33.322,2.606,1.756,True,320,240,0,False,60.00,0.1000,-0.077821,0.045545,0.288043,0.406103,-0.041319,0.026307,0.912514,3979
291.0580,inicio,False,130.0690,33.322,3.561,1.843,True,320,240,0,False,60.00,0.1000,-0.077821,0.045545,0.288043,0.406103,-0.041319,0.026307,0.912514,3981
291.1913,inicio,False,130.0690,33.322,3.355,1.802,True,320,240,0,False,60.00,0.1000,-0.077821,0.045545,0.288043,0.406103,-0.041319,0.026307,0.912514,3983
291.3245,inicio,False,130.0690,33.322,3.175,1.796,True,320,240,0,False,60.00,0.1000,-0.077821,0.045545,0.288043,0.406103,-0.041319,0.026307,0.912514,3985
291.4247,inicio,False,130.0690,33.323,2.972,1.551,True,320,240,0,False,60.00,0.1000,-0.077821,0.045545,0.288043,0.406103,-0.041319,0.026307,0.912514,3987
291.5581,inicio,False,130.0690,33.324,2.571,1.520,True,320,240,0,False,60.00,0.1000,-0.077821,0.045545,0.288043,0.406103,-0.041319,0.026307,0.912514,3989
291.6912,inicio,False,130.0690,33.322,2.795,1.677,True,320,240,0,False,60.00,0.1000,-0.077821,0.045545,0.288043,0.406103,-0.041319,0.026307,0.912514,3991
291.8245,inicio,False,130.0690,33.321,2.870,1.531,True,320,240,0,False,60.00,0.1000,-0.077821,0.045545,0.288043,0.406103,-0.041319,0.026307,0.912514,3993
291.9250,inicio,False,130.0690,33.321,2.239,1.443,True,320,240,0,False,60.00,0.1000,-0.077821,0.045545,0.288043,0.406103,-0.041319,0.026307,0.912514,3994
292.0573,inicio,False,130.0690,33.322,2.968,1.809,True,320,240,0,False,60.00,0.1000,-0.077821,0.045545,0.288043,0.406103,-0.041319,0.026307,0.912514,3996
292.1574,inicio,False,130.0690,33.322,2.241,1.537,True,320,240,0,False,60.00,0.1000,-0.077821,0.045545,0.288043,0.406103,-0.041319,0.026307,0.912514,3998
292.2576,inicio,False,130.0690,33.322,2.205,1.396,True,320,240,0,False,60.00,0.1000,-0.077821,0.045545,0.288043,0.406103,-0.041319,0.026307,0.912514,3999
292.3577,inicio,False,130.0690,33.323,2.998,1.611,True,320,240,0,False,60.00,0.1000,-0.077821,0.045545,0.288043,0.406103,-0.041319,0.026307,0.912514,4001
292.4577,inicio,False,130.0690,33.322,3.364,1.671,True,320,240,0,False,60.00,0.1000,-0.077821,0.045545,0.288043,0.406103,-0.041319,0.026307,0.912514,4002
292.5908,inicio,False,130.0690,33.323,2.144,1.354,True,320,240,0,False,60.00,0.1000,-0.077821,0.045545,0.288043,0.406103,-0.041319,0.026307,0.912514,4004
292.7241,inicio,False,130.0690,33.324,3.323,1.772,True,320,240,0,False,60.00,0.1000,-0.077821,0.045545,0.288043,0.406103,-0.041319,0.026307,0.912514,4006
292.8576,inicio,False,130.0690,33.323,2.594,1.505,True,320,240,0,False,60.00,0.1000,-0.077821,0.045545,0.288043,0.406103,-0.041319,0.026307,0.912514,4008
292.9909,inicio,False,130.0690,33.322,2.938,1.732,True,320,240,0,False,60.00,0.1000,-0.077821,0.045545,0.288043,0.406103,-0.041319,0.026307,0.912514,4010
293.1239,inicio,False,130.0690,33.322,3.060,1.698,True,320,240,0,False,60.00,0.1000,-0.077821,0.045545,0.288043,0.406103,-0.041319,0.026307,0.912514,4012
293.2252,inicio,False,130.0690,33.323,2.004,1.425,True,320,240,0,False,60.00,0.1000,-0.077821,0.045545,0.288043,0.406103,-0.041319,0.026307,0.912514,4014
309.9875,inicio,False,130.0690,866.385,2.163,1.409,True,320,240,0,False,60.00,0.1000,-0.077821,0.045545,0.288043,0.406103,-0.041319,0.026307,0.912514,4015
310.1179,inicio,False,130.0690,711.858,2.163,1.409,True,320,240,0,False,60.00,0.1000,-0.077821,0.045545,0.288043,0.406103,-0.041319,0.026307,0.912514,4015
310.2514,inicio,False,130.0690,585.992,2.163,1.409,True,320,240,0,False,60.00,0.1000,-0.077821,0.045545,0.288043,0.406103,-0.041319,0.026307,0.912514,4015
310.3845,inicio,False,130.0690,483.475,206.632,2.710,True,320,240,0,False,60.00,0.1000,-0.077821,0.045545,0.288043,0.406103,-0.041319,0.026307,0.912514,4016
310.5988,inicio,False,130.0690,469.298,8.246,1.406,True,320,240,0,False,60.00,0.1000,-0.077821,0.045545,0.288043,0.406103,-0.041319,0.026307,0.912514,4017
310.7182,inicio,False,130.0690,388.427,6.549,1.491,True,320,240,0,False,60.00,0.1000,-0.077821,0.045545,0.288043,0.406103,-0.041319,0.026307,0.912514,4018
310.8511,inicio,False,130.0690,322.559,5.736,2.047,True,320,240,0,False,60.00,0.1000,-0.077821,0.045545,0.288043,0.406103,-0.041319,0.026307,0.912514,4020
310.9844,inicio,False,130.0690,268.907,3.963,3.719,True,320,240,0,False,60.00,0.1000,-0.077821,0.045545,0.288043,0.406103,-0.041319,0.026307,0.912514,4022
311.1177,inicio,False,130.0690,225.207,10.004,1.392,True,320,240,0,False,60.00,0.1000,-0.077821,0.045545,0.288043,0.406103,-0.041319,0.026307,0.912514,4024
311.2514,inicio,False,130.0690,189.614,5.037,1.645,True,320,240,0,False,60.00,0.1000,-0.077821,0.045545,0.288043,0.406103,-0.041319,0.026307,0.912514,4026
311.3845,inicio,False,130.0690,160.623,4.359,2.808,True,320,240,0,False,60.00,0.1000,-0.077821,0.045545,0.288043,0.406103,-0.041319,0.026307,0.912514,4028
311.5180,inicio,False,130.0690,137.009,8.145,1.382,True,320,240,0,False,60.00,0.1000,-0.077821,0.045545,0.288043,0.406103,-0.041319,0.026307,0.912514,4030
311.6508,inicio,False,130.0690,117.776,6.912,1.427,True,320,240,0,False,60.00,0.1000,-0.077821,0.045545,0.288043,0.406103,-0.041319,0.026307,0.912514,4032
311.7514,inicio,False,130.0690,105.731,5.029,1.314,True,320,240,0,False,60.00,0.1000,-0.077821,0.045545,0.288043,0.406103,-0.041319,0.026307,0.912514,4034
311.8844,inicio,False,130.0690,92.300,4.576,1.363,True,320,240,0,False,60.00,0.1000,-0.077821,0.045545,0.288043,0.406103,-0.041319,0.026307,0.912514,4036
312.0178,inicio,False,130.0690,81.360,4.970,1.387,True,320,240,0,False,60.00,0.1000,-0.077821,0.045545,0.288043,0.406103,-0.041319,0.026307,0.912514,4038
312.1507,inicio,False,130.0690,72.449,5.633,1.356,True,320,240,0,False,60.00,0.1000,-0.077821,0.045545,0.288043,0.406103,-0.041319,0.026307,0.912514,4040
312.2508,inicio,False,130.0690,66.869,4.903,1.609,True,320,240,0,False,60.00,0.1000,-0.077821,0.045545,0.288043,0.406103,-0.041319,0.026307,0.912514,4041
312.3842,inicio,False,130.0690,60.646,5.486,1.329,True,320,240,0,False,60.00,0.1000,-0.077821,0.045545,0.288043,0.406103,-0.041319,0.026307,0.912514,4043
312.5174,inicio,False,130.0690,55.578,10.299,1.333,True,320,240,0,False,60.00,0.1000,-0.077821,0.045545,0.288043,0.406103,-0.041319,0.026307,0.912514,4045
312.6518,inicio,False,130.0690,51.449,5.310,1.428,True,320,240,0,False,60.00,0.1000,-0.077821,0.045545,0.288043,0.406103,-0.041319,0.026307,0.912514,4047
312.7857,inicio,False,130.0690,48.087,5.625,1.540,True,320,240,0,False,60.00,0.1000,-0.077821,0.045545,0.288043,0.406103,-0.041319,0.026307,0.912514,4049
312.9175,inicio,False,130.0690,45.349,8.568,6.053,True,320,240,0,False,60.00,0.1000,-0.077821,0.045545,0.288043,0.406103,-0.041319,0.026307,0.912514,4051
313.0178,inicio,False,130.0690,43.633,5.457,6.267,True,320,240,0,False,60.00,0.1000,-0.077821,0.045545,0.288043,0.406103,-0.041319,0.026307,0.912514,4052
313.1508,inicio,False,130.0690,41.721,4.862,1.394,True,320,240,0,False,60.00,0.1000,-0.077821,0.045545,0.288043,0.406103,-0.041319,0.026307,0.912514,4054
313.2510,inicio,False,130.0690,40.523,5.582,1.374,True,320,240,0,False,60.00,0.1000,-0.077821,0.045545,0.288043,0.406103,-0.041319,0.026307,0.912514,4056
313.3842,inicio,False,130.0690,39.187,6.482,3.063,True,320,240,0,False,60.00,0.1000,-0.077821,0.045545,0.288043,0.406103,-0.041319,0.026307,0.912514,4058
313.5172,inicio,False,130.0690,38.100,6.400,1.936,True,320,240,0,False,60.00,0.1000,-0.077821,0.045545,0.288043,0.406103,-0.041319,0.026307,0.912514,4060
313.6187,inicio,False,130.0690,37.420,4.997,1.386,True,320,240,0,False,60.00,0.1000,-0.077821,0.045545,0.288043,0.406103,-0.041319,0.026307,0.912514,4062
313.7505,inicio,False,130.0690,36.659,6.686,2.015,True,320,240,0,False,60.00,0.1000,-0.077821,0.045545,0.288043,0.406103,-0.041319,0.026307,0.912514,4064
313.8837,inicio,False,130.0690,36.039,8.770,2.817,True,320,240,0,False,60.00,0.1000,-0.077821,0.045545,0.288043,0.406103,-0.041319,0.026307,0.912514,4066
314.0173,inicio,False,130.0690,35.536,5.500,1.405,True,320,240,0,False,60.00,0.1000,-0.077821,0.045545,0.288043,0.406103,-0.041319,0.026307,0.912514,4068
314.1523,inicio,False,130.0690,35.124,7.731,1.778,True,320,240,0,False,60.00,0.1000,-0.077821,0.045545,0.288043,0.406103,-0.041319,0.026307,0.912514,4070
314.2842,inicio,False,130.0690,34.792,5.272,1.435,True,320,240,0,False,60.00,0.1000,-0.077821,0.045545,0.288043,0.406103,-0.041319,0.026307,0.912514,4072
314.4190,inicio,False,130.0690,34.518,4.791,2.355,True,320,240,0,False,60.00,0.1000,-0.077821,0.045545,0.288043,0.406103,-0.041319,0.026307,0.912514,4074
314.5502,inicio,False,130.0690,34.297,12.347,1.756,True,320,240,0,False,60.00,0.1000,-0.077821,0.045545,0.288043,0.406103,-0.041319,0.026307,0.912514,4076
314.6508,inicio,False,130.0690,34.156,7.645,5.922,True,320,240,0,False,60.00,0.1000,-0.077821,0.045545,0.288043,0.406103,-0.041319,0.026307,0.912514,4077
314.7839,inicio,False,130.0690,34.002,6.669,1.517,True,320,240,0,False,60.00,0.1000,-0.077821,0.045545,0.288043,0.406103,-0.041319,0.026307,0.912514,4079
314.8843,inicio,False,130.0690,33.905,5.111,1.519,True,320,240,0,False,60.00,0.1000,-0.077821,0.045545,0.288043,0.406103,-0.041319,0.026307,0.912514,4080
315.0173,inicio,False,130.0690,33.797,5.050,1.483,True,320,240,0,False,60.00,0.1000,-0.077821,0.045545,0.288043,0.406103,-0.041319,0.026307,0.912514,4082
315.1500,inicio,False,130.0690,33.709,5.302,1.346,True,320,240,0,False,60.00,0.1000,-0.077821,0.045545,0.288043,0.406103,-0.041319,0.026307,0.912514,4084
315.2851,inicio,False,130.0690,33.637,4.859,1.767,True,320,240,0,False,60.00,0.1000,-0.077821,0.045545,0.288043,0.406103,-0.041319,0.026307,0.912514,4086
315.4175,inicio,False,130.0690,33.579,4.832,1.417,True,320,240,0,False,60.00,0.1000,-0.077821,0.045545,0.288043,0.406103,-0.041319,0.026307,0.912514,4088
315.5499,inicio,False,130.0690,33.539,4.566,1.974,True,320,240,0,False,60.00,0.1000,-0.077821,0.045545,0.288043,0.406103,-0.041319,0.026307,0.912514,4090
315.6501,inicio,False,130.0690,33.506,4.823,1.596,True,320,240,0,False,60.00,0.1000,-0.077821,0.045545,0.288043,0.406103,-0.041319,0.026307,0.912514,4092
315.7503,inicio,False,130.0690,33.477,5.082,1.421,True,320,240,0,False,60.00,0.1000,-0.077821,0.045545,0.288043,0.406103,-0.041319,0.026307,0.912514,4094
315.8848,inicio,False,130.0690,33.448,4.610,1.454,True,320,240,0,False,60.00,0.1000,-0.077821,0.045545,0.288043,0.406103,-0.041319,0.026307,0.912514,4096
316.0166,inicio,False,130.0690,33.424,5.189,1.363,True,320,240,0,False,60.00,0.1000,-0.077821,0.045545,0.288043,0.406103,-0.041319,0.026307,0.912514,4098
316.1171,inicio,False,130.0690,33.408,6.329,1.660,True,320,240,0,False,60.00,0.1000,-0.077821,0.045545,0.288043,0.406103,-0.041319,0.026307,0.912514,4099
316.2176,inicio,False,130.0690,33.397,6.722,4.440,True,320,240,0,False,60.00,0.1000,-0.077821,0.045545,0.288043,0.406103,-0.041319,0.026307,0.912514,4100
316.3502,inicio,False,130.0690,33.383,4.648,3.180,True,320,240,0,False,60.00,0.1000,-0.077821,0.045545,0.288043,0.406103,-0.041319,0.026307,0.912514,4102
316.4838,inicio,False,130.0690,33.371,4.697,1.390,True,320,240,0,False,60.00,0.1000,-0.077821,0.045545,0.288043,0.406103,-0.041319,0.026307,0.912514,4104
316.5838,inicio,False,130.0690,33.365,4.401,1.382,True,320,240,0,False,60.00,0.1000,-0.077821,0.045545,0.288043,0.406103,-0.041319,0.026307,0.912514,4106
316.7164,inicio,False,130.0690,33.358,5.080,1.371,True,320,240,0,False,60.00,0.1000,-0.077821,0.045545,0.288043,0.406103,-0.041319,0.026307,0.912514,4108
316.8178,inicio,False,130.0690,33.353,4.573,1.535,True,320,240,0,False,60.00,0.1000,-0.077821,0.045545,0.288043,0.406103,-0.041319,0.026307,0.912514,4110
316.9494,inicio,False,130.0690,33.347,5.121,2.137,True,320,240,0,False,60.00,0.1000,-0.077821,0.045545,0.288043,0.406103,-0.041319,0.026307,0.912514,4112
317.0843,inicio,False,130.0690,33.341,4.635,3.349,True,320,240,0,False,60.00,0.1000,-0.077821,0.045545,0.288043,0.406103,-0.041319,0.026307,0.912514,4114
317.2175,inicio,False,130.0690,33.338,4.759,1.967,True,320,240,0,False,60.00,0.1000,-0.077821,0.045545,0.288043,0.406103,-0.041319,0.026307,0.912514,4116
317.3503,inicio,False,130.0690,33.335,4.485,1.431,True,320,240,0,False,60.00,0.1000,-0.077821,0.045545,0.288043,0.406103,-0.041319,0.026307,0.912514,4118
317.4835,inicio,False,130.0690,33.332,4.576,1.452,True,320,240,0,False,60.00,0.1000,-0.077821,0.045545,0.288043,0.406103,-0.041319,0.026307,0.912514,4120
317.6167,inicio,False,130.0690,33.332,4.632,1.384,True,320,240,0,False,60.00,0.1000,-0.077821,0.045545,0.288043,0.406103,-0.041319,0.026307,0.912514,4122
317.7496,inicio,False,130.0690,33.331,4.694,1.550,True,320,240,0,False,60.00,0.1000,-0.077821,0.045545,0.288043,0.406103,-0.041319,0.026307,0.912514,4124
317.8498,inicio,False,130.0690,33.328,5.511,1.914,True,320,240,0,False,60.00,0.1000,-0.077821,0.045545,0.288043,0.406103,-0.041319,0.026307,0.912514,4125
317.9846,inicio,False,130.0690,33.327,7.646,1.864,True,320,240,0,False,60.00,0.1000,-0.077821,0.045545,0.288043,0.406103,-0.041319,0.026307,0.912514,4127
318.0856,inicio,False,130.0690,33.326,5.801,1.799,True,320,240,0,False,60.00,0.1000,-0.077821,0.045545,0.288043,0.406103,-0.041319,0.026307,0.912514,4128
318.2169,inicio,False,130.0690,33.325,4.608,5.834,True,320,240,0,False,60.00,0.1000,-0.077821,0.045545,0.288043,0.406103,-0.041319,0.026307,0.912514,4130
318.3497,inicio,False,130.0690,33.325,4.892,4.234,True,320,240,0,False,60.00,0.1000,-0.077821,0.045545,0.288043,0.406103,-0.041319,0.026307,0.912514,4132
318.4823,inicio,False,130.0690,33.324,4.576,1.371,True,320,240,0,False,60.00,0.1000,-0.077821,0.045545,0.288043,0.406103,-0.041319,0.026307,0.912514,4134
318.5828,inicio,False,130.0690,33.324,4.620,1.626,True,320,240,0,False,60.00,0.1000,-0.077821,0.045545,0.288043,0.406103,-0.041319,0.026307,0.912514,4136
318.7155,inicio,False,130.0690,33.323,6.543,5.617,True,320,240,0,False,60.00,0.1000,-0.077821,0.045545,0.288043,0.406103,-0.041319,0.026307,0.912514,4138
318.8161,inicio,False,130.0690,33.323,4.789,1.609,True,320,240,0,False,60.00,0.1000,-0.077821,0.045545,0.288043,0.406103,-0.041319,0.026307,0.912514,4140
318.9486,inicio,False,130.0690,33.323,5.222,1.458,True,320,240,0,False,60.00,0.1000,-0.077821,0.045545,0.288043,0.406103,-0.041319,0.026307,0.912514,4142
319.0493,inicio,False,130.0690,33.323,6.529,1.597,True,320,240,0,False,60.00,0.1000,-0.077821,0.045545,0.288043,0.406103,-0.041319,0.026307,0.912514,4143
319.1823,inicio,False,130.0690,33.323,6.878,1.397,True,320,240,0,False,60.00,0.1000,-0.077821,0.045545,0.288043,0.406103,-0.041319,0.026307,0.912514,4145
319.3153,inicio,False,130.0690,33.323,6.411,1.858,True,320,240,0,False,60.00,0.1000,-0.077821,0.045545,0.288043,0.406103,-0.041319,0.026307,0.912514,4147
319.4165,inicio,False,130.0690,33.323,6.377,1.601,True,320,240,0,False,60.00,0.1000,-0.077821,0.045545,0.288043,0.406103,-0.041319,0.026307,0.912514,4148
319.5489,inicio,False,130.0690,33.323,4.526,1.637,True,320,240,0,False,60.00,0.1000,-0.077821,0.045545,0.288043,0.406103,-0.041319,0.026307,0.912514,4150
319.6493,inicio,False,130.0690,33.323,4.803,1.744,True,320,240,0,False,60.00,0.1000,-0.077821,0.045545,0.288043,0.406103,-0.041319,0.026307,0.912514,4152
319.7821,inicio,False,130.0690,33.323,5.630,1.407,True,320,240,0,False,60.00,0.1000,-0.077821,0.045545,0.288043,0.406103,-0.041319,0.026307,0.912514,4154
319.9152,inicio,False,130.0690,33.324,5.862,1.643,True,320,240,0,False,60.00,0.1000,-0.077821,0.045545,0.288043,0.406103,-0.041319,0.026307,0.912514,4156
320.0490,inicio,False,130.0690,33.322,5.574,1.582,True,320,240,0,False,60.00,0.1000,-0.077821,0.045545,0.288043,0.406103,-0.041319,0.026307,0.912514,4158
320.1821,inicio,False,130.0690,33.324,4.807,1.430,True,320,240,0,False,60.00,0.1000,-0.077821,0.045545,0.288043,0.406103,-0.041319,0.026307,0.912514,4160
320.3154,inicio,False,130.0690,33.321,4.486,1.360,True,320,240,0,False,60.00,0.1000,-0.077821,0.045545,0.288043,0.406103,-0.041319,0.026307,0.912514,4162
320.4154,inicio,False,130.0690,33.323,4.436,1.556,True,320,240,0,False,60.00,0.1000,-0.077821,0.045545,0.288043,0.406103,-0.041319,0.026307,0.912514,4164
320.5482,inicio,False,130.0690,33.323,4.541,1.671,True,320,240,0,False,60.00,0.1000,-0.077821,0.045545,0.288043,0.406103,-0.041319,0.026307,0.912514,4166
320.6492,inicio,False,130.0690,33.322,6.363,1.930,True,320,240,0,False,60.00,0.1000,-0.077821,0.045545,0.288043,0.406103,-0.041319,0.026307,0.912514,4167
320.7843,inicio,False,130.0690,33.322,4.746,3.191,True,320,240,0,False,60.00,0.1000,-0.077821,0.045545,0.288043,0.406103,-0.041319,0.026307,0.912514,4169
320.9152,inicio,False,130.0690,33.323,8.140,1.658,True,320,240,0,False,60.00,0.1000,-0.077821,0.045545,0.288043,0.406103,-0.041319,0.026307,0.912514,4171
321.0482,inicio,False,130.0690,33.322,5.555,1.576,True,320,240,0,False,60.00,0.1000,-0.077821,0.045545,0.288043,0.406103,-0.041319,0.026307,0.912514,4173
321.1819,inicio,False,130.0690,33.322,6.159,3.715,True,320,240,0,False,60.00,0.1000,-0.077821,0.045545,0.288043,0.406103,-0.041319,0.026307,0.912514,4175
321.3148,inicio,False,130.0690,33.322,5.763,1.463,True,320,240,0,False,60.00,0.1000,-0.077821,0.045545,0.288043,0.406103,-0.041319,0.026307,0.912514,4177
321.4498,inicio,False,130.0690,33.322,4.738,2.552,True,320,240,0,False,60.00,0.1000,-0.077821,0.045545,0.288043,0.406103,-0.041319,0.026307,0.912514,4179
321.5814,inicio,False,130.0690,33.323,6.837,3.866,True,320,240,0,False,60.00,0.1000,-0.077821,0.045545,0.288043,0.406103,-0.041319,0.026307,0.912514,4181
321.7149,inicio,False,130.0690,33.322,6.339,1.606,True,320,240,0,False,60.00,0.1000,-0.077821,0.045545,0.288043,0.406103,-0.041319,0.026307,0.912514,4183
321.8163,inicio,False,130.0690,33.322,4.621,2.256,True,320,240,0,False,60.00,0.1000,-0.077821,0.045545,0.288043,0.406103,-0.041319,0.026307,0.912514,4184
321.9494,inicio,False,130.0690,33.322,6.037,1.963,True,320,240,0,False,60.00,0.1000,-0.077821,0.045545,0.288043,0.406103,-0.041319,0.026307,0.912514,4186
322.0817,inicio,False,130.0690,33.322,4.790,3.612,True,320,240,0,False,60.00,0.1000,-0.077821,0.045545,0.288043,0.406103,-0.041319,0.026307,0.912514,4188
322.1838,inicio,False,130.0690,33.323,8.440,1.830,True,320,240,0,False,60.00,0.1000,-0.077821,0.045545,0.288043,0.406103,-0.041319,0.026307,0.912514,4190
322.3146,inicio,False,130.0690,33.324,7.847,3.964,True,320,240,0,False,60.00,0.1000,-0.077821,0.045545,0.288043,0.406103,-0.041319,0.026307,0.912514,4192
322.4482,inicio,False,130.0690,33.323,5.450,1.921,True,320,240,0,False,60.00,0.1000,-0.077821,0.045545,0.288043,0.406103,-0.041319,0.026307,0.912514,4194
322.5809,inicio,False,130.0690,33.324,8.078,2.100,True,320,240,0,False,60.00,0.1000,-0.077821,0.045545,0.288043,0.406103,-0.041319,0.026307,0.912514,4196
322.6816,inicio,False,130.0690,33.324,4.765,1.485,True,320,240,0,False,60.00,0.1000,-0.077821,0.045545,0.288043,0.406103,-0.041319,0.026307,0.912514,4197
322.8144,inicio,False,130.0690,33.323,4.447,1.867,True,320,240,0,False,60.00,0.1000,-0.077821,0.045545,0.288043,0.406103,-0.041319,0.026307,0.912514,4199
322.9145,inicio,False,130.0690,33.321,4.694,1.350,True,320,240,0,False,60.00,0.1000,-0.077821,0.045545,0.288043,0.406103,-0.041319,0.026307,0.912514,4201
323.0493,inicio,False,130.0690,33.320,5.105,1.980,True,320,240,0,False,60.00,0.1000,-0.077821,0.045545,0.288043,0.406103,-0.041319,0.026307,0.912514,4203
323.1816,inicio,False,130.0690,33.323,5.348,1.681,True,320,240,0,False,60.00,0.1000,-0.077821,0.045545,0.288043,0.406103,-0.041319,0.026307,0.912514,4205
323.3149,inicio,False,130.0690,33.322,5.485,1.558,True,320,240,0,False,60.00,0.1000,-0.077821,0.045545,0.288043,0.406103,-0.041319,0.026307,0.912514,4207
323.4503,inicio,False,130.0690,33.322,5.707,1.802,True,320,240,0,False,60.00,0.1000,-0.077821,0.045545,0.288043,0.406103,-0.041319,0.026307,0.912514,4209
323.5820,inicio,False,130.0690,33.322,4.981,2.591,True,320,240,0,False,60.00,0.1000,-0.077821,0.045545,0.288043,0.406103,-0.041319,0.026307,0.912514,4211
323.6823,inicio,False,130.0690,33.322,5.474,3.543,True,320,240,0,False,60.00,0.1000,-0.077821,0.045545,0.288043,0.406103,-0.041319,0.026307,0.912514,4212
323.8139,inicio,False,130.0690,33.323,4.469,2.485,True,320,240,0,False,60.00,0.1000,-0.077821,0.045545,0.288043,0.406103,-0.041319,0.026307,0.912514,4214
323.9145,inicio,False,130.0690,33.322,5.281,1.425,True,320,240,0,False,60.00,0.1000,-0.077821,0.045545,0.288043,0.406103,-0.041319,0.026307,0.912514,4216
324.0474,inicio,False,130.0690,33.323,4.557,2.126,True,320,240,0,False,60.00,0.1000,-0.077821,0.045545,0.288043,0.406103,-0.041319,0.026307,0.912514,4218
324.1812,inicio,False,130.0690,33.328,5.961,1.905,True,320,240,0,False,60.00,0.1000,-0.077821,0.045545,0.288043,0.406103,-0.041319,0.026307,0.912514,4220
324.3146,inicio,False,130.0690,33.323,4.768,2.641,True,320,240,0,False,60.00,0.1000,-0.077821,0.045545,0.288043,0.406103,-0.041319,0.026307,0.912514,4222
324.4472,inicio,False,130.0690,33.321,4.618,2.007,True,320,240,0,False,60.00,0.1000,-0.077821,0.045545,0.288043,0.406103,-0.041319,0.026307,0.912514,4224
324.5816,inicio,False,130.0690,33.324,5.644,2.096,True,320,240,0,False,60.00,0.1000,-0.077821,0.045545,0.288043,0.406103,-0.041319,0.026307,0.912514,4226
324.7150,inicio,False,130.0690,33.322,4.865,1.574,True,320,240,0,False,60.00,0.1000,-0.077821,0.045545,0.288043,0.406103,-0.041319,0.026307,0.912514,4228
324.8479,inicio,False,130.0690,33.324,5.566,1.832,True,320,240,0,False,60.00,0.1000,-0.077821,0.045545,0.288043,0.406103,-0.041319,0.026307,0.912514,4230
324.9484,inicio,False,130.0690,33.322,0.921,1.825,True,320,240,0,False,60.00,0.1000,-0.077821,0.045545,0.288043,0.406103,-0.041319,0.026307,0.912514,4232
325.0808,inicio,False,130.0690,33.323,5.274,2.211,True,320,240,0,False,60.00,0.1000,-0.077821,0.045545,0.288043,0.406103,-0.041319,0.026307,0.912514,4234
325.1823,inicio,False,130.0690,33.322,4.673,2.038,True,320,240,0,False,60.00,0.1000,-0.077821,0.045545,0.288043,0.406103,-0.041319,0.026307,0.912514,4235
325.3138,inicio,False,130.0690,33.321,4.697,1.369,True,320,240,0,False,60.00,0.1000,-0.077821,0.045545,0.288043,0.406103,-0.041319,0.026307,0.912514,4237
325.4472,inicio,False,130.0690,33.322,4.563,4.490,True,320,240,0,False,60.00,0.1000,-0.077821,0.045545,0.288043,0.406103,-0.041319,0.026307,0.912514,4239
325.5810,inicio,False,130.0690,33.321,4.968,4.043,True,320,240,0,False,60.00,0.1000,-0.077821,0.045545,0.288043,0.406103,-0.041319,0.026307,0.912514,4241
325.7141,inicio,False,130.0690,33.323,5.774,2.012,True,320,240,0,False,60.00,0.1000,-0.077821,0.045545,0.288043,0.406103,-0.041319,0.026307,0.912514,4243
325.8469,inicio,False,130.0690,33.323,5.644,2.777,True,320,240,0,False,60.00,0.1000,-0.077821,0.045545,0.288043,0.406103,-0.041319,0.026307,0.912514,4245
325.9811,inicio,False,130.0690,33.322,4.857,1.716,True,320,240,0,False,60.00,0.1000,-0.077821,0.045545,0.288043,0.406103,-0.041319,0.026307,0.912514,4247
326.1139,inicio,False,130.0690,33.322,9.086,1.438,True,320,240,0,False,60.00,0.1000,-0.077821,0.045545,0.288043,0.406103,-0.041319,0.026307,0.912514,4249
326.2471,inicio,False,130.0690,33.322,5.947,1.420,True,320,240,0,False,60.00,0.1000,-0.077821,0.045545,0.288043,0.406103,-0.041319,0.026307,0.912514,4251
326.3484,inicio,False,130.0690,33.322,4.548,3.932,True,320,240,0,False,60.00,0.1000,-0.077821,0.045545,0.288043,0.406103,-0.041319,0.026307,0.912514,4253
326.4798,inicio,False,130.0690,33.322,4.851,3.114,True,320,240,0,False,60.00,0.1000,-0.077821,0.045545,0.288043,0.406103,-0.041319,0.026307,0.912514,4255
326.6131,inicio,False,130.0690,33.322,6.510,4.921,True,320,240,0,False,60.00,0.1000,-0.077821,0.045545,0.288043,0.406103,-0.041319,0.026307,0.912514,4257
326.7134,inicio,False,130.0690,33.323,4.926,5.009,True,320,240,0,False,60.00,0.1000,-0.077821,0.045545,0.288043,0.406103,-0.041319,0.026307,0.912514,4258
326.8466,inicio,False,130.0690,33.323,6.172,2.550,True,320,240,0,False,60.00,0.1000,-0.077821,0.045545,0.288043,0.406103,-0.041319,0.026307,0.912514,4260
326.9850,inicio,False,130.0690,33.322,5.139,1.408,True,320,240,0,False,60.00,0.1000,-0.077821,0.045545,0.288043,0.406103,-0.041319,0.026307,0.912514,4262
327.1141,inicio,False,130.0690,33.322,6.668,1.694,True,320,240,0,False,60.00,0.1000,-0.077821,0.045545,0.288043,0.406103,-0.041319,0.026307,0.912514,4264
327.2468,inicio,False,130.0690,33.322,5.803,4.128,True,320,240,0,False,60.00,0.1000,-0.077821,0.045545,0.288043,0.406103,-0.041319,0.026307,0.912514,4266
327.3798,inicio,False,130.0690,33.322,6.099,1.440,True,320,240,0,False,60.00,0.1000,-0.077821,0.045545,0.288043,0.406103,-0.041319,0.026307,0.912514,4268
327.5145,inicio,False,130.0690,33.322,7.931,2.153,True,320,240,0,False,60.00,0.1000,-0.077821,0.045545,0.288043,0.406103,-0.041319,0.026307,0.912514,4270
327.6468,inicio,False,130.0690,33.322,4.956,1.875,True,320,240,0,False,60.00,0.1000,-0.077821,0.045545,0.288043,0.406103,-0.041319,0.026307,0.912514,4272
327.7794,inicio,False,130.0690,33.323,4.651,1.415,True,320,240,0,False,60.00,0.1000,-0.077821,0.045545,0.288043,0.406103,-0.041319,0.026307,0.912514,4274
327.8794,inicio,False,130.0690,33.323,4.491,1.672,True,320,240,0,False,60.00,0.1000,-0.077821,0.045545,0.288043,0.406103,-0.041319,0.026307,0.912514,4275
327.9808,inicio,False,130.0690,33.325,4.686,3.017,True,320,240,0,False,60.00,0.1000,-0.077821,0.045545,0.288043,0.406103,-0.041319,0.026307,0.912514,4277
328.1132,inicio,False,130.0690,33.322,4.542,1.977,True,320,240,0,False,60.00,0.1000,-0.077821,0.045545,0.288043,0.406103,-0.041319,0.026307,0.912514,4279
328.2461,inicio,False,130.0690,33.322,5.416,1.663,True,320,240,0,False,60.00,0.1000,-0.077821,0.045545,0.288043,0.406103,-0.041319,0.026307,0.912514,4281
328.3791,inicio,False,130.0690,33.321,4.653,2.102,True,320,240,0,False,60.00,0.1000,-0.077821,0.045545,0.288043,0.406103,-0.041319,0.026307,0.912514,4283
328.5139,inicio,False,130.0690,33.323,0.980,2.135,True,320,240,0,False,60.00,0.1000,-0.077821,0.045545,0.288043,0.406103,-0.041319,0.026307,0.912514,4285
328.6474,inicio,False,130.0690,33.323,5.170,1.874,True,320,240,0,False,60.00,0.1000,-0.077821,0.045545,0.288043,0.406103,-0.041319,0.026307,0.912514,4287
328.7791,inicio,False,130.0690,33.322,6.088,1.723,True,320,240,0,False,60.00,0.1000,-0.077821,0.045545,0.288043,0.406103,-0.041319,0.026307,0.912514,4289
328.9139,inicio,False,130.0690,33.322,6.231,1.962,True,320,240,0,False,60.00,0.1000,-0.077821,0.045545,0.288043,0.406103,-0.041319,0.026307,0.912514,4291
329.0459,inicio,False,130.0690,33.321,6.283,1.433,True,320,240,0,False,60.00,0.1000,-0.077821,0.045545,0.288043,0.406103,-0.041319,0.026307,0.912514,4293
329.1463,inicio,False,130.0690,33.322,5.304,1.493,True,320,240,0,False,60.00,0.1000,-0.077821,0.045545,0.288043,0.406103,-0.041319,0.026307,0.912514,4294
329.2811,inicio,False,130.0690,33.322,5.529,6.036,True,320,240,0,False,60.00,0.1000,-0.077821,0.045545,0.288043,0.406103,-0.041319,0.026307,0.912514,4297
329.4120,inicio,False,130.0690,33.322,4.973,1.578,True,320,240,0,False,60.00,0.1000,-0.077821,0.045545,0.288043,0.406103,-0.041319,0.026307,0.912514,4299
329.5133,inicio,False,130.0690,33.323,5.658,1.655,True,320,240,0,False,60.00,0.1000,-0.077821,0.045545,0.288043,0.406103,-0.041319,0.026307,0.912514,4300
329.6467,inicio,False,130.0690,33.322,4.601,1.455,True,320,240,0,False,60.00,0.1000,-0.077821,0.045545,0.288043,0.406103,-0.041319,0.026307,0.912514,4302
329.7802,inicio,False,130.0690,33.323,5.335,1.417,True,320,240,0,False,60.00,0.1000,-0.077821,0.045545,0.288043,0.406103,-0.041319,0.026307,0.912514,4304
329.9125,inicio,False,130.0690,33.325,4.783,4.729,True,320,240,0,False,60.00,0.1000,-0.077821,0.045545,0.288043,0.406103,-0.041319,0.026307,0.912514,4306
330.0454,inicio,False,130.0690,33.323,5.803,2.995,True,320,240,0,False,60.00,0.1000,-0.077821,0.045545,0.288043,0.406103,-0.041319,0.026307,0.912514,4308
330.1790,inicio,False,130.0690,33.324,5.387,1.441,True,320,240,0,False,60.00,0.1000,-0.077821,0.045545,0.288043,0.406103,-0.041319,0.026307,0.912514,4310
330.3117,inicio,False,130.0690,33.321,5.016,1.984,True,320,240,0,False,60.00,0.1000,-0.077821,0.045545,0.288043,0.406103,-0.041319,0.026307,0.912514,4312
330.4131,inicio,False,130.0690,33.321,5.098,1.919,True,320,240,0,False,60.00,0.1000,-0.077821,0.045545,0.288043,0.406103,-0.041319,0.026307,0.912514,4314
330.5131,inicio,False,130.0690,33.322,4.492,2.155,True,320,240,0,False,60.00,0.1000,-0.077821,0.045545,0.288043,0.406103,-0.041319,0.026307,0.912514,4315
330.6450,inicio,False,130.0690,33.322,4.584,2.180,True,320,240,0,False,60.00,0.1000,-0.077821,0.045545,0.288043,0.406103,-0.041319,0.026307,0.912514,4317
330.7784,inicio,False,130.0690,33.321,4.386,1.737,True,320,240,0,False,60.00,0.1000,-0.077821,0.045545,0.288043,0.406103,-0.041319,0.026307,0.912514,4319
330.9116,inicio,False,130.0690,33.322,5.559,3.779,True,320,240,0,False,60.00,0.1000,-0.077821,0.045545,0.288043,0.406103,-0.041319,0.026307,0.912514,4321
331.0117,inicio,False,130.0690,33.321,1.004,1.356,True,320,240,0,False,60.00,0.1000,-0.077821,0.045545,0.288043,0.406103,-0.041319,0.026307,0.912514,4323
331.1449,inicio,False,130.0690,33.322,4.394,2.780,True,320,240,0,False,60.00,0.1000,-0.077821,0.045545,0.288043,0.406103,-0.041319,0.026307,0.912514,4325
331.2457,inicio,False,130.0690,33.322,4.493,2.031,True,320,240,0,False,60.00,0.1000,-0.077821,0.045545,0.288043,0.406103,-0.041319,0.026307,0.912514,4326
331.3779,inicio,False,130.0690,33.322,4.318,1.627,True,320,240,0,False,60.00,0.1000,-0.077821,0.045545,0.288043,0.406103,-0.041319,0.026307,0.912514,4328
331.5111,inicio,False,130.0690,33.322,6.259,2.072,True,320,240,0,False,60.00,0.1000,-0.077821,0.045545,0.288043,0.406103,-0.041319,0.026307,0.912514,4330
331.6111,inicio,False,130.0690,33.326,4.885,2.207,True,320,240,0,False,60.00,0.1000,-0.077821,0.045545,0.288043,0.406103,-0.041319,0.026307,0.912514,4331
331.7113,inicio,False,130.0690,33.322,5.735,1.967,True,320,240,0,False,60.00,0.1000,-0.077821,0.045545,0.288043,0.406103,-0.041319,0.026307,0.912514,4333
331.8113,inicio,False,130.0690,33.323,1.013,11.248,True,320,240,0,False,60.00,0.1000,-0.077821,0.045545,0.288043,0.406103,-0.041319,0.026307,0.912514,4335
331.9181,inicio,False,130.0690,33.323,6.511,25.397,True,320,240,0,False,60.00,0.1000,-0.077821,0.045545,0.288043,0.406103,-0.041319,0.026307,0.912514,4336
332.0449,inicio,False,130.0690,33.322,6.230,15.443,True,320,240,0,False,60.00,0.1000,-0.077821,0.045545,0.288043,0.406103,-0.041319,0.026307,0.912514,4338
332.1808,inicio,False,130.0690,33.321,5.486,13.493,True,320,240,0,False,60.00,0.1000,-0.077821,0.045545,0.288043,0.406103,-0.041319,0.026307,0.912514,4340
332.3117,inicio,False,130.0690,33.322,6.952,11.427,True,320,240,0,False,60.00,0.1000,-0.077821,0.045545,0.288043,0.406103,-0.041319,0.026307,0.912514,4342
332.4446,inicio,False,130.0690,33.322,8.171,11.154,True,320,240,0,False,60.00,0.1000,-0.077821,0.045545,0.288043,0.406103,-0.041319,0.026307,0.912514,4344
332.5806,inicio,False,130.0690,33.322,5.794,13.757,True,320,240,0,False,60.00,0.1000,-0.077821,0.045545,0.288043,0.406103,-0.041319,0.026307,0.912514,4346
332.7110,inicio,False,130.0690,33.322,5.028,11.179,True,320,240,0,False,60.00,0.1000,-0.077821,0.045545,0.288043,0.406103,-0.041319,0.026307,0.912514,4348
332.8450,inicio,False,130.0690,33.323,4.852,13.541,True,320,240,0,False,60.00,0.1000,-0.077821,0.045545,0.288043,0.406103,-0.041319,0.026307,0.912514,4350
332.9455,inicio,True,130.1690,33.323,6.395,18.897,True,320,240,0,False,60.00,0.1000,-0.043342,-0.022277,0.263704,0.450983,0.004552,0.095124,0.887438,4352
333.0506,inicio,True,130.2689,33.323,4.907,21.800,True,320,240,0,False,60.00,0.1000,-0.038504,-0.026012,0.264741,0.443984,-0.005369,0.095062,0.890962,4353
333.1894,inicio,True,130.4022,33.323,9.186,21.299,True,320,240,0,False,60.00,0.1000,-0.015838,-0.034498,0.266101,0.482432,-0.002839,0.078018,0.872447,4355
333.3164,inicio,True,130.5355,33.324,7.709,18.636,True,320,240,0,False,60.00,0.1000,-0.001248,-0.029075,0.276510,0.468823,0.018930,0.073916,0.879990,4357
333.4555,inicio,True,130.6688,33.323,6.443,25.073,True,320,240,0,False,60.00,0.1000,0.011850,-0.033739,0.283557,0.477949,0.050527,0.066223,0.874429,4359
333.5791,inicio,True,130.8020,34.945,9.743,26.197,True,320,240,0,False,60.00,0.1000,0.010637,-0.044811,0.287689,0.489681,0.053011,0.066425,0.867750,4361
333.7109,inicio,True,130.9358,34.665,8.499,19.449,True,320,240,0,False,60.00,0.1000,0.010182,-0.048375,0.294180,0.495939,0.048810,0.071003,0.864072,4363
333.8405,inicio,True,131.0522,35.295,13.239,23.688,True,320,240,0,False,60.00,0.1000,0.016402,-0.054544,0.300215,0.504295,0.060865,0.063533,0.859038,4365
333.9655,inicio,True,131.1854,36.675,22.323,21.775,True,320,240,0,False,60.00,0.1000,0.011483,-0.058049,0.303510,0.511864,0.054459,0.065860,0.854805,4367
334.1431,inicio,True,131.3591,41.650,13.822,37.805,True,320,240,0,False,60.00,0.1000,0.007469,-0.058096,0.305243,0.514419,0.045144,0.066076,0.853797,4369
