seconds,phase,visible,playback_s,frame_ms,image_ms,detect_ms,rt,width,height,rotation,mirrored,sensor_fov,tag_m,x,y,z,qx,qy,qz,qw,processed_frames
3.6483,inicio,False,0.0000,105.069,0.000,0.000,True,0,0,0,False,60.00,0.1000,0.000000,0.000000,0.000000,0.000000,0.000000,0.000000,1.000000,0
6.4403,inicio,False,0.0000,316.303,0.000,0.000,True,0,0,0,False,60.00,0.1000,0.000000,0.000000,0.000000,0.000000,0.000000,0.000000,1.000000,0
6.5558,inicio,False,0.0000,263.106,515.502,9.962,True,320,240,90,False,60.00,0.1000,0.000000,0.000000,0.000000,0.000000,0.000000,0.000000,1.000000,1
7.1040,inicio,False,0.0000,277.443,6.977,2.621,True,320,240,90,False,60.00,0.1000,0.000000,0.000000,0.000000,0.000000,0.000000,0.000000,1.000000,2
7.2370,inicio,False,0.0000,232.160,22.087,1.961,True,320,240,90,False,60.00,0.1000,0.000000,0.000000,0.000000,0.000000,0.000000,0.000000,1.000000,3
7.3672,inicio,False,0.0000,195.278,19.961,13.376,True,320,240,90,False,60.00,0.1000,0.000000,0.000000,0.000000,0.000000,0.000000,0.000000,1.000000,4
7.4743,inicio,False,0.0000,172.186,19.069,10.041,True,320,240,90,False,60.00,0.1000,0.000000,0.000000,0.000000,0.000000,0.000000,0.000000,1.000000,5
7.6015,inicio,False,0.0000,146.432,18.301,6.273,True,320,240,90,False,60.00,0.1000,0.000000,0.000000,0.000000,0.000000,0.000000,0.000000,1.000000,6
7.7190,inicio,False,0.0000,131.117,37.123,2.468,True,320,240,90,False,60.00,0.1000,0.000000,0.000000,0.000000,0.000000,0.000000,0.000000,1.000000,7
7.8498,inicio,False,0.0000,112.974,8.899,1.463,True,320,240,90,False,60.00,0.1000,0.000000,0.000000,0.000000,0.000000,0.000000,0.000000,1.000000,8
7.9510,inicio,False,0.0000,101.617,5.210,3.141,True,320,240,90,False,60.00,0.1000,0.000000,0.000000,0.000000,0.000000,0.000000,0.000000,1.000000,9
8.0832,inicio,False,0.0000,88.948,5.108,2.586,True,320,240,90,False,60.00,0.1000,0.000000,0.000000,0.000000,0.000000,0.000000,0.000000,1.000000,10
8.1836,inicio,False,0.0000,81.017,4.600,3.022,True,320,240,90,False,60.00,0.1000,0.000000,0.000000,0.000000,0.000000,0.000000,0.000000,1.000000,11
8.2838,inicio,False,0.0000,74.211,6.390,10.299,True,320,240,90,False,60.00,0.1000,0.000000,0.000000,0.000000,0.000000,0.000000,0.000000,1.000000,12
8.4177,inicio,False,0.0000,66.630,5.682,11.756,True,320,240,90,False,60.00,0.1000,0.000000,0.000000,0.000000,0.000000,0.000000,0.000000,1.000000,13
8.5330,inicio,False,0.0000,59.659,16.772,2.211,True,320,240,90,False,60.00,0.1000,0.000000,0.000000,0.000000,0.000000,0.000000,0.000000,1.000000,14
8.6394,inicio,False,0.0000,55.907,24.932,2.253,True,320,240,90,False,60.00,0.1000,0.000000,0.000000,0.000000,0.000000,0.000000,0.000000,1.000000,15
8.7666,inicio,False,0.0000,51.721,20.522,2.151,True,320,240,90,False,60.00,0.1000,0.000000,0.000000,0.000000,0.000000,0.000000,0.000000,1.000000,16
8.9040,inicio,False,0.0000,48.301,20.629,4.829,True,320,240,90,False,60.00,0.1000,0.000000,0.000000,0.000000,0.000000,0.000000,0.000000,1.000000,18
9.0338,inicio,False,0.0000,45.526,20.063,2.189,True,320,240,90,False,60.00,0.1000,0.000000,0.000000,0.000000,0.000000,0.000000,0.000000,1.000000,20
9.1376,inicio,False,0.0000,43.781,20.063,2.189,True,320,240,90,False,60.00,0.1000,0.000000,0.000000,0.000000,0.000000,0.000000,0.000000,1.000000,20
9.2660,inicio,False,0.0000,41.840,22.981,1.580,True,320,240,90,False,60.00,0.1000,0.000000,0.000000,0.000000,0.000000,0.000000,0.000000,1.000000,22
9.3662,inicio,False,0.0000,40.626,21.611,6.027,True,320,240,90,False,60.00,0.1000,0.000000,0.000000,0.000000,0.000000,0.000000,0.000000,1.000000,23
9.4672,inicio,False,0.0000,39.583,20.366,1.431,True,320,240,90,False,60.00,0.1000,0.000000,0.000000,0.000000,0.000000,0.000000,0.000000,1.000000,24
9.5992,inicio,False,0.0000,38.423,21.662,2.734,True,320,240,90,False,60.00,0.1000,0.000000,0.000000,0.000000,0.000000,0.000000,0.000000,1.000000,25
9.7011,inicio,False,0.0000,37.697,21.095,1.949,True,320,240,90,False,60.00,0.1000,0.000000,0.000000,0.000000,0.000000,0.000000,0.000000,1.000000,26
9.8334,inicio,False,0.0000,36.895,21.778,1.405,True,320,240,90,False,60.00,0.1000,0.000000,0.000000,0.000000,0.000000,0.000000,0.000000,1.000000,27
9.9683,inicio,False,0.0000,36.227,22.502,2.172,True,320,240,90,False,60.00,0.1000,0.000000,0.000000,0.000000,0.000000,0.000000,0.000000,1.000000,28
10.1015,inicio,False,0.0000,35.678,23.540,1.696,True,320,240,90,False,60.00,0.1000,0.000000,0.000000,0.000000,0.000000,0.000000,0.000000,1.000000,29
10.2325,inicio,False,0.0000,35.247,23.250,1.554,True,320,240,90,False,60.00,0.1000,0.000000,0.000000,0.000000,0.000000,0.000000,0.000000,1.000000,31
10.3674,inicio,False,0.0000,34.891,19.934,1.833,True,320,240,90,False,60.00,0.1000,0.000000,0.000000,0.000000,0.000000,0.000000,0.000000,1.000000,33
10.5047,inicio,False,0.0000,34.671,19.431,2.998,True,320,240,90,False,60.00,0.1000,0.000000,0.000000,0.000000,0.000000,0.000000,0.000000,1.000000,34
10.6324,inicio,False,0.0000,34.421,21.966,1.452,True,320,240,90,False,60.00,0.1000,0.000000,0.000000,0.000000,0.000000,0.000000,0.000000,1.000000,35
10.7329,inicio,False,0.0000,34.265,21.966,1.452,True,320,240,90,False,60.00,0.1000,0.000000,0.000000,0.000000,0.000000,0.000000,0.000000,1.000000,35
10.8655,inicio,False,0.0000,34.087,22.041,1.761,True,320,240,90,False,60.00,0.1000,0.000000,0.000000,0.000000,0.000000,0.000000,0.000000,1.000000,37
10.9663,inicio,False,0.0000,33.979,21.266,1.602,True,320,240,90,False,60.00,0.1000,0.000000,0.000000,0.000000,0.000000,0.000000,0.000000,1.000000,38
11.0992,inicio,False,0.0000,33.857,21.303,2.132,True,320,240,90,False,60.00,0.1000,0.000000,0.000000,0.000000,0.000000,0.000000,0.000000,1.000000,39
11.1994,inicio,False,0.0000,33.781,18.365,1.686,True,320,240,90,False,60.00,0.1000,0.000000,0.000000,0.000000,0.000000,0.000000,0.000000,1.000000,40
11.3321,inicio,False,0.0000,33.696,22.499,1.849,True,320,240,90,False,60.00,0.1000,0.000000,0.000000,0.000000,0.000000,0.000000,0.000000,1.000000,41
11.4326,inicio,False,0.0000,33.642,23.391,2.372,True,320,240,90,False,60.00,0.1000,0.000000,0.000000,0.000000,0.000000,0.000000,0.000000,1.000000,42
11.5734,inicio,False,0.0000,33.583,26.071,7.782,True,320,240,90,False,60.00,0.1000,0.000000,0.000000,0.000000,0.000000,0.000000,0.000000,1.000000,43
11.6988,inicio,False,0.0000,33.535,22.365,1.755,True,320,240,90,False,60.00,0.1000,0.000000,0.000000,0.000000,0.000000,0.000000,0.000000,1.000000,44
11.8026,inicio,False,0.0000,33.510,18.182,32.490,True,320,240,90,False,60.00,0.1000,0.000000,0.000000,0.000000,0.000000,0.000000,0.000000,1.000000,46
11.9153,inicio,False,0.0000,34.229,18.182,32.490,True,320,240,90,False,60.00,0.1000,0.000000,0.000000,0.000000,0.000000,0.000000,0.000000,1.000000,46
12.0486,inicio,False,0.0000,34.056,5.093,35.767,True,320,240,90,False,60.00,0.1000,0.000000,0.000000,0.000000,0.000000,0.000000,0.000000,1.000000,47
12.1819,inicio,False,0.0000,33.924,22.145,8.026,True,320,240,90,False,60.00,0.1000,0.000000,0.000000,0.000000,0.000000,0.000000,0.000000,1.000000,48
12.2821,inicio,False,0.0000,33.839,22.636,15.158,True,320,240,90,False,60.00,0.1000,0.000000,0.000000,0.000000,0.000000,0.000000,0.000000,1.000000,49
12.4059,inicio,False,0.0000,34.598,24.318,22.257,True,320,240,90,False,60.00,0.1000,0.000000,0.000000,0.000000,0.000000,0.000000,0.000000,1.000000,50
12.8124,inicio,False,0.0000,52.861,24.318,22.257,True,320,240,90,False,60.00,0.1000,0.000000,0.000000,0.000000,0.000000,0.000000,0.000000,1.000000,50
12.9237,inicio,False,0.0000,53.505,1.069,33.899,True,320,240,90,False,60.00,0.1000,0.000000,0.000000,0.000000,0.000000,0.000000,0.000000,1.000000,52
13.1806,inicio,False,0.0000,58.100,6.910,26.266,True,320,240,90,False,60.00,0.1000,0.000000,0.000000,0.000000,0.000000,0.000000,0.000000,1.000000,54
13.3319,inicio,False,0.0000,62.880,618.644,22.173,True,320,240,0,False,60.00,0.1000,0.000000,0.000000,0.000000,0.000000,0.000000,0.000000,1.000000,55
14.0085,inicio,False,0.0000,93.903,0.963,14.339,True,320,240,0,False,60.00,0.1000,0.000000,0.000000,0.000000,0.000000,0.000000,0.000000,1.000000,56
14.1373,inicio,False,0.0000,82.656,18.220,25.981,True,320,240,0,False,60.00,0.1000,0.000000,0.000000,0.000000,0.000000,0.000000,0.000000,1.000000,57
14.2542,inicio,False,0.0000,76.380,18.220,25.981,True,320,240,0,False,60.00,0.1000,0.000000,0.000000,0.000000,0.000000,0.000000,0.000000,1.000000,57
14.3872,inicio,False,0.0000,68.389,8.375,27.395,True,320,240,0,False,60.00,0.1000,0.000000,0.000000,0.000000,0.000000,0.000000,0.000000,1.000000,58
14.4945,inicio,False,0.0000,66.632,15.833,25.638,True,320,240,0,False,60.00,0.1000,0.000000,0.000000,0.000000,0.000000,0.000000,0.000000,1.000000,60
14.6204,inicio,False,0.0000,63.424,22.987,23.220,True,320,240,0,False,60.00,0.1000,0.000000,0.000000,0.000000,0.000000,0.000000,0.000000,1.000000,61
14.7386,inicio,False,0.0000,59.886,5.718,25.281,True,320,240,0,False,60.00,0.1000,0.000000,0.000000,0.000000,0.000000,0.000000,0.000000,1.000000,62
14.8707,inicio,False,0.0000,54.969,21.639,20.568,True,320,240,0,False,60.00,0.1000,0.000000,0.000000,0.000000,0.000000,0.000000,0.000000,1.000000,63
14.9868,inicio,False,0.0000,52.607,21.639,20.568,True,320,240,0,False,60.00,0.1000,0.000000,0.000000,0.000000,0.000000,0.000000,0.000000,1.000000,63
15.0872,inicio,False,0.0000,49.852,13.720,24.592,True,320,240,0,False,60.00,0.1000,0.000000,0.000000,0.000000,0.000000,0.000000,0.000000,1.000000,64
15.2010,inicio,False,0.0000,47.511,19.559,20.143,True,320,240,0,False,60.00,0.1000,0.000000,0.000000,0.000000,0.000000,0.000000,0.000000,1.000000,65
15.3359,inicio,False,0.0000,44.878,19.579,18.308,True,320,240,0,False,60.00,0.1000,0.000000,0.000000,0.000000,0.000000,0.000000,0.000000,1.000000,66
15.4878,inicio,False,0.0000,44.394,18.243,18.377,True,320,240,0,False,60.00,0.1000,0.000000,0.000000,0.000000,0.000000,0.000000,0.000000,1.000000,68
15.6199,inicio,False,0.0000,42.338,19.293,16.886,True,320,240,0,False,60.00,0.1000,0.000000,0.000000,0.000000,0.000000,0.000000,0.000000,1.000000,69
15.7200,inicio,False,0.0000,41.058,19.293,16.886,True,320,240,0,False,60.00,0.1000,0.000000,0.000000,0.000000,0.000000,0.000000,0.000000,1.000000,69
15.8557,inicio,False,0.0000,39.624,20.998,12.939,True,320,240,0,False,60.00,0.1000,0.000000,0.000000,0.000000,0.000000,0.000000,0.000000,1.000000,70
15.9710,inicio,False,0.0000,39.516,17.778,21.307,True,320,240,0,False,60.00,0.1000,0.000000,0.000000,0.000000,0.000000,0.000000,0.000000,1.000000,71
16.0721,inicio,False,0.0000,38.634,7.927,26.539,True,320,240,0,False,60.00,0.1000,0.000000,0.000000,0.000000,0.000000,0.000000,0.000000,1.000000,73
16.1894,inicio,False,0.0000,38.630,7.927,26.539,True,320,240,0,False,60.00,0.1000,0.000000,0.000000,0.000000,0.000000,0.000000,0.000000,1.000000,73
16.2901,inicio,False,0.0000,39.779,21.225,30.872,True,320,240,0,False,60.00,0.1000,0.000000,0.000000,0.000000,0.000000,0.000000,0.000000,1.000000,75
16.4043,inicio,False,0.0000,39.616,18.887,23.732,True,320,240,0,False,60.00,0.1000,0.000000,0.000000,0.000000,0.000000,0.000000,0.000000,1.000000,76
16.5320,inicio,False,0.0000,41.460,10.505,26.138,True,320,240,0,False,60.00,0.1000,0.000000,0.000000,0.000000,0.000000,0.000000,0.000000,1.000000,77
16.7053,inicio,False,0.0000,42.447,12.303,36.925,True,320,240,0,False,60.00,0.1000,0.000000,0.000000,0.000000,0.000000,0.000000,0.000000,1.000000,79
16.8395,inicio,False,0.0000,44.805,10.379,31.252,True,320,240,0,False,60.00,0.1000,0.000000,0.000000,0.000000,0.000000,0.000000,0.000000,1.000000,80
16.9955,inicio,False,0.0000,43.504,22.093,24.166,True,320,240,0,False,60.00,0.1000,0.000000,0.000000,0.000000,0.000000,0.000000,0.000000,1.000000,81
17.1407,inicio,False,0.0000,42.444,7.084,35.964,True,320,240,0,False,60.00,0.1000,0.000000,0.000000,0.000000,0.000000,0.000000,0.000000,1.000000,82
17.2704,inicio,False,0.0000,40.782,5.773,19.985,True,320,240,0,False,60.00,0.1000,0.000000,0.000000,0.000000,0.000000,0.000000,0.000000,1.000000,83
17.3709,inicio,False,0.0000,39.698,4.953,12.740,True,320,240,0,False,60.00,0.1000,0.000000,0.000000,0.000000,0.000000,0.000000,0.000000,1.000000,84
17.5030,inicio,False,0.0000,38.523,4.819,19.034,True,320,240,0,False,60.00,0.1000,0.000000,0.000000,0.000000,0.000000,0.000000,0.000000,1.000000,85
17.6369,inicio,False,0.0000,37.553,5.722,13.312,True,320,240,0,False,60.00,0.1000,0.000000,0.000000,0.000000,0.000000,0.000000,0.000000,1.000000,86
17.7694,inicio,False,0.0000,36.758,5.894,18.777,True,320,240,0,False,60.00,0.1000,0.000000,0.000000,0.000000,0.000000,0.000000,0.000000,1.000000,87
17.9029,inicio,False,0.0000,36.139,5.491,15.457,True,320,240,0,False,60.00,0.1000,0.000000,0.000000,0.000000,0.000000,0.000000,0.000000,1.000000,88
18.0361,inicio,False,0.0000,35.600,5.124,11.352,True,320,240,0,False,60.00,0.1000,0.000000,0.000000,0.000000,0.000000,0.000000,0.000000,1.000000,89
18.1695,inicio,False,0.0000,35.176,4.622,18.719,True,320,240,0,False,60.00,0.1000,0.000000,0.000000,0.000000,0.000000,0.000000,0.000000,1.000000,90
18.3028,inicio,False,0.0000,34.836,6.124,12.740,True,320,240,0,False,60.00,0.1000,0.000000,0.000000,0.000000,0.000000,0.000000,0.000000,1.000000,92
18.4044,inicio,False,0.0000,34.620,4.876,11.027,True,320,240,0,False,60.00,0.1000,0.000000,0.000000,0.000000,0.000000,0.000000,0.000000,1.000000,94
18.5357,inicio,False,0.0000,34.379,6.244,11.265,True,320,240,0,False,60.00,0.1000,0.000000,0.000000,0.000000,0.000000,0.000000,0.000000,1.000000,95
18.6359,inicio,False,0.0000,34.229,6.722,10.551,True,320,240,0,False,60.00,0.1000,0.000000,0.000000,0.000000,0.000000,0.000000,0.000000,1.000000,96
18.7360,inicio,False,0.0000,34.099,5.054,20.311,True,320,240,0,False,60.00,0.1000,0.000000,0.000000,0.000000,0.000000,0.000000,0.000000,1.000000,97
18.8689,inicio,False,0.0000,33.955,6.517,15.466,True,320,240,0,False,60.00,0.1000,0.000000,0.000000,0.000000,0.000000,0.000000,0.000000,1.000000,98
18.9690,inicio,False,0.0000,33.865,6.174,14.984,True,320,240,0,False,60.00,0.1000,0.000000,0.000000,0.000000,0.000000,0.000000,0.000000,1.000000,99
19.1028,inicio,False,0.0000,33.764,5.445,13.606,True,320,240,0,False,60.00,0.1000,0.000000,0.000000,0.000000,0.000000,0.000000,0.000000,1.000000,100
19.2360,inicio,False,0.0000,33.682,5.142,15.501,True,320,240,0,False,60.00,0.1000,0.000000,0.000000,0.000000,0.000000,0.000000,0.000000,1.000000,101
19.3687,inicio,False,0.0000,33.616,5.436,18.447,True,320,240,0,False,60.00,0.1000,0.000000,0.000000,0.000000,0.000000,0.000000,0.000000,1.000000,102
19.5020,inicio,False,0.0000,33.561,5.496,13.425,True,320,240,0,False,60.00,0.1000,0.000000,0.000000,0.000000,0.000000,0.000000,0.000000,1.000000,103
19.6021,inicio,False,0.0000,33.528,7.320,12.506,True,320,240,0,False,60.00,0.1000,0.000000,0.000000,0.000000,0.000000,0.000000,0.000000,1.000000,105
19.7067,inicio,False,0.0000,33.506,5.207,23.017,True,320,240,0,False,60.00,0.1000,0.000000,0.000000,0.000000,0.000000,0.000000,0.000000,1.000000,106
19.8392,inicio,False,0.0000,33.470,4.672,17.378,True,320,240,0,False,60.00,0.1000,0.000000,0.000000,0.000000,0.000000,0.000000,0.000000,1.000000,107
19.9685,inicio,False,0.0000,33.439,6.073,12.011,True,320,240,0,False,60.00,0.1000,0.000000,0.000000,0.000000,0.000000,0.000000,0.000000,1.000000,108
20.1018,inicio,False,0.0000,33.417,5.605,19.773,True,320,240,0,False,60.00,0.1000,0.000000,0.000000,0.000000,0.000000,0.000000,0.000000,1.000000,109
20.2019,inicio,False,0.0000,33.399,6.991,18.921,True,320,240,0,False,60.00,0.1000,0.000000,0.000000,0.000000,0.000000,0.000000,0.000000,1.000000,110
20.3019,inicio,False,0.0000,33.387,6.991,18.921,True,320,240,0,False,60.00,0.1000,0.000000,0.000000,0.000000,0.000000,0.000000,0.000000,1.000000,110
20.4039,inicio,False,0.0000,33.382,6.513,15.993,True,320,240,0,False,60.00,0.1000,0.000000,0.000000,0.000000,0.000000,0.000000,0.000000,1.000000,111
20.5046,inicio,False,0.0000,33.374,4.857,16.255,True,320,240,0,False,60.00,0.1000,0.000000,0.000000,0.000000,0.000000,0.000000,0.000000,1.000000,112
20.6392,inicio,False,0.0000,33.363,5.722,20.876,True,320,240,0,False,60.00,0.1000,0.000000,0.000000,0.000000,0.000000,0.000000,0.000000,1.000000,113
20.8096,inicio,False,0.0000,35.023,20.633,19.515,True,320,240,0,False,60.00,0.1000,0.000000,0.000000,0.000000,0.000000,0.000000,0.000000,1.000000,115
21.0653,inicio,False,0.0000,35.774,5.722,12.460,True,320,240,0,False,60.00,0.1000,0.000000,0.000000,0.000000,0.000000,0.000000,0.000000,1.000000,116
21.1862,inicio,False,0.0000,43.895,5.722,12.460,True,320,240,0,False,60.00,0.1000,0.000000,0.000000,0.000000,0.000000,0.000000,0.000000,1.000000,116
21.3020,inicio,False,0.0000,43.170,16.747,15.092,True,320,240,0,False,60.00,0.1000,0.000000,0.000000,0.000000,0.000000,0.000000,0.000000,1.000000,117
21.4038,inicio,False,0.0000,41.766,4.753,21.297,True,320,240,0,False,60.00,0.1000,0.000000,0.000000,0.000000,0.000000,0.000000,0.000000,1.000000,118
21.5041,inicio,False,0.0000,40.561,5.666,20.312,True,320,240,0,False,60.00,0.1000,0.000000,0.000000,0.000000,0.000000,0.000000,0.000000,1.000000,119
21.6378,inicio,False,0.0000,39.217,6.938,18.809,True,320,240,0,False,60.00,0.1000,0.000000,0.000000,0.000000,0.000000,0.000000,0.000000,1.000000,120
21.7774,inicio,False,0.0000,38.123,6.450,22.993,True,320,240,0,False,60.00,0.1000,0.000000,0.000000,0.000000,0.000000,0.000000,0.000000,1.000000,121
21.9271,inicio,False,0.0000,38.066,23.294,23.346,True,320,240,0,False,60.00,0.1000,0.000000,0.000000,0.000000,0.000000,0.000000,0.000000,1.000000,122
22.0664,inicio,False,0.0000,37.187,23.317,12.952,True,320,240,0,False,60.00,0.1000,0.000000,0.000000,0.000000,0.000000,0.000000,0.000000,1.000000,123
22.2004,inicio,False,0.0000,36.472,20.310,21.560,True,320,240,0,False,60.00,0.1000,0.000000,0.000000,0.000000,0.000000,0.000000,0.000000,1.000000,124
22.3305,inicio,False,0.0000,35.887,23.100,14.932,True,320,240,0,False,60.00,0.1000,0.000000,0.000000,0.000000,0.000000,0.000000,0.000000,1.000000,125
22.4671,inicio,False,0.0000,35.410,21.332,13.534,True,320,240,0,False,60.00,0.1000,0.000000,0.000000,0.000000,0.000000,0.000000,0.000000,1.000000,126
22.5970,inicio,False,0.0000,35.022,21.658,16.426,True,320,240,0,False,60.00,0.1000,0.000000,0.000000,0.000000,0.000000,0.000000,0.000000,1.000000,127
22.7308,inicio,False,0.0000,34.706,22.219,17.056,True,320,240,0,False,60.00,0.1000,0.000000,0.000000,0.000000,0.000000,0.000000,0.000000,1.000000,128
22.8700,inicio,False,0.0000,35.310,20.557,22.668,True,320,240,0,False,60.00,0.1000,0.000000,0.000000,0.000000,0.000000,0.000000,0.000000,1.000000,129
22.9724,inicio,False,0.0000,35.018,7.100,23.404,True,320,240,0,False,60.00,0.1000,0.000000,0.000000,0.000000,0.000000,0.000000,0.000000,1.000000,130
23.1164,inicio,False,0.0000,34.714,25.232,14.482,True,320,240,0,False,60.00,0.1000,0.000000,0.000000,0.000000,0.000000,0.000000,0.000000,1.000000,131
23.2502,inicio,False,0.0000,34.438,24.316,15.550,True,320,240,0,False,60.00,0.1000,0.000000,0.000000,0.000000,0.000000,0.000000,0.000000,1.000000,132
23.3843,inicio,False,0.0000,34.221,27.984,14.435,True,320,240,0,False,60.00,0.1000,0.000000,0.000000,0.000000,0.000000,0.000000,0.000000,1.000000,133
23.5180,inicio,False,0.0000,34.872,22.831,17.014,True,320,240,0,False,60.00,0.1000,0.000000,0.000000,0.000000,0.000000,0.000000,0.000000,1.000000,134
23.6515,inicio,False,0.0000,34.592,9.054,14.563,True,320,240,0,False,60.00,0.1000,0.000000,0.000000,0.000000,0.000000,0.000000,0.000000,1.000000,135
23.7855,inicio,False,0.0000,34.364,6.560,19.867,True,320,240,0,False,60.00,0.1000,0.000000,0.000000,0.000000,0.000000,0.000000,0.000000,1.000000,136
23.9173,inicio,False,0.0000,34.171,6.413,13.211,True,320,240,0,False,60.00,0.1000,0.000000,0.000000,0.000000,0.000000,0.000000,0.000000,1.000000,137
24.0174,inicio,False,0.0000,34.050,9.466,14.655,True,320,240,0,False,60.00,0.1000,0.000000,0.000000,0.000000,0.000000,0.000000,0.000000,1.000000,138
24.1185,inicio,False,0.0000,33.946,9.466,14.655,True,320,240,0,False,60.00,0.1000,0.000000,0.000000,0.000000,0.000000,0.000000,0.000000,1.000000,138
24.2515,inicio,False,0.0000,33.829,6.321,12.521,True,320,240,0,False,60.00,0.1000,0.000000,0.000000,0.000000,0.000000,0.000000,0.000000,1.000000,139
24.3854,inicio,False,0.0000,33.736,6.605,17.671,True,320,240,0,False,60.00,0.1000,0.000000,0.000000,0.000000,0.000000,0.000000,0.000000,1.000000,140
24.5179,inicio,False,0.0000,33.659,6.727,13.333,True,320,240,0,False,60.00,0.1000,0.000000,0.000000,0.000000,0.000000,0.000000,0.000000,1.000000,141
24.6512,inicio,False,0.0000,33.597,5.601,15.548,True,320,240,0,False,60.00,0.1000,0.000000,0.000000,0.000000,0.000000,0.000000,0.000000,1.000000,142
24.7844,inicio,False,0.0000,33.547,5.952,15.258,True,320,240,0,False,60.00,0.1000,0.000000,0.000000,0.000000,0.000000,0.000000,0.000000,1.000000,143
24.9178,inicio,False,0.0000,33.505,6.673,17.269,True,320,240,0,False,60.00,0.1000,0.000000,0.000000,0.000000,0.000000,0.000000,0.000000,1.000000,144
25.0509,inicio,False,0.0000,33.471,5.110,14.585,True,320,240,0,False,60.00,0.1000,0.000000,0.000000,0.000000,0.000000,0.000000,0.000000,1.000000,145
25.1840,inicio,False,0.0000,33.443,6.033,12.022,True,320,240,0,False,60.00,0.1000,0.000000,0.000000,0.000000,0.000000,0.000000,0.000000,1.000000,146
25.3167,inicio,False,0.0000,33.421,5.270,16.324,True,320,240,0,False,60.00,0.1000,0.000000,0.000000,0.000000,0.000000,0.000000,0.000000,1.000000,147
25.4170,inicio,False,0.0000,33.407,5.830,10.315,True,320,240,0,False,60.00,0.1000,0.000000,0.000000,0.000000,0.000000,0.000000,0.000000,1.000000,148
25.5503,inicio,False,0.0000,33.392,6.529,12.949,True,320,240,0,False,60.00,0.1000,0.000000,0.000000,0.000000,0.000000,0.000000,0.000000,1.000000,149
25.6834,inicio,False,0.0000,33.378,7.345,11.153,True,320,240,0,False,60.00,0.1000,0.000000,0.000000,0.000000,0.000000,0.000000,0.000000,1.000000,150
25.7837,inicio,False,0.0000,33.370,5.681,13.252,True,320,240,0,False,60.00,0.1000,0.000000,0.000000,0.000000,0.000000,0.000000,0.000000,1.000000,151
25.9165,inicio,False,0.0000,33.361,5.974,13.416,True,320,240,0,False,60.00,0.1000,0.000000,0.000000,0.000000,0.000000,0.000000,0.000000,1.000000,152
26.0167,inicio,False,0.0000,33.356,7.445,14.696,True,320,240,0,False,60.00,0.1000,0.000000,0.000000,0.000000,0.000000,0.000000,0.000000,1.000000,153
26.1512,inicio,False,0.0000,33.351,6.504,13.507,True,320,240,0,False,60.00,0.1000,0.000000,0.000000,0.000000,0.000000,0.000000,0.000000,1.000000,154
26.2833,inicio,False,0.0000,33.345,4.964,12.420,True,320,240,0,False,60.00,0.1000,0.000000,0.000000,0.000000,0.000000,0.000000,0.000000,1.000000,155
26.4167,inicio,False,0.0000,33.341,6.189,11.676,True,320,240,0,False,60.00,0.1000,0.000000,0.000000,0.000000,0.000000,0.000000,0.000000,1.000000,156
26.5499,inicio,False,0.0000,33.337,6.919,16.886,True,320,240,0,False,60.00,0.1000,0.000000,0.000000,0.000000,0.000000,0.000000,0.000000,1.000000,157
26.6505,inicio,False,0.0000,33.335,6.919,16.886,True,320,240,0,False,60.00,0.1000,0.000000,0.000000,0.000000,0.000000,0.000000,0.000000,1.000000,157
26.7840,inicio,False,0.0000,33.334,5.347,14.664,True,320,240,0,False,60.00,0.1000,0.000000,0.000000,0.000000,0.000000,0.000000,0.000000,1.000000,158
26.9163,inicio,False,0.0000,33.331,5.588,13.952,True,320,240,0,False,60.00,0.1000,0.000000,0.000000,0.000000,0.000000,0.000000,0.000000,1.000000,159
27.0164,inicio,False,0.0000,33.330,6.718,11.982,True,320,240,0,False,60.00,0.1000,0.000000,0.000000,0.000000,0.000000,0.000000,0.000000,1.000000,160
27.1497,inicio,False,0.0000,33.331,5.480,16.286,True,320,240,0,False,60.00,0.1000,0.000000,0.000000,0.000000,0.000000,0.000000,0.000000,1.000000,161
27.2831,inicio,False,0.0000,33.327,5.800,13.481,True,320,240,0,False,60.00,0.1000,0.000000,0.000000,0.000000,0.000000,0.000000,0.000000,1.000000,162
27.4160,inicio,False,0.0000,33.328,5.477,8.775,True,320,240,0,False,60.00,0.1000,0.000000,0.000000,0.000000,0.000000,0.000000,0.000000,1.000000,163
27.5161,inicio,False,0.0000,33.326,5.746,10.073,True,320,240,0,False,60.00,0.1000,0.000000,0.000000,0.000000,0.000000,0.000000,0.000000,1.000000,164
27.6187,inicio,False,0.0000,33.327,6.670,10.296,True,320,240,0,False,60.00,0.1000,0.000000,0.000000,0.000000,0.000000,0.000000,0.000000,1.000000,165
27.7494,inicio,False,0.0000,33.324,6.221,9.369,True,320,240,0,False,60.00,0.1000,0.000000,0.000000,0.000000,0.000000,0.000000,0.000000,1.000000,166
27.8498,inicio,False,0.0000,33.324,6.221,9.369,True,320,240,0,False,60.00,0.1000,0.000000,0.000000,0.000000,0.000000,0.000000,0.000000,1.000000,166
27.9514,inicio,False,0.0000,33.322,5.326,7.863,True,320,240,0,False,60.00,0.1000,0.000000,0.000000,0.000000,0.000000,0.000000,0.000000,1.000000,167
28.0830,inicio,False,0.0000,33.323,6.822,8.572,True,320,240,0,False,60.00,0.1000,0.000000,0.000000,0.000000,0.000000,0.000000,0.000000,1.000000,168
28.2159,inicio,False,0.0000,33.325,5.069,7.661,True,320,240,0,False,60.00,0.1000,0.000000,0.000000,0.000000,0.000000,0.000000,0.000000,1.000000,169
28.3174,inicio,False,0.0000,33.324,5.021,11.299,True,320,240,0,False,60.00,0.1000,0.000000,0.000000,0.000000,0.000000,0.000000,0.000000,1.000000,170
28.4178,inicio,False,0.0000,33.324,7.006,11.051,True,320,240,0,False,60.00,0.1000,0.000000,0.000000,0.000000,0.000000,0.000000,0.000000,1.000000,171
28.5506,inicio,False,0.0000,33.323,7.225,11.309,True,320,240,0,False,60.00,0.1000,0.000000,0.000000,0.000000,0.000000,0.000000,0.000000,1.000000,172
28.6509,inicio,False,0.0000,33.322,7.225,11.309,True,320,240,0,False,60.00,0.1000,0.000000,0.000000,0.000000,0.000000,0.000000,0.000000,1.000000,172
28.7523,inicio,False,0.0000,33.323,8.471,10.640,True,320,240,0,False,60.00,0.1000,0.000000,0.000000,0.000000,0.000000,0.000000,0.000000,1.000000,173
28.8848,inicio,False,0.0000,33.323,6.012,11.772,True,320,240,0,False,60.00,0.1000,0.000000,0.000000,0.000000,0.000000,0.000000,0.000000,1.000000,174
29.0176,inicio,False,0.0000,33.325,5.020,10.336,True,320,240,0,False,60.00,0.1000,0.000000,0.000000,0.000000,0.000000,0.000000,0.000000,1.000000,175
29.1523,inicio,False,0.0000,33.322,5.352,10.298,True,320,240,0,False,60.00,0.1000,0.000000,0.000000,0.000000,0.000000,0.000000,0.000000,1.000000,176
29.2850,inicio,False,0.0000,33.321,6.514,12.221,True,320,240,0,False,60.00,0.1000,0.000000,0.000000,0.000000,0.000000,0.000000,0.000000,1.000000,177
29.4185,inicio,False,0.0000,33.322,5.640,11.717,True,320,240,0,False,60.00,0.1000,0.000000,0.000000,0.000000,0.000000,0.000000,0.000000,1.000000,178
29.5512,inicio,False,0.0000,33.323,5.637,9.594,True,320,240,0,False,60.00,0.1000,0.000000,0.000000,0.000000,0.000000,0.000000,0.000000,1.000000,179
29.6853,inicio,False,0.0000,33.324,4.568,9.861,True,320,240,0,False,60.00,0.1000,0.000000,0.000000,0.000000,0.000000,0.000000,0.000000,1.000000,180
29.8173,inicio,False,0.0000,33.322,5.451,10.522,True,320,240,0,False,60.00,0.1000,0.000000,0.000000,0.000000,0.000000,0.000000,0.000000,1.000000,181
29.9513,inicio,False,0.0000,33.323,4.455,8.619,True,320,240,0,False,60.00,0.1000,0.000000,0.000000,0.000000,0.000000,0.000000,0.000000,1.000000,182
30.0932,inicio,False,0.0000,34.989,8.108,9.167,True,320,240,0,False,60.00,0.1000,0.000000,0.000000,0.000000,0.000000,0.000000,0.000000,1.000000,184
30.2170,inicio,False,0.0000,34.679,5.316,9.861,True,320,240,0,False,60.00,0.1000,0.000000,0.000000,0.000000,0.000000,0.000000,0.000000,1.000000,185
30.3173,inicio,False,0.0000,34.486,5.316,9.861,True,320,240,0,False,60.00,0.1000,0.000000,0.000000,0.000000,0.000000,0.000000,0.000000,1.000000,185
30.4193,inicio,False,0.0000,34.320,7.916,10.798,True,320,240,0,False,60.00,0.1000,0.000000,0.000000,0.000000,0.000000,0.000000,0.000000,1.000000,186
30.5506,inicio,False,0.0000,34.134,10.824,9.418,True,320,240,0,False,60.00,0.1000,0.000000,0.000000,0.000000,0.000000,0.000000,0.000000,1.000000,187
30.6842,inicio,False,0.0000,33.984,5.100,8.593,True,320,240,0,False,60.00,0.1000,0.000000,0.000000,0.000000,0.000000,0.000000,0.000000,1.000000,188
30.8171,inicio,False,0.0000,33.868,6.045,7.245,True,320,240,0,False,60.00,0.1000,0.000000,0.000000,0.000000,0.000000,0.000000,0.000000,1.000000,189
30.9511,inicio,False,0.0000,33.761,5.353,7.319,True,320,240,0,False,60.00,0.1000,0.000000,0.000000,0.000000,0.000000,0.000000,0.000000,1.000000,190
31.0838,inicio,False,0.0000,33.680,6.838,8.540,True,320,240,0,False,60.00,0.1000,0.000000,0.000000,0.000000,0.000000,0.000000,0.000000,1.000000,191
31.2171,inicio,False,0.0000,33.613,5.020,7.676,True,320,240,0,False,60.00,0.1000,0.000000,0.000000,0.000000,0.000000,0.000000,0.000000,1.000000,192
31.3518,inicio,False,0.0000,33.561,5.565,7.916,True,320,240,0,False,60.00,0.1000,0.000000,0.000000,0.000000,0.000000,0.000000,0.000000,1.000000,193
31.4862,inicio,False,0.0000,33.519,5.197,9.691,True,320,240,0,False,60.00,0.1000,0.000000,0.000000,0.000000,0.000000,0.000000,0.000000,1.000000,195
31.6172,inicio,False,0.0000,33.479,6.630,10.091,True,320,240,0,False,60.00,0.1000,0.000000,0.000000,0.000000,0.000000,0.000000,0.000000,1.000000,196
31.7180,inicio,False,0.0000,33.457,6.630,10.091,True,320,240,0,False,60.00,0.1000,0.000000,0.000000,0.000000,0.000000,0.000000,0.000000,1.000000,196
31.8495,inicio,False,0.0000,33.432,5.140,9.885,True,320,240,0,False,60.00,0.1000,0.000000,0.000000,0.000000,0.000000,0.000000,0.000000,1.000000,197
31.9516,inicio,False,0.0000,33.416,5.039,9.457,True,320,240,0,False,60.00,0.1000,0.000000,0.000000,0.000000,0.000000,0.000000,0.000000,1.000000,198
32.0832,inicio,False,0.0000,33.398,5.613,9.102,True,320,240,0,False,60.00,0.1000,0.000000,0.000000,0.000000,0.000000,0.000000,0.000000,1.000000,199
32.1836,inicio,False,0.0000,33.388,5.199,8.459,True,320,240,0,False,60.00,0.1000,0.000000,0.000000,0.000000,0.000000,0.000000,0.000000,1.000000,200
32.2898,inicio,False,0.0000,33.377,5.303,8.005,True,320,240,0,False,60.00,0.1000,0.000000,0.000000,0.000000,0.000000,0.000000,0.000000,1.000000,201
32.4168,inicio,False,0.0000,33.370,5.892,8.019,True,320,240,0,False,60.00,0.1000,0.000000,0.000000,0.000000,0.000000,0.000000,0.000000,1.000000,202
32.5498,inicio,False,0.0000,33.359,5.161,9.173,True,320,240,0,False,60.00,0.1000,0.000000,0.000000,0.000000,0.000000,0.000000,0.000000,1.000000,203
32.6832,inicio,False,0.0000,33.353,5.200,8.401,True,320,240,0,False,60.00,0.1000,0.000000,0.000000,0.000000,0.000000,0.000000,0.000000,1.000000,204
32.8165,inicio,False,0.0000,33.347,5.170,8.361,True,320,240,0,False,60.00,0.1000,0.000000,0.000000,0.000000,0.000000,0.000000,0.000000,1.000000,205
32.9502,inicio,True,0.0333,33.343,6.480,19.829,True,320,240,0,False,60.00,0.1000,0.060932,-0.019030,0.194113,0.239099,0.004297,-0.031572,0.970472,206
33.0617,inicio,True,0.1333,36.675,6.496,10.832,True,320,240,0,False,60.00,0.1000,0.063036,-0.010592,0.187600,0.236429,0.009406,-0.027427,0.971216,207
33.1824,inicio,True,0.2666,36.053,6.496,10.832,True,320,240,0,False,60.00,0.1000,0.063036,-0.010592,0.187600,0.236429,0.009406,-0.027427,0.971216,207
33.2828,inicio,False,0.2666,35.663,22.098,7.860,True,320,240,0,False,60.00,0.1000,0.063036,-0.010592,0.187600,0.236429,0.009406,-0.027427,0.971216,208
33.3917,inicio,False,0.2666,35.329,22.119,12.127,True,320,240,0,False,60.00,0.1000,0.063036,-0.010592,0.187600,0.236429,0.009406,-0.027427,0.971216,209
33.5260,inicio,False,0.2666,34.957,22.729,13.429,True,320,240,0,False,60.00,0.1000,0.063036,-0.010592,0.187600,0.236429,0.009406,-0.027427,0.971216,210
33.6575,inicio,False,0.2666,34.660,22.046,12.079,True,320,240,0,False,60.00,0.1000,0.063036,-0.010592,0.187600,0.236429,0.009406,-0.027427,0.971216,211
33.7990,inicio,False,0.2666,34.409,22.152,17.827,True,320,240,0,False,60.00,0.1000,0.063036,-0.010592,0.187600,0.236429,0.009406,-0.027427,0.971216,212
33.9232,inicio,False,0.2666,34.206,21.736,11.887,True,320,240,0,False,60.00,0.1000,0.063036,-0.010592,0.187600,0.236429,0.009406,-0.027427,0.971216,213
34.0550,inicio,False,0.2666,34.038,19.151,10.257,True,320,240,0,False,60.00,0.1000,0.063036,-0.010592,0.187600,0.236429,0.009406,-0.027427,0.971216,214
34.1922,inicio,False,0.2666,33.901,21.242,14.094,True,320,240,0,False,60.00,0.1000,0.063036,-0.010592,0.187600,0.236429,0.009406,-0.027427,0.971216,215
34.3253,inicio,False,0.2666,33.798,23.332,12.894,True,320,240,0,False,60.00,0.1000,0.063036,-0.010592,0.187600,0.236429,0.009406,-0.027427,0.971216,216
34.4541,inicio,False,0.2666,33.709,21.583,8.765,True,320,240,0,False,60.00,0.1000,0.063036,-0.010592,0.187600,0.236429,0.009406,-0.027427,0.971216,217
34.5937,inicio,False,0.2666,33.639,22.069,14.983,True,320,240,0,False,60.00,0.1000,0.063036,-0.010592,0.187600,0.236429,0.009406,-0.027427,0.971216,218
34.7287,inicio,False,0.2666,33.581,21.926,17.383,True,320,240,0,False,60.00,0.1000,0.063036,-0.010592,0.187600,0.236429,0.009406,-0.027427,0.971216,219
34.8582,inicio,False,0.2666,33.533,22.539,11.029,True,320,240,0,False,60.00,0.1000,0.063036,-0.010592,0.187600,0.236429,0.009406,-0.027427,0.971216,220
34.9880,inicio,False,0.2666,33.493,22.452,10.180,True,320,240,0,False,60.00,0.1000,0.063036,-0.010592,0.187600,0.236429,0.009406,-0.027427,0.971216,221
35.1266,inicio,False,0.2666,33.461,23.447,12.387,True,320,240,0,False,60.00,0.1000,0.063036,-0.010592,0.187600,0.236429,0.009406,-0.027427,0.971216,222
35.2581,inicio,False,0.2666,33.435,21.629,13.908,True,320,240,0,False,60.00,0.1000,0.063036,-0.010592,0.187600,0.236429,0.009406,-0.027427,0.971216,223
35.3954,inicio,False,0.2666,33.414,22.299,15.729,True,320,240,0,False,60.00,0.1000,0.063036,-0.010592,0.187600,0.236429,0.009406,-0.027427,0.971216,224
35.5187,inicio,False,0.2666,33.398,22.441,10.788,True,320,240,0,False,60.00,0.1000,0.063036,-0.010592,0.187600,0.236429,0.009406,-0.027427,0.971216,225
35.6559,inicio,False,0.2666,33.384,21.963,10.163,True,320,240,0,False,60.00,0.1000,0.063036,-0.010592,0.187600,0.236429,0.009406,-0.027427,0.971216,226
35.7910,inicio,False,0.2666,33.372,22.662,11.293,True,320,240,0,False,60.00,0.1000,0.063036,-0.010592,0.187600,0.236429,0.009406,-0.027427,0.971216,227
35.9149,inicio,False,0.2666,33.363,22.242,11.314,True,320,240,0,False,60.00,0.1000,0.063036,-0.010592,0.187600,0.236429,0.009406,-0.027427,0.971216,228
36.0151,inicio,False,0.2666,33.357,21.482,9.893,True,320,240,0,False,60.00,0.1000,0.063036,-0.010592,0.187600,0.236429,0.009406,-0.027427,0.971216,229
36.1152,inicio,False,0.2666,33.353,21.482,9.893,True,320,240,0,False,60.00,0.1000,0.063036,-0.010592,0.187600,0.236429,0.009406,-0.027427,0.971216,229
36.2481,inicio,False,0.2666,33.346,23.007,11.575,True,320,240,0,False,60.00,0.1000,0.063036,-0.010592,0.187600,0.236429,0.009406,-0.027427,0.971216,230
36.3817,inicio,True,0.3999,33.342,21.755,14.490,True,320,240,0,False,60.00,0.1000,0.020300,0.017747,0.222766,0.101184,-0.018647,-0.062434,0.992732,231
36.4833,inicio,True,0.4999,33.340,23.423,13.533,True,320,240,0,False,60.00,0.1000,0.024157,0.025068,0.222110,0.137793,-0.017476,-0.025567,0.989977,232
36.6148,inicio,True,0.6332,33.337,21.782,9.289,True,320,240,0,False,60.00,0.1000,0.032938,0.035740,0.214581,0.100002,-0.011180,-0.027085,0.994556,233
36.7261,inicio,True,0.7331,33.334,22.133,13.040,True,320,240,0,False,60.00,0.1000,0.032889,0.042556,0.211590,0.092766,-0.013239,-0.033334,0.995042,234
36.8596,inicio,True,0.8664,33.332,22.488,13.218,True,320,240,0,False,60.00,0.1000,0.029803,0.044986,0.210026,0.081100,-0.021005,-0.031623,0.995983,235
36.9927,inicio,True,0.9997,33.331,21.663,12.861,True,320,240,0,False,60.00,0.1000,0.028210,0.043020,0.210332,0.093750,-0.019994,-0.033674,0.994825,236
37.1222,inicio,True,1.1330,33.329,22.335,12.316,True,320,240,0,False,60.00,0.1000,0.029612,0.043592,0.209742,0.093594,-0.019943,-0.029287,0.994980,237
37.2601,inicio,True,1.2663,33.327,20.799,14.257,True,320,240,0,False,60.00,0.1000,0.032985,0.041116,0.210543,0.101141,-0.015501,-0.029309,0.994320,238
37.3916,inicio,True,1.3996,33.328,18.246,14.771,True,320,240,0,False,60.00,0.1000,0.036115,0.037130,0.210172,0.110651,-0.015479,-0.030286,0.993277,239
37.5282,inicio,True,1.5329,33.327,22.481,14.705,True,320,240,0,False,60.00,0.1000,0.038937,0.037792,0.209222,0.105712,-0.007984,-0.033413,0.993803,240
37.6622,inicio,True,1.6662,33.326,22.419,16.498,True,320,240,0,False,60.00,0.1000,0.035187,0.037639,0.210237,0.104546,-0.007758,-0.029728,0.994045,241
37.7919,inicio,True,1.7995,33.327,21.656,13.447,True,320,240,0,False,60.00,0.1000,0.037501,0.038247,0.209183,0.110184,-0.006661,-0.029768,0.993443,242
37.9208,inicio,True,1.9328,33.325,23.558,9.852,True,320,240,0,False,60.00,0.1000,0.042386,0.029426,0.202255,0.106325,-0.013453,-0.035459,0.993608,243
38.0593,inicio,False,1.9994,33.324,23.058,13.596,True,320,240,0,False,60.00,0.1000,0.042386,0.029426,0.202255,0.106325,-0.013453,-0.035459,0.993608,244
38.1881,inicio,False,1.9994,33.322,21.336,11.813,True,320,240,0,False,60.00,0.1000,0.042386,0.029426,0.202255,0.106325,-0.013453,-0.035459,0.993608,245
38.3171,inicio,False,1.9994,33.323,22.504,9.072,True,320,240,0,False,60.00,0.1000,0.042386,0.029426,0.202255,0.106325,-0.013453,-0.035459,0.993608,246
38.4259,inicio,True,2.0660,33.323,22.356,13.645,True,320,240,0,False,60.00,0.1000,0.048603,-0.019834,0.292316,0.121836,-0.011572,-0.081719,0.989113,247
38.5476,inicio,True,2.1994,33.324,23.654,13.270,True,320,240,0,False,60.00,0.1000,0.047388,0.014544,0.303905,0.123428,0.006855,-0.083212,0.988835,248
38.6478,inicio,True,2.2993,33.323,23.654,13.270,True,320,240,0,False,60.00,0.1000,0.047388,0.014544,0.303905,0.123428,0.006855,-0.083212,0.988835,248
38.7806,inicio,True,2.4326,33.323,21.701,10.770,True,320,240,0,False,60.00,0.1000,0.046167,0.019961,0.306276,0.133497,0.003132,-0.066360,0.988820,249
38.8806,inicio,True,2.5326,33.323,21.806,15.223,True,320,240,0,False,60.00,0.1000,0.046115,0.021840,0.305650,0.130428,0.018031,-0.055574,0.989735,250
38.9940,inicio,True,2.6325,33.323,19.835,14.097,True,320,240,0,False,60.00,0.1000,0.039662,0.019216,0.305423,0.135665,0.002481,-0.049607,0.989509,251
39.1275,inicio,True,2.7658,33.322,22.886,13.956,True,320,240,0,False,60.00,0.1000,0.039888,0.008056,0.308522,0.140705,0.005501,-0.049786,0.988784,252
39.2592,inicio,True,2.8991,33.322,22.201,13.252,True,320,240,0,False,60.00,0.1000,0.033145,-0.013341,0.308000,0.112394,-0.021775,-0.044405,0.992432,253
39.3886,inicio,True,3.0324,33.323,21.656,10.608,True,320,240,0,False,60.00,0.1000,0.016991,-0.030257,0.319606,0.202876,-0.010880,-0.042702,0.978212,254
39.5136,inicio,True,3.1657,33.322,19.192,7.872,True,320,240,0,False,60.00,0.1000,0.012844,-0.035339,0.317716,0.213672,-0.014174,-0.034819,0.976182,255
39.6137,inicio,True,3.2657,33.324,21.778,16.764,True,320,240,0,False,60.00,0.1000,0.007975,-0.032316,0.315228,0.199500,-0.021917,-0.030870,0.979166,256
39.7471,inicio,True,3.3990,33.323,22.565,14.785,True,320,240,0,False,60.00,0.1000,0.001013,-0.040834,0.310711,0.206030,-0.024781,-0.022887,0.977964,257
39.8615,inicio,True,3.4989,33.322,21.968,16.261,True,320,240,0,False,60.00,0.1000,-0.005458,-0.043948,0.309249,0.221898,-0.027963,-0.020131,0.974461,258
39.9891,inicio,True,3.6322,33.322,22.759,14.083,True,320,240,0,False,60.00,0.1000,-0.014477,-0.044998,0.309770,0.222036,-0.032312,-0.017324,0.974349,259
40.1273,inicio,True,3.7655,33.322,22.279,16.683,True,320,240,0,False,60.00,0.1000,-0.024023,-0.039395,0.310032,0.229559,-0.033068,-0.010482,0.972676,260
40.2537,inicio,True,3.8988,33.322,19.731,11.545,True,320,240,0,False,60.00,0.1000,-0.028464,-0.025763,0.310782,0.220651,-0.036577,-0.007804,0.974636,261
40.3545,inicio,True,3.9987,33.322,22.278,12.859,True,320,240,0,False,60.00,0.1000,-0.030404,-0.014770,0.310238,0.213731,-0.036039,-0.005694,0.976211,262
40.4808,inicio,True,4.1320,33.322,21.420,15.522,True,320,240,0,False,60.00,0.1000,-0.047905,-0.012661,0.308465,0.190428,-0.069489,-0.004810,0.979227,263
40.6198,inicio,True,4.2653,33.322,21.936,12.365,True,320,240,0,False,60.00,0.1000,-0.053149,-0.019226,0.316888,0.209036,-0.060532,0.002410,0.976030,264
40.7524,inicio,True,4.3986,33.323,22.124,10.383,True,320,240,0,False,60.00,0.1000,-0.038662,-0.030958,0.328027,0.261461,-0.023401,0.008284,0.964895,265
40.8933,inicio,True,4.5319,33.322,23.216,14.299,True,320,240,0,False,60.00,0.1000,-0.040489,-0.028993,0.330113,0.248974,-0.044924,0.001468,0.967467,266
41.0203,inicio,True,4.6652,33.324,18.468,11.671,True,320,240,0,False,60.00,0.1000,-0.038054,-0.031336,0.332987,0.254530,-0.034882,0.003581,0.966429,267
41.1501,inicio,True,4.7985,33.324,18.993,11.950,True,320,240,0,False,60.00,0.1000,-0.031241,-0.046059,0.334365,0.277859,-0.015319,-0.000270,0.960500,268
41.2940,inicio,True,4.9318,33.323,22.135,17.297,True,320,240,0,False,60.00,0.1000,-0.040055,-0.047637,0.332782,0.277263,-0.043954,-0.009858,0.959738,269
41.4020,inicio,True,5.0484,32.588,34.166,12.103,True,320,240,0,False,60.00,0.1000,-0.041322,-0.038774,0.330003,0.275058,-0.040784,-0.014125,0.960458,270
41.5132,inicio,True,5.1651,33.444,23.144,11.483,True,320,240,0,False,60.00,0.1000,-0.042473,-0.028993,0.325647,0.255812,-0.044068,-0.011203,0.965657,271
41.6464,inicio,True,5.2984,33.422,20.477,12.936,True,320,240,0,False,60.00,0.1000,-0.040418,-0.028088,0.321555,0.266879,-0.040380,-0.015537,0.962758,272
41.7466,inicio,True,5.3983,33.407,20.477,12.936,True,320,240,0,False,60.00,0.1000,-0.040418,-0.028088,0.321555,0.266879,-0.040380,-0.015537,0.962758,272
41.8800,inicio,True,5.5316,33.390,22.357,13.483,True,320,240,0,False,60.00,0.1000,-0.041323,-0.019681,0.317128,0.260060,-0.045909,-0.022897,0.964229,273
42.0131,inicio,True,5.6649,33.377,22.588,10.501,True,320,240,0,False,60.00,0.1000,-0.042468,-0.007327,0.312223,0.247661,-0.045018,-0.013929,0.967700,274
42.1296,inicio,True,5.7815,34.159,23.159,16.353,True,320,240,0,False,60.00,0.1000,-0.037990,-0.011266,0.312577,0.251238,-0.036824,-0.017284,0.967070,275
42.2297,inicio,True,5.8815,34.041,5.127,9.629,True,320,240,0,False,60.00,0.1000,-0.046110,-0.015241,0.314418,0.260973,-0.043718,-0.024780,0.964037,276
42.3298,inicio,True,5.9815,33.940,6.125,9.254,True,320,240,0,False,60.00,0.1000,-0.038845,-0.025516,0.321792,0.275625,-0.031071,-0.016661,0.960619,277
42.4636,inicio,True,6.1147,33.825,5.138,9.811,True,320,240,0,False,60.00,0.1000,-0.033999,-0.028303,0.327208,0.280982,-0.020526,-0.011007,0.959431,278
42.5966,inicio,True,6.2480,33.731,5.545,14.701,True,320,240,0,False,60.00,0.1000,-0.031443,-0.019474,0.329903,0.261850,-0.021536,-0.007998,0.964835,279
42.7296,inicio,True,6.3813,33.656,5.625,9.706,True,320,240,0,False,60.00,0.1000,-0.019555,-0.019690,0.328900,0.251013,0.001978,-0.001462,0.967981,280
42.8298,inicio,True,6.4813,33.608,5.625,9.706,True,320,240,0,False,60.00,0.1000,-0.019555,-0.019690,0.328900,0.251013,0.001978,-0.001462,0.967981,280
42.9628,inicio,True,6.6146,33.556,5.558,10.747,True,320,240,0,False,60.00,0.1000,-0.015520,-0.014694,0.327071,0.237612,-0.002648,-0.005458,0.971341,281
43.0961,inicio,True,6.7479,33.512,4.868,10.076,True,320,240,0,False,60.00,0.1000,-0.025391,-0.013222,0.325263,0.228758,-0.019419,-0.007355,0.973262,283
43.2295,inicio,True,6.8811,33.596,28.492,11.928,True,320,240,0,False,60.00,0.1000,-0.016143,-0.006909,0.320513,0.190499,-0.001110,-0.003538,0.981680,284
43.3302,inicio,True,6.9811,33.559,2.418,10.137,True,320,240,0,False,60.00,0.1000,-0.026232,-0.000973,0.313415,0.212177,-0.007839,0.006244,0.977180,285
43.4625,inicio,True,7.1144,33.514,4.368,10.034,True,320,240,0,False,60.00,0.1000,-0.035360,0.002334,0.292025,0.178160,-0.038604,0.015393,0.983124,286
43.5626,inicio,True,7.2147,33.505,4.368,10.034,True,320,240,0,False,60.00,0.1000,-0.035360,0.002334,0.292025,0.178160,-0.038604,0.015393,0.983124,286
43.6960,inicio,False,7.2147,33.458,6.024,8.006,True,320,240,0,False,60.00,0.1000,-0.035360,0.002334,0.292025,0.178160,-0.038604,0.015393,0.983124,287
43.7963,inicio,True,7.3147,33.439,5.724,14.127,True,320,240,0,False,60.00,0.1000,-0.077641,-0.041406,0.244124,0.164013,-0.076031,0.027297,0.983145,288
43.8964,inicio,True,7.4147,33.422,2.993,9.574,True,320,240,0,False,60.00,0.1000,-0.085265,-0.046410,0.241630,0.107950,-0.083970,0.016264,0.990470,289
44.0290,inicio,True,7.5479,33.401,5.260,11.947,True,320,240,0,False,60.00,0.1000,-0.080239,-0.047571,0.241181,0.077829,-0.075025,0.014324,0.994037,290
44.1623,inicio,False,7.5479,33.385,6.912,8.116,True,320,240,0,False,60.00,0.1000,-0.080239,-0.047571,0.241181,0.077829,-0.075025,0.014324,0.994037,291
44.2626,inicio,False,7.5479,33.376,5.542,10.360,True,320,240,0,False,60.00,0.1000,-0.080239,-0.047571,0.241181,0.077829,-0.075025,0.014324,0.994037,292
44.3957,inicio,False,7.5479,33.367,7.443,9.969,True,320,240,0,False,60.00,0.1000,-0.080239,-0.047571,0.241181,0.077829,-0.075025,0.014324,0.994037,293
44.4959,inicio,False,7.5479,33.367,6.198,10.401,True,320,240,0,False,60.00,0.1000,-0.080239,-0.047571,0.241181,0.077829,-0.075025,0.014324,0.994037,294
44.6289,inicio,False,7.5479,33.357,5.403,10.927,True,320,240,0,False,60.00,0.1000,-0.080239,-0.047571,0.241181,0.077829,-0.075025,0.014324,0.994037,295
44.7622,inicio,False,7.5479,33.349,5.803,12.481,True,320,240,0,False,60.00,0.1000,-0.080239,-0.047571,0.241181,0.077829,-0.075025,0.014324,0.994037,296
44.8956,inicio,False,7.5479,33.344,4.875,8.151,True,320,240,0,False,60.00,0.1000,-0.080239,-0.047571,0.241181,0.077829,-0.075025,0.014324,0.994037,297
45.0291,inicio,False,7.5479,33.337,6.120,9.933,True,320,240,0,False,60.00,0.1000,-0.080239,-0.047571,0.241181,0.077829,-0.075025,0.014324,0.994037,298
45.1623,inicio,True,7.6813,33.340,5.480,12.964,True,320,240,0,False,60.00,0.1000,-0.026095,0.027373,0.339282,0.236324,-0.017544,0.004246,0.971507,299
45.2959,inicio,True,7.8145,33.332,5.635,9.165,True,320,240,0,False,60.00,0.1000,-0.027041,0.039731,0.326675,0.188412,-0.035074,-0.005822,0.981446,300
45.4285,inicio,True,7.9478,33.330,5.275,15.109,True,320,240,0,False,60.00,0.1000,-0.013410,0.041497,0.309247,0.181376,-0.023265,0.007545,0.983110,301
45.5288,inicio,False,7.9478,33.331,6.277,12.674,True,320,240,0,False,60.00,0.1000,-0.013410,0.041497,0.309247,0.181376,-0.023265,0.007545,0.983110,302
45.6293,inicio,False,7.9478,33.329,6.204,11.004,True,320,240,0,False,60.00,0.1000,-0.013410,0.041497,0.309247,0.181376,-0.023265,0.007545,0.983110,303
45.7615,inicio,True,8.0144,33.329,5.551,13.351,True,320,240,0,False,60.00,0.1000,-0.025895,0.077257,0.287866,0.145413,-0.036325,-0.028859,0.988283,304
45.8618,inicio,True,8.1144,33.327,2.503,21.670,True,320,240,0,False,60.00,0.1000,-0.027610,0.048763,0.292139,0.102909,-0.072777,-0.000753,0.992025,305
45.9623,inicio,True,8.2144,33.331,2.503,21.670,True,320,240,0,False,60.00,0.1000,-0.027610,0.048763,0.292139,0.102909,-0.072777,-0.000753,0.992025,305
46.0624,inicio,True,8.3143,33.326,5.344,13.327,True,320,240,0,False,60.00,0.1000,-0.019844,0.051712,0.298410,0.180730,-0.029376,-0.013085,0.983007,306
46.1956,inicio,True,8.4476,33.324,6.076,14.810,True,320,240,0,False,60.00,0.1000,-0.024617,0.055396,0.297641,0.184279,-0.046712,-0.027519,0.981378,307
46.3287,inicio,True,8.5808,33.323,2.418,13.200,True,320,240,0,False,60.00,0.1000,-0.021280,0.053499,0.304285,0.209334,-0.054988,-0.024980,0.975977,308
46.4621,inicio,True,8.7141,33.323,5.181,12.228,True,320,240,0,False,60.00,0.1000,-0.006618,0.023640,0.323890,0.151376,-0.056000,-0.002346,0.986886,309
46.5954,inicio,True,8.8474,33.323,5.243,17.346,True,320,240,0,False,60.00,0.1000,-0.028375,-0.011486,0.331416,0.290404,-0.043045,-0.000460,0.955935,310
46.7280,inicio,True,8.9807,33.324,2.520,15.485,True,320,240,0,False,60.00,0.1000,-0.026205,-0.009614,0.330351,0.290636,-0.042956,0.000788,0.955869,311
46.8282,inicio,True,9.0807,33.324,5.376,10.651,True,320,240,0,False,60.00,0.1000,-0.023340,-0.016157,0.338767,0.296291,-0.039370,0.002291,0.954283,312
46.9283,inicio,True,9.1807,33.323,4.994,14.785,True,320,240,0,False,60.00,0.1000,-0.018970,-0.010351,0.346309,0.289013,-0.032766,0.002679,0.956761,313
47.0615,inicio,True,9.3140,33.324,4.955,11.628,True,320,240,0,False,60.00,0.1000,-0.023977,-0.007892,0.348322,0.287317,-0.031811,-0.002069,0.957305,314
47.1946,inicio,True,9.4473,33.324,5.713,11.668,True,320,240,0,False,60.00,0.1000,-0.021781,-0.007643,0.348871,0.289100,-0.035994,-0.004914,0.956610,315
47.2952,inicio,True,9.5473,33.327,5.713,11.668,True,320,240,0,False,60.00,0.1000,-0.021781,-0.007643,0.348871,0.289100,-0.035994,-0.004914,0.956610,315
47.3955,inicio,True,9.6472,33.323,4.745,15.598,True,320,240,0,False,60.00,0.1000,-0.018313,-0.006273,0.350157,0.285516,-0.027565,-0.005371,0.957962,316
47.5285,inicio,True,9.7805,33.322,6.256,11.320,True,320,240,0,False,60.00,0.1000,-0.019198,-0.006210,0.350942,0.287853,-0.031988,-0.004117,0.957131,317
47.6612,inicio,True,9.9138,33.322,5.575,11.798,True,320,240,0,False,60.00,0.1000,-0.015487,-0.003823,0.350383,0.285650,-0.022932,-0.008918,0.958018,318
47.7618,inicio,True,10.0137,33.322,5.517,14.837,True,320,240,0,False,60.00,0.1000,-0.016895,-0.001751,0.347276,0.283268,-0.023615,-0.008222,0.958715,319
47.8946,inicio,True,10.1470,33.322,5.283,13.982,True,320,240,0,False,60.00,0.1000,-0.017477,-0.000127,0.347246,0.278070,-0.021853,-0.006560,0.960290,320
47.9947,inicio,True,10.2470,33.323,5.235,13.281,True,320,240,0,False,60.00,0.1000,-0.025456,-0.001690,0.342479,0.290737,-0.030490,-0.016401,0.956177,321
48.1277,inicio,True,10.3803,33.323,5.157,13.810,True,320,240,0,False,60.00,0.1000,-0.038612,0.003754,0.335661,0.282150,-0.056419,-0.010421,0.957653,322
48.2280,inicio,True,10.4802,33.322,5.157,13.810,True,320,240,0,False,60.00,0.1000,-0.038612,0.003754,0.335661,0.282150,-0.056419,-0.010421,0.957653,322
48.3612,inicio,True,10.6135,33.323,5.322,11.193,True,320,240,0,False,60.00,0.1000,-0.026223,0.007317,0.336464,0.270589,-0.041850,-0.018290,0.961611,323
48.4942,inicio,True,10.7468,33.323,5.656,12.296,True,320,240,0,False,60.00,0.1000,-0.034652,0.007192,0.333656,0.275630,-0.052681,-0.003546,0.959813,324
48.6278,inicio,True,10.8801,33.323,5.275,16.104,True,320,240,0,False,60.00,0.1000,-0.030862,0.003590,0.337070,0.274741,-0.031900,0.000005,0.960989,325
48.7283,inicio,True,10.9801,33.322,4.940,14.007,True,320,240,0,False,60.00,0.1000,-0.042841,0.012512,0.329992,0.263458,-0.066584,0.004668,0.962359,326
48.8635,inicio,True,11.1134,33.322,5.804,15.496,True,320,240,0,False,60.00,0.1000,-0.021260,-0.000203,0.334457,0.268873,-0.033050,-0.019833,0.962404,327
48.9940,inicio,True,11.2467,33.323,3.063,19.035,True,320,240,0,False,60.00,0.1000,-0.025364,0.002190,0.329396,0.270645,-0.041571,-0.019674,0.961580,328
49.1274,inicio,True,11.3800,33.327,6.086,11.851,True,320,240,0,False,60.00,0.1000,-0.023103,0.011620,0.326014,0.263095,-0.028868,-0.020728,0.964115,329
49.2280,inicio,True,11.4799,33.323,5.382,10.710,True,320,240,0,False,60.00,0.1000,-0.021108,0.018496,0.324809,0.256073,-0.032681,-0.016958,0.965956,330
49.3603,inicio,True,11.6133,33.324,5.203,18.275,True,320,240,0,False,60.00,0.1000,-0.017653,0.022930,0.323856,0.244398,-0.031992,-0.026606,0.968782,331
49.4612,inicio,True,11.7132,33.322,2.540,13.236,True,320,240,0,False,60.00,0.1000,-0.020093,0.024254,0.324375,0.247151,-0.031434,-0.028891,0.968036,332
49.5953,inicio,True,11.8465,33.323,4.946,14.572,True,320,240,0,False,60.00,0.1000,-0.021697,0.025251,0.322950,0.244208,-0.037282,-0.028153,0.968597,333
49.7271,inicio,True,11.9797,33.321,5.341,17.063,True,320,240,0,False,60.00,0.1000,-0.021589,0.023257,0.318938,0.245494,-0.047429,-0.031634,0.967720,334
49.8274,inicio,True,12.0797,33.323,5.341,17.063,True,320,240,0,False,60.00,0.1000,-0.021589,0.023257,0.318938,0.245494,-0.047429,-0.031634,0.967720,334
49.9611,inicio,True,12.2130,33.322,5.527,13.584,True,320,240,0,False,60.00,0.1000,-0.021525,0.023384,0.320142,0.242857,-0.046784,-0.036307,0.968253,335
50.0936,inicio,True,12.3463,33.323,5.350,24.302,True,320,240,0,False,60.00,0.1000,-0.024376,0.023011,0.319896,0.239631,-0.046847,-0.036130,0.969060,336
50.1936,inicio,True,12.4463,33.322,2.517,15.541,True,320,240,0,False,60.00,0.1000,-0.025919,0.018073,0.318584,0.237902,-0.051897,-0.038336,0.969144,337
50.2937,inicio,True,12.5462,33.322,4.619,9.203,True,320,240,0,False,60.00,0.1000,-0.027512,0.011827,0.316967,0.239919,-0.057513,-0.041711,0.968190,338
50.3939,inicio,True,12.6462,33.322,5.159,15.168,True,320,240,0,False,60.00,0.1000,-0.025729,0.009881,0.314143,0.241913,-0.058687,-0.043677,0.967536,339
50.5268,inicio,True,12.7795,33.322,6.221,12.900,True,320,240,0,False,60.00,0.1000,-0.013331,0.004801,0.306367,0.248664,-0.054675,-0.045246,0.965986,340
50.6270,inicio,True,12.8795,33.322,5.937,12.589,True,320,240,0,False,60.00,0.1000,-0.005503,0.007733,0.305485,0.233582,-0.043609,-0.054923,0.969805,341
50.7273,inicio,True,12.9794,33.322,2.791,17.067,True,320,240,0,False,60.00,0.1000,-0.001794,0.009917,0.302737,0.230509,-0.043470,-0.053671,0.970616,342
50.8603,inicio,True,13.1127,33.322,5.079,18.163,True,320,240,0,False,60.00,0.1000,-0.000364,0.012503,0.300037,0.230232,-0.038716,-0.051342,0.971009,343
50.9604,inicio,True,13.2127,33.322,5.079,18.163,True,320,240,0,False,60.00,0.1000,-0.000364,0.012503,0.300037,0.230232,-0.038716,-0.051342,0.971009,343
51.0933,inicio,True,13.3460,33.325,5.301,12.328,True,320,240,0,False,60.00,0.1000,-0.005020,0.015127,0.297867,0.226846,-0.039999,-0.050904,0.971777,344
51.1934,inicio,True,13.4460,33.323,5.608,16.612,True,320,240,0,False,60.00,0.1000,-0.008859,0.017352,0.296980,0.224766,-0.044826,-0.045780,0.972304,345
51.3265,inicio,True,13.5793,33.323,5.533,10.801,True,320,240,0,False,60.00,0.1000,-0.010367,0.017475,0.297034,0.223983,-0.043351,-0.041174,0.972758,346
51.4277,inicio,True,13.6792,33.323,5.322,12.639,True,320,240,0,False,60.00,0.1000,-0.011199,0.017042,0.297822,0.225875,-0.040990,-0.036677,0.972602,347
51.5600,inicio,True,13.8125,33.322,5.235,11.086,True,320,240,0,False,60.00,0.1000,-0.009919,0.017292,0.293706,0.226706,-0.041913,-0.035080,0.972428,348
51.6933,inicio,True,13.9458,33.322,4.704,14.704,True,320,240,0,False,60.00,0.1000,-0.008135,0.016433,0.291005,0.226154,-0.035218,-0.035861,0.972794,349
51.7936,inicio,True,14.0458,33.324,5.241,13.896,True,320,240,0,False,60.00,0.1000,-0.008023,0.018249,0.286651,0.224305,-0.033516,-0.037398,0.973224,350
51.9265,inicio,True,14.1791,33.322,4.967,10.251,True,320,240,0,False,60.00,0.1000,-0.006778,0.022067,0.286574,0.221775,-0.035400,-0.038683,0.973687,351
52.0270,inicio,True,14.2790,33.322,4.967,10.251,True,320,240,0,False,60.00,0.1000,-0.006778,0.022067,0.286574,0.221775,-0.035400,-0.038683,0.973687,351
52.1597,inicio,True,14.4123,33.322,4.980,10.580,True,320,240,0,False,60.00,0.1000,-0.006117,0.035182,0.274213,0.199809,-0.032594,-0.041807,0.978400,352
52.2935,inicio,True,14.5456,33.321,5.484,15.786,True,320,240,0,False,60.00,0.1000,-0.003634,0.059738,0.239728,0.162158,-0.021188,-0.049061,0.985317,353
52.4266,inicio,False,14.5456,33.323,5.770,9.366,True,320,240,0,False,60.00,0.1000,-0.003634,0.059738,0.239728,0.162158,-0.021188,-0.049061,0.985317,355
52.5619,inicio,False,14.5456,33.324,5.405,10.741,True,320,240,0,False,60.00,0.1000,-0.003634,0.059738,0.239728,0.162158,-0.021188,-0.049061,0.985317,356
52.6928,inicio,False,14.5456,33.322,5.636,11.774,True,320,240,0,False,60.00,0.1000,-0.003634,0.059738,0.239728,0.162158,-0.021188,-0.049061,0.985317,357
52.7928,inicio,False,14.5456,33.322,4.993,10.794,True,320,240,0,False,60.00,0.1000,-0.003634,0.059738,0.239728,0.162158,-0.021188,-0.049061,0.985317,358
52.8929,inicio,False,14.5456,33.321,4.993,10.794,True,320,240,0,False,60.00,0.1000,-0.003634,0.059738,0.239728,0.162158,-0.021188,-0.049061,0.985317,358
52.9935,inicio,False,14.5456,33.321,5.462,10.412,True,320,240,0,False,60.00,0.1000,-0.003634,0.059738,0.239728,0.162158,-0.021188,-0.049061,0.985317,359
53.1263,inicio,False,14.5456,33.324,5.375,11.306,True,320,240,0,False,60.00,0.1000,-0.003634,0.059738,0.239728,0.162158,-0.021188,-0.049061,0.985317,360
53.2593,inicio,False,14.5456,33.323,5.522,8.690,True,320,240,0,False,60.00,0.1000,-0.003634,0.059738,0.239728,0.162158,-0.021188,-0.049061,0.985317,361
53.3929,inicio,False,14.5456,33.322,5.364,10.186,True,320,240,0,False,60.00,0.1000,-0.003634,0.059738,0.239728,0.162158,-0.021188,-0.049061,0.985317,362
53.5260,inicio,False,14.5456,33.322,5.596,11.443,True,320,240,0,False,60.00,0.1000,-0.003634,0.059738,0.239728,0.162158,-0.021188,-0.049061,0.985317,363
53.6267,inicio,False,14.5456,33.324,5.589,12.611,True,320,240,0,False,60.00,0.1000,-0.003634,0.059738,0.239728,0.162158,-0.021188,-0.049061,0.985317,364
53.7594,inicio,False,14.5456,33.322,5.301,10.174,True,320,240,0,False,60.00,0.1000,-0.003634,0.059738,0.239728,0.162158,-0.021188,-0.049061,0.985317,365
53.8609,inicio,False,14.5456,33.321,5.243,13.220,True,320,240,0,False,60.00,0.1000,-0.003634,0.059738,0.239728,0.162158,-0.021188,-0.049061,0.985317,366
53.9924,inicio,False,14.5456,33.322,6.890,8.633,True,320,240,0,False,60.00,0.1000,-0.003634,0.059738,0.239728,0.162158,-0.021188,-0.049061,0.985317,367
54.0930,inicio,False,14.5456,33.322,6.890,8.633,True,320,240,0,False,60.00,0.1000,-0.003634,0.059738,0.239728,0.162158,-0.021188,-0.049061,0.985317,367
54.2266,inicio,False,14.5456,33.322,6.023,9.652,True,320,240,0,False,60.00,0.1000,-0.003634,0.059738,0.239728,0.162158,-0.021188,-0.049061,0.985317,368
54.3592,inicio,False,14.5456,33.323,5.370,11.934,True,320,240,0,False,60.00,0.1000,-0.003634,0.059738,0.239728,0.162158,-0.021188,-0.049061,0.985317,369
54.4924,inicio,False,14.5456,33.323,5.648,12.388,True,320,240,0,False,60.00,0.1000,-0.003634,0.059738,0.239728,0.162158,-0.021188,-0.049061,0.985317,370
54.5925,inicio,False,14.5456,33.322,5.447,12.308,True,320,240,0,False,60.00,0.1000,-0.003634,0.059738,0.239728,0.162158,-0.021188,-0.049061,0.985317,371
54.6928,inicio,False,14.5456,33.322,5.544,9.470,True,320,240,0,False,60.00,0.1000,-0.003634,0.059738,0.239728,0.162158,-0.021188,-0.049061,0.985317,372
54.8258,inicio,False,14.5456,33.322,5.583,12.599,True,320,240,0,False,60.00,0.1000,-0.003634,0.059738,0.239728,0.162158,-0.021188,-0.049061,0.985317,373
54.9591,inicio,False,14.5456,33.323,6.665,8.930,True,320,240,0,False,60.00,0.1000,-0.003634,0.059738,0.239728,0.162158,-0.021188,-0.049061,0.985317,374
55.0922,inicio,False,14.5456,33.323,5.928,8.881,True,320,240,0,False,60.00,0.1000,-0.003634,0.059738,0.239728,0.162158,-0.021188,-0.049061,0.985317,375
55.1931,inicio,False,14.5456,33.323,5.565,9.011,True,320,240,0,False,60.00,0.1000,-0.003634,0.059738,0.239728,0.162158,-0.021188,-0.049061,0.985317,376
55.3255,inicio,False,14.5456,33.322,5.828,9.730,True,320,240,0,False,60.00,0.1000,-0.003634,0.059738,0.239728,0.162158,-0.021188,-0.049061,0.985317,377
55.4587,inicio,False,14.5456,33.321,6.790,12.216,True,320,240,0,False,60.00,0.1000,-0.003634,0.059738,0.239728,0.162158,-0.021188,-0.049061,0.985317,378
55.5590,inicio,False,14.5456,33.321,6.790,12.216,True,320,240,0,False,60.00,0.1000,-0.003634,0.059738,0.239728,0.162158,-0.021188,-0.049061,0.985317,378
55.6919,inicio,False,14.5456,33.323,4.986,11.342,True,320,240,0,False,60.00,0.1000,-0.003634,0.059738,0.239728,0.162158,-0.021188,-0.049061,0.985317,379
55.7932,inicio,False,14.5456,33.325,5.992,8.072,True,320,240,0,False,60.00,0.1000,-0.003634,0.059738,0.239728,0.162158,-0.021188,-0.049061,0.985317,380
55.9253,inicio,False,14.5456,33.322,5.246,8.637,True,320,240,0,False,60.00,0.1000,-0.003634,0.059738,0.239728,0.162158,-0.021188,-0.049061,0.985317,381
56.0585,inicio,False,14.5456,33.323,5.281,10.017,True,320,240,0,False,60.00,0.1000,-0.003634,0.059738,0.239728,0.162158,-0.021188,-0.049061,0.985317,382
56.1921,inicio,False,14.5456,33.323,5.554,9.041,True,320,240,0,False,60.00,0.1000,-0.003634,0.059738,0.239728,0.162158,-0.021188,-0.049061,0.985317,383
56.2925,inicio,False,14.5456,33.322,4.822,11.420,True,320,240,0,False,60.00,0.1000,-0.003634,0.059738,0.239728,0.162158,-0.021188,-0.049061,0.985317,384
56.4251,inicio,False,14.5456,33.322,5.521,14.696,True,320,240,0,False,60.00,0.1000,-0.003634,0.059738,0.239728,0.162158,-0.021188,-0.049061,0.985317,385
56.5588,inicio,False,14.5456,33.322,5.197,10.078,True,320,240,0,False,60.00,0.1000,-0.003634,0.059738,0.239728,0.162158,-0.021188,-0.049061,0.985317,386
56.6917,inicio,False,14.5456,33.321,5.598,9.483,True,320,240,0,False,60.00,0.1000,-0.003634,0.059738,0.239728,0.162158,-0.021188,-0.049061,0.985317,387
56.8251,inicio,False,14.5456,33.322,5.961,9.013,True,320,240,0,False,60.00,0.1000,-0.003634,0.059738,0.239728,0.162158,-0.021188,-0.049061,0.985317,388
56.9583,inicio,False,14.5456,33.322,5.666,10.869,True,320,240,0,False,60.00,0.1000,-0.003634,0.059738,0.239728,0.162158,-0.021188,-0.049061,0.985317,389
57.0916,inicio,False,14.5456,33.322,6.137,11.429,True,320,240,0,False,60.00,0.1000,-0.003634,0.059738,0.239728,0.162158,-0.021188,-0.049061,0.985317,390
57.2248,inicio,False,14.5456,33.323,5.328,12.707,True,320,240,0,False,60.00,0.1000,-0.003634,0.059738,0.239728,0.162158,-0.021188,-0.049061,0.985317,391
57.3584,inicio,False,14.5456,33.323,5.403,9.213,True,320,240,0,False,60.00,0.1000,-0.003634,0.059738,0.239728,0.162158,-0.021188,-0.049061,0.985317,392
57.4916,inicio,False,14.5456,33.322,4.939,9.842,True,320,240,0,False,60.00,0.1000,-0.003634,0.059738,0.239728,0.162158,-0.021188,-0.049061,0.985317,393
57.5921,inicio,False,14.5456,33.322,6.233,10.536,True,320,240,0,False,60.00,0.1000,-0.003634,0.059738,0.239728,0.162158,-0.021188,-0.049061,0.985317,394
57.7246,inicio,False,14.5456,33.322,5.792,9.317,True,320,240,0,False,60.00,0.1000,-0.003634,0.059738,0.239728,0.162158,-0.021188,-0.049061,0.985317,395
57.8247,inicio,False,14.5456,33.323,5.792,9.317,True,320,240,0,False,60.00,0.1000,-0.003634,0.059738,0.239728,0.162158,-0.021188,-0.049061,0.985317,395
57.9248,inicio,False,14.5456,33.323,5.441,8.078,True,320,240,0,False,60.00,0.1000,-0.003634,0.059738,0.239728,0.162158,-0.021188,-0.049061,0.985317,396
58.0578,inicio,False,14.5456,33.322,5.574,12.497,True,320,240,0,False,60.00,0.1000,-0.003634,0.059738,0.239728,0.162158,-0.021188,-0.049061,0.985317,397
58.1578,inicio,False,14.5456,33.322,5.477,11.106,True,320,240,0,False,60.00,0.1000,-0.003634,0.059738,0.239728,0.162158,-0.021188,-0.049061,0.985317,398
58.2915,inicio,False,14.5456,33.321,5.238,10.639,True,320,240,0,False,60.00,0.1000,-0.003634,0.059738,0.239728,0.162158,-0.021188,-0.049061,0.985317,399
58.3916,inicio,False,14.5456,33.322,5.627,10.665,True,320,240,0,False,60.00,0.1000,-0.003634,0.059738,0.239728,0.162158,-0.021188,-0.049061,0.985317,400
58.5251,inicio,False,14.5456,33.323,5.865,9.709,True,320,240,0,False,60.00,0.1000,-0.003634,0.059738,0.239728,0.162158,-0.021188,-0.049061,0.985317,401
58.6579,inicio,False,14.5456,33.323,5.415,12.938,True,320,240,0,False,60.00,0.1000,-0.003634,0.059738,0.239728,0.162158,-0.021188,-0.049061,0.985317,402
58.7908,inicio,False,14.5456,33.325,5.916,10.423,True,320,240,0,False,60.00,0.1000,-0.003634,0.059738,0.239728,0.162158,-0.021188,-0.049061,0.985317,403
58.8911,inicio,False,14.5456,33.324,5.916,10.423,True,320,240,0,False,60.00,0.1000,-0.003634,0.059738,0.239728,0.162158,-0.021188,-0.049061,0.985317,403
58.9911,inicio,False,14.5456,33.323,5.255,8.846,True,320,240,0,False,60.00,0.1000,-0.003634,0.059738,0.239728,0.162158,-0.021188,-0.049061,0.985317,404
59.1244,inicio,True,14.6455,33.322,5.534,14.445,True,320,240,0,False,60.00,0.1000,0.011005,0.036511,0.288036,0.072543,-0.043154,-0.047086,0.995318,405
59.2576,inicio,True,14.7788,33.321,5.171,11.753,True,320,240,0,False,60.00,0.1000,0.004492,0.020600,0.294308,0.191825,0.001352,-0.041503,0.980550,406
59.3920,inicio,True,14.9120,33.320,5.504,10.079,True,320,240,0,False,60.00,0.1000,0.000028,0.010778,0.296106,0.188732,-0.005592,-0.027418,0.981630,407
59.5245,inicio,True,15.0455,33.327,5.885,13.600,True,320,240,0,False,60.00,0.1000,-0.010406,0.001405,0.297868,0.212587,-0.009547,-0.011063,0.977033,408
59.6578,inicio,True,15.1787,33.323,2.419,12.336,True,320,240,0,False,60.00,0.1000,-0.014145,-0.003851,0.299845,0.225124,-0.016387,-0.007347,0.974165,409
59.7908,inicio,True,15.3120,33.323,5.239,9.417,True,320,240,0,False,60.00,0.1000,-0.014886,-0.008433,0.300125,0.235379,-0.013756,0.001013,0.971806,410
59.9244,inicio,True,15.4453,33.323,5.153,11.625,True,320,240,0,False,60.00,0.1000,-0.019302,-0.014121,0.299651,0.245885,-0.015905,0.004758,0.969157,411
60.0571,inicio,True,15.5785,33.322,2.565,10.939,True,320,240,0,False,60.00,0.1000,-0.024317,-0.018054,0.303427,0.250315,-0.026966,0.007500,0.967760,412
60.1573,inicio,True,15.6785,33.324,4.697,15.436,True,320,240,0,False,60.00,0.1000,-0.021196,-0.020559,0.306794,0.260238,-0.024430,0.015802,0.965106,413
60.2579,inicio,True,15.7785,33.323,11.469,13.815,True,320,240,0,False,60.00,0.1000,-0.015812,-0.017457,0.307877,0.262004,-0.007597,0.021347,0.964801,414
60.3903,inicio,True,15.9118,33.322,2.857,14.504,True,320,240,0,False,60.00,0.1000,-0.034033,-0.011842,0.307444,0.254207,-0.033985,0.026814,0.966181,415
60.4904,inicio,True,16.0117,33.322,2.857,14.504,True,320,240,0,False,60.00,0.1000,-0.034033,-0.011842,0.307444,0.254207,-0.033985,0.026814,0.966181,415
60.5909,inicio,True,16.1117,33.322,5.747,10.583,True,320,240,0,False,60.00,0.1000,-0.042977,-0.016723,0.307617,0.252110,-0.044676,0.025101,0.966341,416
60.7240,inicio,True,16.2450,33.321,4.955,13.106,True,320,240,0,False,60.00,0.1000,-0.033302,-0.019403,0.310667,0.268174,-0.032386,0.024074,0.962525,417
60.8568,inicio,True,16.3783,33.322,5.006,10.594,True,320,240,0,False,60.00,0.1000,-0.026973,-0.014838,0.310133,0.258602,-0.022348,0.023715,0.965434,418
60.9568,inicio,True,16.4782,33.323,5.161,14.429,True,320,240,0,False,60.00,0.1000,-0.030412,-0.016083,0.309118,0.265846,-0.020222,0.020001,0.963596,419
61.0905,inicio,True,16.6115,33.322,5.240,15.878,True,320,240,0,False,60.00,0.1000,-0.042306,-0.019309,0.306900,0.274619,-0.045796,0.018776,0.960278,420
61.2239,inicio,True,16.7448,33.322,6.934,9.646,True,320,240,0,False,60.00,0.1000,-0.039459,-0.020356,0.307243,0.268846,-0.048695,0.021926,0.961702,421
61.3567,inicio,True,16.8781,33.323,6.663,11.788,True,320,240,0,False,60.00,0.1000,-0.033134,-0.029200,0.310776,0.279211,-0.035515,0.026265,0.959213,422
61.4572,inicio,True,16.9781,33.322,5.389,16.227,True,320,240,0,False,60.00,0.1000,-0.028251,-0.029694,0.312586,0.282931,-0.023126,0.023574,0.958572,423
61.5902,inicio,True,17.1114,33.324,2.738,12.602,True,320,240,0,False,60.00,0.1000,-0.025298,-0.031631,0.313831,0.294307,-0.026323,0.010027,0.955296,424
61.7235,inicio,True,17.2447,33.323,5.191,10.587,True,320,240,0,False,60.00,0.1000,-0.026349,-0.030379,0.314259,0.285432,-0.018151,0.015075,0.958109,425
61.8570,inicio,True,17.3780,33.323,5.543,14.842,True,320,240,0,False,60.00,0.1000,-0.026159,-0.034228,0.314414,0.286372,-0.009452,0.022482,0.957808,426
61.9570,inicio,True,17.4779,33.322,5.543,14.842,True,320,240,0,False,60.00,0.1000,-0.026159,-0.034228,0.314414,0.286372,-0.009452,0.022482,0.957808,426
62.0901,inicio,True,17.6112,33.322,2.382,12.620,True,320,240,0,False,60.00,0.1000,-0.032811,-0.034651,0.310839,0.285032,-0.022663,0.031758,0.957724,427
62.2229,inicio,True,17.7445,33.322,6.702,10.324,True,320,240,0,False,60.00,0.1000,-0.028986,-0.037669,0.314216,0.288607,-0.017677,0.030418,0.956801,428
62.3234,inicio,True,17.8445,33.322,5.464,13.835,True,320,240,0,False,60.00,0.1000,-0.028504,-0.037403,0.314803,0.290592,-0.013411,0.028716,0.956322,429
62.4564,inicio,True,17.9778,33.323,2.478,9.746,True,320,240,0,False,60.00,0.1000,-0.031132,-0.037772,0.315529,0.288692,-0.018040,0.030312,0.956772,430
62.5565,inicio,True,18.0777,33.323,5.257,10.011,True,320,240,0,False,60.00,0.1000,-0.033079,-0.038896,0.315722,0.288226,-0.017723,0.033334,0.956818,431
62.6898,inicio,True,18.2110,33.324,5.240,12.901,True,320,240,0,False,60.00,0.1000,-0.035256,-0.039087,0.317233,0.287523,-0.018500,0.035171,0.956949,432
62.8230,inicio,True,18.3443,33.322,5.172,9.913,True,320,240,0,False,60.00,0.1000,-0.036103,-0.040259,0.318322,0.291319,-0.018008,0.036364,0.955765,433
62.9230,inicio,True,18.4443,33.321,5.250,10.286,True,320,240,0,False,60.00,0.1000,-0.036082,-0.039090,0.318644,0.289632,-0.018799,0.035380,0.956299,434
63.0234,inicio,True,18.5442,33.321,5.250,10.286,True,320,240,0,False,60.00,0.1000,-0.036082,-0.039090,0.318644,0.289632,-0.018799,0.035380,0.956299,434
63.1568,inicio,True,18.6775,33.322,5.461,15.089,True,320,240,0,False,60.00,0.1000,-0.037149,-0.040207,0.316071,0.290325,-0.018685,0.035009,0.956105,435
63.2895,inicio,True,18.8108,33.321,2.641,11.588,True,320,240,0,False,60.00,0.1000,-0.038819,-0.043611,0.316480,0.292958,-0.018125,0.037507,0.955217,436
63.4226,inicio,True,18.9441,33.323,7.955,9.480,True,320,240,0,False,60.00,0.1000,-0.039018,-0.045814,0.317888,0.294132,-0.014343,0.040892,0.954782,437
63.5227,inicio,True,19.0441,33.322,6.276,10.642,True,320,240,0,False,60.00,0.1000,-0.040092,-0.045521,0.317155,0.294917,-0.024310,0.039983,0.954376,438
63.6237,inicio,True,19.1441,33.324,6.442,13.954,True,320,240,0,False,60.00,0.1000,-0.041151,-0.044853,0.315573,0.293193,-0.019873,0.037563,0.955108,439
63.7559,inicio,True,19.2774,33.323,5.077,13.676,True,320,240,0,False,60.00,0.1000,-0.043983,-0.045248,0.313110,0.295352,-0.028371,0.042004,0.954043,440
63.8894,inicio,True,19.4106,33.321,6.384,14.119,True,320,240,0,False,60.00,0.1000,-0.042261,-0.040152,0.307674,0.288759,-0.018874,0.043002,0.956250,441
64.0225,inicio,True,19.5439,33.322,5.229,9.896,True,320,240,0,False,60.00,0.1000,-0.049696,-0.043356,0.303107,0.287169,-0.025396,0.045504,0.956461,442
64.1563,inicio,True,19.6772,33.324,5.596,9.605,True,320,240,0,False,60.00,0.1000,-0.049700,-0.054976,0.306288,0.292781,-0.011863,0.056504,0.954435,443
64.2896,inicio,True,19.8105,33.323,5.298,11.908,True,320,240,0,False,60.00,0.1000,-0.054852,-0.057491,0.304764,0.300282,-0.010516,0.060806,0.951852,444
64.3900,inicio,True,19.9105,33.322,5.666,11.668,True,320,240,0,False,60.00,0.1000,-0.059075,-0.051445,0.300624,0.292465,-0.014455,0.061043,0.954217,445
64.5224,inicio,True,20.0437,33.321,6.099,10.128,True,320,240,0,False,60.00,0.1000,-0.067490,-0.048409,0.294256,0.280810,-0.017371,0.063688,0.957490,446
64.6231,inicio,True,20.1437,33.322,6.099,10.128,True,320,240,0,False,60.00,0.1000,-0.067490,-0.048409,0.294256,0.280810,-0.017371,0.063688,0.957490,446
64.7561,inicio,True,20.2770,33.321,5.810,15.096,True,320,240,0,False,60.00,0.1000,-0.070680,-0.048750,0.293142,0.274575,-0.025593,0.074060,0.958368,447
64.8893,inicio,True,20.4103,33.322,5.320,11.811,True,320,240,0,False,60.00,0.1000,-0.070059,-0.045873,0.288966,0.275416,-0.012942,0.069410,0.958729,448
65.0223,inicio,True,20.5436,33.323,5.288,10.215,True,320,240,0,False,60.00,0.1000,-0.076018,-0.048610,0.287777,0.275705,-0.023605,0.071981,0.958253,449
65.1226,inicio,True,20.6436,33.322,5.899,13.440,True,320,240,0,False,60.00,0.1000,-0.074303,-0.051618,0.292066,0.280349,-0.022554,0.073062,0.956848,450
65.2561,inicio,True,20.7768,33.322,3.020,9.960,True,320,240,0,False,60.00,0.1000,-0.074203,-0.053332,0.294486,0.284582,-0.027425,0.067278,0.955895,451
65.3894,inicio,True,20.9101,33.323,5.386,13.602,True,320,240,0,False,60.00,0.1000,-0.076012,-0.055844,0.294836,0.284983,-0.028727,0.068070,0.955681,452
65.5228,inicio,True,21.0434,33.322,5.377,14.289,True,320,240,0,False,60.00,0.1000,-0.072574,-0.060786,0.301236,0.292386,-0.023624,0.068579,0.953546,453
65.6553,inicio,True,21.1767,33.322,4.642,10.509,True,320,240,0,False,60.00,0.1000,-0.067567,-0.060154,0.305427,0.296082,-0.016956,0.059903,0.953131,454
65.7557,inicio,True,21.2768,33.327,5.960,9.488,True,320,240,0,False,60.00,0.1000,-0.063419,-0.060738,0.307752,0.301797,-0.012859,0.055458,0.951671,455
65.8894,inicio,True,21.4100,33.322,6.390,11.490,True,320,240,0,False,60.00,0.1000,-0.062566,-0.061491,0.309483,0.302219,-0.011984,0.053558,0.951657,456
65.9905,inicio,True,21.5100,33.322,5.578,12.146,True,320,240,0,False,60.00,0.1000,-0.055417,-0.062054,0.313458,0.305674,-0.011774,0.048104,0.950848,457
66.1219,inicio,True,21.6433,33.323,5.079,9.632,True,320,240,0,False,60.00,0.1000,-0.046279,-0.052005,0.313285,0.307324,-0.004158,0.037282,0.950865,458
66.2551,inicio,True,21.7765,33.321,5.480,7.999,True,320,240,0,False,60.00,0.1000,-0.042934,-0.043545,0.312705,0.298100,-0.004278,0.030515,0.954037,459
66.3560,inicio,True,21.8765,33.320,5.480,7.999,True,320,240,0,False,60.00,0.1000,-0.042934,-0.043545,0.312705,0.298100,-0.004278,0.030515,0.954037,459
66.4891,inicio,True,22.0098,33.325,5.333,10.440,True,320,240,0,False,60.00,0.1000,-0.035505,-0.040951,0.315719,0.291517,-0.001451,0.032925,0.955998,460
66.6220,inicio,True,22.1431,33.321,6.897,10.203,True,320,240,0,False,60.00,0.1000,-0.023897,-0.031545,0.316452,0.295202,0.002603,0.023026,0.955154,461
66.7556,inicio,True,22.2763,33.320,6.365,8.871,True,320,240,0,False,60.00,0.1000,-0.020303,-0.017235,0.311690,0.278396,-0.004797,0.013370,0.960361,462
66.8885,inicio,True,22.4097,33.323,5.737,8.183,True,320,240,0,False,60.00,0.1000,-0.020355,-0.021596,0.321234,0.282795,-0.017620,0.009804,0.958969,463
66.9887,inicio,True,22.5096,33.322,6.360,14.760,True,320,240,0,False,60.00,0.1000,-0.018964,-0.024623,0.326088,0.288192,-0.017324,0.009321,0.957371,464
67.1216,inicio,True,22.6429,33.324,5.415,16.378,True,320,240,0,False,60.00,0.1000,-0.019512,-0.022749,0.329004,0.293506,-0.022777,0.007578,0.955656,465
67.2549,inicio,True,22.7762,33.324,6.434,18.051,True,320,240,0,False,60.00,0.1000,-0.023094,-0.024203,0.330545,0.291180,-0.024957,0.007690,0.956312,466
67.3552,inicio,True,22.8762,33.322,5.824,16.409,True,320,240,0,False,60.00,0.1000,-0.027461,-0.024268,0.331897,0.294905,-0.029603,0.007566,0.955038,467
67.4883,inicio,True,23.0094,33.322,5.091,13.944,True,320,240,0,False,60.00,0.1000,-0.024474,-0.022931,0.334466,0.296031,-0.032355,0.009375,0.954584,468
67.6212,inicio,True,23.1427,33.322,5.096,15.321,True,320,240,0,False,60.00,0.1000,-0.023414,-0.021986,0.336754,0.293468,-0.029719,0.008391,0.955470,469
67.7220,inicio,True,23.2427,33.322,6.181,14.300,True,320,240,0,False,60.00,0.1000,-0.022090,-0.021021,0.335124,0.291308,-0.029577,0.009151,0.956128,470
67.8550,inicio,True,23.3760,33.324,5.619,13.228,True,320,240,0,False,60.00,0.1000,-0.022856,-0.018926,0.330420,0.293078,-0.033005,0.008596,0.955480,471
67.9878,inicio,True,23.5093,33.324,6.421,15.256,True,320,240,0,False,60.00,0.1000,-0.022087,-0.014569,0.325907,0.285847,-0.031422,0.009210,0.957716,472
68.0886,inicio,True,23.6093,33.325,6.421,15.256,True,320,240,0,False,60.00,0.1000,-0.022087,-0.014569,0.325907,0.285847,-0.031422,0.009210,0.957716,472
68.2214,inicio,True,23.7425,33.321,5.414,15.690,True,320,240,0,False,60.00,0.1000,-0.023218,-0.014302,0.324405,0.287723,-0.034996,0.010502,0.957017,473
68.3218,inicio,True,23.8425,33.321,5.967,13.181,True,320,240,0,False,60.00,0.1000,-0.023073,-0.013810,0.322636,0.283196,-0.028034,0.010889,0.958590,474
68.4544,inicio,True,23.9759,33.328,5.631,15.588,True,320,240,0,False,60.00,0.1000,-0.022427,-0.012363,0.319280,0.281730,-0.032598,0.011076,0.958876,475
68.5546,inicio,True,24.0758,33.325,6.660,14.022,True,320,240,0,False,60.00,0.1000,-0.022165,-0.012249,0.314272,0.284096,-0.026612,0.012296,0.958348,476
68.6881,inicio,True,24.2091,33.323,5.186,10.266,True,320,240,0,False,60.00,0.1000,-0.020913,-0.008711,0.306211,0.280378,-0.025835,0.012283,0.959463,477
68.8213,inicio,True,24.3424,33.323,5.580,13.568,True,320,240,0,False,60.00,0.1000,-0.020696,-0.007312,0.301857,0.276691,-0.029867,0.010666,0.960436,478
68.9552,inicio,True,24.4756,33.322,6.842,12.922,True,320,240,0,False,60.00,0.1000,-0.019412,-0.005337,0.324874,0.277129,-0.026555,0.009747,0.960416,479
69.0881,inicio,True,24.6089,33.321,6.801,10.348,True,320,240,0,False,60.00,0.1000,-0.018206,-0.004870,0.325481,0.275845,-0.027370,0.010230,0.960758,480
69.2208,inicio,True,24.7422,33.322,6.958,17.498,True,320,240,0,False,60.00,0.1000,-0.017289,-0.004393,0.326204,0.280145,-0.024458,0.009568,0.959599,481
69.3210,inicio,True,24.8422,33.322,7.260,14.234,True,320,240,0,False,60.00,0.1000,-0.018728,-0.005583,0.326866,0.282333,-0.025659,0.009459,0.958927,482
69.4211,inicio,True,24.9421,33.321,7.260,14.234,True,320,240,0,False,60.00,0.1000,-0.018728,-0.005583,0.326866,0.282333,-0.025659,0.009459,0.958927,482
69.5212,inicio,True,25.0421,33.322,6.974,12.901,True,320,240,0,False,60.00,0.1000,-0.019183,-0.007262,0.327148,0.281218,-0.024926,0.009637,0.959272,483
69.6541,inicio,True,25.1754,33.322,6.652,15.285,True,320,240,0,False,60.00,0.1000,-0.019711,-0.008852,0.326775,0.285892,-0.031200,0.008677,0.957715,484
69.7543,inicio,True,25.2754,33.323,6.185,14.848,True,320,240,0,False,60.00,0.1000,-0.017003,-0.010276,0.326898,0.289127,-0.024395,0.010818,0.956919,485
69.8871,inicio,True,25.4087,33.323,5.853,17.165,True,320,240,0,False,60.00,0.1000,-0.017513,-0.014879,0.326551,0.293742,-0.022975,0.012150,0.955532,486
69.9873,inicio,True,25.5086,33.322,5.669,14.796,True,320,240,0,False,60.00,0.1000,-0.018093,-0.018026,0.327306,0.301159,-0.022868,0.013887,0.953199,487
70.0882,inicio,True,25.6086,33.322,5.669,14.796,True,320,240,0,False,60.00,0.1000,-0.018093,-0.018026,0.327306,0.301159,-0.022868,0.013887,0.953199,487
70.2207,inicio,True,25.7419,33.322,2.640,13.803,True,320,240,0,False,60.00,0.1000,-0.017522,-0.017839,0.327952,0.302087,-0.020567,0.015324,0.952935,488
70.3208,inicio,True,25.8419,33.323,6.105,14.087,True,320,240,0,False,60.00,0.1000,-0.017424,-0.017041,0.327437,0.299993,-0.026898,0.013498,0.953467,489
70.4213,inicio,True,25.9418,33.322,6.227,15.384,True,320,240,0,False,60.00,0.1000,-0.018683,-0.017277,0.326956,0.301052,-0.022830,0.015104,0.953215,490
70.5539,inicio,True,26.0751,33.323,6.070,15.937,True,320,240,0,False,60.00,0.1000,-0.018813,-0.017299,0.325888,0.300338,-0.022571,0.014100,0.953462,491
70.6870,inicio,True,26.2084,33.322,5.779,17.181,True,320,240,0,False,60.00,0.1000,-0.019430,-0.016970,0.323727,0.300454,-0.026794,0.013609,0.953323,492
70.7875,inicio,True,26.3084,33.322,5.753,14.948,True,320,240,0,False,60.00,0.1000,-0.019355,-0.016517,0.321509,0.301243,-0.024037,0.014000,0.953142,493
70.9205,inicio,True,26.4417,33.322,6.936,14.830,True,320,240,0,False,60.00,0.1000,-0.018675,-0.015745,0.325071,0.298001,-0.026978,0.012071,0.954108,494
71.0206,inicio,True,26.5416,33.322,6.936,14.830,True,320,240,0,False,60.00,0.1000,-0.018675,-0.015745,0.325071,0.298001,-0.026978,0.012071,0.954108,494
71.1536,inicio,True,26.6749,33.322,9.752,16.935,True,320,240,0,False,60.00,0.1000,-0.018781,-0.015238,0.327418,0.298316,-0.027220,0.010694,0.954019,495
71.2544,inicio,True,26.7750,33.328,5.535,14.065,True,320,240,0,False,60.00,0.1000,-0.020064,-0.016838,0.332020,0.297822,-0.023138,0.010826,0.954280,496
71.3876,inicio,True,26.9082,33.324,6.092,15.899,True,320,240,0,False,60.00,0.1000,-0.019005,-0.019662,0.333110,0.303352,-0.031787,0.009214,0.952304,497
71.5201,inicio,True,27.0415,33.323,6.281,13.139,True,320,240,0,False,60.00,0.1000,-0.016116,-0.017482,0.334368,0.303217,-0.021687,0.008774,0.952635,498
71.6203,inicio,True,27.1414,33.322,6.682,12.274,True,320,240,0,False,60.00,0.1000,-0.016659,-0.015925,0.334901,0.298793,-0.021840,0.008606,0.954029,499
71.7533,inicio,True,27.2747,33.322,5.710,11.391,True,320,240,0,False,60.00,0.1000,-0.016945,-0.013427,0.335077,0.291958,-0.024289,0.006557,0.956100,500
71.8536,inicio,True,27.3747,33.321,5.679,14.896,True,320,240,0,False,60.00,0.1000,-0.016688,-0.012398,0.334702,0.295349,-0.024566,0.007062,0.955047,501
71.9538,inicio,True,27.4747,33.322,5.679,14.896,True,320,240,0,False,60.00,0.1000,-0.016688,-0.012398,0.334702,0.295349,-0.024566,0.007062,0.955047,501
72.0869,inicio,True,27.6080,33.323,6.226,9.939,True,320,240,0,False,60.00,0.1000,-0.016851,-0.010925,0.335199,0.292669,-0.021409,0.007158,0.955947,502
72.2199,inicio,True,27.7413,33.324,6.563,20.349,True,320,240,0,False,60.00,0.1000,-0.017841,-0.009739,0.336055,0.290951,-0.026979,0.006812,0.956333,503
72.3539,inicio,True,27.8745,33.323,5.417,11.748,True,320,240,0,False,60.00,0.1000,-0.017876,-0.001928,0.336535,0.280286,-0.024143,0.007783,0.959581,504
72.4865,inicio,True,28.0079,33.324,5.097,13.722,True,320,240,0,False,60.00,0.1000,-0.016849,0.003627,0.337070,0.269932,-0.021370,0.005483,0.962627,505
72.5865,inicio,True,28.1078,33.324,8.966,10.852,True,320,240,0,False,60.00,0.1000,-0.017490,0.003233,0.338435,0.270862,-0.017931,0.007791,0.962420,506
72.6867,inicio,True,28.2078,33.322,5.857,10.908,True,320,240,0,False,60.00,0.1000,-0.017895,0.003438,0.339331,0.271443,-0.025351,0.006952,0.962096,507
72.8201,inicio,True,28.3410,33.322,5.812,11.637,True,320,240,0,False,60.00,0.1000,-0.017085,0.004760,0.338980,0.265565,-0.022657,0.006988,0.963801,508
72.9530,inicio,True,28.4744,33.323,5.843,12.555,True,320,240,0,False,60.00,0.1000,-0.016364,0.004708,0.340837,0.265813,-0.020962,0.005161,0.963783,509
73.0863,inicio,True,28.6077,33.323,5.457,12.185,True,320,240,0,False,60.00,0.1000,-0.012118,0.007790,0.344211,0.258675,-0.018888,0.006276,0.965759,510
73.1869,inicio,True,28.7076,33.322,5.544,11.565,True,320,240,0,False,60.00,0.1000,-0.012309,0.007961,0.345409,0.255540,-0.015937,0.004495,0.966657,511
73.3198,inicio,True,28.8409,33.321,5.424,10.862,True,320,240,0,False,60.00,0.1000,-0.012410,0.007531,0.347551,0.258562,-0.015675,0.005860,0.965850,512
73.4199,inicio,True,28.9408,33.322,5.424,10.862,True,320,240,0,False,60.00,0.1000,-0.012410,0.007531,0.347551,0.258562,-0.015675,0.005860,0.965850,512
73.5528,inicio,True,29.0741,33.322,5.405,13.804,True,320,240,0,False,60.00,0.1000,-0.013406,0.007203,0.346192,0.261776,-0.018149,0.003890,0.964950,513
73.6532,inicio,True,29.1741,33.322,6.034,13.867,True,320,240,0,False,60.00,0.1000,-0.014534,0.007265,0.345870,0.261661,-0.016184,0.003680,0.965017,514
73.7862,inicio,True,29.3074,33.323,5.319,15.536,True,320,240,0,False,60.00,0.1000,-0.015391,0.007524,0.345882,0.262359,-0.017427,0.004767,0.964801,515
73.8870,inicio,True,29.4074,33.322,5.815,12.621,True,320,240,0,False,60.00,0.1000,-0.014605,0.008755,0.345779,0.260915,-0.021667,0.003468,0.965112,516
74.0192,inicio,True,29.5407,33.323,5.177,12.110,True,320,240,0,False,60.00,0.1000,-0.015585,0.008447,0.346010,0.258036,-0.020633,0.002818,0.965911,517
74.1200,inicio,True,29.6406,33.322,5.648,12.225,True,320,240,0,False,60.00,0.1000,-0.017068,0.008698,0.346444,0.259229,-0.014772,0.004711,0.965691,518
74.2534,inicio,True,29.7739,33.322,4.731,12.526,True,320,240,0,False,60.00,0.1000,-0.017334,0.008769,0.346409,0.259790,-0.022906,0.004310,0.965384,519
74.3859,inicio,True,29.9072,33.323,5.760,12.888,True,320,240,0,False,60.00,0.1000,-0.017404,0.008872,0.346443,0.260633,-0.021999,0.004356,0.965178,520
74.5199,inicio,True,30.0405,33.323,2.509,11.392,True,320,240,0,False,60.00,0.1000,-0.017196,0.008778,0.346394,0.259128,-0.018801,0.003757,0.965653,521
74.6527,inicio,True,30.1738,33.322,6.426,10.427,True,320,240,0,False,60.00,0.1000,-0.017692,0.008694,0.346127,0.259496,-0.019852,0.003514,0.965534,522
74.7529,inicio,True,30.2737,33.321,6.426,10.427,True,320,240,0,False,60.00,0.1000,-0.017692,0.008694,0.346127,0.259496,-0.019852,0.003514,0.965534,522
74.8860,inicio,True,30.4070,33.320,4.905,10.761,True,320,240,0,False,60.00,0.1000,-0.017374,0.008193,0.346215,0.257757,-0.023296,0.003425,0.965923,523
75.0208,inicio,True,30.5403,33.321,6.047,13.816,True,320,240,0,False,60.00,0.1000,-0.017492,0.008355,0.346927,0.257063,-0.023525,0.003192,0.966103,524
75.1529,inicio,True,30.6736,33.322,5.560,14.755,True,320,240,0,False,60.00,0.1000,-0.017334,0.008027,0.346424,0.260880,-0.027354,0.003066,0.964979,525
75.2879,inicio,True,30.8069,33.322,5.475,12.879,True,320,240,0,False,60.00,0.1000,-0.017252,0.008515,0.346803,0.258370,-0.023211,0.003371,0.965761,526
75.4190,inicio,True,30.9402,33.323,6.880,12.449,True,320,240,0,False,60.00,0.1000,-0.016827,0.007836,0.346614,0.260011,-0.023696,0.003964,0.965307,527
75.5530,inicio,True,31.0735,33.324,5.241,10.433,True,320,240,0,False,60.00,0.1000,-0.016429,0.008446,0.347232,0.258169,-0.015066,0.003607,0.965976,528
75.6862,inicio,True,31.2068,33.323,5.336,17.276,True,320,240,0,False,60.00,0.1000,-0.016529,0.008721,0.346452,0.258824,-0.021003,0.004949,0.965683,529
75.8193,inicio,True,31.3401,33.323,2.694,13.626,True,320,240,0,False,60.00,0.1000,-0.016426,0.007468,0.347326,0.260568,-0.015778,0.004388,0.965317,530
75.9532,inicio,True,31.4733,33.321,5.518,15.788,True,320,240,0,False,60.00,0.1000,-0.016715,0.007787,0.346869,0.262448,-0.022951,0.004851,0.964661,531
76.0880,inicio,True,31.6066,33.322,5.421,21.306,True,320,240,0,False,60.00,0.1000,-0.018673,0.005255,0.347499,0.261758,-0.024983,0.005381,0.964795,532
76.2200,inicio,True,31.7400,33.323,3.187,20.542,True,320,240,0,False,60.00,0.1000,-0.019723,0.005363,0.347969,0.264314,-0.022005,0.006268,0.964165,533
76.3529,inicio,True,31.8733,33.324,5.741,11.895,True,320,240,0,False,60.00,0.1000,-0.018571,0.006311,0.347383,0.260233,-0.025668,0.005711,0.965188,534
76.4862,inicio,True,32.0065,33.323,5.602,14.371,True,320,240,0,False,60.00,0.1000,-0.019059,0.005805,0.346947,0.264642,-0.024678,0.007252,0.964004,535
76.6193,inicio,True,32.1398,33.323,5.691,16.067,True,320,240,0,False,60.00,0.1000,-0.018452,0.007211,0.347197,0.260532,-0.023986,0.006166,0.965148,536
76.7540,inicio,True,32.2731,33.321,3.013,14.479,True,320,240,0,False,60.00,0.1000,-0.019135,0.006985,0.346691,0.260723,-0.024912,0.006618,0.965070,537
76.8857,inicio,True,32.4064,33.321,5.870,11.401,True,320,240,0,False,60.00,0.1000,-0.020155,0.005414,0.346665,0.260944,-0.025079,0.008143,0.964994,538
77.0190,inicio,True,32.5397,33.323,5.260,11.728,True,320,240,0,False,60.00,0.1000,-0.020964,0.005700,0.346184,0.265380,-0.025463,0.008363,0.963771,539
77.1521,inicio,True,32.6730,33.322,5.437,11.845,True,320,240,0,False,60.00,0.1000,-0.021412,0.006684,0.346225,0.259045,-0.022587,0.008645,0.965563,540
77.2861,inicio,True,32.8063,33.323,5.527,18.904,True,320,240,0,False,60.00,0.1000,-0.022938,0.003369,0.345321,0.263204,-0.027791,0.011473,0.964272,541
77.4197,inicio,True,32.9396,33.324,6.145,13.070,True,320,240,0,False,60.00,0.1000,-0.021193,0.005330,0.346505,0.261270,-0.022748,0.010516,0.964941,542
77.5521,inicio,True,33.0729,33.324,5.000,12.681,True,320,240,0,False,60.00,0.1000,-0.021117,0.006735,0.346442,0.258758,-0.020273,0.009974,0.965678,543
77.6851,inicio,True,33.2061,33.323,5.765,14.394,True,320,240,0,False,60.00,0.1000,-0.020254,0.010033,0.346254,0.253707,-0.020843,0.008207,0.967022,544
77.8186,inicio,True,33.3394,33.322,2.671,13.292,True,320,240,0,False,60.00,0.1000,-0.021084,0.010048,0.346162,0.253491,-0.027624,0.008725,0.966904,545
77.9520,inicio,True,33.4727,33.321,3.030,17.498,True,320,240,0,False,60.00,0.1000,-0.020363,0.010240,0.344688,0.256477,-0.019114,0.011715,0.966291,546
78.0852,inicio,True,33.6060,33.322,2.912,18.728,True,320,240,0,False,60.00,0.1000,-0.021315,0.009785,0.344765,0.254818,-0.024491,0.009414,0.966633,547
78.1870,inicio,True,33.7060,33.322,4.988,15.480,True,320,240,0,False,60.00,0.1000,-0.017387,0.010687,0.347516,0.251596,-0.016132,0.008504,0.967661,548
78.3178,inicio,True,33.8393,33.324,2.844,13.506,True,320,240,0,False,60.00,0.1000,-0.015815,0.011840,0.349200,0.250795,-0.018042,0.004796,0.967860,549
78.4180,inicio,True,33.9392,33.323,5.559,11.994,True,320,240,0,False,60.00,0.1000,-0.016802,0.012106,0.350764,0.251136,-0.017333,0.006668,0.967774,550
78.5518,inicio,True,34.0725,33.323,5.287,15.370,True,320,240,0,False,60.00,0.1000,-0.017330,0.011422,0.348589,0.254214,-0.011346,0.009368,0.967036,551
78.6849,inicio,True,34.2058,33.323,6.665,15.562,True,320,240,0,False,60.00,0.1000,-0.018212,0.010873,0.349126,0.251757,-0.012718,0.008936,0.967666,552
78.8181,inicio,True,34.3391,33.322,5.674,14.147,True,320,240,0,False,60.00,0.1000,-0.020461,0.008306,0.349947,0.254538,-0.007625,0.011547,0.966964,553
78.9513,inicio,True,34.4724,33.322,5.410,12.179,True,320,240,0,False,60.00,0.1000,-0.020473,0.007394,0.350413,0.255735,-0.016880,0.010484,0.966543,554
79.0849,inicio,True,34.6057,33.322,5.137,12.676,True,320,240,0,False,60.00,0.1000,-0.017903,0.008872,0.350495,0.252312,-0.015503,0.005808,0.967504,555
79.2179,inicio,True,34.7390,33.322,5.483,13.588,True,320,240,0,False,60.00,0.1000,-0.017438,0.010979,0.349937,0.256438,-0.017119,0.005605,0.966393,556
79.3511,inicio,True,34.8722,33.322,7.120,11.816,True,320,240,0,False,60.00,0.1000,-0.018508,0.011388,0.349311,0.253391,-0.012208,0.007301,0.967260,557
79.4844,inicio,True,35.0055,33.322,5.750,11.625,True,320,240,0,False,60.00,0.1000,-0.019587,0.010932,0.348418,0.254861,-0.010522,0.007229,0.966894,558
79.6179,inicio,True,35.1388,33.323,4.973,11.971,True,320,240,0,False,60.00,0.1000,-0.019403,0.010617,0.349233,0.251367,-0.014875,0.005505,0.967762,559
79.7507,inicio,True,35.2721,33.323,6.024,10.673,True,320,240,0,False,60.00,0.1000,-0.018646,0.010877,0.349674,0.255386,-0.010244,0.005952,0.966767,560
79.8507,inicio,True,35.3721,33.322,6.411,20.547,True,320,240,0,False,60.00,0.1000,-0.019590,0.011867,0.348636,0.251786,-0.013523,0.006019,0.967670,561
79.9508,inicio,True,35.4721,33.322,6.411,20.547,True,320,240,0,False,60.00,0.1000,-0.019590,0.011867,0.348636,0.251786,-0.013523,0.006019,0.967670,561
80.0845,inicio,True,35.6053,33.322,4.354,14.944,True,320,240,0,False,60.00,0.1000,-0.018589,0.012777,0.348428,0.255261,-0.009796,0.004025,0.966814,562
80.2176,inicio,True,35.7386,33.322,6.728,15.360,True,320,240,0,False,60.00,0.1000,-0.020968,0.011842,0.347919,0.250500,-0.014269,0.006728,0.967988,563
80.3514,inicio,True,35.8719,33.323,5.411,11.590,True,320,240,0,False,60.00,0.1000,-0.021896,0.011008,0.347589,0.253173,-0.012621,0.007406,0.967310,564
80.4839,inicio,True,36.0052,33.323,5.620,19.554,True,320,240,0,False,60.00,0.1000,-0.021689,0.008695,0.349470,0.255237,-0.009164,0.008116,0.966801,565
80.5841,inicio,True,36.1052,33.322,2.998,10.210,True,320,240,0,False,60.00,0.1000,-0.020992,0.009223,0.349178,0.257081,-0.015156,0.008308,0.966235,566
80.7173,inicio,True,36.2385,33.323,5.730,16.293,True,320,240,0,False,60.00,0.1000,-0.017929,0.012968,0.348300,0.254521,-0.018302,0.002453,0.966891,567
80.8175,inicio,True,36.3384,33.322,5.458,11.945,True,320,240,0,False,60.00,0.1000,-0.021214,0.012111,0.347621,0.249760,-0.013913,0.004781,0.968196,568
80.9177,inicio,True,36.4384,33.322,6.586,13.900,True,320,240,0,False,60.00,0.1000,-0.025487,0.007199,0.349606,0.255087,-0.013617,0.009861,0.966772,569
81.0506,inicio,True,36.5717,33.323,5.063,18.096,True,320,240,0,False,60.00,0.1000,-0.026654,0.007054,0.349093,0.255999,-0.016637,0.011862,0.966461,570
81.1508,inicio,True,36.6717,33.322,5.063,18.096,True,320,240,0,False,60.00,0.1000,-0.026654,0.007054,0.349093,0.255999,-0.016637,0.011862,0.966461,570
81.2835,inicio,True,36.8049,33.322,5.273,17.299,True,320,240,0,False,60.00,0.1000,-0.023358,0.010722,0.348203,0.255037,-0.019684,0.008047,0.966697,571
81.3839,inicio,True,36.9049,33.323,6.360,15.401,True,320,240,0,False,60.00,0.1000,-0.022033,0.013728,0.347371,0.250777,-0.013093,0.006251,0.967936,572
81.5168,inicio,True,37.0383,33.326,6.327,12.046,True,320,240,0,False,60.00,0.1000,-0.026062,0.010273,0.347367,0.251030,-0.011639,0.009730,0.967861,573
81.6169,inicio,True,37.1382,33.324,6.220,11.179,True,320,240,0,False,60.00,0.1000,-0.028921,0.007601,0.348641,0.253412,-0.014268,0.014313,0.967147,574
81.7498,inicio,True,37.2715,33.323,7.516,14.546,True,320,240,0,False,60.00,0.1000,-0.032058,0.004592,0.348345,0.259480,-0.010989,0.016456,0.965546,575
81.8500,inicio,False,37.3381,33.321,6.665,9.665,True,320,240,0,False,60.00,0.1000,-0.032058,0.004592,0.348345,0.259480,-0.010989,0.016456,0.965546,576
81.9506,inicio,False,37.3381,33.321,6.665,9.665,True,320,240,0,False,60.00,0.1000,-0.032058,0.004592,0.348345,0.259480,-0.010989,0.016456,0.965546,576
82.0509,inicio,True,37.4381,33.322,8.270,16.069,True,320,240,0,False,60.00,0.1000,-0.032253,0.006976,0.347773,0.253326,-0.017620,0.020972,0.966993,577
82.1831,inicio,True,37.5714,33.324,3.957,16.199,True,320,240,0,False,60.00,0.1000,-0.029863,0.006581,0.348564,0.250843,-0.010487,0.021705,0.967728,578
82.3166,inicio,True,37.7047,33.323,6.685,14.975,True,320,240,0,False,60.00,0.1000,-0.030132,0.008016,0.345895,0.252236,-0.010723,0.021454,0.967368,579
82.4167,inicio,True,37.8047,33.322,5.190,15.408,True,320,240,0,False,60.00,0.1000,-0.030980,0.011195,0.345176,0.248884,-0.010791,0.020871,0.968248,580
82.5171,inicio,True,37.9046,33.322,4.377,13.064,True,320,240,0,False,60.00,0.1000,-0.028355,0.013891,0.344515,0.245093,-0.013328,0.017311,0.969253,581
82.6500,inicio,True,38.0379,33.323,5.321,14.950,True,320,240,0,False,60.00,0.1000,-0.028973,0.014828,0.343817,0.244792,-0.012983,0.017351,0.969334,582
82.7833,inicio,True,38.1712,33.322,6.635,18.415,True,320,240,0,False,60.00,0.1000,-0.030725,0.015416,0.342881,0.243751,-0.013729,0.017990,0.969574,583
82.8835,inicio,True,38.2712,33.322,6.635,18.415,True,320,240,0,False,60.00,0.1000,-0.030725,0.015416,0.342881,0.243751,-0.013729,0.017990,0.969574,583
83.0167,inicio,True,38.4045,33.322,3.277,13.845,True,320,240,0,False,60.00,0.1000,-0.031261,0.014969,0.342855,0.243241,-0.014838,0.018964,0.969667,584
83.1183,inicio,True,38.5044,33.321,5.778,16.272,True,320,240,0,False,60.00,0.1000,-0.029864,0.014787,0.343368,0.243554,-0.015000,0.017338,0.969616,585
83.2202,inicio,True,38.6044,33.322,5.445,18.944,True,320,240,0,False,60.00,0.1000,-0.030337,0.014340,0.343108,0.245188,-0.015482,0.015809,0.969223,586
83.3494,inicio,True,38.7377,33.322,3.493,12.570,True,320,240,0,False,60.00,0.1000,-0.031408,0.013067,0.343842,0.244779,-0.016613,0.018318,0.969264,587
83.4497,inicio,True,38.8376,33.322,6.558,13.685,True,320,240,0,False,60.00,0.1000,-0.030275,0.013566,0.344155,0.245838,-0.015481,0.017185,0.969035,588
83.5846,inicio,True,38.9711,33.329,4.921,17.060,True,320,240,0,False,60.00,0.1000,-0.029914,0.014522,0.343178,0.245029,-0.018100,0.015930,0.969216,589
83.7165,inicio,True,39.1043,33.324,5.118,12.384,True,320,240,0,False,60.00,0.1000,-0.029058,0.014655,0.343907,0.244645,-0.017135,0.015088,0.969344,590
83.8518,inicio,True,39.2376,33.325,4.749,12.883,True,320,240,0,False,60.00,0.1000,-0.028890,0.015216,0.343498,0.245467,-0.010918,0.015259,0.969223,591
83.9829,inicio,True,39.3708,33.322,5.679,13.822,True,320,240,0,False,60.00,0.1000,-0.028794,0.014927,0.344041,0.244866,-0.015489,0.014969,0.969318,592
84.0832,inicio,True,39.4708,33.320,5.679,13.822,True,320,240,0,False,60.00,0.1000,-0.028794,0.014927,0.344041,0.244866,-0.015489,0.014969,0.969318,592
84.2159,inicio,True,39.6040,33.320,5.362,15.585,True,320,240,0,False,60.00,0.1000,-0.028848,0.015849,0.343416,0.243792,-0.017829,0.014257,0.969559,593
84.3160,inicio,True,39.7040,33.320,6.694,14.025,True,320,240,0,False,60.00,0.1000,-0.028099,0.016681,0.343293,0.243305,-0.014562,0.015292,0.969720,594
84.4496,inicio,True,39.8373,33.323,4.631,10.167,True,320,240,0,False,60.00,0.1000,-0.027477,0.016536,0.343637,0.243956,-0.014844,0.013972,0.969572,595
84.5831,inicio,True,39.9707,33.325,5.665,14.131,True,320,240,0,False,60.00,0.1000,-0.028044,0.016793,0.343107,0.243853,-0.012147,0.014710,0.969624,596
84.7163,inicio,True,40.1039,33.324,5.078,11.569,True,320,240,0,False,60.00,0.1000,-0.027132,0.016419,0.343755,0.244325,-0.017944,0.013112,0.969439,597
84.8494,inicio,True,40.2372,33.322,5.418,17.722,True,320,240,0,False,60.00,0.1000,-0.028007,0.016683,0.343342,0.244424,-0.012056,0.014644,0.969483,598
84.9823,inicio,True,40.3705,33.322,3.111,14.054,True,320,240,0,False,60.00,0.1000,-0.027254,0.016481,0.343935,0.244152,-0.013874,0.013321,0.969546,599
85.1160,inicio,True,40.5038,33.324,2.954,11.631,True,320,240,0,False,60.00,0.1000,-0.027274,0.016588,0.343763,0.244704,-0.010922,0.013069,0.969448,600
85.2493,inicio,True,40.6371,33.325,3.041,15.847,True,320,240,0,False,60.00,0.1000,-0.027462,0.017155,0.343320,0.243880,-0.012554,0.015128,0.969606,601
85.3829,inicio,True,40.7704,33.323,6.700,15.212,True,320,240,0,False,60.00,0.1000,-0.026049,0.017349,0.344166,0.243197,-0.012709,0.013713,0.969797,602
85.5162,inicio,True,40.9037,33.322,5.532,13.180,True,320,240,0,False,60.00,0.1000,-0.027097,0.017688,0.343138,0.242269,-0.014032,0.013136,0.970019,603
85.6494,inicio,True,41.0369,33.322,7.049,15.122,True,320,240,0,False,60.00,0.1000,-0.026777,0.018224,0.343191,0.242301,-0.011280,0.012971,0.970049,604
85.7826,inicio,True,41.1703,33.325,5.420,12.732,True,320,240,0,False,60.00,0.1000,-0.026084,0.017645,0.343910,0.241887,-0.017887,0.011733,0.970069,605
85.9161,inicio,True,41.3035,33.321,5.042,15.568,True,320,240,0,False,60.00,0.1000,-0.026838,0.018034,0.343770,0.240453,-0.016380,0.012686,0.970440,606
86.0497,inicio,True,41.4368,33.320,4.492,16.391,True,320,240,0,False,60.00,0.1000,-0.026089,0.017699,0.343900,0.241506,-0.019991,0.011476,0.970125,607
86.1824,inicio,True,41.5701,33.320,4.735,18.276,True,320,240,0,False,60.00,0.1000,-0.025435,0.019264,0.343030,0.241327,-0.013917,0.010431,0.970288,608
86.3155,inicio,True,41.7033,33.318,5.469,15.081,True,320,240,0,False,60.00,0.1000,-0.025472,0.019656,0.343117,0.239161,-0.015574,0.010236,0.970801,609
86.4489,inicio,True,41.8367,33.322,4.415,15.594,True,320,240,0,False,60.00,0.1000,-0.024756,0.019382,0.343588,0.237312,-0.020655,0.008941,0.971173,610
86.5823,inicio,True,41.9699,33.321,4.624,15.085,True,320,240,0,False,60.00,0.1000,-0.025014,0.019490,0.343470,0.238829,-0.019130,0.009204,0.970830,611
86.7154,inicio,True,42.1032,33.322,6.468,16.158,True,320,240,0,False,60.00,0.1000,-0.024144,0.019776,0.343485,0.241099,-0.019291,0.008672,0.970270,612
86.8486,inicio,True,42.2366,33.323,5.536,11.079,True,320,240,0,False,60.00,0.1000,-0.024025,0.019626,0.343545,0.241456,-0.012578,0.009037,0.970288,613
86.9821,inicio,True,42.3698,33.322,5.325,16.551,True,320,240,0,False,60.00,0.1000,-0.024313,0.019801,0.345716,0.238505,-0.017524,0.008607,0.970945,614
87.1157,inicio,True,42.5031,33.322,2.485,13.720,True,320,240,0,False,60.00,0.1000,-0.024007,0.019594,0.344397,0.241122,-0.014932,0.008392,0.970344,615
87.2488,inicio,True,42.6364,33.321,4.962,10.906,True,320,240,0,False,60.00,0.1000,-0.024233,0.019512,0.341559,0.242620,-0.015688,0.009471,0.969948,616
87.3818,inicio,True,42.7697,33.321,4.510,11.074,True,320,240,0,False,60.00,0.1000,-0.024047,0.019723,0.344088,0.241684,-0.022173,0.007691,0.970071,617
87.5153,inicio,True,42.9030,33.323,5.607,11.375,True,320,240,0,False,60.00,0.1000,-0.023735,0.019904,0.343790,0.243222,-0.011496,0.008606,0.969864,618
87.6158,inicio,True,43.0030,33.322,5.268,19.626,True,320,240,0,False,60.00,0.1000,-0.023594,0.020789,0.343382,0.241163,-0.013040,0.007320,0.970369,619
87.7480,inicio,True,43.1363,33.323,4.713,15.613,True,320,240,0,False,60.00,0.1000,-0.023741,0.020191,0.343653,0.242129,-0.008044,0.009434,0.970165,620
87.8487,inicio,True,43.2363,33.326,5.249,11.596,True,320,240,0,False,60.00,0.1000,-0.022454,0.021275,0.343317,0.240121,-0.018765,0.007814,0.970530,621
87.9822,inicio,True,43.3695,33.322,6.115,13.503,True,320,240,0,False,60.00,0.1000,-0.019394,0.023340,0.343616,0.241372,-0.014455,0.004833,0.970313,622
88.1165,inicio,True,43.5028,33.322,4.830,17.097,True,320,240,0,False,60.00,0.1000,-0.019184,0.023603,0.343471,0.240588,-0.006957,0.007400,0.970574,623
88.2484,inicio,True,43.6361,33.322,4.660,11.578,True,320,240,0,False,60.00,0.1000,-0.017797,0.024716,0.343434,0.236822,-0.010987,0.005660,0.971474,624
88.3826,inicio,True,43.7694,33.321,4.932,17.704,True,320,240,0,False,60.00,0.1000,-0.018297,0.024070,0.344248,0.234526,-0.010632,0.005038,0.972039,625
88.5151,inicio,True,43.9027,33.325,5.169,12.966,True,320,240,0,False,60.00,0.1000,-0.019342,0.025259,0.342419,0.238317,-0.009135,0.007265,0.971117,626
88.6483,inicio,True,44.0360,33.323,11.116,12.314,True,320,240,0,False,60.00,0.1000,-0.017091,0.024974,0.344155,0.236722,-0.009311,0.003171,0.971528,627
88.7812,inicio,True,44.1693,33.323,5.397,13.364,True,320,240,0,False,60.00,0.1000,-0.016692,0.024489,0.344734,0.233384,-0.013172,0.002861,0.972291,628
88.8819,inicio,True,44.2692,33.322,4.359,15.890,True,320,240,0,False,60.00,0.1000,-0.018482,0.022875,0.346481,0.236933,-0.008503,0.004573,0.971478,629
89.0145,inicio,True,44.4025,33.322,4.359,15.890,True,320,240,0,False,60.00,0.1000,-0.018482,0.022875,0.346481,0.236933,-0.008503,0.004573,0.971478,629
89.1479,inicio,True,44.5358,33.322,5.300,14.440,True,320,240,0,False,60.00,0.1000,-0.018024,0.022075,0.348582,0.239733,-0.008108,0.005117,0.970792,630
89.2809,inicio,True,44.6691,33.322,5.069,18.134,True,320,240,0,False,60.00,0.1000,-0.017336,0.023649,0.346455,0.239319,-0.007518,0.006524,0.970890,631
89.3810,inicio,True,44.7690,33.322,6.298,14.118,True,320,240,0,False,60.00,0.1000,-0.017038,0.023619,0.345104,0.238796,-0.000533,0.006376,0.971049,632
89.5147,inicio,True,44.9023,33.322,5.242,13.835,True,320,240,0,False,60.00,0.1000,-0.017647,0.023185,0.343903,0.236601,-0.002268,0.007976,0.971572,633
89.6477,inicio,True,45.0357,33.324,5.884,14.452,True,320,240,0,False,60.00,0.1000,-0.015663,0.023492,0.345094,0.240639,-0.004582,0.005483,0.970588,634
89.7478,inicio,True,45.1356,33.323,5.859,15.666,True,320,240,0,False,60.00,0.1000,-0.015452,0.024904,0.344619,0.234666,-0.006672,0.004676,0.972042,635
89.8811,inicio,True,45.2689,33.323,2.293,14.585,True,320,240,0,False,60.00,0.1000,-0.014517,0.024922,0.345013,0.237413,-0.009958,0.003375,0.971352,636
89.9812,inicio,True,45.3689,33.323,4.687,15.506,True,320,240,0,False,60.00,0.1000,-0.014610,0.025444,0.344861,0.240816,-0.003148,0.004269,0.970556,637
90.1146,inicio,True,45.5022,33.322,6.010,12.760,True,320,240,0,False,60.00,0.1000,-0.015257,0.025110,0.344350,0.238125,-0.002168,0.004494,0.971222,638
90.2474,inicio,True,45.6354,33.322,12.698,13.637,True,320,240,0,False,60.00,0.1000,-0.013964,0.025777,0.344382,0.234043,-0.001634,0.003598,0.972218,639
90.3476,inicio,True,45.7354,33.323,12.698,13.637,True,320,240,0,False,60.00,0.1000,-0.013964,0.025777,0.344382,0.234043,-0.001634,0.003598,0.972218,639
90.4484,inicio,True,45.8354,33.322,5.571,15.732,True,320,240,0,False,60.00,0.1000,-0.014208,0.025724,0.344713,0.235432,0.001016,0.003717,0.971883,640
90.5810,inicio,True,45.9687,33.322,4.240,12.890,True,320,240,0,False,60.00,0.1000,-0.013579,0.024304,0.344869,0.235110,-0.005387,0.003223,0.971949,642
90.7142,inicio,True,46.1019,33.321,5.404,14.667,True,320,240,0,False,60.00,0.1000,-0.013354,0.025179,0.344843,0.238729,-0.010138,0.003113,0.971028,643
90.8475,inicio,True,46.2352,33.322,4.914,17.814,True,320,240,0,False,60.00,0.1000,-0.012516,0.025677,0.344763,0.236650,0.000649,0.002278,0.971592,644
90.9816,inicio,True,46.3686,33.324,2.360,17.784,True,320,240,0,False,60.00,0.1000,-0.013183,0.025766,0.345121,0.233259,-0.008900,0.002135,0.972372,645
91.1136,inicio,True,46.5018,33.322,4.163,12.872,True,320,240,0,False,60.00,0.1000,-0.012501,0.025592,0.344969,0.238605,0.001852,0.002469,0.971112,646
91.2140,inicio,True,46.6018,33.322,4.163,12.872,True,320,240,0,False,60.00,0.1000,-0.012501,0.025592,0.344969,0.238605,0.001852,0.002469,0.971112,646
91.3146,inicio,True,46.7018,33.322,4.679,15.883,True,320,240,0,False,60.00,0.1000,-0.013847,0.025565,0.344161,0.238788,-0.000620,0.003397,0.971066,647
91.4470,inicio,True,46.8350,33.322,4.822,16.800,True,320,240,0,False,60.00,0.1000,-0.013898,0.024838,0.344446,0.235723,-0.004689,0.002404,0.971806,648
91.5808,inicio,True,46.9684,33.325,6.124,17.658,True,320,240,0,False,60.00,0.1000,-0.014320,0.024632,0.344640,0.233417,-0.010223,0.002078,0.972321,649
91.7146,inicio,True,47.1017,33.323,2.650,15.376,True,320,240,0,False,60.00,0.1000,-0.013860,0.024841,0.344312,0.238741,-0.008116,0.000800,0.971049,650
91.8470,inicio,True,47.2349,33.323,4.915,14.804,True,320,240,0,False,60.00,0.1000,-0.013586,0.025220,0.345151,0.237392,-0.004509,0.002655,0.971400,652
91.9801,inicio,True,47.3682,33.323,7.040,18.887,True,320,240,0,False,60.00,0.1000,-0.013117,0.025112,0.344696,0.240275,-0.008574,0.001008,0.970666,653
92.1142,inicio,True,47.5015,33.322,4.565,17.597,True,320,240,0,False,60.00,0.1000,-0.013025,0.025143,0.344643,0.238577,-0.005502,0.001058,0.971107,654
92.2465,inicio,True,47.6348,33.323,7.513,16.132,True,320,240,0,False,60.00,0.1000,-0.013731,0.025138,0.344658,0.237863,-0.006394,0.001508,0.971277,655
92.3466,inicio,True,47.7347,33.322,7.513,16.132,True,320,240,0,False,60.00,0.1000,-0.013731,0.025138,0.344658,0.237863,-0.006394,0.001508,0.971277,655
92.4798,inicio,True,47.8680,33.322,4.334,14.920,True,320,240,0,False,60.00,0.1000,-0.013061,0.025878,0.343994,0.234584,-0.008693,0.000196,0.972057,657
92.5801,inicio,True,47.9680,33.323,4.206,13.367,True,320,240,0,False,60.00,0.1000,-0.013549,0.025437,0.344684,0.239440,-0.001110,0.002083,0.970908,658
92.6803,inicio,True,48.0680,33.323,4.952,19.299,True,320,240,0,False,60.00,0.1000,-0.013250,0.025413,0.344656,0.240514,-0.003938,0.001401,0.970637,659
92.8136,inicio,True,48.2013,33.323,5.603,14.683,True,320,240,0,False,60.00,0.1000,-0.012683,0.025819,0.344636,0.234932,-0.002164,0.000888,0.972009,660
92.9138,inicio,True,48.3012,33.322,5.080,18.091,True,320,240,0,False,60.00,0.1000,-0.013102,0.025525,0.344599,0.238419,-0.006123,0.000835,0.971143,661
93.0467,inicio,True,48.4345,33.322,4.463,12.956,True,320,240,0,False,60.00,0.1000,-0.013040,0.025378,0.344648,0.240160,-0.005942,0.000801,0.970715,662
93.1821,inicio,True,48.5678,33.323,4.760,11.759,True,320,240,0,False,60.00,0.1000,-0.012505,0.025636,0.344919,0.237231,-0.003004,0.001395,0.971448,663
93.3130,inicio,True,48.7011,33.322,5.832,16.695,True,320,240,0,False,60.00,0.1000,-0.012417,0.026077,0.344573,0.232592,0.000521,0.001356,0.972573,665
93.4464,inicio,True,48.8344,33.323,4.365,13.545,True,320,240,0,False,60.00,0.1000,-0.012488,0.025646,0.344932,0.236513,-0.000565,0.001178,0.971627,666
93.5795,inicio,True,48.9677,33.322,5.725,11.882,True,320,240,0,False,60.00,0.1000,-0.012642,0.025535,0.345008,0.236837,-0.002527,0.000754,0.971546,667
93.7130,inicio,True,49.1010,33.322,5.596,16.567,True,320,240,0,False,60.00,0.1000,-0.011967,0.025414,0.345523,0.239689,-0.006033,0.001352,0.970830,668
93.8467,inicio,True,49.2343,33.322,1.921,14.177,True,320,240,0,False,60.00,0.1000,-0.012340,0.025606,0.345282,0.237811,0.000516,0.000920,0.971311,669
93.9795,inicio,True,49.3675,33.322,4.586,13.283,True,320,240,0,False,60.00,0.1000,-0.011929,0.026243,0.344946,0.233232,-0.006340,-0.000556,0.972400,670
94.0799,inicio,True,49.4675,33.322,4.819,13.352,True,320,240,0,False,60.00,0.1000,-0.013008,0.026952,0.344207,0.239343,-0.005669,0.001096,0.970918,671
94.2126,inicio,True,49.6008,33.324,4.970,13.345,True,320,240,0,False,60.00,0.1000,-0.013154,0.026863,0.344061,0.239165,-0.004785,0.001307,0.970966,672
94.3150,inicio,True,49.7008,33.323,5.211,16.332,True,320,240,0,False,60.00,0.1000,-0.013611,0.026270,0.344651,0.230991,-0.005615,0.001363,0.972939,673
94.4459,inicio,True,49.8341,33.322,5.644,14.085,True,320,240,0,False,60.00,0.1000,-0.012946,0.026749,0.344620,0.236273,-0.004141,0.000027,0.971678,675
94.5460,inicio,True,49.9341,33.323,4.940,15.017,True,320,240,0,False,60.00,0.1000,-0.012860,0.026153,0.344799,0.234089,0.000305,0.001846,0.972213,676
94.6791,inicio,True,50.0673,33.322,5.702,13.505,True,320,240,0,False,60.00,0.1000,-0.012835,0.025250,0.345534,0.237451,-0.005967,0.000942,0.971381,677
94.8128,inicio,True,50.2006,33.321,4.389,12.916,True,320,240,0,False,60.00,0.1000,-0.014593,0.026145,0.344030,0.237279,-0.009345,0.002875,0.971392,679
94.9457,inicio,True,50.3339,33.323,5.149,12.534,True,320,240,0,False,60.00,0.1000,-0.012799,0.028249,0.342815,0.235475,-0.006229,0.002147,0.971858,680
95.0458,inicio,True,50.4339,33.323,4.653,18.523,True,320,240,0,False,60.00,0.1000,-0.007769,0.032912,0.342313,0.231394,-0.004182,-0.001635,0.972850,681
95.1793,inicio,True,50.5672,33.322,4.172,13.132,True,320,240,0,False,60.00,0.1000,-0.009574,0.030977,0.342350,0.228688,0.001061,-0.000353,0.973499,682
95.3124,inicio,True,50.7004,33.322,5.088,11.398,True,320,240,0,False,60.00,0.1000,-0.012093,0.029324,0.343442,0.228373,-0.001422,0.004536,0.973562,683
95.4456,inicio,True,50.8337,33.322,2.232,15.660,True,320,240,0,False,60.00,0.1000,-0.011579,0.031018,0.343531,0.229359,-0.000212,0.007479,0.973313,685
95.5460,inicio,True,50.9337,33.322,4.657,14.399,True,320,240,0,False,60.00,0.1000,-0.009648,0.033291,0.343643,0.225997,0.007522,0.008500,0.974062,686
95.6463,inicio,True,51.0337,33.323,4.657,14.399,True,320,240,0,False,60.00,0.1000,-0.009648,0.033291,0.343643,0.225997,0.007522,0.008500,0.974062,686
95.7790,inicio,True,51.1670,33.323,5.167,13.893,True,320,240,0,False,60.00,0.1000,-0.010832,0.032399,0.345424,0.226023,0.005504,0.009181,0.974063,688
95.9126,inicio,True,51.3003,33.323,2.299,16.877,True,320,240,0,False,60.00,0.1000,-0.010483,0.033219,0.346654,0.225300,0.007868,0.009879,0.974208,689
96.0456,inicio,True,51.4335,33.322,4.812,13.336,True,320,240,0,False,60.00,0.1000,-0.009730,0.033320,0.345935,0.224275,0.006772,0.009932,0.974452,690
96.1793,inicio,True,51.5668,33.322,5.324,16.914,True,320,240,0,False,60.00,0.1000,-0.010764,0.032552,0.345022,0.224891,0.007455,0.009406,0.974310,691
96.3119,inicio,True,51.7001,33.322,4.365,14.319,True,320,240,0,False,60.00,0.1000,-0.011396,0.030450,0.341596,0.227470,0.007526,0.010620,0.973698,693
96.4457,inicio,True,51.8334,33.322,4.255,12.538,True,320,240,0,False,60.00,0.1000,-0.011290,0.031242,0.345132,0.226979,0.007026,0.009993,0.973823,694
96.5811,inicio,True,51.9668,33.325,6.458,15.414,True,320,240,0,False,60.00,0.1000,-0.011656,0.031525,0.344659,0.226396,0.008174,0.009698,0.973953,695
96.7121,inicio,True,52.1000,33.323,2.279,11.715,True,320,240,0,False,60.00,0.1000,-0.012194,0.029832,0.345566,0.227030,0.008942,0.011657,0.973777,696
96.8452,inicio,True,52.2333,33.323,6.501,17.993,True,320,240,0,False,60.00,0.1000,-0.011877,0.030657,0.346124,0.226911,0.006788,0.012576,0.973811,698
96.9458,inicio,True,52.3333,33.322,2.344,14.805,True,320,240,0,False,60.00,0.1000,-0.009503,0.029221,0.348853,0.227669,0.009553,0.012159,0.973616,699
97.0470,inicio,True,52.4332,33.322,2.344,14.805,True,320,240,0,False,60.00,0.1000,-0.009503,0.029221,0.348853,0.227669,0.009553,0.012159,0.973616,699
97.1784,inicio,True,52.5665,33.323,5.558,18.748,True,320,240,0,False,60.00,0.1000,-0.010066,0.028176,0.349553,0.228402,0.015949,0.013134,0.973348,700
97.3122,inicio,True,52.6998,33.323,4.207,19.720,True,320,240,0,False,60.00,0.1000,-0.010079,0.027068,0.350508,0.229938,0.014848,0.014437,0.972985,701
97.4122,inicio,True,52.7998,33.322,4.739,12.464,True,320,240,0,False,60.00,0.1000,-0.010546,0.027169,0.350964,0.229776,0.012872,0.014412,0.973052,703
97.5456,inicio,True,52.9331,33.322,2.266,13.283,True,320,240,0,False,60.00,0.1000,-0.011101,0.027473,0.350528,0.228460,0.012656,0.014222,0.973367,704
97.6786,inicio,True,53.0664,33.323,4.940,18.236,True,320,240,0,False,60.00,0.1000,-0.011739,0.027550,0.349704,0.229285,0.011004,0.015224,0.973178,705
97.8119,inicio,True,53.1996,33.322,4.676,13.731,True,320,240,0,False,60.00,0.1000,-0.011688,0.027823,0.349494,0.229178,0.011253,0.014461,0.973212,707
97.9119,inicio,True,53.2996,33.322,4.676,13.731,True,320,240,0,False,60.00,0.1000,-0.011688,0.027823,0.349494,0.229178,0.011253,0.014461,0.973212,707
98.0463,inicio,True,53.4329,33.322,4.180,17.017,True,320,240,0,False,60.00,0.1000,-0.011081,0.027844,0.349732,0.229063,0.011498,0.013737,0.973247,708
98.1782,inicio,True,53.5662,33.322,6.508,13.671,True,320,240,0,False,60.00,0.1000,-0.011845,0.027719,0.349079,0.228924,0.010512,0.015240,0.973268,710
98.2782,inicio,True,53.6662,33.322,2.360,16.248,True,320,240,0,False,60.00,0.1000,-0.011662,0.028116,0.349221,0.229001,0.011818,0.015316,0.973234,711
98.4114,inicio,True,53.7995,33.324,7.115,12.310,True,320,240,0,False,60.00,0.1000,-0.011410,0.028600,0.349130,0.227481,0.013402,0.014855,0.973577,713
98.5115,inicio,True,53.8994,33.323,7.115,12.310,True,320,240,0,False,60.00,0.1000,-0.011410,0.028600,0.349130,0.227481,0.013402,0.014855,0.973577,713
98.6446,inicio,True,54.0327,33.322,5.145,15.637,True,320,240,0,False,60.00,0.1000,-0.011889,0.028779,0.348619,0.228161,0.008619,0.015571,0.973461,715
98.7778,inicio,True,54.1660,33.322,4.485,12.393,True,320,240,0,False,60.00,0.1000,-0.011927,0.029397,0.348858,0.226576,0.009279,0.014653,0.973839,716
98.8779,inicio,True,54.2660,33.322,5.298,13.270,True,320,240,0,False,60.00,0.1000,-0.011875,0.029254,0.348510,0.227062,0.008440,0.015623,0.973719,717
98.9781,inicio,True,54.3659,33.323,4.707,16.420,True,320,240,0,False,60.00,0.1000,-0.012322,0.028960,0.348232,0.227602,0.009422,0.015487,0.973585,718
99.1114,inicio,True,54.4992,33.323,2.595,12.288,True,320,240,0,False,60.00,0.1000,-0.013220,0.029476,0.347515,0.227745,0.009412,0.016383,0.973537,719
99.2449,inicio,True,54.6325,33.323,4.874,10.879,True,320,240,0,False,60.00,0.1000,-0.012353,0.030438,0.347385,0.225944,0.009836,0.015429,0.973968,720
99.3451,inicio,True,54.7325,33.322,2.162,16.549,True,320,240,0,False,60.00,0.1000,-0.011738,0.030899,0.346981,0.225713,0.012005,0.014161,0.974017,722
99.4474,inicio,True,54.8325,33.323,2.162,16.549,True,320,240,0,False,60.00,0.1000,-0.011738,0.030899,0.346981,0.225713,0.012005,0.014161,0.974017,722
99.5781,inicio,True,54.9657,33.322,6.608,21.067,True,320,240,0,False,60.00,0.1000,-0.012467,0.030205,0.347330,0.226644,0.008960,0.015517,0.973813,723
99.7115,inicio,True,55.0990,33.322,4.835,14.711,True,320,240,0,False,60.00,0.1000,-0.011479,0.030830,0.347863,0.226104,0.007617,0.014483,0.973966,725
99.8444,inicio,True,55.2323,33.322,4.995,12.904,True,320,240,0,False,60.00,0.1000,-0.011638,0.031191,0.347052,0.226457,0.010853,0.015055,0.973844,726
99.9444,inicio,True,55.3323,33.322,5.095,13.588,True,320,240,0,False,60.00,0.1000,-0.011661,0.031674,0.346632,0.225803,0.009031,0.015489,0.974008,727
100.0447,inicio,True,55.4323,33.323,4.639,14.224,True,320,240,0,False,60.00,0.1000,-0.011144,0.032188,0.346568,0.224268,0.010077,0.013309,0.974384,728
100.1773,inicio,True,55.5655,33.322,4.865,15.398,True,320,240,0,False,60.00,0.1000,-0.012001,0.032124,0.346595,0.222908,0.009321,0.013759,0.974698,729
100.2773,inicio,True,55.6655,33.323,6.628,15.201,True,320,240,0,False,60.00,0.1000,-0.013078,0.031478,0.346022,0.224083,0.010175,0.015614,0.974392,730
100.3776,inicio,True,55.7655,33.323,2.401,14.032,True,320,240,0,False,60.00,0.1000,-0.012858,0.030820,0.347157,0.224421,0.009693,0.015284,0.974324,731
100.5108,inicio,True,55.8988,33.323,5.078,16.613,True,320,240,0,False,60.00,0.1000,-0.012524,0.030589,0.346959,0.225281,0.012173,0.014788,0.974106,732
100.6445,inicio,True,56.0321,33.323,2.693,14.788,True,320,240,0,False,60.00,0.1000,-0.012417,0.030942,0.346743,0.226417,0.013231,0.014822,0.973828,734
100.7782,inicio,True,56.1654,33.323,2.899,13.953,True,320,240,0,False,60.00,0.1000,-0.012976,0.030974,0.346665,0.225338,0.012975,0.015121,0.974077,735
100.9110,inicio,True,56.2986,33.323,5.264,14.310,True,320,240,0,False,60.00,0.1000,-0.012172,0.030624,0.347682,0.224400,0.012582,0.014219,0.974312,737
101.0440,inicio,True,56.4319,33.323,5.215,18.790,True,320,240,0,False,60.00,0.1000,-0.012863,0.030074,0.347437,0.225960,0.012616,0.014871,0.973941,738
101.1772,inicio,True,56.5652,33.322,2.413,13.788,True,320,240,0,False,60.00,0.1000,-0.013466,0.030080,0.347040,0.226054,0.012668,0.015526,0.973909,739
101.2772,inicio,True,56.6652,33.322,2.469,15.711,True,320,240,0,False,60.00,0.1000,-0.012668,0.029294,0.348004,0.225240,0.012477,0.014686,0.974113,740
101.4103,inicio,True,56.7985,33.323,4.719,17.812,True,320,240,0,False,60.00,0.1000,-0.013214,0.029507,0.347665,0.226710,0.011629,0.016132,0.973759,741
101.5106,inicio,True,56.8984,33.322,3.586,10.849,True,320,240,0,False,60.00,0.1000,-0.012955,0.029630,0.347834,0.226227,0.012331,0.015762,0.973869,742
101.6442,inicio,True,57.0317,33.323,6.372,15.688,True,320,240,0,False,60.00,0.1000,-0.013136,0.029302,0.348023,0.226259,0.010494,0.016163,0.973876,743
101.7772,inicio,True,57.1651,33.324,4.826,13.832,True,320,240,0,False,60.00,0.1000,-0.013796,0.029394,0.347438,0.225882,0.013355,0.016612,0.973921,744
101.9101,inicio,True,57.2983,33.323,4.859,16.618,True,320,240,0,False,60.00,0.1000,-0.013020,0.028711,0.348179,0.227773,0.011699,0.015406,0.973522,746
102.0103,inicio,True,57.3983,33.323,2.305,16.089,True,320,240,0,False,60.00,0.1000,-0.012468,0.029430,0.348368,0.226822,0.010876,0.014779,0.973763,747
102.1436,inicio,True,57.5316,33.321,5.087,11.147,True,320,240,0,False,60.00,0.1000,-0.011351,0.029565,0.348296,0.228848,0.012748,0.013515,0.973285,749
102.2439,inicio,True,57.6315,33.321,5.087,11.147,True,320,240,0,False,60.00,0.1000,-0.011351,0.029565,0.348296,0.228848,0.012748,0.013515,0.973285,749
102.3771,inicio,True,57.7648,33.321,5.168,15.255,True,320,240,0,False,60.00,0.1000,-0.012354,0.030185,0.347439,0.227075,0.013137,0.013682,0.973693,750
102.5102,inicio,True,57.8981,33.322,4.810,14.307,True,320,240,0,False,60.00,0.1000,-0.011353,0.029470,0.348339,0.227930,0.010608,0.012612,0.973538,752
102.6437,inicio,True,58.0314,33.322,5.638,17.010,True,320,240,0,False,60.00,0.1000,-0.011939,0.029521,0.348000,0.227208,0.012524,0.012676,0.973683,753
102.7766,inicio,True,58.1647,33.324,2.771,16.435,True,320,240,0,False,60.00,0.1000,-0.012565,0.029530,0.347858,0.227558,0.012257,0.013906,0.973588,754
102.9097,inicio,True,58.2980,33.323,4.546,13.339,True,320,240,0,False,60.00,0.1000,-0.012318,0.029418,0.348260,0.228140,0.010995,0.012117,0.973491,755
103.0099,inicio,True,58.3980,33.322,4.808,17.231,True,320,240,0,False,60.00,0.1000,-0.012944,0.029726,0.347328,0.228329,0.013140,0.013025,0.973408,756
103.1430,inicio,True,58.5312,33.322,5.031,12.862,True,320,240,0,False,60.00,0.1000,-0.012631,0.028737,0.348125,0.228247,0.009883,0.012443,0.973474,757
103.2438,inicio,True,58.6312,33.322,5.421,15.610,True,320,240,0,False,60.00,0.1000,-0.013661,0.028818,0.347822,0.228631,0.008268,0.012894,0.973393,758
103.3762,inicio,True,58.7645,33.322,2.122,15.867,True,320,240,0,False,60.00,0.1000,-0.013358,0.028673,0.347835,0.229149,0.006644,0.013298,0.973278,759
103.4766,inicio,True,58.8645,33.323,4.709,18.678,True,320,240,0,False,60.00,0.1000,-0.013212,0.029100,0.347902,0.228876,0.005745,0.012111,0.973363,760
103.6100,inicio,True,58.9978,33.323,2.398,15.295,True,320,240,0,False,60.00,0.1000,-0.012952,0.031664,0.346322,0.226565,0.008305,0.010655,0.973903,762
103.7431,inicio,True,59.1311,33.323,5.390,20.725,True,320,240,0,False,60.00,0.1000,-0.015644,0.029385,0.345740,0.225656,0.006607,0.009649,0.974137,763
103.8434,inicio,True,59.2310,33.322,2.684,12.274,True,320,240,0,False,60.00,0.1000,-0.017960,0.026998,0.346393,0.231897,0.002549,0.010451,0.972681,764
103.9762,inicio,True,59.3643,33.322,5.228,12.454,True,320,240,0,False,60.00,0.1000,-0.018105,0.025358,0.347680,0.232811,0.002092,0.011835,0.972448,765
104.0766,inicio,True,59.4643,33.322,4.338,10.981,True,320,240,0,False,60.00,0.1000,-0.018078,0.025617,0.347328,0.234471,0.002594,0.011656,0.972050,766
104.2106,inicio,True,59.5976,33.322,5.491,15.509,True,320,240,0,False,60.00,0.1000,-0.018087,0.025607,0.346843,0.235322,0.002098,0.010526,0.971858,767
104.3428,inicio,True,59.7308,33.322,3.705,13.042,True,320,240,0,False,60.00,0.1000,-0.018577,0.027858,0.345681,0.232843,0.000286,0.010524,0.972457,768
104.4766,inicio,True,59.8642,33.325,5.316,14.497,True,320,240,0,False,60.00,0.1000,-0.017213,0.028888,0.345046,0.232593,0.003667,0.008588,0.972529,770
104.6093,inicio,True,59.9975,33.326,5.015,12.010,True,320,240,0,False,60.00,0.1000,-0.017895,0.029018,0.344456,0.230484,-0.003201,0.007952,0.973038,771
104.7094,inicio,True,60.0974,33.323,5.001,14.579,True,320,240,0,False,60.00,0.1000,-0.017276,0.029827,0.344354,0.233052,-0.002558,0.007674,0.972431,772
104.8095,inicio,True,60.1974,33.323,4.248,12.827,True,320,240,0,False,60.00,0.1000,-0.018061,0.030179,0.343602,0.232747,0.001080,0.008805,0.972497,773
104.9425,inicio,True,60.3307,33.323,5.804,12.446,True,320,240,0,False,60.00,0.1000,-0.018882,0.030187,0.343316,0.232811,0.000482,0.008737,0.972483,774
105.0436,inicio,True,60.4307,33.324,6.256,15.999,True,320,240,0,False,60.00,0.1000,-0.017458,0.030663,0.343230,0.230860,-0.003744,0.006070,0.972961,775
105.1761,inicio,True,60.5640,33.323,2.342,11.371,True,320,240,0,False,60.00,0.1000,-0.017905,0.030658,0.343191,0.230133,-0.007950,0.006069,0.973108,776
105.3090,inicio,True,60.6972,33.320,5.323,18.422,True,320,240,0,False,60.00,0.1000,-0.018955,0.029623,0.343518,0.230638,-0.002902,0.007487,0.973007,777
105.4099,inicio,True,60.7972,33.320,2.907,15.855,True,320,240,0,False,60.00,0.1000,-0.018758,0.028451,0.343963,0.235703,-0.001820,0.008130,0.971790,779
105.5425,inicio,True,60.9305,33.324,2.956,14.519,True,320,240,0,False,60.00,0.1000,-0.019305,0.028710,0.343738,0.234736,0.000409,0.008047,0.972026,780
105.6759,inicio,True,61.0638,33.323,5.570,12.825,True,320,240,0,False,60.00,0.1000,-0.018506,0.028354,0.344450,0.235727,-0.003733,0.006737,0.971789,782
105.7762,inicio,True,61.1637,33.322,5.570,12.825,True,320,240,0,False,60.00,0.1000,-0.018506,0.028354,0.344450,0.235727,-0.003733,0.006737,0.971789,782
105.9094,inicio,True,61.2970,33.322,4.900,11.953,True,320,240,0,False,60.00,0.1000,-0.019056,0.028076,0.344591,0.232992,-0.001819,0.007223,0.972450,784
106.0429,inicio,True,61.4303,33.323,5.807,20.082,True,320,240,0,False,60.00,0.1000,-0.018497,0.028183,0.344786,0.234466,-0.010783,0.006230,0.972045,785
106.1756,inicio,True,61.5636,33.322,2.862,12.168,True,320,240,0,False,60.00,0.1000,-0.018634,0.028168,0.345123,0.232267,-0.004717,0.006708,0.972617,786
106.2760,inicio,True,61.6635,33.321,4.810,12.650,True,320,240,0,False,60.00,0.1000,-0.017824,0.028888,0.344392,0.233740,0.001449,0.007217,0.972271,788
106.3765,inicio,True,61.7636,33.323,4.810,12.650,True,320,240,0,False,60.00,0.1000,-0.017824,0.028888,0.344392,0.233740,0.001449,0.007217,0.972271,788
106.5089,inicio,True,61.8968,33.322,5.340,12.716,True,320,240,0,False,60.00,0.1000,-0.018356,0.028467,0.344867,0.235487,-0.002995,0.007560,0.971843,790
106.6108,inicio,True,61.9968,33.321,5.449,18.838,True,320,240,0,False,60.00,0.1000,-0.017905,0.028777,0.344886,0.234041,-0.000835,0.005876,0.972209,791
106.7422,inicio,True,62.1301,33.322,2.914,14.775,True,320,240,0,False,60.00,0.1000,-0.017959,0.028018,0.344976,0.232231,-0.008649,0.005627,0.972606,792
106.8429,inicio,True,62.2300,33.321,2.914,14.775,True,320,240,0,False,60.00,0.1000,-0.017959,0.028018,0.344976,0.232231,-0.008649,0.005627,0.972606,792
106.9756,inicio,True,62.3633,33.323,5.361,15.701,True,320,240,0,False,60.00,0.1000,-0.017433,0.027727,0.345620,0.232297,-0.001022,0.006453,0.972623,793
107.1086,inicio,True,62.4966,33.322,5.085,16.280,True,320,240,0,False,60.00,0.1000,-0.017737,0.028172,0.344294,0.235485,-0.005029,0.006403,0.971844,795
107.2419,inicio,True,62.6299,33.321,3.064,20.745,True,320,240,0,False,60.00,0.1000,-0.017481,0.027580,0.345383,0.231928,0.000596,0.006132,0.972714,796
107.3751,inicio,True,62.7632,33.322,4.887,19.880,True,320,240,0,False,60.00,0.1000,-0.018039,0.027250,0.345201,0.234486,-0.001301,0.006611,0.972096,797
107.4754,inicio,True,62.8632,33.322,2.268,11.960,True,320,240,0,False,60.00,0.1000,-0.016667,0.027996,0.345348,0.233404,-0.002909,0.004912,0.972363,799
107.5757,inicio,True,62.9631,33.322,2.594,12.160,True,320,240,0,False,60.00,0.1000,-0.016278,0.028431,0.344948,0.236627,-0.002105,0.005757,0.971581,800
107.6763,inicio,True,63.0631,33.322,6.369,16.876,True,320,240,0,False,60.00,0.1000,-0.016442,0.028479,0.345767,0.233368,-0.001420,0.006706,0.972364,801
107.8082,inicio,True,63.1964,33.322,2.070,15.304,True,320,240,0,False,60.00,0.1000,-0.015856,0.028460,0.346004,0.234051,-0.008163,0.005183,0.972176,802
107.9086,inicio,True,63.2964,33.322,4.844,16.974,True,320,240,0,False,60.00,0.1000,-0.015826,0.029202,0.345764,0.230403,0.002266,0.005532,0.973077,803
108.0417,inicio,True,63.4297,33.323,3.341,15.624,True,320,240,0,False,60.00,0.1000,-0.015668,0.029832,0.344689,0.232276,0.000749,0.005578,0.972634,804
108.1751,inicio,True,63.5629,33.323,5.063,16.554,True,320,240,0,False,60.00,0.1000,-0.015135,0.029641,0.345576,0.230446,-0.005370,0.004006,0.973062,805
108.3082,inicio,True,63.6962,33.322,5.610,15.388,True,320,240,0,False,60.00,0.1000,-0.016130,0.029620,0.344842,0.229615,-0.004154,0.004837,0.973261,806
108.4417,inicio,True,63.8295,33.322,2.316,15.231,True,320,240,0,False,60.00,0.1000,-0.016794,0.028806,0.345111,0.236618,0.000350,0.005887,0.971585,807
108.5749,inicio,True,63.9628,33.322,5.004,15.392,True,320,240,0,False,60.00,0.1000,-0.016442,0.028350,0.346024,0.232784,-0.005738,0.005198,0.972498,808
108.6755,inicio,True,64.0628,33.323,2.678,13.103,True,320,240,0,False,60.00,0.1000,-0.016584,0.028278,0.345557,0.233966,-0.007873,0.005391,0.972198,810
108.8078,inicio,True,64.1961,33.322,5.241,18.129,True,320,240,0,False,60.00,0.1000,-0.015469,0.029063,0.345205,0.232459,0.003878,0.004626,0.972588,811
108.9081,inicio,True,64.2960,33.323,4.566,16.589,True,320,240,0,False,60.00,0.1000,-0.014675,0.028723,0.345608,0.234562,0.001851,0.004282,0.972090,812
109.0097,inicio,True,64.3960,33.322,4.559,15.013,True,320,240,0,False,60.00,0.1000,-0.016918,0.028452,0.345071,0.235824,-0.001452,0.005987,0.971776,813
109.1418,inicio,True,64.5294,33.326,2.378,14.923,True,320,240,0,False,60.00,0.1000,-0.016123,0.030229,0.344568,0.232483,0.001868,0.005569,0.972583,814
109.2747,inicio,True,64.6627,33.325,5.557,15.579,True,320,240,0,False,60.00,0.1000,-0.016021,0.030666,0.344113,0.230072,0.002665,0.005191,0.973156,815
109.4080,inicio,True,64.7959,33.322,5.248,16.991,True,320,240,0,False,60.00,0.1000,-0.015988,0.028891,0.345634,0.231582,0.004360,0.006366,0.972785,816
109.5082,inicio,True,64.8958,33.321,5.248,16.991,True,320,240,0,False,60.00,0.1000,-0.015988,0.028891,0.345634,0.231582,0.004360,0.006366,0.972785,816
109.6416,inicio,True,65.0291,33.321,3.238,15.309,True,320,240,0,False,60.00,0.1000,-0.016681,0.027386,0.346522,0.235785,0.005447,0.006651,0.971767,817
109.7741,inicio,True,65.1624,33.321,3.026,14.683,True,320,240,0,False,60.00,0.1000,-0.015281,0.028884,0.347946,0.234770,-0.004156,0.005083,0.972029,819
109.8743,inicio,True,65.2624,33.323,5.345,17.457,True,320,240,0,False,60.00,0.1000,-0.015765,0.028620,0.346180,0.233947,-0.002031,0.006030,0.972229,820
109.9745,inicio,True,65.3624,33.323,3.492,13.532,True,320,240,0,False,60.00,0.1000,-0.015563,0.028114,0.344981,0.232236,-0.001056,0.005814,0.972642,821
110.1078,inicio,True,65.4957,33.323,2.330,13.550,True,320,240,0,False,60.00,0.1000,-0.015371,0.027614,0.342811,0.231490,-0.002383,0.005735,0.972817,822
110.2408,inicio,True,65.6289,33.323,5.338,14.292,True,320,240,0,False,60.00,0.1000,-0.014505,0.026968,0.347515,0.234992,-0.002929,0.004950,0.971980,824
110.3410,inicio,True,65.7289,33.322,2.558,16.136,True,320,240,0,False,60.00,0.1000,-0.014660,0.026723,0.348338,0.235611,0.004058,0.005521,0.971823,825
110.4741,inicio,True,65.8622,33.321,6.746,13.020,True,320,240,0,False,60.00,0.1000,-0.014689,0.026891,0.347355,0.236789,-0.002280,0.004415,0.971549,826
110.6078,inicio,True,65.9956,33.330,5.699,14.353,True,320,240,0,False,60.00,0.1000,-0.013475,0.027257,0.347279,0.233517,0.004910,0.004240,0.972331,828
110.7080,inicio,True,66.0955,33.324,2.431,14.267,True,320,240,0,False,60.00,0.1000,-0.013036,0.026937,0.347997,0.236095,0.000006,0.004055,0.971722,829
110.8416,inicio,True,66.2287,33.322,5.362,19.329,True,320,240,0,False,60.00,0.1000,-0.014361,0.026984,0.347766,0.234110,-0.000464,0.004659,0.972199,830
110.9741,inicio,True,66.3621,33.323,5.263,17.201,True,320,240,0,False,60.00,0.1000,-0.014858,0.026434,0.348024,0.234898,0.006824,0.007390,0.971968,831
111.0746,inicio,True,66.4620,33.322,2.907,13.409,True,320,240,0,False,60.00,0.1000,-0.012865,0.025668,0.349693,0.236595,0.002970,0.005266,0.971590,833
111.2072,inicio,True,66.5953,33.321,5.208,15.706,True,320,240,0,False,60.00,0.1000,-0.012042,0.025652,0.350325,0.235183,0.008926,0.005920,0.971892,834
111.3406,inicio,True,66.7286,33.323,5.054,14.063,True,320,240,0,False,60.00,0.1000,-0.012986,0.026116,0.349296,0.234921,0.011060,0.008032,0.971918,835
111.4739,inicio,True,66.8619,33.322,2.949,13.588,True,320,240,0,False,60.00,0.1000,-0.013052,0.023004,0.349287,0.236308,0.011663,0.009932,0.971557,837
111.6074,inicio,True,66.9952,33.323,2.346,13.560,True,320,240,0,False,60.00,0.1000,-0.014109,0.020408,0.350212,0.234815,0.009783,0.013037,0.971903,838
111.7404,inicio,True,67.1284,33.321,5.896,17.031,True,320,240,0,False,60.00,0.1000,-0.013585,0.017100,0.352374,0.243178,0.012016,0.012185,0.969831,839
111.8418,inicio,True,67.2284,33.323,5.444,20.601,True,320,240,0,False,60.00,0.1000,-0.016467,0.018522,0.350795,0.243118,0.009179,0.012097,0.969878,840
111.9737,inicio,True,67.3617,33.322,2.720,13.456,True,320,240,0,False,60.00,0.1000,-0.015427,0.017493,0.351242,0.245530,0.007995,0.012578,0.969275,842
112.0745,inicio,True,67.4617,33.323,5.776,11.576,True,320,240,0,False,60.00,0.1000,-0.016278,0.021681,0.348892,0.239339,0.008922,0.009239,0.970851,843
112.2075,inicio,True,67.5950,33.322,5.323,16.452,True,320,240,0,False,60.00,0.1000,-0.015181,0.019528,0.350573,0.241599,0.007566,0.011118,0.970283,844
112.3406,inicio,True,67.7282,33.321,2.460,13.073,True,320,240,0,False,60.00,0.1000,-0.011013,0.021227,0.350921,0.243749,0.008222,0.006517,0.969782,845
112.4409,inicio,True,67.8283,33.324,2.460,13.073,True,320,240,0,False,60.00,0.1000,-0.011013,0.021227,0.350921,0.243749,0.008222,0.006517,0.969782,845
112.5742,inicio,True,67.9615,33.322,5.812,18.404,True,320,240,0,False,60.00,0.1000,-0.011093,0.024044,0.349135,0.238150,0.002587,0.004757,0.971213,846
112.7067,inicio,True,68.0948,33.322,3.032,17.499,True,320,240,0,False,60.00,0.1000,-0.011363,0.023449,0.350214,0.238205,0.009151,0.005460,0.971156,847
112.8069,inicio,True,68.1948,33.323,2.719,14.299,True,320,240,0,False,60.00,0.1000,-0.012692,0.020238,0.352874,0.240679,0.008409,0.007675,0.970538,848
112.9402,inicio,True,68.3281,33.323,4.901,16.865,True,320,240,0,False,60.00,0.1000,-0.011720,0.020254,0.354722,0.243019,0.007647,0.007226,0.969964,849
113.0402,inicio,True,68.4280,33.323,4.169,13.300,True,320,240,0,False,60.00,0.1000,-0.011644,0.020294,0.353443,0.244465,0.009766,0.006246,0.969589,850
113.1403,inicio,True,68.5280,33.323,6.182,10.901,True,320,240,0,False,60.00,0.1000,-0.012563,0.020056,0.353264,0.242640,0.008078,0.007328,0.970055,851
113.2733,inicio,True,68.6613,33.322,6.152,11.153,True,320,240,0,False,60.00,0.1000,-0.011549,0.020193,0.353609,0.244899,0.007126,0.006694,0.969499,852
113.4065,inicio,True,68.7946,33.323,4.245,18.083,True,320,240,0,False,60.00,0.1000,-0.010922,0.019915,0.354179,0.243595,0.008330,0.005144,0.969828,853
113.5404,inicio,True,68.9279,33.322,2.334,12.681,True,320,240,0,False,60.00,0.1000,-0.013436,0.019561,0.353204,0.243771,0.007461,0.008244,0.969769,855
113.6734,inicio,True,69.0613,33.328,5.244,18.554,True,320,240,0,False,60.00,0.1000,-0.011518,0.018964,0.354777,0.243451,0.009870,0.007438,0.969835,856
113.8063,inicio,True,69.1944,33.322,5.389,17.663,True,320,240,0,False,60.00,0.1000,-0.011905,0.019592,0.354107,0.245638,0.010321,0.006684,0.969284,857
113.9064,inicio,True,69.2944,33.322,4.846,16.786,True,320,240,0,False,60.00,0.1000,-0.012924,0.020306,0.353120,0.241014,0.011750,0.005835,0.970433,858
114.0070,inicio,True,69.3944,33.322,2.370,14.401,True,320,240,0,False,60.00,0.1000,-0.010413,0.019882,0.354642,0.243322,0.004106,0.004774,0.969925,860
114.1398,inicio,True,69.5277,33.322,6.061,14.261,True,320,240,0,False,60.00,0.1000,-0.010855,0.018989,0.354738,0.245129,0.012705,0.007366,0.969379,861
114.2731,inicio,True,69.6609,33.321,4.889,17.464,True,320,240,0,False,60.00,0.1000,-0.011405,0.019085,0.354451,0.245436,0.013247,0.007265,0.969295,862
114.4068,inicio,True,69.7942,33.322,2.705,12.660,True,320,240,0,False,60.00,0.1000,-0.012421,0.018646,0.354998,0.244266,0.010045,0.006187,0.969636,864
114.5399,inicio,True,69.9275,33.323,4.458,16.522,True,320,240,0,False,60.00,0.1000,-0.012890,0.018808,0.354430,0.244394,0.010502,0.006811,0.969595,865
114.6727,inicio,True,70.0608,33.323,5.144,14.230,True,320,240,0,False,60.00,0.1000,-0.011842,0.018825,0.354799,0.245007,0.012121,0.005903,0.969428,866
114.7735,inicio,True,70.1608,33.323,2.275,13.313,True,320,240,0,False,60.00,0.1000,-0.011754,0.019029,0.354807,0.244702,0.011476,0.006755,0.969507,867
114.8737,inicio,True,70.2608,33.323,5.101,16.975,True,320,240,0,False,60.00,0.1000,-0.011534,0.018157,0.356066,0.243137,0.005845,0.004034,0.969966,868
115.0062,inicio,True,70.3941,33.323,4.695,15.826,True,320,240,0,False,60.00,0.1000,-0.012780,0.017635,0.355775,0.245521,0.013564,0.006688,0.969273,869
115.1400,inicio,True,70.5274,33.323,2.555,16.098,True,320,240,0,False,60.00,0.1000,-0.012519,0.016591,0.356019,0.245175,0.008217,0.004260,0.969435,871
115.2724,inicio,True,70.6606,33.321,7.458,19.528,True,320,240,0,False,60.00,0.1000,-0.014049,0.016114,0.355417,0.249497,0.010216,0.008019,0.968288,872
115.3725,inicio,True,70.7606,33.321,7.458,19.528,True,320,240,0,False,60.00,0.1000,-0.014049,0.016114,0.355417,0.249497,0.010216,0.008019,0.968288,872
115.4732,inicio,True,70.8605,33.321,5.410,18.192,True,320,240,0,False,60.00,0.1000,-0.015020,0.015251,0.355678,0.247837,0.007175,0.007966,0.968742,874
115.6062,inicio,True,70.9939,33.324,2.711,16.979,True,320,240,0,False,60.00,0.1000,-0.014518,0.013540,0.357062,0.247967,0.007042,0.008591,0.968705,875
115.7396,inicio,True,71.1272,33.323,5.617,18.841,True,320,240,0,False,60.00,0.1000,-0.014828,0.012802,0.357027,0.252412,0.010376,0.008079,0.967531,876
115.8723,inicio,True,71.2604,33.323,2.214,15.738,True,320,240,0,False,60.00,0.1000,-0.015129,0.012475,0.356908,0.252957,0.009378,0.009715,0.967383,877
115.9724,inicio,True,71.3604,33.322,2.214,15.738,True,320,240,0,False,60.00,0.1000,-0.015129,0.012475,0.356908,0.252957,0.009378,0.009715,0.967383,877
116.0725,inicio,True,71.4604,33.322,4.123,10.999,True,320,240,0,False,60.00,0.1000,-0.014868,0.011685,0.357697,0.251692,0.005454,0.008393,0.967756,879
116.1729,inicio,True,71.5603,33.322,4.123,10.999,True,320,240,0,False,60.00,0.1000,-0.014868,0.011685,0.357697,0.251692,0.005454,0.008393,0.967756,879
116.3054,inicio,True,71.6936,33.323,5.970,12.394,True,320,240,0,False,60.00,0.1000,-0.015584,0.010857,0.358033,0.252676,0.007826,0.009727,0.967471,880
116.4389,inicio,True,71.8270,33.324,4.654,16.997,True,320,240,0,False,60.00,0.1000,-0.015615,0.010298,0.358169,0.253989,0.006340,0.009941,0.967135,881
116.5390,inicio,True,71.9269,33.323,2.183,11.377,True,320,240,0,False,60.00,0.1000,-0.015035,0.011827,0.357568,0.252724,0.005615,0.007432,0.967493,882
116.6723,inicio,True,72.0602,33.324,4.069,16.263,True,320,240,0,False,60.00,0.1000,-0.015748,0.010787,0.357638,0.255070,0.010071,0.009186,0.966826,884
116.8050,inicio,True,72.1935,33.321,2.202,14.673,True,320,240,0,False,60.00,0.1000,-0.015152,0.010753,0.357458,0.255256,0.009264,0.009632,0.966781,885
116.9113,inicio,True,72.2934,36.653,2.202,14.673,True,320,240,0,False,60.00,0.1000,-0.015152,0.010753,0.357458,0.255256,0.009264,0.009632,0.966781,885
117.0383,inicio,True,72.4267,36.035,4.699,16.919,True,320,240,0,False,60.00,0.1000,-0.015404,0.011105,0.355542,0.254144,0.006775,0.009190,0.967099,887
117.1384,inicio,True,72.5267,35.649,4.965,11.360,True,320,240,0,False,60.00,0.1000,-0.014816,0.010786,0.355093,0.254341,0.009546,0.009606,0.967020,888
117.2717,inicio,True,72.6600,35.216,6.036,10.236,True,320,240,0,False,60.00,0.1000,-0.014835,0.010296,0.359654,0.253140,0.005739,0.009305,0.967368,889
117.4051,inicio,True,72.7933,34.867,2.599,12.000,True,320,240,0,False,60.00,0.1000,-0.014881,0.010652,0.357864,0.253642,0.008822,0.009960,0.967207,891
117.5389,inicio,True,72.9266,34.580,2.956,17.976,True,320,240,0,False,60.00,0.1000,-0.014668,0.010746,0.357948,0.253865,0.011341,0.009017,0.967131,893
117.6722,inicio,True,73.0598,34.346,2.998,18.272,True,320,240,0,False,60.00,0.1000,-0.014338,0.011652,0.357959,0.251625,0.007072,0.007297,0.967772,894
117.8051,inicio,True,73.1931,34.157,4.789,17.443,True,320,240,0,False,60.00,0.1000,-0.013817,0.011720,0.358052,0.250978,0.006157,0.006979,0.967948,895
117.9388,inicio,True,73.3264,34.001,2.531,14.050,True,320,240,0,False,60.00,0.1000,-0.014012,0.011578,0.357698,0.250903,0.006834,0.004929,0.967976,897
