seconds,phase,visible,playback_s,frame_ms,image_ms,detect_ms,rt,width,height,rotation,mirrored,sensor_fov,tag_m,x,y,z,qx,qy,qz,qw,processed_frames
3.7956,inicio,False,0.0000,104.631,0.000,0.000,True,0,0,0,False,60.00,0.1000,0.000000,0.000000,0.000000,0.000000,0.000000,0.000000,1.000000,0
6.2551,inicio,False,0.0000,307.315,0.000,0.000,True,0,0,0,False,60.00,0.1000,0.000000,0.000000,0.000000,0.000000,0.000000,0.000000,1.000000,0
7.0195,inicio,False,0.0000,288.192,5.676,1.696,True,320,240,90,False,60.00,0.1000,0.000000,0.000000,0.000000,0.000000,0.000000,0.000000,1.000000,2
7.1252,inicio,False,0.0000,251.841,21.971,7.806,True,320,240,90,False,60.00,0.1000,0.000000,0.000000,0.000000,0.000000,0.000000,0.000000,1.000000,4
7.2540,inicio,False,0.0000,211.308,17.111,4.340,True,320,240,90,False,60.00,0.1000,0.000000,0.000000,0.000000,0.000000,0.000000,0.000000,1.000000,6
7.3858,inicio,False,0.0000,178.298,18.579,5.528,True,320,240,90,False,60.00,0.1000,0.000000,0.000000,0.000000,0.000000,0.000000,0.000000,1.000000,8
7.4967,inicio,False,0.0000,157.626,24.877,4.015,True,320,240,90,False,60.00,0.1000,0.000000,0.000000,0.000000,0.000000,0.000000,0.000000,1.000000,9
7.5981,inicio,False,0.0000,139.889,26.865,14.780,True,320,240,90,False,60.00,0.1000,0.000000,0.000000,0.000000,0.000000,0.000000,0.000000,1.000000,11
7.7026,inicio,False,0.0000,125.433,7.833,4.554,True,320,240,90,False,60.00,0.1000,0.000000,0.000000,0.000000,0.000000,0.000000,0.000000,1.000000,12
7.8041,inicio,False,0.0000,112.301,19.931,1.815,True,320,240,90,False,60.00,0.1000,0.000000,0.000000,0.000000,0.000000,0.000000,0.000000,1.000000,14
7.9356,inicio,False,0.0000,97.658,21.459,3.724,True,320,240,90,False,60.00,0.1000,0.000000,0.000000,0.000000,0.000000,0.000000,0.000000,1.000000,16
8.0447,inicio,False,0.0000,88.472,14.596,1.799,True,320,240,90,False,60.00,0.1000,0.000000,0.000000,0.000000,0.000000,0.000000,0.000000,1.000000,18
8.1814,inicio,False,0.0000,78.245,24.713,5.721,True,320,240,90,False,60.00,0.1000,0.000000,0.000000,0.000000,0.000000,0.000000,0.000000,1.000000,19
8.3035,inicio,False,0.0000,69.919,18.101,2.035,True,320,240,90,False,60.00,0.1000,0.000000,0.000000,0.000000,0.000000,0.000000,0.000000,1.000000,21
8.4377,inicio,False,0.0000,63.125,21.831,2.474,True,320,240,90,False,60.00,0.1000,0.000000,0.000000,0.000000,0.000000,0.000000,0.000000,1.000000,23
8.5770,inicio,False,0.0000,57.605,23.436,4.575,True,320,240,90,False,60.00,0.1000,0.000000,0.000000,0.000000,0.000000,0.000000,0.000000,1.000000,25
8.7141,inicio,False,0.0000,53.094,11.635,7.213,True,320,240,90,False,60.00,0.1000,0.000000,0.000000,0.000000,0.000000,0.000000,0.000000,1.000000,28
8.8401,inicio,False,0.0000,49.421,18.829,2.852,True,320,240,90,False,60.00,0.1000,0.000000,0.000000,0.000000,0.000000,0.000000,0.000000,1.000000,29
8.9721,inicio,False,0.0000,46.437,22.969,2.186,True,320,240,90,False,60.00,0.1000,0.000000,0.000000,0.000000,0.000000,0.000000,0.000000,1.000000,31
9.1145,inicio,False,0.0000,44.033,28.062,5.390,True,320,240,90,False,60.00,0.1000,0.000000,0.000000,0.000000,0.000000,0.000000,0.000000,1.000000,33
9.2477,inicio,False,0.0000,42.047,11.788,2.032,True,320,240,90,False,60.00,0.1000,0.000000,0.000000,0.000000,0.000000,0.000000,0.000000,1.000000,36
9.3770,inicio,False,0.0000,40.430,19.163,2.114,True,320,240,90,False,60.00,0.1000,0.000000,0.000000,0.000000,0.000000,0.000000,0.000000,1.000000,38
9.5089,inicio,False,0.0000,39.131,20.255,9.801,True,320,240,90,False,60.00,0.1000,0.000000,0.000000,0.000000,0.000000,0.000000,0.000000,1.000000,39
9.6127,inicio,False,0.0000,38.284,18.573,8.940,True,320,240,90,False,60.00,0.1000,0.000000,0.000000,0.000000,0.000000,0.000000,0.000000,1.000000,41
9.7145,inicio,False,0.0000,37.563,11.200,1.806,True,320,240,90,False,60.00,0.1000,0.000000,0.000000,0.000000,0.000000,0.000000,0.000000,1.000000,43
9.8348,inicio,False,0.0000,36.787,20.933,2.161,True,320,240,90,False,60.00,0.1000,0.000000,0.000000,0.000000,0.000000,0.000000,0.000000,1.000000,44
9.9379,inicio,False,0.0000,36.296,2.085,1.495,True,320,240,90,False,60.00,0.1000,0.000000,0.000000,0.000000,0.000000,0.000000,0.000000,1.000000,46
10.0680,inicio,False,0.0000,35.743,24.233,8.577,True,320,240,90,False,60.00,0.1000,0.000000,0.000000,0.000000,0.000000,0.000000,0.000000,1.000000,48
10.1694,inicio,False,0.0000,35.394,10.953,3.077,True,320,240,90,False,60.00,0.1000,0.000000,0.000000,0.000000,0.000000,0.000000,0.000000,1.000000,49
10.2715,inicio,False,0.0000,35.102,17.562,1.692,True,320,240,90,False,60.00,0.1000,0.000000,0.000000,0.000000,0.000000,0.000000,0.000000,1.000000,51
10.4014,inicio,False,0.0000,34.770,21.863,1.572,True,320,240,90,False,60.00,0.1000,0.000000,0.000000,0.000000,0.000000,0.000000,0.000000,1.000000,52
10.5019,inicio,False,0.0000,34.562,1.146,6.057,True,320,240,90,False,60.00,0.1000,0.000000,0.000000,0.000000,0.000000,0.000000,0.000000,1.000000,54
10.6060,inicio,False,0.0000,34.388,14.494,5.473,True,320,240,90,False,60.00,0.1000,0.000000,0.000000,0.000000,0.000000,0.000000,0.000000,1.000000,56
10.7088,inicio,False,0.0000,34.235,14.590,4.858,True,320,240,90,False,60.00,0.1000,0.000000,0.000000,0.000000,0.000000,0.000000,0.000000,1.000000,58
10.8362,inicio,False,0.0000,34.065,20.702,1.469,True,320,240,90,False,60.00,0.1000,0.000000,0.000000,0.000000,0.000000,0.000000,0.000000,1.000000,59
10.9431,inicio,False,0.0000,35.666,7.052,26.279,True,320,240,90,False,60.00,0.1000,0.000000,0.000000,0.000000,0.000000,0.000000,0.000000,1.000000,61
11.0595,inicio,False,0.0000,37.064,7.245,40.960,True,320,240,90,False,60.00,0.1000,0.000000,0.000000,0.000000,0.000000,0.000000,0.000000,1.000000,62
11.1961,inicio,False,0.0000,39.012,10.624,34.411,True,320,240,90,False,60.00,0.1000,0.000000,0.000000,0.000000,0.000000,0.000000,0.000000,1.000000,65
11.3064,inicio,False,0.0000,40.907,11.139,24.327,True,320,240,90,False,60.00,0.1000,0.000000,0.000000,0.000000,0.000000,0.000000,0.000000,1.000000,66
11.4546,inicio,False,0.0000,40.289,9.003,23.208,True,320,240,90,False,60.00,0.1000,0.000000,0.000000,0.000000,0.000000,0.000000,0.000000,1.000000,69
11.8672,inicio,False,0.0000,58.247,9.003,23.208,True,320,240,90,False,60.00,0.1000,0.000000,0.000000,0.000000,0.000000,0.000000,0.000000,1.000000,69
12.3435,inicio,False,0.0000,76.938,24.723,110.894,True,320,240,90,False,60.00,0.1000,0.000000,0.000000,0.000000,0.000000,0.000000,0.000000,1.000000,71
12.5690,inicio,True,0.2235,84.266,973.667,73.171,True,320,240,0,False,60.00,0.1000,-0.029039,-0.059635,0.310228,0.557694,-0.015414,0.001488,0.829902,72
13.6978,inicio,True,1.3551,136.632,7.893,36.095,True,320,240,0,False,60.00,0.1000,-0.000672,-0.087798,0.336316,0.571883,-0.015727,-0.004614,0.820172,73
13.8192,inicio,True,1.4715,135.620,17.510,27.725,True,320,240,0,False,60.00,0.1000,0.005845,-0.095368,0.342407,0.558608,-0.004512,0.001316,0.829419,74
13.9491,inicio,True,1.6048,128.898,24.127,50.123,True,320,240,0,False,60.00,0.1000,0.031913,-0.118774,0.350668,0.586324,0.039073,0.012631,0.809035,76
14.0528,inicio,True,1.7048,127.451,12.681,41.131,True,320,240,0,False,60.00,0.1000,0.018669,-0.119094,0.351754,0.592984,0.022071,0.019226,0.804683,77
14.2627,inicio,True,1.9051,124.873,22.981,48.942,True,320,240,0,False,60.00,0.1000,0.019450,-0.120349,0.358199,0.598393,0.026853,0.024060,0.800391,79
14.4195,inicio,False,2.0061,120.815,13.471,20.820,True,320,240,0,False,60.00,0.1000,0.019450,-0.120349,0.358199,0.598393,0.026853,0.024060,0.800391,81
14.5391,inicio,True,2.1224,114.725,10.130,43.162,True,320,240,0,False,60.00,0.1000,-0.006257,-0.079162,0.364054,0.565296,0.002181,0.023632,0.824547,83
14.6722,inicio,True,2.2556,109.989,12.450,36.280,True,320,240,0,False,60.00,0.1000,-0.008937,-0.063942,0.363278,0.551717,-0.004179,0.017799,0.833831,85
14.8064,inicio,True,2.3890,105.772,16.006,37.700,True,320,240,0,False,60.00,0.1000,-0.008048,-0.048323,0.359613,0.543276,-0.006369,0.011471,0.839452,87
14.9482,inicio,True,2.5388,102.741,15.774,29.246,True,320,240,0,False,60.00,0.1000,-0.012115,-0.038869,0.348588,0.538930,-0.012342,0.011280,0.842185,89
15.0934,inicio,True,2.6720,99.214,17.094,30.135,True,320,240,0,False,60.00,0.1000,-0.014900,-0.033975,0.352571,0.536251,-0.016423,0.009410,0.843847,91
15.2105,inicio,True,2.7886,95.204,14.672,35.586,True,320,240,0,False,60.00,0.1000,-0.013097,-0.031631,0.353183,0.535916,-0.013924,0.009352,0.844105,93
15.3616,inicio,True,2.9551,94.039,23.032,55.272,True,320,240,0,False,60.00,0.1000,-0.010314,-0.028769,0.355368,0.533777,-0.007630,0.002999,0.845586,95
15.4622,inicio,True,3.0550,94.331,15.057,37.268,True,320,240,0,False,60.00,0.1000,-0.015972,-0.027961,0.355000,0.532055,-0.011736,0.007162,0.846598,96
15.6522,inicio,True,3.2380,94.120,23.223,41.125,True,320,240,0,False,60.00,0.1000,-0.016427,-0.028905,0.354917,0.532278,-0.009709,0.007466,0.846481,98
15.8287,inicio,True,3.4055,93.107,18.844,57.806,True,320,240,0,False,60.00,0.1000,-0.025142,-0.032337,0.348903,0.538699,-0.016912,0.011718,0.842247,100
16.0001,inicio,True,3.5885,92.934,9.431,46.258,True,320,240,0,False,60.00,0.1000,-0.050221,-0.040210,0.341876,0.545949,-0.037999,0.026482,0.836537,102
16.2231,inicio,True,3.8051,94.491,21.150,28.019,True,320,240,0,False,60.00,0.1000,-0.074169,-0.038954,0.337585,0.541480,-0.052677,0.036931,0.838249,104
16.3807,inicio,True,3.9716,93.440,9.148,52.544,True,320,240,0,False,60.00,0.1000,-0.090877,-0.038305,0.339063,0.534805,-0.066681,0.047440,0.841003,106
16.5163,inicio,True,4.1049,90.826,12.014,24.908,True,320,240,0,False,60.00,0.1000,-0.086267,-0.042776,0.340299,0.539341,-0.059611,0.048132,0.838595,108
16.6399,inicio,True,4.2215,83.377,7.032,24.570,True,320,240,0,False,60.00,0.1000,-0.085350,-0.043118,0.340686,0.539274,-0.056859,0.047340,0.838874,109
16.7442,inicio,True,4.3380,77.022,9.138,31.567,True,320,240,0,False,60.00,0.1000,-0.085975,-0.044133,0.340236,0.540801,-0.057313,0.047011,0.837878,111
16.8626,inicio,True,4.4545,75.213,11.824,23.333,True,320,240,0,False,60.00,0.1000,-0.088801,-0.046892,0.340214,0.541383,-0.059546,0.049764,0.837187,113
16.9776,inicio,True,4.5709,69.981,12.538,20.918,True,320,240,0,False,60.00,0.1000,-0.088601,-0.049641,0.341181,0.544176,-0.056108,0.051593,0.835501,114
17.0820,inicio,True,4.6711,68.082,19.454,38.071,True,320,240,0,False,60.00,0.1000,-0.086116,-0.053082,0.343697,0.548647,-0.048647,0.052878,0.832961,116
17.2237,inicio,True,4.8044,67.941,18.504,38.573,True,320,240,0,False,60.00,0.1000,-0.086062,-0.054735,0.344857,0.549684,-0.047562,0.053367,0.832309,118
17.3477,inicio,True,4.9376,67.772,0.954,34.224,True,320,240,0,False,60.00,0.1000,-0.087683,-0.055573,0.344718,0.549981,-0.046426,0.053539,0.832165,120
17.4647,inicio,True,5.0542,66.869,16.751,33.858,True,320,240,0,False,60.00,0.1000,-0.088212,-0.056986,0.345018,0.552663,-0.045715,0.053685,0.830417,122
17.6091,inicio,True,5.1882,66.882,12.115,42.656,True,320,240,0,False,60.00,0.1000,-0.087658,-0.057581,0.346791,0.552086,-0.044259,0.054114,0.830851,124
17.7480,inicio,True,5.3381,67.648,7.447,44.392,True,320,240,0,False,60.00,0.1000,-0.087450,-0.057927,0.345060,0.553062,-0.044844,0.054425,0.830150,126
17.8920,inicio,True,5.4714,67.506,22.312,46.443,True,320,240,0,False,60.00,0.1000,-0.087707,-0.057960,0.344906,0.553802,-0.044772,0.055362,0.829599,128
17.9958,inicio,True,5.5879,69.959,8.260,47.872,True,320,240,0,False,60.00,0.1000,-0.087349,-0.057844,0.344712,0.553749,-0.044553,0.054731,0.829688,129
18.1347,inicio,True,5.7211,69.628,13.893,33.006,True,320,240,0,False,60.00,0.1000,-0.087895,-0.057339,0.344720,0.552781,-0.045139,0.055383,0.830258,131
18.2718,inicio,True,5.8542,69.331,14.046,47.400,True,320,240,0,False,60.00,0.1000,-0.087845,-0.057787,0.343811,0.553693,-0.045371,0.055276,0.829644,133
18.4072,inicio,True,5.9874,69.023,32.999,35.855,True,320,240,0,False,60.00,0.1000,-0.088319,-0.057804,0.343375,0.554469,-0.044556,0.055530,0.829154,135
18.5655,inicio,True,6.1540,70.370,37.841,33.459,True,320,240,0,False,60.00,0.1000,-0.088415,-0.057273,0.344263,0.552580,-0.047063,0.055195,0.830298,137
18.7065,inicio,True,6.2872,69.962,1.671,29.063,True,320,240,0,False,60.00,0.1000,-0.088415,-0.057273,0.344263,0.552580,-0.047063,0.055195,0.830298,138
18.8527,inicio,True,6.4372,67.152,11.912,31.031,True,320,240,0,False,60.00,0.1000,-0.091068,-0.056307,0.342279,0.552461,-0.050153,0.055876,0.830150,141
18.9814,inicio,True,6.5706,67.112,7.565,31.900,True,320,240,0,False,60.00,0.1000,-0.091265,-0.056212,0.342378,0.552130,-0.050223,0.055631,0.830383,142
19.1352,inicio,True,6.7205,64.748,12.290,26.690,True,320,240,0,False,60.00,0.1000,-0.091115,-0.056205,0.342387,0.552586,-0.050305,0.056378,0.830024,145
19.2472,inicio,True,6.8371,64.140,14.035,26.063,True,320,240,0,False,60.00,0.1000,-0.090854,-0.055512,0.342830,0.550813,-0.049613,0.057520,0.831165,147
19.3981,inicio,True,6.9870,62.160,13.813,34.872,True,320,240,0,False,60.00,0.1000,-0.091402,-0.055357,0.343245,0.550086,-0.049188,0.057124,0.831699,149
19.5375,inicio,True,7.1203,62.595,8.153,26.443,True,320,240,0,False,60.00,0.1000,-0.091193,-0.055296,0.343132,0.550078,-0.048791,0.057294,0.831716,151
19.6380,inicio,True,7.2202,61.365,16.377,26.766,True,320,240,0,False,60.00,0.1000,-0.090617,-0.055161,0.343167,0.550125,-0.048351,0.057020,0.831729,153
19.7737,inicio,True,7.3535,58.869,11.691,27.422,True,320,240,0,False,60.00,0.1000,-0.090617,-0.055000,0.343068,0.550342,-0.047790,0.056461,0.831656,155
19.9133,inicio,True,7.5036,57.566,18.322,31.264,True,320,240,0,False,60.00,0.1000,-0.089814,-0.054799,0.342767,0.550493,-0.046648,0.056304,0.831632,157
20.0631,inicio,True,7.6535,59.282,14.884,39.941,True,320,240,0,False,60.00,0.1000,-0.089233,-0.054710,0.342861,0.550646,-0.048073,0.055396,0.831510,159
20.2009,inicio,True,7.7905,60.186,7.459,30.773,True,320,240,0,False,60.00,0.1000,-0.089075,-0.055163,0.343344,0.550493,-0.046056,0.056266,0.831667,161
20.3037,inicio,True,7.8867,59.012,13.494,23.461,True,320,240,0,False,60.00,0.1000,-0.088390,-0.055184,0.343388,0.551095,-0.043610,0.054741,0.831502,162
20.4503,inicio,True,8.0368,57.770,13.322,24.763,True,320,240,0,False,60.00,0.1000,-0.087705,-0.055303,0.343262,0.550485,-0.043861,0.054537,0.831907,165
20.5735,inicio,True,8.1533,55.033,12.527,22.583,True,320,240,0,False,60.00,0.1000,-0.088402,-0.055628,0.342946,0.551661,-0.045266,0.055600,0.830981,167
20.6763,inicio,True,8.2701,52.692,22.091,27.419,True,320,240,0,False,60.00,0.1000,-0.088008,-0.056022,0.342523,0.552929,-0.045179,0.054688,0.830204,168
20.7918,inicio,True,8.3700,52.429,10.726,27.505,True,320,240,0,False,60.00,0.1000,-0.087812,-0.056510,0.342513,0.553292,-0.044786,0.054358,0.830005,170
20.8925,inicio,True,8.4699,52.188,12.861,24.005,True,320,240,0,False,60.00,0.1000,-0.088298,-0.056809,0.343159,0.552823,-0.044706,0.054115,0.830337,171
21.0147,inicio,True,8.6032,51.162,10.612,31.356,True,320,240,0,False,60.00,0.1000,-0.088033,-0.056786,0.343004,0.553128,-0.044406,0.053465,0.830192,173
21.1425,inicio,True,8.7365,52.714,11.375,26.551,True,320,240,0,False,60.00,0.1000,-0.088432,-0.057249,0.342690,0.553855,-0.045111,0.055098,0.829562,175
21.2468,inicio,True,8.8369,52.467,13.495,25.794,True,320,240,0,False,60.00,0.1000,-0.087092,-0.057978,0.342669,0.554869,-0.044965,0.052898,0.829036,177
21.3691,inicio,True,8.9536,50.490,5.842,23.024,True,320,240,0,False,60.00,0.1000,-0.086402,-0.057935,0.342615,0.555379,-0.043984,0.051984,0.828805,178
21.5087,inicio,True,9.0866,47.293,12.041,23.742,True,320,240,0,False,60.00,0.1000,-0.087421,-0.058196,0.342492,0.555380,-0.044833,0.052741,0.828711,181
21.6559,inicio,True,9.2364,47.712,15.991,38.315,True,320,240,0,False,60.00,0.1000,-0.088391,-0.058626,0.342133,0.555783,-0.045454,0.053387,0.828365,183
21.7740,inicio,True,9.3529,48.721,22.332,39.454,True,320,240,0,False,60.00,0.1000,-0.088435,-0.058574,0.342373,0.555805,-0.044880,0.052510,0.828438,185
21.9071,inicio,True,9.4861,50.423,12.689,23.680,True,320,240,0,False,60.00,0.1000,-0.088165,-0.058762,0.342443,0.555671,-0.046058,0.053397,0.828407,187
22.0088,inicio,True,9.6027,48.732,22.795,23.875,True,320,240,0,False,60.00,0.1000,-0.088041,-0.058686,0.342376,0.555631,-0.045520,0.052807,0.828501,188
22.1196,inicio,True,9.7026,48.849,11.696,23.025,True,320,240,0,False,60.00,0.1000,-0.088150,-0.058968,0.342199,0.556241,-0.046620,0.052598,0.828044,190
22.2444,inicio,True,9.8361,48.232,15.278,26.184,True,320,240,0,False,60.00,0.1000,-0.088003,-0.059093,0.341879,0.556787,-0.046366,0.052645,0.827688,192
22.3968,inicio,True,9.9860,48.522,21.134,30.909,True,320,240,0,False,60.00,0.1000,-0.088100,-0.059670,0.341685,0.557256,-0.045210,0.051648,0.827499,194
22.5299,inicio,True,10.1196,50.304,11.127,28.415,True,320,240,0,False,60.00,0.1000,-0.088918,-0.060190,0.342434,0.557914,-0.047525,0.052134,0.826895,196
22.6398,inicio,True,10.2195,50.269,21.157,36.289,True,320,240,0,False,60.00,0.1000,-0.088923,-0.060144,0.342312,0.557362,-0.047279,0.051224,0.827338,198
22.7733,inicio,True,10.3528,51.822,11.100,28.592,True,320,240,0,False,60.00,0.1000,-0.088692,-0.060057,0.342184,0.557702,-0.046234,0.051019,0.827181,199
23.0092,inicio,True,10.5859,55.760,13.650,47.011,True,320,240,0,False,60.00,0.1000,-0.089685,-0.060515,0.342136,0.558227,-0.048554,0.051062,0.826691,201
23.1437,inicio,True,10.7359,55.018,0.981,37.060,True,320,240,0,False,60.00,0.1000,-0.089708,-0.061140,0.341592,0.558499,-0.048705,0.050996,0.826502,204
23.2562,inicio,True,10.8358,54.525,14.335,31.058,True,320,240,0,False,60.00,0.1000,-0.081067,-0.057807,0.343928,0.557999,-0.041972,0.040492,0.827790,206
23.3844,inicio,True,10.9690,55.661,16.968,36.612,True,320,240,0,False,60.00,0.1000,-0.069490,-0.056722,0.349013,0.558413,-0.031437,0.026681,0.828538,208
23.5149,inicio,True,11.1023,56.732,16.781,28.231,True,320,240,0,False,60.00,0.1000,-0.072676,-0.058051,0.346547,0.560924,-0.032945,0.028070,0.826735,210
23.6370,inicio,True,11.2189,56.905,12.299,32.649,True,320,240,0,False,60.00,0.1000,-0.077638,-0.058690,0.343945,0.560390,-0.038280,0.033566,0.826663,211
23.7865,inicio,True,11.3690,56.005,13.571,41.208,True,320,240,0,False,60.00,0.1000,-0.088603,-0.068711,0.344459,0.563406,-0.052641,0.049059,0.823041,214
23.9340,inicio,True,11.5189,57.834,14.467,25.735,True,320,240,0,False,60.00,0.1000,-0.093087,-0.074778,0.337260,0.567331,-0.059745,0.066686,0.818608,216
24.0440,inicio,True,11.6357,57.908,13.331,21.191,True,320,240,0,False,60.00,0.1000,-0.103285,-0.085949,0.335333,0.564623,-0.085574,0.095064,0.815378,218
24.2220,inicio,True,11.8023,55.013,15.831,35.264,True,320,240,0,False,60.00,0.1000,-0.096791,-0.076689,0.327214,0.552495,-0.100034,0.091327,0.822437,220
24.3551,inicio,True,11.9358,56.159,11.309,19.631,True,320,240,0,False,60.00,0.1000,-0.085921,-0.073670,0.319789,0.546986,-0.105920,0.093507,0.825133,222
24.4637,inicio,True,12.0524,56.384,12.220,32.285,True,320,240,0,False,60.00,0.1000,-0.091618,-0.084619,0.312309,0.546321,-0.146442,0.108444,0.817514,224
24.6174,inicio,True,12.2022,58.214,25.164,41.127,True,320,240,0,False,60.00,0.1000,-0.081844,-0.093289,0.308127,0.570150,-0.157518,0.124160,0.796681,226
24.7764,inicio,True,12.3691,60.674,1.339,38.026,True,320,240,0,False,60.00,0.1000,-0.077883,-0.087229,0.310168,0.554596,-0.163673,0.132288,0.805068,228
24.9318,inicio,True,12.5189,59.181,12.477,21.453,True,320,240,0,False,60.00,0.1000,-0.079898,-0.079532,0.305118,0.552362,-0.201695,0.163448,0.792149,230
25.0562,inicio,True,12.6354,59.111,17.510,39.520,True,320,240,0,False,60.00,0.1000,-0.065391,-0.064085,0.294028,0.550968,-0.193634,0.177537,0.792099,232
25.2208,inicio,True,12.8019,61.468,17.511,36.444,True,320,240,0,False,60.00,0.1000,-0.049887,-0.060032,0.303046,0.544145,-0.184657,0.184367,0.797381,234
25.3460,inicio,True,12.9352,61.969,19.642,33.551,True,320,240,0,False,60.00,0.1000,-0.050872,-0.060596,0.298928,0.544340,-0.193187,0.199557,0.791549,236
25.4902,inicio,True,13.0683,62.420,11.248,32.330,True,320,240,0,False,60.00,0.1000,-0.056348,-0.062808,0.293569,0.540770,-0.209007,0.218994,0.784809,238
25.6343,inicio,True,13.2182,63.617,12.167,25.472,True,320,240,0,False,60.00,0.1000,-0.051012,-0.063243,0.291244,0.545171,-0.214413,0.223269,0.779080,240
25.7648,inicio,True,13.3518,63.929,13.955,27.343,True,320,240,0,False,60.00,0.1000,-0.041932,-0.060167,0.290985,0.546043,-0.212623,0.223927,0.778771,242
25.8665,inicio,True,13.4517,62.566,12.966,31.701,True,320,240,0,False,60.00,0.1000,-0.029805,-0.059261,0.292625,0.548572,-0.203511,0.221283,0.780183,244
25.9859,inicio,True,13.5683,62.131,17.691,27.690,True,320,240,0,False,60.00,0.1000,-0.024186,-0.059232,0.294710,0.549063,-0.197950,0.224325,0.780400,246
26.1014,inicio,True,13.6850,61.738,15.489,22.783,True,320,240,0,False,60.00,0.1000,-0.021225,-0.059478,0.293929,0.550968,-0.195744,0.224208,0.779647,247
26.2442,inicio,True,13.8348,60.138,16.426,24.505,True,320,240,0,False,60.00,0.1000,-0.012085,-0.061646,0.296125,0.556910,-0.188034,0.222259,0.777879,250
26.3634,inicio,True,13.9514,57.063,5.527,20.768,True,320,240,0,False,60.00,0.1000,-0.010612,-0.059661,0.296504,0.554970,-0.188318,0.224583,0.778529,251
26.5066,inicio,True,14.0846,52.656,14.867,24.930,True,320,240,0,False,60.00,0.1000,-0.006342,-0.057023,0.297729,0.552801,-0.185337,0.226301,0.780288,254
26.6481,inicio,True,14.2349,52.252,14.255,30.286,True,320,240,0,False,60.00,0.1000,-0.009084,-0.057223,0.294457,0.550603,-0.192913,0.234968,0.777439,256
26.7920,inicio,True,14.3848,51.887,7.193,28.594,True,320,240,0,False,60.00,0.1000,-0.006669,-0.057451,0.289400,0.547965,-0.196789,0.244592,0.775360,258
26.9082,inicio,True,14.5014,49.987,21.245,29.867,True,320,240,0,False,60.00,0.1000,0.002580,-0.057583,0.286074,0.550737,-0.191787,0.248514,0.773399,260
27.0225,inicio,True,14.6013,49.986,13.091,22.400,True,320,240,0,False,60.00,0.1000,0.007007,-0.055280,0.285146,0.548922,-0.189030,0.252067,0.774219,261
27.1486,inicio,True,14.7345,49.271,14.645,26.719,True,320,240,0,False,60.00,0.1000,0.010131,-0.049942,0.281729,0.540815,-0.193581,0.268323,0.773336,263
27.2594,inicio,True,14.8511,50.171,18.241,22.982,True,320,240,0,False,60.00,0.1000,0.017022,-0.046304,0.276756,0.536144,-0.195614,0.282515,0.771019,265
27.3684,inicio,True,14.9510,50.151,13.801,22.602,True,320,240,0,False,60.00,0.1000,0.031709,-0.046713,0.271486,0.538639,-0.191132,0.293931,0.766121,267
27.4738,inicio,True,15.0676,48.501,24.148,24.776,True,320,240,0,False,60.00,0.1000,0.038180,-0.045499,0.267200,0.536354,-0.194236,0.300040,0.764574,268
27.5894,inicio,True,15.1675,48.643,13.129,26.112,True,320,240,0,False,60.00,0.1000,0.049100,-0.037604,0.258157,0.533388,-0.181517,0.314224,0.764076,270
27.6939,inicio,True,15.2843,49.572,7.354,23.746,True,320,240,0,False,60.00,0.1000,0.053447,-0.032320,0.260030,0.525423,-0.185705,0.327171,0.763154,271
27.8471,inicio,True,15.4343,47.393,12.374,22.092,True,320,240,0,False,60.00,0.1000,0.046247,-0.038210,0.257964,0.518122,-0.219170,0.360191,0.744162,274
27.9634,inicio,True,15.5509,46.139,5.685,20.078,True,320,240,0,False,60.00,0.1000,0.049948,-0.038335,0.255097,0.514963,-0.228093,0.366013,0.740825,275
28.0958,inicio,True,15.6842,43.760,5.119,21.153,True,320,240,0,False,60.00,0.1000,0.071707,-0.037464,0.250812,0.519944,-0.214969,0.364926,0.741806,277
28.2344,inicio,True,15.8175,41.823,5.310,22.485,True,320,240,0,False,60.00,0.1000,0.087396,-0.031347,0.249991,0.513247,-0.205356,0.376285,0.743516,279
28.3394,inicio,False,15.8175,40.610,6.375,17.713,True,320,240,0,False,60.00,0.1000,0.087396,-0.031347,0.249991,0.513247,-0.205356,0.376285,0.743516,281
28.4711,inicio,False,15.8175,39.257,8.925,13.382,True,320,240,0,False,60.00,0.1000,0.087396,-0.031347,0.249991,0.513247,-0.205356,0.376285,0.743516,283
28.5809,inicio,False,15.8175,39.245,14.538,23.604,True,320,240,0,False,60.00,0.1000,0.087396,-0.031347,0.249991,0.513247,-0.205356,0.376285,0.743516,285
28.6905,inicio,False,15.8175,39.165,5.391,16.987,True,320,240,0,False,60.00,0.1000,0.087396,-0.031347,0.249991,0.513247,-0.205356,0.376285,0.743516,286
28.8239,inicio,False,15.8175,38.078,6.680,13.912,True,320,240,0,False,60.00,0.1000,0.087396,-0.031347,0.249991,0.513247,-0.205356,0.376285,0.743516,288
28.9568,inicio,False,15.8175,37.188,4.999,12.845,True,320,240,0,False,60.00,0.1000,0.087396,-0.031347,0.249991,0.513247,-0.205356,0.376285,0.743516,290
29.0935,inicio,False,15.8175,36.468,5.307,13.167,True,320,240,0,False,60.00,0.1000,0.087396,-0.031347,0.249991,0.513247,-0.205356,0.376285,0.743516,292
29.2233,inicio,False,15.8175,35.879,5.994,14.486,True,320,240,0,False,60.00,0.1000,0.087396,-0.031347,0.249991,0.513247,-0.205356,0.376285,0.743516,294
29.3236,inicio,False,15.8175,35.537,4.954,14.823,True,320,240,0,False,60.00,0.1000,0.087396,-0.031347,0.249991,0.513247,-0.205356,0.376285,0.743516,296
29.4321,inicio,True,15.8841,35.207,16.882,20.626,True,320,240,0,False,60.00,0.1000,0.070075,-0.030629,0.231523,0.485843,-0.241940,0.437092,0.717198,298
29.5398,inicio,True,16.0008,35.690,5.135,24.669,True,320,240,0,False,60.00,0.1000,0.071430,-0.029898,0.231209,0.484535,-0.242593,0.436472,0.718239,299
29.6565,inicio,True,16.1174,36.147,5.422,20.027,True,320,240,0,False,60.00,0.1000,0.071338,-0.030544,0.230970,0.487278,-0.243978,0.438037,0.714954,301
29.7624,inicio,True,16.2174,35.743,5.247,20.031,True,320,240,0,False,60.00,0.1000,0.070324,-0.032184,0.230889,0.488273,-0.245136,0.440939,0.712089,302
29.8839,inicio,True,16.3340,36.230,12.515,21.799,True,320,240,0,False,60.00,0.1000,0.069288,-0.037465,0.231762,0.498137,-0.250995,0.444574,0.700867,304
30.0572,inicio,True,16.5173,38.191,12.813,19.283,True,320,240,0,False,60.00,0.1000,0.068222,-0.039268,0.231890,0.505504,-0.255973,0.444531,0.693784,306
30.1738,inicio,True,16.6339,38.329,13.375,19.056,True,320,240,0,False,60.00,0.1000,0.069312,-0.037414,0.229798,0.504504,-0.255344,0.443779,0.695224,309
30.2967,inicio,True,16.7505,38.448,14.192,25.114,True,320,240,0,False,60.00,0.1000,0.078692,-0.037923,0.228061,0.513938,-0.242335,0.438732,0.696172,311
30.4062,inicio,False,16.8338,38.470,21.844,13.844,True,320,240,0,False,60.00,0.1000,0.078692,-0.037923,0.228061,0.513938,-0.242335,0.438732,0.696172,312
30.5072,inicio,False,16.8338,37.734,21.174,16.673,True,320,240,0,False,60.00,0.1000,0.078692,-0.037923,0.228061,0.513938,-0.242335,0.438732,0.696172,314
30.6181,inicio,False,16.8338,37.105,23.097,13.093,True,320,240,0,False,60.00,0.1000,0.078692,-0.037923,0.228061,0.513938,-0.242335,0.438732,0.696172,315
30.7211,inicio,False,16.8338,36.565,9.687,14.792,True,320,240,0,False,60.00,0.1000,0.078692,-0.037923,0.228061,0.513938,-0.242335,0.438732,0.696172,317
30.8395,inicio,False,16.8338,35.963,21.411,12.475,True,320,240,0,False,60.00,0.1000,0.078692,-0.037923,0.228061,0.513938,-0.242335,0.438732,0.696172,318
30.9542,inicio,False,16.8338,35.586,10.506,15.959,True,320,240,0,False,60.00,0.1000,0.078692,-0.037923,0.228061,0.513938,-0.242335,0.438732,0.696172,320
31.0853,inicio,False,16.8338,35.166,22.111,14.687,True,320,240,0,False,60.00,0.1000,0.078692,-0.037923,0.228061,0.513938,-0.242335,0.438732,0.696172,322
31.1912,inicio,False,16.8338,35.695,7.089,12.764,True,320,240,0,False,60.00,0.1000,0.078692,-0.037923,0.228061,0.513938,-0.242335,0.438732,0.696172,324
31.3227,inicio,False,16.8338,35.255,4.921,13.936,True,320,240,0,False,60.00,0.1000,0.078692,-0.037923,0.228061,0.513938,-0.242335,0.438732,0.696172,326
31.4234,inicio,False,16.8338,34.979,5.126,15.079,True,320,240,0,False,60.00,0.1000,0.078692,-0.037923,0.228061,0.513938,-0.242335,0.438732,0.696172,327
31.5571,inicio,False,16.8338,34.672,5.839,18.894,True,320,240,0,False,60.00,0.1000,0.078692,-0.037923,0.228061,0.513938,-0.242335,0.438732,0.696172,329
31.6897,inicio,False,16.8338,34.422,5.138,12.473,True,320,240,0,False,60.00,0.1000,0.078692,-0.037923,0.228061,0.513938,-0.242335,0.438732,0.696172,331
31.8250,inicio,True,16.9004,34.219,5.744,16.238,True,320,240,0,False,60.00,0.1000,-0.077370,-0.067227,0.243551,0.523175,-0.159629,0.201758,0.812466,333
31.9573,inicio,True,17.0337,34.052,5.215,16.934,True,320,240,0,False,60.00,0.1000,-0.093578,-0.066333,0.268563,0.522888,-0.121500,0.174549,0.825445,335
32.0831,inicio,True,17.1503,34.781,13.629,24.996,True,320,240,0,False,60.00,0.1000,-0.103598,-0.070024,0.285144,0.532448,-0.090520,0.143249,0.829328,337
32.1982,inicio,False,17.2170,35.406,15.491,14.458,True,320,240,0,False,60.00,0.1000,-0.110920,-0.072323,0.295654,0.544601,-0.098028,0.125727,0.823404,339
32.3074,inicio,False,17.2170,35.860,7.364,11.411,True,320,240,0,False,60.00,0.1000,-0.110920,-0.072323,0.295654,0.544601,-0.098028,0.125727,0.823404,340
32.4275,inicio,True,17.3336,36.330,11.987,19.240,True,320,240,0,False,60.00,0.1000,-0.056866,-0.055866,0.340967,0.539245,0.010202,0.067739,0.839358,342
32.5628,inicio,True,17.4669,35.773,14.274,21.160,True,320,240,0,False,60.00,0.1000,-0.090286,-0.061708,0.346086,0.546166,-0.028049,0.078821,0.833488,345
32.6722,inicio,True,17.5835,36.175,6.476,25.057,True,320,240,0,False,60.00,0.1000,-0.087889,-0.057011,0.348446,0.545202,-0.028397,0.080808,0.833917,346
32.8138,inicio,True,17.7169,37.395,12.986,24.168,True,320,240,0,False,60.00,0.1000,-0.084239,-0.053275,0.352549,0.540278,-0.021271,0.073826,0.837972,348
32.9596,inicio,True,17.8668,37.472,12.859,19.069,True,320,240,0,False,60.00,0.1000,-0.092186,-0.050482,0.350124,0.538011,-0.029819,0.072828,0.839256,350
33.0972,inicio,True,18.0004,36.715,14.597,24.020,True,320,240,0,False,60.00,0.1000,-0.094117,-0.047376,0.347647,0.539716,-0.032126,0.065294,0.838696,353
33.2260,inicio,True,18.1336,37.812,20.084,19.729,True,320,240,0,False,60.00,0.1000,-0.097516,-0.045679,0.350726,0.534378,-0.036179,0.068685,0.841673,354
33.3584,inicio,True,18.2669,38.841,12.590,22.823,True,320,240,0,False,60.00,0.1000,-0.091161,-0.045212,0.351140,0.535844,-0.027710,0.062631,0.841535,356
33.5127,inicio,True,18.4170,40.515,15.601,31.062,True,320,240,0,False,60.00,0.1000,-0.096179,-0.046945,0.350559,0.535207,-0.032119,0.064722,0.841625,359
33.6164,inicio,True,18.5168,41.433,11.843,21.233,True,320,240,0,False,60.00,0.1000,-0.097213,-0.047318,0.348902,0.535718,-0.034813,0.066225,0.841076,360
33.7315,inicio,True,18.6333,41.102,11.535,21.465,True,320,240,0,False,60.00,0.1000,-0.097199,-0.047502,0.347251,0.536461,-0.031971,0.064920,0.840817,362
33.8554,inicio,True,18.7663,41.523,5.846,29.044,True,320,240,0,False,60.00,0.1000,-0.097202,-0.047913,0.347559,0.536607,-0.029672,0.065090,0.840794,364
33.9633,inicio,True,18.8665,42.356,8.822,19.838,True,320,240,0,False,60.00,0.1000,-0.097608,-0.048838,0.347061,0.537799,-0.033107,0.064859,0.839922,366
34.1110,inicio,True,19.0163,41.509,12.350,22.436,True,320,240,0,False,60.00,0.1000,-0.097569,-0.049691,0.347323,0.538942,-0.032567,0.064160,0.839264,368
34.2255,inicio,True,19.1329,41.089,5.085,19.080,True,320,240,0,False,60.00,0.1000,-0.098344,-0.050278,0.347308,0.539101,-0.035512,0.064697,0.839002,369
34.3604,inicio,True,19.2663,39.656,14.092,21.968,True,320,240,0,False,60.00,0.1000,-0.102031,-0.051866,0.345876,0.539977,-0.038547,0.066609,0.838154,372
34.4717,inicio,True,19.3830,39.505,5.523,23.391,True,320,240,0,False,60.00,0.1000,-0.103595,-0.051746,0.344537,0.540971,-0.039539,0.067899,0.837363,373
34.6122,inicio,True,19.5164,40.253,11.055,23.176,True,320,240,0,False,60.00,0.1000,-0.109284,-0.052563,0.342202,0.541901,-0.046567,0.071678,0.836085,375
34.7530,inicio,True,19.6496,38.967,14.886,19.499,True,320,240,0,False,60.00,0.1000,-0.110055,-0.053434,0.344064,0.541000,-0.048046,0.072458,0.836517,377
34.8556,inicio,True,19.7662,38.993,11.671,21.711,True,320,240,0,False,60.00,0.1000,-0.107779,-0.053392,0.343427,0.542210,-0.044975,0.070933,0.836035,379
34.9716,inicio,True,19.8830,38.983,12.124,21.496,True,320,240,0,False,60.00,0.1000,-0.106898,-0.053957,0.343946,0.542395,-0.043435,0.070664,0.836019,380
35.0929,inicio,True,19.9996,39.005,11.733,21.493,True,320,240,0,False,60.00,0.1000,-0.107960,-0.060028,0.343614,0.548234,-0.044038,0.068909,0.832317,383
35.2410,inicio,True,20.1494,38.780,13.858,21.637,True,320,240,0,False,60.00,0.1000,-0.110907,-0.055182,0.338730,0.546419,-0.046601,0.070164,0.833266,385
35.3618,inicio,True,20.2660,38.750,12.287,26.685,True,320,240,0,False,60.00,0.1000,-0.113820,-0.057385,0.340409,0.544732,-0.048852,0.072021,0.834082,387
35.4715,inicio,True,20.3826,38.728,21.268,26.516,True,320,240,0,False,60.00,0.1000,-0.112652,-0.059321,0.340866,0.546726,-0.048012,0.071652,0.832858,388
35.5762,inicio,True,20.4825,39.823,12.057,24.016,True,320,240,0,False,60.00,0.1000,-0.112849,-0.061401,0.338967,0.552640,-0.047922,0.069626,0.829123,390
35.6975,inicio,True,20.5991,39.645,16.648,18.685,True,320,240,0,False,60.00,0.1000,-0.121426,-0.061845,0.338450,0.549140,-0.057650,0.076305,0.830240,392
35.8045,inicio,True,20.7160,39.505,22.413,23.959,True,320,240,0,False,60.00,0.1000,-0.122530,-0.062408,0.338518,0.548830,-0.060030,0.078894,0.830035,393
35.9164,inicio,True,20.8159,40.524,11.784,21.507,True,320,240,0,False,60.00,0.1000,-0.129585,-0.065172,0.327537,0.553092,-0.069051,0.088587,0.825514,395
36.0289,inicio,True,20.9325,40.248,12.138,21.548,True,320,240,0,False,60.00,0.1000,-0.146897,-0.074613,0.323739,0.553494,-0.093719,0.111255,0.820051,397
36.1379,inicio,False,21.0158,40.012,5.472,16.156,True,320,240,0,False,60.00,0.1000,-0.146897,-0.074613,0.323739,0.553494,-0.093719,0.111255,0.820051,398
36.2381,inicio,False,21.0158,39.057,6.458,13.572,True,320,240,0,False,60.00,0.1000,-0.146897,-0.074613,0.323739,0.553494,-0.093719,0.111255,0.820051,399
36.3542,inicio,True,21.1157,38.239,10.823,17.436,True,320,240,0,False,60.00,0.1000,-0.159321,-0.082129,0.318241,0.542505,-0.118029,0.151306,0.817841,401
36.4766,inicio,True,21.2490,39.161,14.118,21.249,True,320,240,0,False,60.00,0.1000,-0.153998,-0.083094,0.311300,0.545542,-0.123245,0.164115,0.812564,403
36.6093,inicio,False,21.2823,38.080,11.104,13.823,True,320,240,0,False,60.00,0.1000,-0.153998,-0.083094,0.311300,0.545542,-0.123245,0.164115,0.812564,405
36.7418,inicio,False,21.2823,37.198,14.976,14.416,True,320,240,0,False,60.00,0.1000,-0.153998,-0.083094,0.311300,0.545542,-0.123245,0.164115,0.812564,407
36.8450,inicio,True,21.3490,36.645,13.358,19.071,True,320,240,0,False,60.00,0.1000,-0.120923,-0.057115,0.311520,0.528633,-0.133514,0.164330,0.822020,409
36.9575,inicio,True,21.4656,36.923,5.052,18.186,True,320,240,0,False,60.00,0.1000,-0.120767,-0.054722,0.309847,0.525355,-0.140131,0.164780,0.822929,410
37.0928,inicio,True,21.5989,36.254,12.545,29.599,True,320,240,0,False,60.00,0.1000,-0.125339,-0.054799,0.305215,0.524916,-0.167425,0.179333,0.815029,413
37.2314,inicio,True,21.7322,37.421,21.322,22.803,True,320,240,0,False,60.00,0.1000,-0.120166,-0.048440,0.301840,0.512599,-0.177066,0.172537,0.822266,414
37.3372,inicio,True,21.8488,37.669,12.966,18.517,True,320,240,0,False,60.00,0.1000,-0.109654,-0.045226,0.302214,0.524170,-0.173237,0.181431,0.813829,416
37.4419,inicio,True,21.9488,37.049,17.029,22.499,True,320,240,0,False,60.00,0.1000,-0.107350,-0.043931,0.295896,0.525289,-0.187595,0.182681,0.809634,418
37.5706,inicio,True,22.0821,38.062,12.185,21.321,True,320,240,0,False,60.00,0.1000,-0.109409,-0.044621,0.292294,0.524632,-0.202518,0.184382,0.806071,419
37.6854,inicio,True,22.1820,37.385,10.804,19.698,True,320,240,0,False,60.00,0.1000,-0.104427,-0.038381,0.286653,0.521076,-0.214031,0.183346,0.805639,421
37.7872,inicio,True,22.2987,37.597,5.464,15.659,True,320,240,0,False,60.00,0.1000,-0.098575,-0.038287,0.284806,0.517266,-0.221946,0.185170,0.805536,423
37.8902,inicio,True,22.3986,36.988,6.095,16.295,True,320,240,0,False,60.00,0.1000,-0.096454,-0.041262,0.283339,0.520062,-0.226666,0.187892,0.801782,424
38.0354,inicio,True,22.5319,36.309,11.507,24.961,True,320,240,0,False,60.00,0.1000,-0.095157,-0.049758,0.280745,0.530526,-0.231986,0.200837,0.790183,427
38.1625,inicio,True,22.6652,37.468,13.073,20.962,True,320,240,0,False,60.00,0.1000,-0.093784,-0.049944,0.280552,0.532220,-0.230789,0.206525,0.787925,429
38.2704,inicio,True,22.7818,37.628,6.215,17.188,True,320,240,0,False,60.00,0.1000,-0.093039,-0.049974,0.280759,0.530759,-0.228986,0.208550,0.788903,430
38.4140,inicio,True,22.9151,36.829,7.109,23.577,True,320,240,0,False,60.00,0.1000,-0.091946,-0.051399,0.279881,0.532532,-0.228432,0.213437,0.786558,432
38.5252,inicio,True,23.0317,37.161,13.938,21.277,True,320,240,0,False,60.00,0.1000,-0.091401,-0.051831,0.280293,0.532637,-0.225152,0.217628,0.786284,434
38.6535,inicio,True,23.1650,38.156,5.443,19.423,True,320,240,0,False,60.00,0.1000,-0.091063,-0.051620,0.281068,0.532668,-0.225470,0.217147,0.786305,436
38.7538,inicio,True,23.2650,37.467,11.780,18.580,True,320,240,0,False,60.00,0.1000,-0.090804,-0.051470,0.281253,0.533967,-0.224303,0.216503,0.785935,437
38.8780,inicio,True,23.3816,37.668,11.854,16.149,True,320,240,0,False,60.00,0.1000,-0.090877,-0.051095,0.281496,0.533882,-0.224093,0.217231,0.785852,439
39.0257,inicio,True,23.5316,37.695,12.614,28.670,True,320,240,0,False,60.00,0.1000,-0.089773,-0.050721,0.282076,0.534320,-0.221911,0.217261,0.786165,441
39.1534,inicio,True,23.6649,36.885,4.841,15.719,True,320,240,0,False,60.00,0.1000,-0.086602,-0.049039,0.283668,0.534586,-0.217460,0.214510,0.787981,443
39.2889,inicio,True,23.7982,36.224,5.983,16.171,True,320,240,0,False,60.00,0.1000,-0.085366,-0.048126,0.284502,0.534225,-0.214407,0.213225,0.789410,445
39.4210,inicio,True,23.9315,37.434,12.043,19.615,True,320,240,0,False,60.00,0.1000,-0.084373,-0.047564,0.284993,0.534094,-0.213501,0.213339,0.789713,447
39.5576,inicio,True,24.0647,36.671,14.914,19.787,True,320,240,0,False,60.00,0.1000,-0.083442,-0.047138,0.286670,0.534534,-0.210813,0.211304,0.790684,450
39.6699,inicio,True,24.1814,36.945,5.897,22.207,True,320,240,0,False,60.00,0.1000,-0.083036,-0.046898,0.287012,0.534884,-0.208841,0.210519,0.791180,451
39.7733,inicio,True,24.2814,38.259,11.351,22.656,True,320,240,0,False,60.00,0.1000,-0.083152,-0.047463,0.287095,0.535311,-0.208312,0.210172,0.791123,453
39.8920,inicio,True,24.3980,38.307,11.469,23.111,True,320,240,0,False,60.00,0.1000,-0.083521,-0.047985,0.287500,0.535911,-0.208745,0.210063,0.790632,455
40.0049,inicio,True,24.5146,38.347,6.764,20.198,True,320,240,0,False,60.00,0.1000,-0.082922,-0.047942,0.287694,0.536071,-0.207879,0.209332,0.790945,456
40.1197,inicio,True,24.6312,38.422,7.778,17.911,True,320,240,0,False,60.00,0.1000,-0.082129,-0.047745,0.288242,0.536968,-0.206768,0.207600,0.791085,458
40.2365,inicio,True,24.7479,38.488,11.861,21.077,True,320,240,0,False,60.00,0.1000,-0.080508,-0.046354,0.287944,0.537437,-0.204128,0.203161,0.792603,459
40.3598,inicio,True,24.8645,38.583,14.479,22.911,True,320,240,0,False,60.00,0.1000,-0.062548,-0.038503,0.298260,0.538205,-0.163015,0.164519,0.810368,462
40.4920,inicio,True,24.9978,39.417,9.920,20.586,True,320,240,0,False,60.00,0.1000,-0.065575,-0.046167,0.299298,0.542243,-0.148949,0.144153,0.814252,464
40.6471,inicio,True,25.1477,39.120,10.090,19.094,True,320,240,0,False,60.00,0.1000,-0.074236,-0.064381,0.304802,0.552317,-0.140596,0.130157,0.811319,466
40.7583,inicio,True,25.2644,39.044,12.286,18.458,True,320,240,0,False,60.00,0.1000,-0.083654,-0.073835,0.313830,0.562767,-0.128062,0.122058,0.807463,468
40.9053,inicio,True,25.4143,38.816,12.641,19.286,True,320,240,0,False,60.00,0.1000,-0.083538,-0.077098,0.320002,0.562787,-0.104871,0.101957,0.813559,470
41.0245,inicio,True,25.5309,38.866,11.835,23.579,True,320,240,0,False,60.00,0.1000,-0.099316,-0.081114,0.311969,0.579692,-0.108792,0.096165,0.801795,472
41.1375,inicio,True,25.6476,38.827,5.776,19.553,True,320,240,0,False,60.00,0.1000,-0.111630,-0.082729,0.320976,0.568929,-0.115380,0.097351,0.808412,473
41.2694,inicio,True,25.6809,37.806,7.948,19.509,True,320,240,0,False,60.00,0.1000,-0.111000,-0.054016,0.329059,0.535234,-0.096521,0.086793,0.834671,475
41.4046,inicio,True,25.8142,38.791,12.917,20.209,True,320,240,0,False,60.00,0.1000,-0.100115,-0.046029,0.339767,0.537029,-0.070102,0.080116,0.836820,477
41.5156,inicio,True,25.9141,38.011,13.215,25.061,True,320,240,0,False,60.00,0.1000,-0.106649,-0.053820,0.336465,0.548001,-0.075528,0.081638,0.829051,479
41.6167,inicio,True,26.0141,39.178,11.835,23.630,True,320,240,0,False,60.00,0.1000,-0.113062,-0.055121,0.337725,0.547706,-0.079395,0.085046,0.828542,480
41.7193,inicio,True,26.1307,39.134,5.460,21.187,True,320,240,0,False,60.00,0.1000,-0.118512,-0.059668,0.341680,0.547310,-0.083901,0.089126,0.827931,482
41.8360,inicio,True,26.2473,39.097,11.443,22.776,True,320,240,0,False,60.00,0.1000,-0.118174,-0.060115,0.342217,0.548428,-0.081485,0.088326,0.827518,483
41.9631,inicio,True,26.3640,39.106,13.806,24.016,True,320,240,0,False,60.00,0.1000,-0.116798,-0.056719,0.340035,0.546463,-0.079808,0.090091,0.828790,486
42.0690,inicio,True,26.4806,39.033,21.280,19.795,True,320,240,0,False,60.00,0.1000,-0.114775,-0.055890,0.340668,0.545622,-0.079472,0.089546,0.829435,487
42.1794,inicio,True,26.5806,40.101,14.342,24.725,True,320,240,0,False,60.00,0.1000,-0.115896,-0.056615,0.339286,0.546048,-0.079207,0.090554,0.829071,489
42.3024,inicio,True,26.7139,40.677,6.059,24.206,True,320,240,0,False,60.00,0.1000,-0.117175,-0.057029,0.339586,0.545646,-0.082878,0.092498,0.828762,491
42.4147,inicio,True,26.8139,39.634,7.191,24.036,True,320,240,0,False,60.00,0.1000,-0.117413,-0.056800,0.338550,0.545764,-0.082700,0.092674,0.828682,492
42.5361,inicio,True,26.9472,40.357,11.844,20.737,True,320,240,0,False,60.00,0.1000,-0.117509,-0.055860,0.338907,0.544547,-0.079829,0.092336,0.829802,494
42.6461,inicio,True,27.0471,39.353,16.682,22.549,True,320,240,0,False,60.00,0.1000,-0.119071,-0.056144,0.338585,0.544784,-0.082479,0.092959,0.829317,496
42.7514,inicio,True,27.1471,40.388,14.240,23.452,True,320,240,0,False,60.00,0.1000,-0.119343,-0.056010,0.338503,0.545087,-0.083046,0.092705,0.829090,497
42.8738,inicio,True,27.2804,41.004,12.582,22.358,True,320,240,0,False,60.00,0.1000,-0.119956,-0.055349,0.338045,0.543524,-0.081639,0.094599,0.830040,499
42.9812,inicio,True,27.3803,39.907,13.405,26.608,True,320,240,0,False,60.00,0.1000,-0.119360,-0.054933,0.338266,0.542954,-0.082672,0.094352,0.830340,501
43.1021,inicio,True,27.5136,40.511,5.182,25.371,True,320,240,0,False,60.00,0.1000,-0.119098,-0.054814,0.338101,0.542719,-0.082425,0.093734,0.830588,503
43.2274,inicio,True,27.6302,40.320,15.690,22.102,True,320,240,0,False,60.00,0.1000,-0.116982,-0.054468,0.338067,0.543818,-0.079381,0.092860,0.830264,505
43.3426,inicio,True,27.7469,40.074,5.329,22.391,True,320,240,0,False,60.00,0.1000,-0.116323,-0.054598,0.338734,0.543223,-0.077887,0.091703,0.830923,506
43.4458,inicio,True,27.8468,39.111,12.755,22.517,True,320,240,0,False,60.00,0.1000,-0.115365,-0.054728,0.338802,0.544289,-0.077956,0.091769,0.830211,508
43.5465,inicio,True,27.9468,40.171,17.750,22.665,True,320,240,0,False,60.00,0.1000,-0.114746,-0.054624,0.339187,0.544740,-0.076705,0.091922,0.830015,509
43.6729,inicio,True,28.0801,40.818,12.063,25.174,True,320,240,0,False,60.00,0.1000,-0.113021,-0.054283,0.339875,0.544575,-0.072766,0.090481,0.830636,511
43.7779,inicio,True,28.1800,39.749,17.695,34.223,True,320,240,0,False,60.00,0.1000,-0.113147,-0.054094,0.340254,0.544284,-0.073886,0.090724,0.830701,513
43.8975,inicio,True,28.2967,41.539,13.672,24.830,True,320,240,0,False,60.00,0.1000,-0.113035,-0.053586,0.339683,0.544013,-0.073349,0.091571,0.830834,515
44.0239,inicio,True,28.4300,41.952,13.273,22.046,True,320,240,0,False,60.00,0.1000,-0.112112,-0.053116,0.339315,0.543891,-0.072018,0.090533,0.831144,517
44.1355,inicio,True,28.5466,41.473,5.978,20.702,True,320,240,0,False,60.00,0.1000,-0.112877,-0.053248,0.339522,0.543852,-0.073785,0.090387,0.831030,518
44.2717,inicio,True,28.6799,41.935,12.608,23.095,True,320,240,0,False,60.00,0.1000,-0.112009,-0.052889,0.339933,0.543824,-0.071783,0.089581,0.831311,520
44.3800,inicio,True,28.7799,40.706,12.755,20.232,True,320,240,0,False,60.00,0.1000,-0.111254,-0.052404,0.340054,0.543093,-0.071360,0.089714,0.831811,522
44.5018,inicio,True,28.9131,41.196,5.301,21.957,True,320,240,0,False,60.00,0.1000,-0.109563,-0.052392,0.340442,0.543396,-0.070161,0.088118,0.831886,524
44.6093,inicio,True,29.0131,40.074,5.628,21.661,True,320,240,0,False,60.00,0.1000,-0.108718,-0.052045,0.340073,0.543293,-0.068810,0.088185,0.832058,525
44.7137,inicio,True,29.1131,39.111,12.855,21.848,True,320,240,0,False,60.00,0.1000,-0.105456,-0.050791,0.339694,0.543943,-0.066084,0.085476,0.832137,527
44.8200,inicio,True,29.2297,41.004,16.993,25.844,True,320,240,0,False,60.00,0.1000,-0.101106,-0.048395,0.339531,0.541608,-0.060346,0.081709,0.834472,528
44.9255,inicio,True,29.3297,41.921,13.175,30.647,True,320,240,0,False,60.00,0.1000,-0.098950,-0.042848,0.342711,0.535668,-0.056369,0.079585,0.838778,530
45.0413,inicio,True,29.4463,43.499,13.342,21.826,True,320,240,0,False,60.00,0.1000,-0.098469,-0.040910,0.346039,0.535350,-0.054300,0.076747,0.839382,532
45.1584,inicio,True,29.5630,42.800,14.496,24.940,True,320,240,0,False,60.00,0.1000,-0.100319,-0.035334,0.349917,0.530226,-0.057959,0.075569,0.842491,534
45.2730,inicio,True,29.6796,42.202,6.100,19.875,True,320,240,0,False,60.00,0.1000,-0.101966,-0.032278,0.353122,0.528036,-0.060559,0.075254,0.843711,535
45.3773,inicio,True,29.7796,40.934,13.135,24.593,True,320,240,0,False,60.00,0.1000,-0.099900,-0.021959,0.358680,0.522007,-0.058216,0.073280,0.847791,537
45.4792,inicio,True,29.8795,41.816,13.273,21.749,True,320,240,0,False,60.00,0.1000,-0.099174,-0.021130,0.362065,0.523125,-0.056466,0.071697,0.847356,538
45.6077,inicio,True,30.0128,42.229,15.890,18.858,True,320,240,0,False,60.00,0.1000,-0.102449,-0.020767,0.364418,0.524570,-0.059623,0.074079,0.846040,540
45.7102,inicio,True,30.1128,40.958,13.465,18.759,True,320,240,0,False,60.00,0.1000,-0.107701,-0.020665,0.366907,0.524744,-0.064800,0.077294,0.845263,542
45.8345,inicio,True,30.2460,41.411,13.220,20.819,True,320,240,0,False,60.00,0.1000,-0.107566,-0.019492,0.368228,0.523922,-0.066579,0.077605,0.845606,543
45.9541,inicio,True,30.3627,41.091,12.864,23.513,True,320,240,0,False,60.00,0.1000,-0.102878,-0.019916,0.372763,0.525662,-0.060924,0.072926,0.845370,546
46.0678,inicio,True,30.4793,40.734,9.042,24.026,True,320,240,0,False,60.00,0.1000,-0.103258,-0.020497,0.373074,0.526361,-0.060471,0.073527,0.844915,547
46.2156,inicio,True,30.6126,41.303,15.744,21.639,True,320,240,0,False,60.00,0.1000,-0.103351,-0.021246,0.373738,0.527587,-0.063025,0.073688,0.843949,549
46.3470,inicio,True,30.7459,41.789,11.374,25.057,True,320,240,0,False,60.00,0.1000,-0.100063,-0.022419,0.375908,0.528431,-0.056049,0.073067,0.843967,551
46.4702,inicio,True,30.8792,42.206,14.188,19.755,True,320,240,0,False,60.00,0.1000,-0.099038,-0.023135,0.377054,0.529335,-0.056615,0.070978,0.843541,553
46.5769,inicio,True,30.9791,40.939,13.337,22.252,True,320,240,0,False,60.00,0.1000,-0.097063,-0.023476,0.373976,0.529840,-0.055222,0.070999,0.843314,555
46.7009,inicio,True,31.1124,41.396,13.934,22.797,True,320,240,0,False,60.00,0.1000,-0.095769,-0.024473,0.373453,0.530082,-0.052675,0.069807,0.843425,556
46.8330,inicio,True,31.2291,41.078,12.485,33.649,True,320,240,0,False,60.00,0.1000,-0.094025,-0.026592,0.370149,0.533437,-0.053106,0.070061,0.841259,559
46.9520,inicio,True,31.3624,43.572,14.444,30.470,True,320,240,0,False,60.00,0.1000,-0.093047,-0.026778,0.373264,0.533960,-0.051540,0.068603,0.841144,560
47.1054,inicio,True,31.5126,44.583,15.900,25.936,True,320,240,0,False,60.00,0.1000,-0.089333,-0.025658,0.373124,0.532966,-0.046124,0.066511,0.842257,563
47.2170,inicio,True,31.6126,45.109,14.693,24.331,True,320,240,0,False,60.00,0.1000,-0.087441,-0.025681,0.372732,0.533343,-0.044733,0.064932,0.842216,564
47.3432,inicio,True,31.7458,45.050,12.599,23.532,True,320,240,0,False,60.00,0.1000,-0.083614,-0.025200,0.373908,0.533366,-0.041351,0.061367,0.842642,566
47.4785,inicio,True,31.8790,42.868,8.287,20.858,True,320,240,0,False,60.00,0.1000,-0.081741,-0.024785,0.374091,0.532931,-0.038996,0.059615,0.843155,568
47.6244,inicio,True,32.0289,41.929,12.756,34.189,True,320,240,0,False,60.00,0.1000,-0.076905,-0.024195,0.374379,0.532923,-0.033624,0.056021,0.843638,571
47.7759,inicio,True,32.1787,43.033,11.378,25.319,True,320,240,0,False,60.00,0.1000,-0.074823,-0.023883,0.374722,0.532752,-0.031607,0.054213,0.843941,573
47.9003,inicio,True,32.3119,43.185,14.093,21.294,True,320,240,0,False,60.00,0.1000,-0.074545,-0.024210,0.374144,0.532843,-0.030548,0.053230,0.843986,574
48.0334,inicio,True,32.4287,42.618,12.584,24.440,True,320,240,0,False,60.00,0.1000,-0.074907,-0.025047,0.374034,0.533497,-0.033300,0.052558,0.843510,577
48.1579,inicio,True,32.5619,42.876,13.947,24.902,True,320,240,0,False,60.00,0.1000,-0.074396,-0.024367,0.372870,0.532927,-0.029609,0.052944,0.843984,579
48.2712,inicio,True,32.6786,42.265,5.138,19.580,True,320,240,0,False,60.00,0.1000,-0.075210,-0.024543,0.373251,0.533665,-0.031651,0.053269,0.843423,580
48.3808,inicio,True,32.7786,40.991,15.424,24.043,True,320,240,0,False,60.00,0.1000,-0.074732,-0.024777,0.373073,0.533533,-0.032853,0.053923,0.843419,582
48.4811,inicio,True,32.8785,41.868,13.100,22.774,True,320,240,0,False,60.00,0.1000,-0.074293,-0.024891,0.373006,0.533289,-0.032099,0.053092,0.843655,583
48.6126,inicio,True,33.0118,42.273,13.470,23.292,True,320,240,0,False,60.00,0.1000,-0.075436,-0.025553,0.372752,0.533472,-0.033118,0.053387,0.843481,585
48.7564,inicio,True,33.1617,41.445,12.598,23.687,True,320,240,0,False,60.00,0.1000,-0.078236,-0.028494,0.372006,0.537287,-0.035543,0.056969,0.840722,588
48.8736,inicio,True,33.2784,41.040,4.734,20.249,True,320,240,0,False,60.00,0.1000,-0.078060,-0.028454,0.371976,0.537126,-0.036254,0.057537,0.840756,589
48.9920,inicio,True,33.3950,40.772,15.002,26.863,True,320,240,0,False,60.00,0.1000,-0.077852,-0.028459,0.371905,0.536795,-0.035452,0.057525,0.841002,591
49.0986,inicio,True,33.4950,41.670,11.845,22.762,True,320,240,0,False,60.00,0.1000,-0.078561,-0.028402,0.371862,0.535945,-0.035882,0.057268,0.841544,593
49.2220,inicio,True,33.6283,41.984,13.421,23.965,True,320,240,0,False,60.00,0.1000,-0.077171,-0.029510,0.370284,0.536825,-0.033864,0.057858,0.841026,595
49.3334,inicio,True,33.7449,41.500,6.099,19.965,True,320,240,0,False,60.00,0.1000,-0.079342,-0.034447,0.369723,0.536781,-0.036725,0.057403,0.840965,596
49.4746,inicio,True,33.8782,41.958,13.153,24.881,True,320,240,0,False,60.00,0.1000,-0.080931,-0.036772,0.370248,0.544147,-0.038841,0.061292,0.835846,598
49.6138,inicio,True,34.0116,40.359,6.860,24.119,True,320,240,0,False,60.00,0.1000,-0.085650,-0.038005,0.368071,0.545505,-0.044867,0.063128,0.834521,600
49.7450,inicio,True,34.1448,40.979,11.381,23.820,True,320,240,0,False,60.00,0.1000,-0.088655,-0.038352,0.368827,0.544669,-0.048448,0.065526,0.834682,602
49.8775,inicio,True,34.2781,41.510,14.660,27.739,True,320,240,0,False,60.00,0.1000,-0.089312,-0.037390,0.368560,0.543896,-0.050096,0.065812,0.835066,604
50.0031,inicio,True,34.4114,41.967,13.041,25.011,True,320,240,0,False,60.00,0.1000,-0.089967,-0.036336,0.368503,0.542556,-0.050184,0.066129,0.835908,606
50.1180,inicio,True,34.5280,41.566,26.016,26.456,True,320,240,0,False,60.00,0.1000,-0.090416,-0.036003,0.368542,0.541893,-0.051015,0.065719,0.836320,608
50.2361,inicio,True,34.6446,43.178,14.008,20.469,True,320,240,0,False,60.00,0.1000,-0.090655,-0.035878,0.368891,0.541769,-0.051441,0.065620,0.836382,610
50.3544,inicio,True,34.7612,42.523,10.836,21.651,True,320,240,0,False,60.00,0.1000,-0.090795,-0.035617,0.368669,0.541603,-0.051603,0.065798,0.836465,612
50.5087,inicio,True,34.9112,41.651,13.693,22.927,True,320,240,0,False,60.00,0.1000,-0.090761,-0.035089,0.368164,0.541242,-0.049847,0.066809,0.836725,614
50.6332,inicio,True,35.0445,42.008,4.952,21.555,True,320,240,0,False,60.00,0.1000,-0.089167,-0.034798,0.368525,0.541020,-0.048591,0.065143,0.837074,616
50.7426,inicio,True,35.1445,40.768,5.640,23.774,True,320,240,0,False,60.00,0.1000,-0.089108,-0.034477,0.368189,0.540873,-0.048883,0.064713,0.837185,617
50.8755,inicio,True,35.2777,39.387,5.743,22.443,True,320,240,0,False,60.00,0.1000,-0.088978,-0.033981,0.368559,0.540190,-0.049025,0.064133,0.837663,619
51.0088,inicio,True,35.4110,38.261,5.637,22.005,True,320,240,0,False,60.00,0.1000,-0.088480,-0.033348,0.368154,0.539648,-0.047450,0.065213,0.838019,621
51.1461,inicio,True,35.5443,39.181,13.487,24.052,True,320,240,0,False,60.00,0.1000,-0.088416,-0.033199,0.368367,0.539675,-0.046886,0.064592,0.838082,623
51.2752,inicio,True,35.6776,39.969,12.355,22.664,True,320,240,0,False,60.00,0.1000,-0.088329,-0.032885,0.368486,0.539429,-0.048983,0.064049,0.838161,625
51.4242,inicio,True,35.8276,39.571,13.061,20.657,True,320,240,0,False,60.00,0.1000,-0.087677,-0.032641,0.368507,0.539206,-0.047571,0.063184,0.838452,628
51.5329,inicio,True,35.9442,39.431,6.609,20.094,True,320,240,0,False,60.00,0.1000,-0.088148,-0.032453,0.368414,0.539156,-0.048731,0.062830,0.838444,629
51.6730,inicio,True,36.0775,40.185,12.755,22.709,True,320,240,0,False,60.00,0.1000,-0.089884,-0.030380,0.366719,0.535402,-0.049542,0.064163,0.840698,631
51.8189,inicio,True,36.2274,39.745,13.259,20.643,True,320,240,0,False,60.00,0.1000,-0.084685,-0.017232,0.356643,0.510506,-0.049918,0.052197,0.856836,634
51.9639,inicio,True,36.3274,38.553,7.466,22.190,True,320,240,0,False,60.00,0.1000,-0.109080,0.009573,0.335691,0.468425,-0.093581,0.057982,0.876618,636
52.0661,inicio,True,36.4440,38.559,7.593,23.646,True,320,240,0,False,60.00,0.1000,-0.116213,0.009167,0.343104,0.432866,-0.088375,0.054244,0.895475,637
52.2112,inicio,True,36.5773,39.437,11.458,21.253,True,320,240,0,False,60.00,0.1000,-0.106189,-0.018858,0.341206,0.438601,-0.081383,0.043458,0.893934,639
52.3251,inicio,True,36.6606,39.397,7.121,22.490,True,320,240,0,False,60.00,0.1000,-0.098836,-0.050622,0.343558,0.477724,-0.069863,0.041481,0.874745,641
52.4636,inicio,True,36.7939,38.271,12.233,19.813,True,320,240,0,False,60.00,0.1000,-0.089328,-0.058632,0.349523,0.457641,-0.052513,0.031675,0.887020,643
52.5658,inicio,True,36.9105,38.398,13.686,24.234,True,320,240,0,False,60.00,0.1000,-0.088962,-0.079569,0.353121,0.471686,-0.047611,0.028436,0.880021,645
52.6753,inicio,True,37.0105,39.527,9.071,24.182,True,320,240,0,False,60.00,0.1000,-0.090257,-0.086883,0.354732,0.479282,-0.050951,0.026027,0.875794,646
52.8015,inicio,True,37.1438,40.267,12.059,20.237,True,320,240,0,False,60.00,0.1000,-0.092292,-0.089094,0.357785,0.478277,-0.054998,0.025013,0.876128,648
52.9089,inicio,True,37.2438,39.279,11.667,22.910,True,320,240,0,False,60.00,0.1000,-0.097322,-0.080676,0.362769,0.456455,-0.058490,0.025528,0.887455,650
53.0326,inicio,True,37.3771,39.972,4.290,20.379,True,320,240,0,False,60.00,0.1000,-0.101571,-0.071823,0.361159,0.432519,-0.060374,0.026404,0.899214,652
53.1756,inicio,True,37.5104,38.738,12.901,20.898,True,320,240,0,False,60.00,0.1000,-0.105571,-0.049778,0.365335,0.390039,-0.063221,0.026136,0.918254,654
53.2822,inicio,True,37.6270,38.717,11.467,19.166,True,320,240,0,False,60.00,0.1000,-0.099905,-0.041900,0.363781,0.393111,-0.063051,0.026120,0.916955,655
53.4248,inicio,True,37.7603,39.572,13.741,21.396,True,320,240,0,False,60.00,0.1000,-0.098408,-0.037638,0.364524,0.374512,-0.058936,0.020517,0.925120,658
53.5350,inicio,True,37.8769,39.432,4.662,19.056,True,320,240,0,False,60.00,0.1000,-0.103709,-0.034366,0.364847,0.356874,-0.063550,0.024168,0.931675,659
53.6425,inicio,True,37.9769,38.561,12.758,23.570,True,320,240,0,False,60.00,0.1000,-0.101640,-0.020580,0.367735,0.315922,-0.064808,0.018442,0.946390,661
53.7656,inicio,True,38.1102,39.357,4.955,23.971,True,320,240,0,False,60.00,0.1000,-0.092273,-0.030899,0.371715,0.326481,-0.056497,0.017909,0.943344,663
53.8737,inicio,True,38.2101,38.496,6.170,19.267,True,320,240,0,False,60.00,0.1000,-0.088948,-0.033274,0.377674,0.324721,-0.058405,0.017535,0.943842,664
54.0208,inicio,True,38.3601,40.215,11.600,27.882,True,320,240,0,False,60.00,0.1000,-0.091276,-0.040759,0.378593,0.319843,-0.052385,0.019062,0.945829,666
54.1326,inicio,True,38.4767,40.065,6.953,24.290,True,320,240,0,False,60.00,0.1000,-0.093596,-0.046019,0.381210,0.316078,-0.061837,0.022804,0.946441,668
54.2404,inicio,True,38.5767,39.106,12.478,29.373,True,320,240,0,False,60.00,0.1000,-0.085185,-0.052851,0.383286,0.314862,-0.053551,0.027236,0.947234,670
54.3548,inicio,True,38.6934,41.000,12.313,24.789,True,320,240,0,False,60.00,0.1000,-0.086288,-0.058832,0.386112,0.317424,-0.048029,0.031150,0.946554,672
54.4732,inicio,True,38.8100,40.657,4.678,19.347,True,320,240,0,False,60.00,0.1000,-0.085915,-0.064092,0.386622,0.320698,-0.053702,0.033088,0.945079,673
54.5926,inicio,True,38.9266,40.402,12.140,18.417,True,320,240,0,False,60.00,0.1000,-0.067147,-0.074258,0.381611,0.331405,-0.044365,0.052565,0.940978,675
54.6948,inicio,True,39.0267,39.400,11.728,23.894,True,320,240,0,False,60.00,0.1000,-0.033995,-0.086854,0.376301,0.390551,0.004819,0.104289,0.914642,677
54.8252,inicio,True,39.1602,40.124,11.721,22.986,True,320,240,0,False,60.00,0.1000,-0.021051,-0.098803,0.391140,0.334188,0.035193,0.118752,0.934333,679
54.9509,inicio,True,39.2933,40.734,11.564,25.832,True,320,240,0,False,60.00,0.1000,-0.005993,-0.107303,0.381968,0.406981,0.048829,0.162019,0.897626,681
55.0670,inicio,True,39.4099,40.426,5.725,17.366,True,320,240,0,False,60.00,0.1000,0.003580,-0.100302,0.382754,0.399309,0.061985,0.170183,0.898748,682
55.2282,inicio,True,39.5598,39.938,12.136,28.373,True,320,240,0,False,60.00,0.1000,0.034647,-0.126034,0.383056,0.439743,0.126921,0.233572,0.857881,685
55.3484,inicio,False,39.5598,40.497,13.600,15.052,True,320,240,0,False,60.00,0.1000,0.034647,-0.126034,0.383056,0.439743,0.126921,0.233572,0.857881,686
55.4576,inicio,False,39.5930,39.466,13.038,14.270,True,320,240,0,False,60.00,0.1000,0.006997,-0.141693,0.375728,0.448220,0.117032,0.323439,0.825100,688
55.5814,inicio,False,39.5930,38.333,7.852,13.784,True,320,240,0,False,60.00,0.1000,0.006997,-0.141693,0.375728,0.448220,0.117032,0.323439,0.825100,690
55.7148,inicio,False,39.5930,37.402,4.747,11.632,True,320,240,0,False,60.00,0.1000,0.006997,-0.141693,0.375728,0.448220,0.117032,0.323439,0.825100,692
55.8480,inicio,False,39.5930,36.671,4.791,18.100,True,320,240,0,False,60.00,0.1000,0.006997,-0.141693,0.375728,0.448220,0.117032,0.323439,0.825100,694
56.1758,inicio,False,39.5930,47.005,5.293,22.718,True,320,240,0,False,60.00,0.1000,0.006997,-0.141693,0.375728,0.448220,0.117032,0.323439,0.825100,695
56.4503,inicio,False,39.5930,56.609,5.783,27.291,True,320,240,0,False,60.00,0.1000,0.006997,-0.141693,0.375728,0.448220,0.117032,0.323439,0.825100,697
57.2830,inicio,True,40.3591,91.777,10.497,27.619,True,320,240,90,False,60.00,0.1000,-0.083019,-0.136435,0.383261,0.577324,-0.000510,0.040959,0.815487,699
57.4101,inicio,True,40.4925,84.948,5.213,25.480,True,320,240,90,False,60.00,0.1000,-0.082767,-0.131175,0.380864,0.572188,-0.001469,0.036234,0.819320,700
57.5387,inicio,True,40.6258,79.212,12.798,23.773,True,320,240,90,False,60.00,0.1000,-0.087485,-0.119204,0.378471,0.564203,-0.010251,0.022766,0.825259,702
57.6905,inicio,False,40.7260,71.540,13.099,19.856,True,320,240,90,False,60.00,0.1000,-0.112072,-0.131848,0.360613,0.584073,-0.032520,0.047804,0.809639,705
57.8032,inicio,False,40.7260,66.839,7.214,13.763,True,320,240,90,False,60.00,0.1000,-0.112072,-0.131848,0.360613,0.584073,-0.032520,0.047804,0.809639,706
57.9127,inicio,False,40.7260,62.225,8.645,17.119,True,320,240,90,False,60.00,0.1000,-0.112072,-0.131848,0.360613,0.584073,-0.032520,0.047804,0.809639,708
58.0438,inicio,False,40.7260,56.719,11.041,14.551,True,320,240,90,False,60.00,0.1000,-0.112072,-0.131848,0.360613,0.584073,-0.032520,0.047804,0.809639,710
58.1884,inicio,True,40.8092,53.219,20.403,36.328,True,320,240,90,False,60.00,0.1000,-0.116301,-0.122919,0.365988,0.566815,-0.048529,0.043525,0.821262,712
58.3108,inicio,True,40.9258,53.690,11.550,31.706,True,320,240,90,False,60.00,0.1000,-0.117199,-0.122937,0.371827,0.567502,-0.052386,0.037474,0.820849,714
58.4358,inicio,True,41.0590,54.950,11.230,35.054,True,320,240,90,False,60.00,0.1000,-0.109678,-0.118149,0.371730,0.565803,-0.049861,0.033821,0.822336,716
58.5416,inicio,True,41.1589,54.464,11.969,21.767,True,320,240,90,False,60.00,0.1000,-0.103103,-0.110018,0.371267,0.554137,-0.042617,0.032881,0.830683,717
58.6841,inicio,True,41.3092,51.390,10.339,39.524,True,320,240,90,False,60.00,0.1000,-0.070708,-0.088814,0.368970,0.545996,-0.017976,0.020570,0.837343,720
58.8436,inicio,True,41.4589,51.215,12.499,32.753,True,320,240,90,False,60.00,0.1000,-0.058368,-0.085200,0.371475,0.543568,-0.022410,0.007498,0.839033,722
58.9760,inicio,True,41.5921,52.718,10.932,33.024,True,320,240,90,False,60.00,0.1000,-0.052580,-0.085576,0.371070,0.551403,-0.013440,0.005113,0.834115,724
59.0849,inicio,True,41.7093,53.269,11.027,29.091,True,320,240,90,False,60.00,0.1000,-0.053076,-0.081500,0.370139,0.546105,-0.020716,0.006574,0.837435,726
59.2103,inicio,True,41.8256,51.164,5.655,23.472,True,320,240,90,False,60.00,0.1000,-0.055528,-0.081805,0.368791,0.547910,-0.022444,0.009510,0.836182,727
59.3619,inicio,True,41.9754,51.068,10.821,22.503,True,320,240,90,False,60.00,0.1000,-0.059514,-0.081251,0.369636,0.547466,-0.023478,0.015984,0.836346,730
59.5308,inicio,True,42.1420,51.786,13.335,24.048,True,320,240,90,False,60.00,0.1000,-0.060786,-0.078050,0.369341,0.540953,-0.025196,0.019010,0.840461,732
59.6402,inicio,True,42.2419,51.610,13.270,32.285,True,320,240,90,False,60.00,0.1000,-0.065231,-0.078483,0.362957,0.534316,-0.029179,0.035484,0.844035,734
59.7532,inicio,True,42.3585,52.242,14.969,24.539,True,320,240,90,False,60.00,0.1000,-0.066952,-0.086515,0.358301,0.538403,-0.034195,0.044560,0.840814,735
59.8872,inicio,True,42.4918,51.167,12.137,27.389,True,320,240,90,False,60.00,0.1000,-0.077085,-0.092332,0.345514,0.552674,-0.082165,0.074034,0.826027,738
59.9906,inicio,True,42.6085,49.374,26.908,21.060,True,320,240,90,False,60.00,0.1000,-0.072361,-0.092693,0.339977,0.548922,-0.083146,0.086614,0.827206,739
60.1015,inicio,True,42.7085,49.435,6.833,20.160,True,320,240,90,False,60.00,0.1000,-0.085862,-0.107311,0.323465,0.571278,-0.129378,0.137859,0.798685,741
60.2154,inicio,True,42.8251,47.892,6.653,18.860,True,320,240,90,False,60.00,0.1000,-0.082612,-0.105806,0.320080,0.567147,-0.131386,0.155678,0.798027,742
60.3538,inicio,True,42.9584,45.188,5.897,26.799,True,320,240,90,False,60.00,0.1000,-0.071149,-0.104021,0.301926,0.554346,-0.125632,0.200019,0.798066,744
60.4646,inicio,False,42.9584,44.286,12.123,18.877,True,320,240,90,False,60.00,0.1000,-0.071149,-0.104021,0.301926,0.554346,-0.125632,0.200019,0.798066,746
60.5668,inicio,True,43.0251,42.723,9.565,19.721,True,320,240,90,False,60.00,0.1000,-0.063641,-0.107447,0.287842,0.549477,-0.152204,0.268479,0.776420,748
60.6775,inicio,True,43.1417,42.132,5.214,19.325,True,320,240,90,False,60.00,0.1000,-0.053944,-0.105077,0.286079,0.545969,-0.150202,0.268272,0.779351,749
60.8398,inicio,True,43.2916,41.351,11.010,26.955,True,320,240,90,False,60.00,0.1000,-0.038042,-0.093063,0.277661,0.535441,-0.160731,0.280886,0.780110,752
60.9449,inicio,True,43.4083,42.985,13.977,24.489,True,320,240,90,False,60.00,0.1000,-0.031797,-0.083661,0.271655,0.525175,-0.159729,0.281645,0.786990,753
61.0790,inicio,True,43.5416,41.193,6.354,18.745,True,320,240,90,False,60.00,0.1000,-0.009690,-0.075614,0.275397,0.515297,-0.145384,0.274510,0.798735,755
61.2240,inicio,True,43.6915,40.566,7.172,27.386,True,320,240,90,False,60.00,0.1000,0.011658,-0.079588,0.280291,0.525118,-0.136297,0.268831,0.795867,757
61.3475,inicio,True,43.8081,40.366,12.095,21.354,True,320,240,90,False,60.00,0.1000,0.022789,-0.075591,0.279014,0.524826,-0.130293,0.273322,0.795535,759
61.4835,inicio,True,43.9414,39.058,5.643,21.567,True,320,240,90,False,60.00,0.1000,0.031078,-0.072169,0.274730,0.527111,-0.124449,0.274853,0.794432,761
61.6096,inicio,True,44.0747,39.864,9.480,24.817,True,320,240,90,False,60.00,0.1000,0.046587,-0.062832,0.274037,0.516637,-0.108980,0.272561,0.804313,763
61.7453,inicio,True,44.2080,38.652,4.468,19.602,True,320,240,90,False,60.00,0.1000,0.057327,-0.047971,0.277012,0.501218,-0.100304,0.282791,0.811634,765
61.8868,inicio,True,44.3413,37.663,11.639,28.479,True,320,240,90,False,60.00,0.1000,0.060204,-0.049418,0.275861,0.505003,-0.107072,0.298108,0.802895,768
61.9900,inicio,True,44.4579,37.796,23.747,23.220,True,320,240,90,False,60.00,0.1000,0.060332,-0.049680,0.274549,0.503668,-0.111363,0.302556,0.801484,769
62.0986,inicio,True,44.5579,38.984,15.197,21.735,True,320,240,90,False,60.00,0.1000,0.058377,-0.042088,0.269972,0.480601,-0.121261,0.321629,0.806767,771
62.2143,inicio,True,44.6745,38.929,5.307,22.459,True,320,240,90,False,60.00,0.1000,0.059817,-0.038319,0.272806,0.469721,-0.108697,0.338286,0.808152,772
62.3522,inicio,True,44.8081,37.901,6.041,25.286,True,320,240,90,False,60.00,0.1000,0.060543,-0.042370,0.269367,0.470789,-0.117987,0.364918,0.794526,774
62.4781,inicio,False,44.8081,37.047,9.925,15.295,True,320,240,90,False,60.00,0.1000,0.060543,-0.042370,0.269367,0.470789,-0.117987,0.364918,0.794526,776
62.6066,inicio,True,44.8413,36.349,7.032,20.060,True,320,240,90,False,60.00,0.1000,0.080350,-0.057456,0.269725,0.493387,-0.122194,0.350125,0.786798,778
62.7310,inicio,True,44.9579,36.748,11.771,21.218,True,320,240,90,False,60.00,0.1000,0.081799,-0.050116,0.266337,0.483090,-0.128509,0.360016,0.787717,780
62.8839,inicio,True,45.1077,36.939,13.733,25.788,True,320,240,90,False,60.00,0.1000,0.079122,-0.054783,0.261813,0.493490,-0.141477,0.356415,0.780654,782
62.9916,inicio,False,45.1077,37.268,9.390,15.919,True,320,240,90,False,60.00,0.1000,0.079122,-0.054783,0.261813,0.493490,-0.141477,0.356415,0.780654,784
63.1260,inicio,False,45.1077,36.534,7.214,15.883,True,320,240,90,False,60.00,0.1000,0.079122,-0.054783,0.261813,0.493490,-0.141477,0.356415,0.780654,786
63.2624,inicio,False,45.1077,35.943,13.994,14.815,True,320,240,90,False,60.00,0.1000,0.079122,-0.054783,0.261813,0.493490,-0.141477,0.356415,0.780654,788
63.3911,inicio,False,45.1077,35.453,6.547,19.792,True,320,240,90,False,60.00,0.1000,0.079122,-0.054783,0.261813,0.493490,-0.141477,0.356415,0.780654,790
63.5225,inicio,False,45.1077,35.054,6.918,16.393,True,320,240,90,False,60.00,0.1000,0.079122,-0.054783,0.261813,0.493490,-0.141477,0.356415,0.780654,792
63.6258,inicio,False,45.1077,34.806,9.812,18.716,True,320,240,90,False,60.00,0.1000,0.079122,-0.054783,0.261813,0.493490,-0.141477,0.356415,0.780654,794
63.7706,inicio,False,45.1077,34.529,6.825,14.915,True,320,240,90,False,60.00,0.1000,0.079122,-0.054783,0.261813,0.493490,-0.141477,0.356415,0.780654,796
63.9005,inicio,False,45.1077,34.308,9.919,14.139,True,320,240,90,False,60.00,0.1000,0.079122,-0.054783,0.261813,0.493490,-0.141477,0.356415,0.780654,798
64.0330,inicio,False,45.1077,34.125,10.142,13.257,True,320,240,90,False,60.00,0.1000,0.079122,-0.054783,0.261813,0.493490,-0.141477,0.356415,0.780654,800
64.1774,inicio,False,45.1077,34.809,7.030,12.942,True,320,240,90,False,60.00,0.1000,0.079122,-0.054783,0.261813,0.493490,-0.141477,0.356415,0.780654,802
64.3063,inicio,True,45.2077,34.533,4.988,22.952,True,320,240,90,False,60.00,0.1000,0.026785,-0.062244,0.235038,0.497931,-0.230959,0.451078,0.703741,804
64.4087,inicio,False,45.2410,34.361,5.337,17.799,True,320,240,90,False,60.00,0.1000,0.026785,-0.062244,0.235038,0.497931,-0.230959,0.451078,0.703741,805
64.5400,inicio,True,45.3743,35.879,17.759,23.341,True,320,240,90,False,60.00,0.1000,0.027950,-0.089594,0.255317,0.537870,-0.239489,0.448392,0.672522,807
64.6783,inicio,True,45.5076,35.406,6.828,19.651,True,320,240,90,False,60.00,0.1000,0.031490,-0.091636,0.261973,0.545180,-0.233007,0.441910,0.673202,809
64.8344,inicio,True,45.6575,35.852,11.759,23.472,True,320,240,90,False,60.00,0.1000,0.037451,-0.090257,0.263836,0.548210,-0.227739,0.430996,0.679590,812
64.9559,inicio,True,45.7911,37.047,11.596,27.354,True,320,240,90,False,60.00,0.1000,0.039207,-0.093172,0.264038,0.553623,-0.228997,0.426980,0.677311,813
65.0935,inicio,True,45.9243,38.134,14.868,23.321,True,320,240,90,False,60.00,0.1000,0.049153,-0.091299,0.268873,0.551205,-0.226269,0.413999,0.688171,816
65.2148,inicio,True,46.0409,38.199,5.687,21.796,True,320,240,90,False,60.00,0.1000,0.051611,-0.090059,0.269068,0.550580,-0.221570,0.412757,0.690942,817
65.3419,inicio,True,46.1741,39.124,11.152,23.219,True,320,240,90,False,60.00,0.1000,0.058616,-0.091808,0.268023,0.562120,-0.212523,0.404346,0.689463,819
65.4745,inicio,False,46.1741,38.054,6.942,16.642,True,320,240,90,False,60.00,0.1000,0.058616,-0.091808,0.268023,0.562120,-0.212523,0.404346,0.689463,821
65.6106,inicio,False,46.1741,37.169,6.569,17.973,True,320,240,90,False,60.00,0.1000,0.058616,-0.091808,0.268023,0.562120,-0.212523,0.404346,0.689463,823
65.7402,inicio,False,46.1741,36.455,5.532,13.588,True,320,240,90,False,60.00,0.1000,0.058616,-0.091808,0.268023,0.562120,-0.212523,0.404346,0.689463,825
65.8735,inicio,False,46.1741,35.870,6.575,15.807,True,320,240,90,False,60.00,0.1000,0.058616,-0.091808,0.268023,0.562120,-0.212523,0.404346,0.689463,827
66.0068,inicio,False,46.1741,35.394,5.436,17.214,True,320,240,90,False,60.00,0.1000,0.058616,-0.091808,0.268023,0.562120,-0.212523,0.404346,0.689463,829
66.1386,inicio,False,46.1741,35.014,6.845,14.048,True,320,240,90,False,60.00,0.1000,0.058616,-0.091808,0.268023,0.562120,-0.212523,0.404346,0.689463,831
66.2404,inicio,False,46.1741,34.773,5.152,15.630,True,320,240,90,False,60.00,0.1000,0.058616,-0.091808,0.268023,0.562120,-0.212523,0.404346,0.689463,833
66.3725,inicio,False,46.1741,34.504,5.563,14.190,True,320,240,90,False,60.00,0.1000,0.058616,-0.091808,0.268023,0.562120,-0.212523,0.404346,0.689463,835
66.5054,inicio,False,46.1741,34.285,1.147,14.982,True,320,240,90,False,60.00,0.1000,0.058616,-0.091808,0.268023,0.562120,-0.212523,0.404346,0.689463,837
66.6383,inicio,False,46.1741,34.106,6.531,13.726,True,320,240,90,False,60.00,0.1000,0.058616,-0.091808,0.268023,0.562120,-0.212523,0.404346,0.689463,839
66.7401,inicio,False,46.1741,33.995,5.436,14.734,True,320,240,90,False,60.00,0.1000,0.058616,-0.091808,0.268023,0.562120,-0.212523,0.404346,0.689463,840
66.8717,inicio,False,46.1741,33.870,6.745,16.479,True,320,240,90,False,60.00,0.1000,0.058616,-0.091808,0.268023,0.562120,-0.212523,0.404346,0.689463,842
66.9719,inicio,False,46.1741,33.792,6.671,14.207,True,320,240,90,False,60.00,0.1000,0.058616,-0.091808,0.268023,0.562120,-0.212523,0.404346,0.689463,844
67.1050,inicio,False,46.1741,33.705,6.948,16.247,True,320,240,90,False,60.00,0.1000,0.058616,-0.091808,0.268023,0.562120,-0.212523,0.404346,0.689463,846
67.2391,inicio,False,46.1741,33.634,5.694,15.072,True,320,240,90,False,60.00,0.1000,0.058616,-0.091808,0.268023,0.562120,-0.212523,0.404346,0.689463,847
67.3470,inicio,True,46.2740,33.590,1.014,20.620,True,320,240,90,False,60.00,0.1000,0.060114,-0.079635,0.270756,0.557510,-0.167750,0.364512,0.726755,849
67.4772,inicio,True,46.4073,33.540,5.576,20.348,True,320,240,90,False,60.00,0.1000,0.042426,-0.070747,0.263339,0.547481,-0.188988,0.369080,0.726862,851
67.6182,inicio,True,46.5406,35.133,7.458,29.103,True,320,240,90,False,60.00,0.1000,0.024215,-0.076176,0.271131,0.546230,-0.194727,0.386384,0.717232,853
67.7429,inicio,True,46.6739,36.500,12.430,22.038,True,320,240,90,False,60.00,0.1000,0.019998,-0.081879,0.280356,0.541622,-0.205511,0.393029,0.714100,855
67.8962,inicio,True,46.8239,36.744,10.808,19.119,True,320,240,90,False,60.00,0.1000,0.021584,-0.083232,0.280874,0.545255,-0.213169,0.388356,0.711643,858
68.0232,inicio,True,46.9574,37.853,10.246,32.097,True,320,240,90,False,60.00,0.1000,0.024908,-0.083193,0.282603,0.548783,-0.210050,0.386045,0.711116,860
68.1521,inicio,True,47.0740,37.955,8.623,19.182,True,320,240,90,False,60.00,0.1000,0.029499,-0.082923,0.284231,0.549881,-0.206948,0.380931,0.713929,862
68.2545,inicio,True,47.1905,38.044,5.848,22.809,True,320,240,90,False,60.00,0.1000,0.032038,-0.083063,0.284200,0.552093,-0.202560,0.378887,0.714568,863
68.3712,inicio,True,47.3071,38.159,5.470,19.662,True,320,240,90,False,60.00,0.1000,0.035667,-0.084917,0.285092,0.557265,-0.196202,0.376138,0.713780,865
68.4829,inicio,True,47.4070,37.467,8.474,21.045,True,320,240,90,False,60.00,0.1000,0.038262,-0.084243,0.285443,0.558471,-0.193754,0.372724,0.715294,866
68.6171,inicio,True,47.5403,36.696,14.349,22.319,True,320,240,90,False,60.00,0.1000,0.040117,-0.083977,0.284585,0.561574,-0.191713,0.368339,0.715687,869
68.7208,inicio,True,47.6568,36.964,21.602,21.054,True,320,240,90,False,60.00,0.1000,0.041324,-0.083951,0.285485,0.561052,-0.192159,0.367072,0.716627,870
68.8248,inicio,True,47.7569,38.238,16.666,22.421,True,320,240,90,False,60.00,0.1000,0.042768,-0.084938,0.285607,0.562684,-0.190390,0.365560,0.716592,872
68.9466,inicio,True,47.8735,38.288,5.661,22.997,True,320,240,90,False,60.00,0.1000,0.042635,-0.085164,0.285038,0.563252,-0.191632,0.365233,0.715981,873
69.0750,inicio,True,48.0073,37.390,4.763,18.540,True,320,240,90,False,60.00,0.1000,0.043651,-0.084924,0.282777,0.566356,-0.188648,0.364553,0.714670,875
69.2190,inicio,True,48.1404,36.629,6.497,26.206,True,320,240,90,False,60.00,0.1000,0.045852,-0.084800,0.283120,0.567142,-0.186794,0.359275,0.717203,877
69.3610,inicio,True,48.2902,38.567,11.825,25.272,True,320,240,90,False,60.00,0.1000,0.048788,-0.085087,0.282799,0.567782,-0.182812,0.357488,0.718614,880
69.4617,inicio,True,48.3901,39.677,12.033,23.392,True,320,240,90,False,60.00,0.1000,0.049108,-0.086524,0.283186,0.570195,-0.183849,0.356106,0.717123,881
69.5678,inicio,True,48.4900,38.766,11.698,22.330,True,320,240,90,False,60.00,0.1000,0.050479,-0.087875,0.282410,0.572645,-0.184312,0.353398,0.716392,883
69.6989,inicio,True,48.6232,39.571,10.856,24.755,True,320,240,90,False,60.00,0.1000,0.051172,-0.088047,0.280525,0.574330,-0.184017,0.352779,0.715423,885
69.8206,inicio,True,48.7564,40.216,10.735,20.600,True,320,240,90,False,60.00,0.1000,0.051077,-0.088888,0.280501,0.574686,-0.185288,0.351989,0.715199,886
69.9422,inicio,True,48.8732,40.077,14.005,20.471,True,320,240,90,False,60.00,0.1000,0.050480,-0.088150,0.279828,0.573714,-0.188350,0.350174,0.716069,888
70.0803,inicio,True,49.0066,38.828,12.574,23.835,True,320,240,90,False,60.00,0.1000,0.051529,-0.090052,0.281244,0.576979,-0.186356,0.349892,0.714102,891
70.1875,inicio,True,49.1232,38.793,5.292,28.293,True,320,240,90,False,60.00,0.1000,0.051575,-0.090512,0.281137,0.578117,-0.186606,0.350326,0.712903,892
70.3286,inicio,True,49.2564,39.634,13.768,24.264,True,320,240,90,False,60.00,0.1000,0.051859,-0.089871,0.280925,0.577511,-0.186230,0.348324,0.714472,894
70.4596,inicio,True,49.3897,40.399,19.741,27.164,True,320,240,90,False,60.00,0.1000,0.051364,-0.090731,0.281306,0.577198,-0.187478,0.349390,0.713878,896
70.5864,inicio,True,49.5064,42.128,14.010,34.080,True,320,240,90,False,60.00,0.1000,0.050474,-0.089989,0.280311,0.577083,-0.188409,0.348157,0.714327,898
70.7067,inicio,True,49.6396,44.474,10.397,22.303,True,320,240,90,False,60.00,0.1000,0.050191,-0.090607,0.281154,0.575645,-0.189385,0.349390,0.714628,900
70.8181,inicio,True,49.7396,45.052,12.532,33.660,True,320,240,90,False,60.00,0.1000,0.049479,-0.091279,0.280056,0.579613,-0.186032,0.349720,0.712136,901
70.9647,inicio,True,49.8896,45.797,12.639,23.623,True,320,240,90,False,60.00,0.1000,0.050399,-0.091161,0.281712,0.575778,-0.187512,0.348119,0.715634,904
71.0771,inicio,True,50.0062,44.769,5.538,22.663,True,320,240,90,False,60.00,0.1000,0.051643,-0.089964,0.281711,0.573270,-0.185167,0.345703,0.719419,905
71.2307,inicio,True,50.1562,45.554,10.782,31.092,True,320,240,90,False,60.00,0.1000,0.058464,-0.092040,0.274383,0.568461,-0.169675,0.328623,0.734894,908
71.3449,inicio,False,50.1562,46.776,8.459,23.432,True,320,240,90,False,60.00,0.1000,0.058464,-0.092040,0.274383,0.568461,-0.169675,0.328623,0.734894,909
71.4731,inicio,False,50.1562,44.282,5.727,17.845,True,320,240,90,False,60.00,0.1000,0.058464,-0.092040,0.274383,0.568461,-0.169675,0.328623,0.734894,911
71.6006,inicio,False,50.1562,43.550,9.609,28.859,True,320,240,90,False,60.00,0.1000,0.058464,-0.092040,0.274383,0.568461,-0.169675,0.328623,0.734894,913
71.7306,inicio,False,50.1562,43.758,13.512,22.535,True,320,240,90,False,60.00,0.1000,0.058464,-0.092040,0.274383,0.568461,-0.169675,0.328623,0.734894,915
71.8370,inicio,False,50.1562,45.200,18.948,19.486,True,320,240,90,False,60.00,0.1000,0.058464,-0.092040,0.274383,0.568461,-0.169675,0.328623,0.734894,917
71.9702,inicio,True,50.2895,45.050,6.028,59.210,True,320,240,90,False,60.00,0.1000,0.070663,-0.094169,0.261509,0.347619,-0.032660,0.038974,0.936256,919
72.1092,inicio,False,50.3561,47.164,18.074,55.997,True,320,240,90,False,60.00,0.1000,0.059973,-0.096462,0.257609,0.373843,-0.003803,0.029890,0.927002,921
72.2181,inicio,True,50.4561,49.807,22.582,38.629,True,320,240,90,False,60.00,0.1000,0.031007,-0.088092,0.260287,0.286437,-0.089643,0.012178,0.953818,922
72.3673,inicio,False,50.5394,52.239,24.042,19.276,True,320,240,90,False,60.00,0.1000,0.031007,-0.088092,0.260287,0.286437,-0.089643,0.012178,0.953818,924
72.4792,inicio,False,50.5394,52.814,16.006,21.009,True,320,240,90,False,60.00,0.1000,0.031007,-0.088092,0.260287,0.286437,-0.089643,0.012178,0.953818,925
72.5810,inicio,True,50.6061,52.579,12.998,30.764,True,320,240,90,False,60.00,0.1000,-0.043189,-0.030856,0.290463,0.105246,-0.043546,-0.061704,0.991574,927
72.7174,inicio,True,50.7396,53.960,22.367,33.815,True,320,240,90,False,60.00,0.1000,-0.044496,-0.038178,0.299268,0.100411,0.029809,-0.095717,0.989883,929
72.8576,inicio,True,50.8894,55.980,16.747,27.797,True,320,240,90,False,60.00,0.1000,-0.054966,-0.043744,0.308129,0.089672,-0.039685,-0.103392,0.989795,931
72.9959,inicio,True,51.0226,57.055,22.001,39.630,True,320,240,90,False,60.00,0.1000,-0.059295,-0.037105,0.301962,0.070313,-0.039803,-0.113631,0.990232,933
73.1354,inicio,True,51.1557,57.943,24.462,34.954,True,320,240,90,False,60.00,0.1000,-0.062197,-0.055275,0.297883,0.099105,-0.001739,-0.104399,0.989584,935
73.2422,inicio,True,51.2556,60.041,6.664,34.367,True,320,240,90,False,60.00,0.1000,-0.063712,-0.063497,0.303470,0.087801,-0.019215,-0.109252,0.989942,936
73.3451,inicio,True,51.3722,59.849,1.993,22.788,True,320,240,90,False,60.00,0.1000,-0.063712,-0.063497,0.303470,0.087801,-0.019215,-0.109252,0.989942,937
73.5184,inicio,True,51.5389,59.318,13.578,46.765,True,320,240,90,False,60.00,0.1000,-0.055728,-0.087966,0.302633,0.071250,-0.017428,-0.111365,0.991069,940
73.6555,inicio,True,51.6888,60.818,16.166,17.647,True,320,240,90,False,60.00,0.1000,-0.056500,-0.100238,0.302154,0.083600,-0.006832,-0.105580,0.990867,942
73.7639,inicio,True,51.7888,59.767,12.043,22.661,True,320,240,90,False,60.00,0.1000,-0.060726,-0.110894,0.301663,0.104126,-0.009737,-0.099644,0.989512,944
73.9089,inicio,True,51.9389,58.420,14.944,23.084,True,320,240,90,False,60.00,0.1000,-0.062473,-0.124053,0.307169,0.080780,-0.012499,-0.102452,0.991374,946
74.0135,inicio,True,52.0388,57.595,8.807,22.179,True,320,240,90,False,60.00,0.1000,-0.062207,-0.125426,0.307158,0.085243,-0.015885,-0.100602,0.991141,947
74.1249,inicio,True,52.1554,57.724,29.582,29.903,True,320,240,90,False,60.00,0.1000,-0.063889,-0.134846,0.308133,0.084274,-0.013116,-0.097338,0.991590,949
74.2704,inicio,True,52.3053,59.422,18.903,30.312,True,320,240,90,False,60.00,0.1000,-0.063545,-0.139740,0.310217,0.097759,-0.019920,-0.094766,0.990488,951
74.3869,inicio,True,52.4218,59.330,1.240,30.531,True,320,240,90,False,60.00,0.1000,-0.062598,-0.143034,0.311896,0.087456,-0.014951,-0.095408,0.991476,953
74.4997,inicio,True,52.5218,58.464,21.112,46.763,True,320,240,90,False,60.00,0.1000,-0.063505,-0.135788,0.315277,0.087813,-0.013280,-0.096617,0.991351,955
74.6838,inicio,True,52.7050,61.717,8.315,46.721,True,320,240,90,False,60.00,0.1000,-0.063349,-0.133754,0.320138,0.089840,-0.010185,-0.094189,0.991440,957
74.8003,inicio,True,52.8216,64.461,1.604,46.317,True,320,240,90,False,60.00,0.1000,-0.063349,-0.133754,0.320138,0.089840,-0.010185,-0.094189,0.991440,958
74.9420,inicio,True,52.9715,65.463,20.555,41.902,True,320,240,90,False,60.00,0.1000,-0.063859,-0.130481,0.325580,0.081897,-0.017621,-0.094469,0.991997,960
75.0856,inicio,True,53.1089,65.742,14.412,28.638,True,320,240,90,False,60.00,0.1000,-0.063753,-0.132723,0.323804,0.074607,-0.015141,-0.096130,0.992453,962
75.1880,inicio,True,53.2216,64.806,13.051,28.127,True,320,240,90,False,60.00,0.1000,-0.063913,-0.132561,0.321914,0.073535,-0.012186,-0.094928,0.992690,963
75.3387,inicio,True,53.3549,65.030,26.343,35.437,True,320,240,90,False,60.00,0.1000,-0.064084,-0.134305,0.322270,0.098029,-0.030805,-0.097280,0.989938,965
75.4922,inicio,True,53.5218,66.825,1.193,43.926,True,320,240,90,False,60.00,0.1000,-0.065617,-0.137880,0.313450,0.131608,-0.039740,-0.090821,0.986332,967
75.6043,inicio,False,53.5218,65.965,7.847,17.195,True,320,240,90,False,60.00,0.1000,-0.065617,-0.137880,0.313450,0.131608,-0.039740,-0.090821,0.986332,968
75.7773,inicio,False,53.5218,64.597,17.138,34.989,True,320,240,90,False,60.00,0.1000,-0.065617,-0.137880,0.313450,0.131608,-0.039740,-0.090821,0.986332,971
75.9001,inicio,False,53.5218,63.972,11.526,34.820,True,320,240,90,False,60.00,0.1000,-0.065617,-0.137880,0.313450,0.131608,-0.039740,-0.090821,0.986332,973
76.0756,inicio,False,53.5218,66.733,17.243,33.123,True,320,240,90,False,60.00,0.1000,-0.065617,-0.137880,0.313450,0.131608,-0.039740,-0.090821,0.986332,975
76.2172,inicio,False,53.5218,66.732,10.475,41.667,True,320,240,90,False,60.00,0.1000,-0.065617,-0.137880,0.313450,0.131608,-0.039740,-0.090821,0.986332,977
76.3302,inicio,False,53.5218,65.884,1.067,39.646,True,320,240,90,False,60.00,0.1000,-0.065617,-0.137880,0.313450,0.131608,-0.039740,-0.090821,0.986332,978
76.4564,inicio,False,53.6217,62.819,27.691,32.719,True,320,240,90,False,60.00,0.1000,-0.070760,-0.023167,0.303388,0.285650,-0.016936,-0.062392,0.956151,980
76.6109,inicio,False,53.6217,63.995,9.925,45.892,True,320,240,90,False,60.00,0.1000,-0.070760,-0.023167,0.303388,0.285650,-0.016936,-0.062392,0.956151,982
76.7365,inicio,False,53.6217,64.242,10.437,21.298,True,320,240,90,False,60.00,0.1000,-0.070760,-0.023167,0.303388,0.285650,-0.016936,-0.062392,0.956151,984
76.8517,inicio,False,53.6217,59.819,10.843,17.264,True,320,240,90,False,60.00,0.1000,-0.070760,-0.023167,0.303388,0.285650,-0.016936,-0.062392,0.956151,986
76.9695,inicio,False,53.6217,57.691,12.453,24.941,True,320,240,90,False,60.00,0.1000,-0.070760,-0.023167,0.303388,0.285650,-0.016936,-0.062392,0.956151,988
77.0895,inicio,False,53.6217,57.791,15.217,22.250,True,320,240,90,False,60.00,0.1000,-0.070760,-0.023167,0.303388,0.285650,-0.016936,-0.062392,0.956151,990
77.2279,inicio,False,53.6217,55.804,9.199,13.661,True,320,240,90,False,60.00,0.1000,-0.070760,-0.023167,0.303388,0.285650,-0.016936,-0.062392,0.956151,992
77.3675,inicio,False,53.6217,51.636,7.884,26.545,True,320,240,90,False,60.00,0.1000,-0.070760,-0.023167,0.303388,0.285650,-0.016936,-0.062392,0.956151,994
77.4746,inicio,False,53.6217,49.776,7.465,16.194,True,320,240,90,False,60.00,0.1000,-0.070760,-0.023167,0.303388,0.285650,-0.016936,-0.062392,0.956151,995
77.5960,inicio,False,53.6217,48.220,14.439,14.162,True,320,240,90,False,60.00,0.1000,-0.070760,-0.023167,0.303388,0.285650,-0.016936,-0.062392,0.956151,997
77.7018,inicio,False,53.6217,46.108,7.961,14.781,True,320,240,90,False,60.00,0.1000,-0.070760,-0.023167,0.303388,0.285650,-0.016936,-0.062392,0.956151,999
77.8082,inicio,False,53.6217,45.112,11.543,13.380,True,320,240,90,False,60.00,0.1000,-0.070760,-0.023167,0.303388,0.285650,-0.016936,-0.062392,0.956151,1001
77.9485,inicio,False,53.6217,42.920,8.910,20.387,True,320,240,90,False,60.00,0.1000,-0.070760,-0.023167,0.303388,0.285650,-0.016936,-0.062392,0.956151,1003
78.0514,inicio,False,53.6217,42.301,7.752,24.153,True,320,240,90,False,60.00,0.1000,-0.070760,-0.023167,0.303388,0.285650,-0.016936,-0.062392,0.956151,1004
78.1679,inicio,False,53.6217,41.809,6.115,17.104,True,320,240,90,False,60.00,0.1000,-0.070760,-0.023167,0.303388,0.285650,-0.016936,-0.062392,0.956151,1006
78.2891,inicio,False,53.6217,41.459,14.568,42.505,True,320,240,90,False,60.00,0.1000,-0.070760,-0.023167,0.303388,0.285650,-0.016936,-0.062392,0.956151,1008
78.4344,inicio,True,53.7557,43.952,16.966,40.665,True,320,240,90,False,60.00,0.1000,-0.020870,-0.159554,0.316931,0.582408,0.076774,-0.044425,0.808043,1010
78.5849,inicio,False,53.7557,46.957,7.482,31.074,True,320,240,90,False,60.00,0.1000,-0.020870,-0.159554,0.316931,0.582408,0.076774,-0.044425,0.808043,1012
78.7144,inicio,True,53.8886,48.856,17.571,42.214,True,320,240,90,False,60.00,0.1000,-0.013749,-0.140661,0.331383,0.584072,0.064061,-0.063405,0.806682,1014
78.9043,inicio,True,54.0883,53.824,1.291,28.949,True,320,240,90,False,60.00,0.1000,-0.019014,-0.136909,0.330239,0.588007,0.058801,-0.059729,0.804501,1016
79.0200,inicio,True,54.2046,54.267,24.423,50.259,True,320,240,90,False,60.00,0.1000,-0.041929,-0.143646,0.333242,0.599502,0.030718,-0.036707,0.798941,1018
79.1217,inicio,True,54.3044,56.545,18.965,52.007,True,320,240,90,False,60.00,0.1000,-0.046583,-0.145641,0.337810,0.598243,0.022436,-0.036065,0.800188,1019
79.2808,inicio,True,54.4546,58.331,1.153,45.398,True,320,240,90,False,60.00,0.1000,-0.051170,-0.141696,0.340078,0.591753,0.013889,-0.034603,0.805257,1021
79.3865,inicio,True,54.5709,58.254,17.961,33.378,True,320,240,90,False,60.00,0.1000,-0.062473,-0.126708,0.339013,0.582915,-0.003669,-0.022559,0.812212,1022
79.5323,inicio,True,54.7042,59.071,21.163,40.443,True,320,240,90,False,60.00,0.1000,-0.075105,-0.120339,0.345008,0.568913,-0.015904,-0.017470,0.822058,1024
79.6935,inicio,True,54.8709,61.438,1.587,55.765,True,320,240,90,False,60.00,0.1000,-0.077648,-0.113023,0.343988,0.557291,-0.021709,-0.019116,0.829813,1026
79.8909,inicio,True,55.0706,65.225,9.744,85.103,True,320,240,90,False,60.00,0.1000,-0.090094,-0.092211,0.347612,0.537415,-0.033633,-0.001412,0.842646,1028
80.0329,inicio,True,55.2042,68.645,12.027,31.257,True,320,240,90,False,60.00,0.1000,-0.090940,-0.091426,0.348866,0.535024,-0.030524,0.000996,0.844285,1029
80.1708,inicio,True,55.3541,69.240,19.356,55.118,True,320,240,90,False,60.00,0.1000,-0.090136,-0.089505,0.350230,0.534150,-0.031609,-0.001484,0.844797,1031
80.2732,inicio,True,55.4540,70.773,17.961,45.635,True,320,240,90,False,60.00,0.1000,-0.090809,-0.089683,0.351221,0.533860,-0.032654,-0.001749,0.844940,1032
80.4559,inicio,True,55.6372,72.823,39.441,78.215,True,320,240,90,False,60.00,0.1000,-0.092697,-0.087390,0.351305,0.532468,-0.033061,0.000668,0.845804,1034
80.6042,inicio,True,55.7871,76.676,12.449,38.649,True,320,240,90,False,60.00,0.1000,-0.092699,-0.087967,0.352146,0.532165,-0.034009,0.000359,0.845957,1035
80.7477,inicio,True,55.9207,75.716,1.149,62.663,True,320,240,90,False,60.00,0.1000,-0.092875,-0.089174,0.351631,0.534630,-0.035254,-0.000303,0.844351,1037
80.9303,inicio,True,56.1040,77.247,19.446,36.465,True,320,240,90,False,60.00,0.1000,-0.091792,-0.089047,0.349609,0.534587,-0.037679,-0.001763,0.844272,1039
81.0640,inicio,True,56.2372,76.169,18.080,35.896,True,320,240,90,False,60.00,0.1000,-0.091949,-0.089139,0.348778,0.536030,-0.037462,-0.002610,0.843363,1041
81.1892,inicio,True,56.3704,75.194,1.137,30.176,True,320,240,90,False,60.00,0.1000,-0.091760,-0.089586,0.350804,0.535855,-0.036814,-0.003354,0.843501,1043
81.3500,inicio,True,56.5203,71.597,14.875,29.238,True,320,240,90,False,60.00,0.1000,-0.092363,-0.089888,0.351180,0.536738,-0.038292,-0.003033,0.842874,1046
81.4734,inicio,True,56.6536,71.110,18.991,31.236,True,320,240,90,False,60.00,0.1000,-0.092576,-0.090000,0.350671,0.537892,-0.037131,-0.003077,0.842190,1047
81.5898,inicio,True,56.7701,69.923,15.308,48.386,True,320,240,90,False,60.00,0.1000,-0.092600,-0.089825,0.351193,0.537201,-0.038523,-0.003760,0.842566,1049
81.7744,inicio,True,56.9533,72.055,1.348,49.713,True,320,240,90,False,60.00,0.1000,-0.092865,-0.090358,0.350979,0.538284,-0.037930,-0.003332,0.841903,1051
81.9139,inicio,True,57.0865,71.523,22.958,32.046,True,320,240,90,False,60.00,0.1000,-0.091759,-0.091475,0.352217,0.538881,-0.036483,-0.006934,0.841563,1053
82.0514,inicio,True,57.2367,71.891,14.385,27.889,True,320,240,90,False,60.00,0.1000,-0.090701,-0.091806,0.352807,0.539638,-0.034706,-0.008336,0.841140,1055
82.1801,inicio,True,57.3533,70.590,9.370,39.779,True,320,240,90,False,60.00,0.1000,-0.090240,-0.092335,0.353245,0.540646,-0.035483,-0.007403,0.840469,1057
82.3134,inicio,True,57.4866,70.206,6.901,50.404,True,320,240,90,False,60.00,0.1000,-0.089513,-0.093355,0.353246,0.542369,-0.033808,-0.008280,0.839419,1059
82.4386,inicio,True,57.6202,69.829,23.520,34.684,True,320,240,90,False,60.00,0.1000,-0.088546,-0.094141,0.354525,0.542008,-0.034917,-0.010391,0.839584,1061
82.5816,inicio,True,57.7534,69.516,12.491,34.079,True,320,240,90,False,60.00,0.1000,-0.088088,-0.094535,0.354097,0.543856,-0.033996,-0.009781,0.838432,1063
82.7150,inicio,True,57.8869,69.247,14.237,40.641,True,320,240,90,False,60.00,0.1000,-0.088739,-0.093583,0.354229,0.542779,-0.035161,-0.010428,0.839075,1065
82.8738,inicio,True,58.0534,70.655,19.015,35.301,True,320,240,90,False,60.00,0.1000,-0.089912,-0.093848,0.354265,0.543399,-0.035616,-0.009944,0.838660,1067
83.0040,inicio,True,58.1867,70.260,1.242,42.037,True,320,240,90,False,60.00,0.1000,-0.089912,-0.093848,0.354265,0.543399,-0.035616,-0.009944,0.838660,1068
83.1372,inicio,True,58.3201,66.668,16.257,27.831,True,320,240,90,False,60.00,0.1000,-0.096470,-0.095738,0.353080,0.546469,-0.043774,-0.002629,0.836331,1070
83.2714,inicio,True,58.4533,63.570,20.468,25.066,True,320,240,90,False,60.00,0.1000,-0.099911,-0.096312,0.353770,0.545768,-0.046787,0.000474,0.836629,1072
83.4268,inicio,True,58.6031,61.706,9.826,35.755,True,320,240,90,False,60.00,0.1000,-0.100646,-0.096649,0.353533,0.546557,-0.046822,0.001467,0.836111,1075
83.5457,inicio,True,58.7196,61.350,14.741,32.178,True,320,240,90,False,60.00,0.1000,-0.101026,-0.096758,0.353930,0.546302,-0.047028,0.001310,0.836266,1077
83.6901,inicio,True,58.8695,59.685,13.692,33.207,True,320,240,90,False,60.00,0.1000,-0.100855,-0.096499,0.353879,0.545944,-0.047199,0.001331,0.836490,1079
83.8241,inicio,True,59.0029,60.373,19.480,43.670,True,320,240,90,False,60.00,0.1000,-0.100684,-0.096780,0.353835,0.546797,-0.047670,0.001036,0.835907,1081
83.9550,inicio,True,59.1361,60.938,11.543,27.914,True,320,240,90,False,60.00,0.1000,-0.100952,-0.097227,0.354235,0.547140,-0.048443,-0.000512,0.835638,1083
84.0754,inicio,True,59.2527,60.698,11.418,36.700,True,320,240,90,False,60.00,0.1000,-0.100764,-0.096470,0.354232,0.545676,-0.047538,-0.000376,0.836647,1084
84.2348,inicio,True,59.4193,60.088,18.495,53.182,True,320,240,90,False,60.00,0.1000,-0.100412,-0.096624,0.354206,0.546263,-0.046276,0.000950,0.836334,1087
84.3783,inicio,True,59.5528,60.692,13.822,25.973,True,320,240,90,False,60.00,0.1000,-0.100209,-0.096553,0.354313,0.546073,-0.046332,0.000610,0.836456,1089
84.5297,inicio,True,59.7027,59.162,16.468,24.520,True,320,240,90,False,60.00,0.1000,-0.099976,-0.096379,0.354104,0.546431,-0.046232,0.000551,0.836227,1091
84.6879,inicio,True,59.8692,58.721,42.623,43.638,True,320,240,90,False,60.00,0.1000,-0.100078,-0.096116,0.354519,0.545375,-0.048921,-0.000166,0.836763,1094
84.7983,inicio,True,59.9691,60.782,22.022,43.075,True,320,240,90,False,60.00,0.1000,-0.099763,-0.095546,0.354158,0.545275,-0.047282,-0.000325,0.836923,1095
84.9338,inicio,True,60.1190,62.100,1.214,27.410,True,320,240,90,False,60.00,0.1000,-0.099763,-0.095546,0.354158,0.545275,-0.047282,-0.000325,0.836923,1096
85.1103,inicio,True,60.2857,61.330,14.800,48.681,True,320,240,90,False,60.00,0.1000,-0.101771,-0.091222,0.350921,0.538911,-0.051365,-0.001626,0.840794,1099
85.2603,inicio,True,60.4356,62.638,13.557,31.220,True,320,240,90,False,60.00,0.1000,-0.101306,-0.085011,0.352304,0.529323,-0.048205,-0.003801,0.847041,1101
85.3750,inicio,True,60.5524,62.207,11.706,27.339,True,320,240,90,False,60.00,0.1000,-0.099590,-0.085191,0.353940,0.528878,-0.043457,-0.006444,0.847560,1103
85.4822,inicio,True,60.6524,60.972,9.821,25.928,True,320,240,90,False,60.00,0.1000,-0.098077,-0.084331,0.352421,0.529377,-0.042724,-0.005486,0.847293,1105
85.6489,inicio,True,60.8356,61.031,17.737,34.807,True,320,240,90,False,60.00,0.1000,-0.097544,-0.083371,0.350716,0.528720,-0.042655,-0.005641,0.847705,1107
85.7936,inicio,True,60.9689,61.577,17.374,27.786,True,320,240,90,False,60.00,0.1000,-0.098023,-0.081792,0.348755,0.526806,-0.043268,-0.005135,0.848868,1109
85.9045,inicio,True,61.0855,61.237,11.353,40.877,True,320,240,90,False,60.00,0.1000,-0.098813,-0.081859,0.349506,0.526179,-0.042034,-0.005988,0.849313,1111
86.0290,inicio,True,61.2026,60.954,23.139,26.710,True,320,240,90,False,60.00,0.1000,-0.093940,-0.078924,0.345793,0.519431,-0.038959,-0.014537,0.853500,1113
86.1316,inicio,False,61.2026,59.843,11.262,15.249,True,320,240,90,False,60.00,0.1000,-0.093940,-0.078924,0.345793,0.519431,-0.038959,-0.014537,0.853500,1114
86.2541,inicio,False,61.2360,57.678,11.639,18.385,True,320,240,90,False,60.00,0.1000,-0.068267,-0.043980,0.340233,0.466813,-0.003404,-0.052383,0.882797,1116
86.3664,inicio,False,61.2360,55.028,9.583,32.890,True,320,240,90,False,60.00,0.1000,-0.068267,-0.043980,0.340233,0.466813,-0.003404,-0.052383,0.882797,1118
86.4771,inicio,False,61.2360,54.534,11.093,20.033,True,320,240,90,False,60.00,0.1000,-0.068267,-0.043980,0.340233,0.466813,-0.003404,-0.052383,0.882797,1120
86.5822,inicio,False,61.2360,52.250,13.345,31.920,True,320,240,90,False,60.00,0.1000,-0.068267,-0.043980,0.340233,0.466813,-0.003404,-0.052383,0.882797,1121
86.6975,inicio,False,61.2360,52.027,16.175,42.942,True,320,240,90,False,60.00,0.1000,-0.068267,-0.043980,0.340233,0.466813,-0.003404,-0.052383,0.882797,1123
87.1149,inicio,False,61.2360,66.740,17.417,96.662,True,320,240,90,False,60.00,0.1000,-0.068267,-0.043980,0.340233,0.466813,-0.003404,-0.052383,0.882797,1125
87.2499,inicio,False,61.2360,71.791,1.305,101.913,True,320,240,90,False,60.00,0.1000,-0.068267,-0.043980,0.340233,0.466813,-0.003404,-0.052383,0.882797,1126
87.5140,inicio,False,61.2360,80.661,10.355,28.173,True,320,240,90,False,60.00,0.1000,-0.068267,-0.043980,0.340233,0.466813,-0.003404,-0.052383,0.882797,1127
88.3503,inicio,False,61.2360,115.131,12.476,1.687,True,320,240,0,False,60.00,0.1000,-0.068267,-0.043980,0.340233,0.466813,-0.003404,-0.052383,0.882797,1129
88.4819,inicio,False,61.2360,99.938,23.862,2.006,True,320,240,0,False,60.00,0.1000,-0.068267,-0.043980,0.340233,0.466813,-0.003404,-0.052383,0.882797,1131
88.5828,inicio,False,61.2360,90.440,27.164,1.477,True,320,240,0,False,60.00,0.1000,-0.068267,-0.043980,0.340233,0.466813,-0.003404,-0.052383,0.882797,1132
88.7149,inicio,False,61.2360,79.851,23.223,1.545,True,320,240,0,False,60.00,0.1000,-0.068267,-0.043980,0.340233,0.466813,-0.003404,-0.052383,0.882797,1134
88.8485,inicio,False,61.2360,71.214,16.063,8.252,True,320,240,0,False,60.00,0.1000,-0.068267,-0.043980,0.340233,0.466813,-0.003404,-0.052383,0.882797,1136
88.9815,inicio,False,61.2360,64.188,19.345,3.709,True,320,240,0,False,60.00,0.1000,-0.068267,-0.043980,0.340233,0.466813,-0.003404,-0.052383,0.882797,1138
89.0868,inicio,False,61.2360,59.784,19.775,1.725,True,320,240,0,False,60.00,0.1000,-0.068267,-0.043980,0.340233,0.466813,-0.003404,-0.052383,0.882797,1140
89.2181,inicio,False,61.2360,54.867,18.479,5.121,True,320,240,0,False,60.00,0.1000,-0.068267,-0.043980,0.340233,0.466813,-0.003404,-0.052383,0.882797,1142
89.3479,inicio,False,61.2360,50.878,18.919,1.537,True,320,240,0,False,60.00,0.1000,-0.068267,-0.043980,0.340233,0.466813,-0.003404,-0.052383,0.882797,1144
89.4480,inicio,False,61.2360,48.374,20.500,6.757,True,320,240,0,False,60.00,0.1000,-0.068267,-0.043980,0.340233,0.466813,-0.003404,-0.052383,0.882797,1145
89.5814,inicio,False,61.2360,45.582,23.852,3.677,True,320,240,0,False,60.00,0.1000,-0.068267,-0.043980,0.340233,0.466813,-0.003404,-0.052383,0.882797,1147
89.7145,inicio,False,61.2360,43.308,24.326,2.757,True,320,240,0,False,60.00,0.1000,-0.068267,-0.043980,0.340233,0.466813,-0.003404,-0.052383,0.882797,1149
89.8146,inicio,False,61.2360,41.884,16.796,2.265,True,320,240,0,False,60.00,0.1000,-0.068267,-0.043980,0.340233,0.466813,-0.003404,-0.052383,0.882797,1150
89.9251,inicio,False,61.2360,40.663,21.480,6.950,True,320,240,0,False,60.00,0.1000,-0.068267,-0.043980,0.340233,0.466813,-0.003404,-0.052383,0.882797,1152
90.0480,inicio,False,61.2360,39.304,22.940,2.169,True,320,240,0,False,60.00,0.1000,-0.068267,-0.043980,0.340233,0.466813,-0.003404,-0.052383,0.882797,1154
90.1668,inicio,False,61.2360,39.242,5.599,1.639,True,320,240,0,False,60.00,0.1000,-0.068267,-0.043980,0.340233,0.466813,-0.003404,-0.052383,0.882797,1156
90.2978,inicio,False,61.2360,38.143,6.388,2.741,True,320,240,0,False,60.00,0.1000,-0.068267,-0.043980,0.340233,0.466813,-0.003404,-0.052383,0.882797,1158
90.3981,inicio,False,61.2360,37.454,5.177,1.594,True,320,240,0,False,60.00,0.1000,-0.068267,-0.043980,0.340233,0.466813,-0.003404,-0.052383,0.882797,1159
90.4996,inicio,False,61.2360,36.863,5.143,5.706,True,320,240,0,False,60.00,0.1000,-0.068267,-0.043980,0.340233,0.466813,-0.003404,-0.052383,0.882797,1161
90.6308,inicio,False,61.2360,36.205,5.466,5.155,True,320,240,0,False,60.00,0.1000,-0.068267,-0.043980,0.340233,0.466813,-0.003404,-0.052383,0.882797,1163
90.7309,inicio,False,61.2360,35.796,8.524,1.999,True,320,240,0,False,60.00,0.1000,-0.068267,-0.043980,0.340233,0.466813,-0.003404,-0.052383,0.882797,1164
90.8643,inicio,False,61.2360,35.339,5.525,1.695,True,320,240,0,False,60.00,0.1000,-0.068267,-0.043980,0.340233,0.466813,-0.003404,-0.052383,0.882797,1166
90.9975,inicio,False,61.2360,34.964,5.164,1.913,True,320,240,0,False,60.00,0.1000,-0.068267,-0.043980,0.340233,0.466813,-0.003404,-0.052383,0.882797,1168
91.1306,inicio,False,61.2360,34.659,4.965,5.715,True,320,240,0,False,60.00,0.1000,-0.068267,-0.043980,0.340233,0.466813,-0.003404,-0.052383,0.882797,1170
91.2313,inicio,False,61.2360,34.468,8.816,2.819,True,320,240,0,False,60.00,0.1000,-0.068267,-0.043980,0.340233,0.466813,-0.003404,-0.052383,0.882797,1172
91.3640,inicio,False,61.2360,34.255,5.229,1.569,True,320,240,0,False,60.00,0.1000,-0.068267,-0.043980,0.340233,0.466813,-0.003404,-0.052383,0.882797,1174
91.4651,inicio,False,61.2360,34.122,7.520,2.728,True,320,240,0,False,60.00,0.1000,-0.068267,-0.043980,0.340233,0.466813,-0.003404,-0.052383,0.882797,1175
91.6016,inicio,False,61.2360,33.974,6.165,4.544,True,320,240,0,False,60.00,0.1000,-0.068267,-0.043980,0.340233,0.466813,-0.003404,-0.052383,0.882797,1177
91.7308,inicio,False,61.2360,33.853,5.177,1.508,True,320,240,0,False,60.00,0.1000,-0.068267,-0.043980,0.340233,0.466813,-0.003404,-0.052383,0.882797,1179
91.8666,inicio,False,61.2360,33.755,4.985,11.320,True,320,240,0,False,60.00,0.1000,-0.068267,-0.043980,0.340233,0.466813,-0.003404,-0.052383,0.882797,1181
91.9970,inicio,False,61.2360,33.675,5.178,1.589,True,320,240,0,False,60.00,0.1000,-0.068267,-0.043980,0.340233,0.466813,-0.003404,-0.052383,0.882797,1183
92.0970,inicio,False,61.2360,33.625,6.185,8.038,True,320,240,0,False,60.00,0.1000,-0.068267,-0.043980,0.340233,0.466813,-0.003404,-0.052383,0.882797,1185
92.1992,inicio,False,61.2360,33.582,5.352,1.789,True,320,240,0,False,60.00,0.1000,-0.068267,-0.043980,0.340233,0.466813,-0.003404,-0.052383,0.882797,1186
92.3319,inicio,False,61.2360,33.534,5.954,1.535,True,320,240,0,False,60.00,0.1000,-0.068267,-0.043980,0.340233,0.466813,-0.003404,-0.052383,0.882797,1188
92.4639,inicio,False,61.2360,33.494,5.779,3.825,True,320,240,0,False,60.00,0.1000,-0.068267,-0.043980,0.340233,0.466813,-0.003404,-0.052383,0.882797,1190
92.5647,inicio,False,61.2360,33.470,6.353,1.637,True,320,240,0,False,60.00,0.1000,-0.068267,-0.043980,0.340233,0.466813,-0.003404,-0.052383,0.882797,1192
92.6976,inicio,False,61.2360,33.442,5.312,1.697,True,320,240,0,False,60.00,0.1000,-0.068267,-0.043980,0.340233,0.466813,-0.003404,-0.052383,0.882797,1194
92.8305,inicio,False,61.2360,33.420,5.794,1.631,True,320,240,0,False,60.00,0.1000,-0.068267,-0.043980,0.340233,0.466813,-0.003404,-0.052383,0.882797,1196
92.9642,inicio,False,61.2360,33.402,5.520,3.045,True,320,240,0,False,60.00,0.1000,-0.068267,-0.043980,0.340233,0.466813,-0.003404,-0.052383,0.882797,1198
93.0969,inicio,False,61.2360,33.387,5.984,1.514,True,320,240,0,False,60.00,0.1000,-0.068267,-0.043980,0.340233,0.466813,-0.003404,-0.052383,0.882797,1200
93.2299,inicio,False,61.2360,33.375,5.019,1.717,True,320,240,0,False,60.00,0.1000,-0.068267,-0.043980,0.340233,0.466813,-0.003404,-0.052383,0.882797,1202
93.3305,inicio,False,61.2360,33.368,5.667,1.645,True,320,240,0,False,60.00,0.1000,-0.068267,-0.043980,0.340233,0.466813,-0.003404,-0.052383,0.882797,1203
93.4316,inicio,False,61.2360,33.361,5.141,7.454,True,320,240,0,False,60.00,0.1000,-0.068267,-0.043980,0.340233,0.466813,-0.003404,-0.052383,0.882797,1205
93.5632,inicio,False,61.2360,33.354,5.605,1.846,True,320,240,0,False,60.00,0.1000,-0.068267,-0.043980,0.340233,0.466813,-0.003404,-0.052383,0.882797,1207
93.6649,inicio,False,61.2360,33.350,5.321,5.711,True,320,240,0,False,60.00,0.1000,-0.068267,-0.043980,0.340233,0.466813,-0.003404,-0.052383,0.882797,1208
93.7970,inicio,False,61.2360,33.345,5.392,1.811,True,320,240,0,False,60.00,0.1000,-0.068267,-0.043980,0.340233,0.466813,-0.003404,-0.052383,0.882797,1210
93.9299,inicio,False,61.2360,33.348,5.130,2.854,True,320,240,0,False,60.00,0.1000,-0.068267,-0.043980,0.340233,0.466813,-0.003404,-0.052383,0.882797,1212
94.0633,inicio,False,61.2360,33.338,5.568,1.893,True,320,240,0,False,60.00,0.1000,-0.068267,-0.043980,0.340233,0.466813,-0.003404,-0.052383,0.882797,1214
94.1963,inicio,False,61.2360,33.334,5.154,6.778,True,320,240,0,False,60.00,0.1000,-0.068267,-0.043980,0.340233,0.466813,-0.003404,-0.052383,0.882797,1216
94.3296,inicio,False,61.2360,33.329,5.143,1.426,True,320,240,0,False,60.00,0.1000,-0.068267,-0.043980,0.340233,0.466813,-0.003404,-0.052383,0.882797,1218
94.4297,inicio,False,61.2360,33.326,5.383,1.423,True,320,240,0,False,60.00,0.1000,-0.068267,-0.043980,0.340233,0.466813,-0.003404,-0.052383,0.882797,1220
94.5632,inicio,False,61.2360,33.329,5.142,2.853,True,320,240,0,False,60.00,0.1000,-0.068267,-0.043980,0.340233,0.466813,-0.003404,-0.052383,0.882797,1222
94.6633,inicio,False,61.2360,33.329,6.189,7.174,True,320,240,0,False,60.00,0.1000,-0.068267,-0.043980,0.340233,0.466813,-0.003404,-0.052383,0.882797,1223
94.7965,inicio,False,61.2360,33.331,6.088,1.464,True,320,240,0,False,60.00,0.1000,-0.068267,-0.043980,0.340233,0.466813,-0.003404,-0.052383,0.882797,1225
94.9297,inicio,False,61.2360,33.327,5.866,1.556,True,320,240,0,False,60.00,0.1000,-0.068267,-0.043980,0.340233,0.466813,-0.003404,-0.052383,0.882797,1227
95.0299,inicio,False,61.2360,33.326,6.096,5.579,True,320,240,0,False,60.00,0.1000,-0.068267,-0.043980,0.340233,0.466813,-0.003404,-0.052383,0.882797,1229
95.1316,inicio,False,61.2360,33.324,5.674,5.210,True,320,240,0,False,60.00,0.1000,-0.068267,-0.043980,0.340233,0.466813,-0.003404,-0.052383,0.882797,1230
95.2631,inicio,False,61.2360,33.324,4.926,1.576,True,320,240,0,False,60.00,0.1000,-0.068267,-0.043980,0.340233,0.466813,-0.003404,-0.052383,0.882797,1232
95.3962,inicio,False,61.2360,33.324,4.904,1.468,True,320,240,0,False,60.00,0.1000,-0.068267,-0.043980,0.340233,0.466813,-0.003404,-0.052383,0.882797,1234
95.4963,inicio,False,61.2360,33.324,5.267,1.490,True,320,240,0,False,60.00,0.1000,-0.068267,-0.043980,0.340233,0.466813,-0.003404,-0.052383,0.882797,1236
95.6309,inicio,False,61.2360,33.324,5.126,1.798,True,320,240,0,False,60.00,0.1000,-0.068267,-0.043980,0.340233,0.466813,-0.003404,-0.052383,0.882797,1238
95.7627,inicio,False,61.2360,33.323,5.226,1.646,True,320,240,0,False,60.00,0.1000,-0.068267,-0.043980,0.340233,0.466813,-0.003404,-0.052383,0.882797,1240
95.8962,inicio,False,61.2360,33.323,5.024,1.442,True,320,240,0,False,60.00,0.1000,-0.068267,-0.043980,0.340233,0.466813,-0.003404,-0.052383,0.882797,1242
96.0294,inicio,False,61.2360,33.323,5.349,4.465,True,320,240,0,False,60.00,0.1000,-0.068267,-0.043980,0.340233,0.466813,-0.003404,-0.052383,0.882797,1244
96.1294,inicio,False,61.2360,33.323,5.920,1.939,True,320,240,0,False,60.00,0.1000,-0.068267,-0.043980,0.340233,0.466813,-0.003404,-0.052383,0.882797,1245
96.2298,inicio,False,61.2360,33.323,4.893,1.509,True,320,240,0,False,60.00,0.1000,-0.068267,-0.043980,0.340233,0.466813,-0.003404,-0.052383,0.882797,1247
96.3624,inicio,False,61.2360,33.323,5.180,4.441,True,320,240,0,False,60.00,0.1000,-0.068267,-0.043980,0.340233,0.466813,-0.003404,-0.052383,0.882797,1249
96.4959,inicio,False,61.2360,33.323,5.412,5.754,True,320,240,0,False,60.00,0.1000,-0.068267,-0.043980,0.340233,0.466813,-0.003404,-0.052383,0.882797,1251
96.6292,inicio,False,61.2360,33.323,5.587,1.616,True,320,240,0,False,60.00,0.1000,-0.068267,-0.043980,0.340233,0.466813,-0.003404,-0.052383,0.882797,1253
96.7623,inicio,False,61.2360,33.323,6.014,1.449,True,320,240,0,False,60.00,0.1000,-0.068267,-0.043980,0.340233,0.466813,-0.003404,-0.052383,0.882797,1255
96.8955,inicio,False,61.2360,33.323,5.020,1.461,True,320,240,0,False,60.00,0.1000,-0.068267,-0.043980,0.340233,0.466813,-0.003404,-0.052383,0.882797,1257
96.9957,inicio,False,61.2360,33.323,5.256,4.108,True,320,240,0,False,60.00,0.1000,-0.068267,-0.043980,0.340233,0.466813,-0.003404,-0.052383,0.882797,1258
97.0959,inicio,False,61.2360,33.323,6.980,1.561,True,320,240,0,False,60.00,0.1000,-0.068267,-0.043980,0.340233,0.466813,-0.003404,-0.052383,0.882797,1260
97.2292,inicio,False,61.2360,33.322,4.859,1.499,True,320,240,0,False,60.00,0.1000,-0.068267,-0.043980,0.340233,0.466813,-0.003404,-0.052383,0.882797,1262
97.3619,inicio,False,61.2360,33.322,4.951,1.532,True,320,240,0,False,60.00,0.1000,-0.068267,-0.043980,0.340233,0.466813,-0.003404,-0.052383,0.882797,1264
97.4956,inicio,False,61.2360,33.322,4.968,1.588,True,320,240,0,False,60.00,0.1000,-0.068267,-0.043980,0.340233,0.466813,-0.003404,-0.052383,0.882797,1266
97.5958,inicio,False,61.2360,33.322,5.081,1.460,True,320,240,0,False,60.00,0.1000,-0.068267,-0.043980,0.340233,0.466813,-0.003404,-0.052383,0.882797,1267
97.7289,inicio,False,61.2360,33.327,5.484,1.857,True,320,240,0,False,60.00,0.1000,-0.068267,-0.043980,0.340233,0.466813,-0.003404,-0.052383,0.882797,1269
97.8290,inicio,False,61.2360,33.331,5.492,8.501,True,320,240,0,False,60.00,0.1000,-0.068267,-0.043980,0.340233,0.466813,-0.003404,-0.052383,0.882797,1271
97.9625,inicio,False,61.2360,33.325,5.653,1.511,True,320,240,0,False,60.00,0.1000,-0.068267,-0.043980,0.340233,0.466813,-0.003404,-0.052383,0.882797,1273
98.0743,inicio,False,61.2360,33.321,11.334,1.548,True,320,240,0,False,60.00,0.1000,-0.068267,-0.043980,0.340233,0.466813,-0.003404,-0.052383,0.882797,1275
98.2005,inicio,False,61.2360,33.330,16.713,1.962,True,320,240,0,False,60.00,0.1000,-0.068267,-0.043980,0.340233,0.466813,-0.003404,-0.052383,0.882797,1277
98.3305,inicio,False,61.2360,33.325,18.846,1.408,True,320,240,0,False,60.00,0.1000,-0.068267,-0.043980,0.340233,0.466813,-0.003404,-0.052383,0.882797,1279
98.4618,inicio,False,61.2360,33.322,21.245,4.032,True,320,240,0,False,60.00,0.1000,-0.068267,-0.043980,0.340233,0.466813,-0.003404,-0.052383,0.882797,1281
98.5948,inicio,False,61.2360,33.316,21.983,1.391,True,320,240,0,False,60.00,0.1000,-0.068267,-0.043980,0.340233,0.466813,-0.003404,-0.052383,0.882797,1283
98.6955,inicio,False,61.2360,33.316,24.603,3.339,True,320,240,0,False,60.00,0.1000,-0.068267,-0.043980,0.340233,0.466813,-0.003404,-0.052383,0.882797,1284
98.8282,inicio,False,61.2360,33.322,22.005,1.855,True,320,240,0,False,60.00,0.1000,-0.068267,-0.043980,0.340233,0.466813,-0.003404,-0.052383,0.882797,1286
98.9615,inicio,False,61.2360,33.322,21.854,6.286,True,320,240,0,False,60.00,0.1000,-0.068267,-0.043980,0.340233,0.466813,-0.003404,-0.052383,0.882797,1288
99.0947,inicio,False,61.2360,33.322,25.464,2.972,True,320,240,0,False,60.00,0.1000,-0.068267,-0.043980,0.340233,0.466813,-0.003404,-0.052383,0.882797,1290
99.2280,inicio,False,61.2360,33.322,21.883,1.940,True,320,240,0,False,60.00,0.1000,-0.068267,-0.043980,0.340233,0.466813,-0.003404,-0.052383,0.882797,1292
99.3613,inicio,False,61.2360,33.323,23.616,1.612,True,320,240,0,False,60.00,0.1000,-0.068267,-0.043980,0.340233,0.466813,-0.003404,-0.052383,0.882797,1294
99.4614,inicio,False,61.2360,33.322,22.095,1.600,True,320,240,0,False,60.00,0.1000,-0.068267,-0.043980,0.340233,0.466813,-0.003404,-0.052383,0.882797,1295
99.5644,inicio,False,61.2360,33.322,17.315,5.395,True,320,240,0,False,60.00,0.1000,-0.068267,-0.043980,0.340233,0.466813,-0.003404,-0.052383,0.882797,1297
99.6947,inicio,False,61.2360,33.322,22.500,1.475,True,320,240,0,False,60.00,0.1000,-0.068267,-0.043980,0.340233,0.466813,-0.003404,-0.052383,0.882797,1299
99.7959,inicio,False,61.2360,33.323,20.851,3.999,True,320,240,0,False,60.00,0.1000,-0.068267,-0.043980,0.340233,0.466813,-0.003404,-0.052383,0.882797,1301
99.9323,inicio,False,61.2360,33.323,17.884,4.725,True,320,240,0,False,60.00,0.1000,-0.068267,-0.043980,0.340233,0.466813,-0.003404,-0.052383,0.882797,1303
100.0639,inicio,False,61.2360,33.323,20.671,6.552,True,320,240,0,False,60.00,0.1000,-0.068267,-0.043980,0.340233,0.466813,-0.003404,-0.052383,0.882797,1305
100.1943,inicio,False,61.2360,33.322,21.707,1.785,True,320,240,0,False,60.00,0.1000,-0.068267,-0.043980,0.340233,0.466813,-0.003404,-0.052383,0.882797,1307
100.2944,inicio,False,61.2360,33.322,21.903,6.853,True,320,240,0,False,60.00,0.1000,-0.068267,-0.043980,0.340233,0.466813,-0.003404,-0.052383,0.882797,1308
100.3946,inicio,False,61.2360,33.323,26.912,7.398,True,320,240,0,False,60.00,0.1000,-0.068267,-0.043980,0.340233,0.466813,-0.003404,-0.052383,0.882797,1309
100.5276,inicio,False,61.2360,33.322,21.572,1.487,True,320,240,0,False,60.00,0.1000,-0.068267,-0.043980,0.340233,0.466813,-0.003404,-0.052383,0.882797,1311
100.6285,inicio,False,61.2360,33.322,16.644,4.456,True,320,240,0,False,60.00,0.1000,-0.068267,-0.043980,0.340233,0.466813,-0.003404,-0.052383,0.882797,1313
100.7292,inicio,False,61.2360,33.322,21.702,1.485,True,320,240,0,False,60.00,0.1000,-0.068267,-0.043980,0.340233,0.466813,-0.003404,-0.052383,0.882797,1315
100.8659,inicio,False,61.2360,33.322,17.558,1.683,True,320,240,0,False,60.00,0.1000,-0.068267,-0.043980,0.340233,0.466813,-0.003404,-0.052383,0.882797,1317
101.0016,inicio,False,61.2360,33.322,14.167,9.755,True,320,240,0,False,60.00,0.1000,-0.068267,-0.043980,0.340233,0.466813,-0.003404,-0.052383,0.882797,1319
101.1275,inicio,False,61.2360,33.323,22.387,5.417,True,320,240,0,False,60.00,0.1000,-0.068267,-0.043980,0.340233,0.466813,-0.003404,-0.052383,0.882797,1321
101.2647,inicio,False,61.2360,33.322,18.850,1.517,True,320,240,0,False,60.00,0.1000,-0.068267,-0.043980,0.340233,0.466813,-0.003404,-0.052383,0.882797,1323
101.3944,inicio,False,61.2360,33.322,20.471,2.576,True,320,240,0,False,60.00,0.1000,-0.068267,-0.043980,0.340233,0.466813,-0.003404,-0.052383,0.882797,1325
101.5313,inicio,False,61.2360,33.322,17.148,1.537,True,320,240,0,False,60.00,0.1000,-0.068267,-0.043980,0.340233,0.466813,-0.003404,-0.052383,0.882797,1327
101.6630,inicio,False,61.2360,33.322,19.752,4.104,True,320,240,0,False,60.00,0.1000,-0.068267,-0.043980,0.340233,0.466813,-0.003404,-0.052383,0.882797,1329
101.7957,inicio,False,61.2360,33.323,19.595,4.836,True,320,240,0,False,60.00,0.1000,-0.068267,-0.043980,0.340233,0.466813,-0.003404,-0.052383,0.882797,1331
101.9277,inicio,False,61.2360,33.323,21.055,1.811,True,320,240,0,False,60.00,0.1000,-0.068267,-0.043980,0.340233,0.466813,-0.003404,-0.052383,0.882797,1333
102.0605,inicio,False,61.2360,33.322,22.906,1.717,True,320,240,0,False,60.00,0.1000,-0.068267,-0.043980,0.340233,0.466813,-0.003404,-0.052383,0.882797,1335
102.1998,inicio,False,61.2360,33.322,15.365,1.618,True,320,240,0,False,60.00,0.1000,-0.068267,-0.043980,0.340233,0.466813,-0.003404,-0.052383,0.882797,1337
102.3270,inicio,False,61.2360,33.322,21.266,1.412,True,320,240,0,False,60.00,0.1000,-0.068267,-0.043980,0.340233,0.466813,-0.003404,-0.052383,0.882797,1339
102.4603,inicio,False,61.2360,33.322,21.017,1.379,True,320,240,0,False,60.00,0.1000,-0.068267,-0.043980,0.340233,0.466813,-0.003404,-0.052383,0.882797,1341
102.5604,inicio,False,61.2360,33.322,22.579,2.051,True,320,240,0,False,60.00,0.1000,-0.068267,-0.043980,0.340233,0.466813,-0.003404,-0.052383,0.882797,1342
102.6606,inicio,False,61.2360,33.322,20.931,2.332,True,320,240,0,False,60.00,0.1000,-0.068267,-0.043980,0.340233,0.466813,-0.003404,-0.052383,0.882797,1343
102.7638,inicio,False,61.2360,33.322,19.272,3.562,True,320,240,0,False,60.00,0.1000,-0.068267,-0.043980,0.340233,0.466813,-0.003404,-0.052383,0.882797,1345
102.8934,inicio,False,61.2360,33.322,21.071,1.445,True,320,240,0,False,60.00,0.1000,-0.068267,-0.043980,0.340233,0.466813,-0.003404,-0.052383,0.882797,1347
103.0005,inicio,False,61.2360,33.323,15.479,6.230,True,320,240,0,False,60.00,0.1000,-0.068267,-0.043980,0.340233,0.466813,-0.003404,-0.052383,0.882797,1349
103.1307,inicio,False,61.2360,33.323,17.339,3.811,True,320,240,0,False,60.00,0.1000,-0.068267,-0.043980,0.340233,0.466813,-0.003404,-0.052383,0.882797,1351
103.2604,inicio,False,61.2360,33.330,28.598,1.452,True,320,240,0,False,60.00,0.1000,-0.068267,-0.043980,0.340233,0.466813,-0.003404,-0.052383,0.882797,1353
103.3948,inicio,False,61.2360,33.325,19.959,5.608,True,320,240,0,False,60.00,0.1000,-0.068267,-0.043980,0.340233,0.466813,-0.003404,-0.052383,0.882797,1355
103.5285,inicio,False,61.2360,33.322,18.733,2.746,True,320,240,0,False,60.00,0.1000,-0.068267,-0.043980,0.340233,0.466813,-0.003404,-0.052383,0.882797,1357
103.6600,inicio,False,61.2360,33.320,19.164,1.351,True,320,240,0,False,60.00,0.1000,-0.068267,-0.043980,0.340233,0.466813,-0.003404,-0.052383,0.882797,1359
103.7600,inicio,False,61.2360,33.318,22.830,2.080,True,320,240,0,False,60.00,0.1000,-0.068267,-0.043980,0.340233,0.466813,-0.003404,-0.052383,0.882797,1360
103.8601,inicio,False,61.2360,33.317,26.790,3.557,True,320,240,0,False,60.00,0.1000,-0.068267,-0.043980,0.340233,0.466813,-0.003404,-0.052383,0.882797,1361
103.9608,inicio,False,61.2360,33.322,20.817,4.541,True,320,240,0,False,60.00,0.1000,-0.068267,-0.043980,0.340233,0.466813,-0.003404,-0.052383,0.882797,1363
104.0629,inicio,False,61.2360,33.322,19.177,5.969,True,320,240,0,False,60.00,0.1000,-0.068267,-0.043980,0.340233,0.466813,-0.003404,-0.052383,0.882797,1365
104.1932,inicio,False,61.2360,33.322,22.295,1.917,True,320,240,0,False,60.00,0.1000,-0.068267,-0.043980,0.340233,0.466813,-0.003404,-0.052383,0.882797,1367
104.3290,inicio,False,61.2360,33.322,18.296,1.463,True,320,240,0,False,60.00,0.1000,-0.068267,-0.043980,0.340233,0.466813,-0.003404,-0.052383,0.882797,1369
104.4597,inicio,False,61.2360,33.322,21.105,1.937,True,320,240,0,False,60.00,0.1000,-0.068267,-0.043980,0.340233,0.466813,-0.003404,-0.052383,0.882797,1371
104.5928,inicio,False,61.2360,33.322,23.397,2.985,True,320,240,0,False,60.00,0.1000,-0.068267,-0.043980,0.340233,0.466813,-0.003404,-0.052383,0.882797,1373
104.6930,inicio,False,61.2360,33.323,23.175,5.063,True,320,240,0,False,60.00,0.1000,-0.068267,-0.043980,0.340233,0.466813,-0.003404,-0.052383,0.882797,1374
104.8262,inicio,False,61.2360,33.323,23.176,1.363,True,320,240,0,False,60.00,0.1000,-0.068267,-0.043980,0.340233,0.466813,-0.003404,-0.052383,0.882797,1376
104.9262,inicio,False,61.2360,33.323,21.096,1.645,True,320,240,0,False,60.00,0.1000,-0.068267,-0.043980,0.340233,0.466813,-0.003404,-0.052383,0.882797,1377
105.0317,inicio,False,61.2360,33.323,27.786,1.445,True,320,240,0,False,60.00,0.1000,-0.068267,-0.043980,0.340233,0.466813,-0.003404,-0.052383,0.882797,1379
105.1595,inicio,False,61.2360,33.324,20.734,1.390,True,320,240,0,False,60.00,0.1000,-0.068267,-0.043980,0.340233,0.466813,-0.003404,-0.052383,0.882797,1381
105.2601,inicio,False,61.2360,33.323,22.014,1.647,True,320,240,0,False,60.00,0.1000,-0.068267,-0.043980,0.340233,0.466813,-0.003404,-0.052383,0.882797,1383
105.3956,inicio,False,61.2360,33.322,18.057,1.612,True,320,240,0,False,60.00,0.1000,-0.068267,-0.043980,0.340233,0.466813,-0.003404,-0.052383,0.882797,1385
105.5269,inicio,False,61.2360,33.322,20.521,1.358,True,320,240,0,False,60.00,0.1000,-0.068267,-0.043980,0.340233,0.466813,-0.003404,-0.052383,0.882797,1387
105.6641,inicio,False,61.2360,33.322,16.604,1.410,True,320,240,0,False,60.00,0.1000,-0.068267,-0.043980,0.340233,0.466813,-0.003404,-0.052383,0.882797,1389
105.7930,inicio,False,61.2360,33.322,21.624,1.440,True,320,240,0,False,60.00,0.1000,-0.068267,-0.043980,0.340233,0.466813,-0.003404,-0.052383,0.882797,1391
105.9269,inicio,False,61.2360,33.322,21.218,2.363,True,320,240,0,False,60.00,0.1000,-0.068267,-0.043980,0.340233,0.466813,-0.003404,-0.052383,0.882797,1393
106.0591,inicio,False,61.2360,33.322,21.559,1.453,True,320,240,0,False,60.00,0.1000,-0.068267,-0.043980,0.340233,0.466813,-0.003404,-0.052383,0.882797,1395
106.1939,inicio,False,61.2360,33.322,21.000,8.375,True,320,240,0,False,60.00,0.1000,-0.068267,-0.043980,0.340233,0.466813,-0.003404,-0.052383,0.882797,1397
106.3269,inicio,False,61.2360,33.322,19.833,8.315,True,320,240,0,False,60.00,0.1000,-0.068267,-0.043980,0.340233,0.466813,-0.003404,-0.052383,0.882797,1399
106.4617,inicio,False,61.2360,33.323,18.400,4.765,True,320,240,0,False,60.00,0.1000,-0.068267,-0.043980,0.340233,0.466813,-0.003404,-0.052383,0.882797,1401
106.5951,inicio,False,61.2360,33.323,19.524,5.343,True,320,240,0,False,60.00,0.1000,-0.068267,-0.043980,0.340233,0.466813,-0.003404,-0.052383,0.882797,1403
106.6955,inicio,False,61.2360,33.322,20.161,5.678,True,320,240,0,False,60.00,0.1000,-0.068267,-0.043980,0.340233,0.466813,-0.003404,-0.052383,0.882797,1404
106.8258,inicio,False,61.2360,33.323,21.746,3.791,True,320,240,0,False,60.00,0.1000,-0.068267,-0.043980,0.340233,0.466813,-0.003404,-0.052383,0.882797,1406
106.9588,inicio,False,61.2360,33.322,24.179,1.405,True,320,240,0,False,60.00,0.1000,-0.068267,-0.043980,0.340233,0.466813,-0.003404,-0.052383,0.882797,1408
107.0588,inicio,False,61.2360,33.323,21.738,1.477,True,320,240,0,False,60.00,0.1000,-0.068267,-0.043980,0.340233,0.466813,-0.003404,-0.052383,0.882797,1409
107.1921,inicio,False,61.2360,33.323,20.943,1.510,True,320,240,0,False,60.00,0.1000,-0.068267,-0.043980,0.340233,0.466813,-0.003404,-0.052383,0.882797,1411
107.3254,inicio,False,61.2360,33.322,22.027,1.492,True,320,240,0,False,60.00,0.1000,-0.068267,-0.043980,0.340233,0.466813,-0.003404,-0.052383,0.882797,1413
107.4286,inicio,False,61.2360,33.323,22.171,3.409,True,320,240,0,False,60.00,0.1000,-0.068267,-0.043980,0.340233,0.466813,-0.003404,-0.052383,0.882797,1415
107.5586,inicio,False,61.2360,33.323,20.881,1.546,True,320,240,0,False,60.00,0.1000,-0.068267,-0.043980,0.340233,0.466813,-0.003404,-0.052383,0.882797,1417
107.6587,inicio,False,61.2360,33.323,21.546,1.370,True,320,240,0,False,60.00,0.1000,-0.068267,-0.043980,0.340233,0.466813,-0.003404,-0.052383,0.882797,1419
107.7919,inicio,False,61.2360,33.322,21.558,9.691,True,320,240,0,False,60.00,0.1000,-0.068267,-0.043980,0.340233,0.466813,-0.003404,-0.052383,0.882797,1421
107.8922,inicio,False,61.2360,33.322,21.759,2.887,True,320,240,0,False,60.00,0.1000,-0.068267,-0.043980,0.340233,0.466813,-0.003404,-0.052383,0.882797,1422
108.0252,inicio,False,61.2360,33.324,26.045,1.505,True,320,240,0,False,60.00,0.1000,-0.068267,-0.043980,0.340233,0.466813,-0.003404,-0.052383,0.882797,1424
108.1254,inicio,False,61.2360,33.326,18.116,2.372,True,320,240,0,False,60.00,0.1000,-0.068267,-0.043980,0.340233,0.466813,-0.003404,-0.052383,0.882797,1425
108.2584,inicio,False,61.2360,33.323,17.171,1.424,True,320,240,0,False,60.00,0.1000,-0.068267,-0.043980,0.340233,0.466813,-0.003404,-0.052383,0.882797,1427
108.3637,inicio,False,61.2360,33.323,18.317,7.042,True,320,240,0,False,60.00,0.1000,-0.068267,-0.043980,0.340233,0.466813,-0.003404,-0.052383,0.882797,1429
108.4965,inicio,False,61.2360,33.322,19.339,5.116,True,320,240,0,False,60.00,0.1000,-0.068267,-0.043980,0.340233,0.466813,-0.003404,-0.052383,0.882797,1431
108.6250,inicio,False,61.2360,33.321,17.476,1.443,True,320,240,0,False,60.00,0.1000,-0.068267,-0.043980,0.340233,0.466813,-0.003404,-0.052383,0.882797,1433
108.7623,inicio,False,61.2360,33.322,27.762,1.567,True,320,240,0,False,60.00,0.1000,-0.068267,-0.043980,0.340233,0.466813,-0.003404,-0.052383,0.882797,1435
108.8658,inicio,False,61.2360,33.323,14.475,1.691,True,320,240,0,False,60.00,0.1000,-0.068267,-0.043980,0.340233,0.466813,-0.003404,-0.052383,0.882797,1437
108.9982,inicio,False,61.2360,33.323,15.311,2.130,True,320,240,0,False,60.00,0.1000,-0.068267,-0.043980,0.340233,0.466813,-0.003404,-0.052383,0.882797,1439
109.1249,inicio,False,61.2360,33.322,22.474,1.625,True,320,240,0,False,60.00,0.1000,-0.068267,-0.043980,0.340233,0.466813,-0.003404,-0.052383,0.882797,1441
109.2251,inicio,False,61.2360,33.324,21.935,1.716,True,320,240,0,False,60.00,0.1000,-0.068267,-0.043980,0.340233,0.466813,-0.003404,-0.052383,0.882797,1442
109.3581,inicio,False,61.2360,33.324,26.074,6.124,True,320,240,0,False,60.00,0.1000,-0.068267,-0.043980,0.340233,0.466813,-0.003404,-0.052383,0.882797,1444
109.4914,inicio,False,61.2360,33.323,23.408,2.041,True,320,240,0,False,60.00,0.1000,-0.068267,-0.043980,0.340233,0.466813,-0.003404,-0.052383,0.882797,1446
109.6248,inicio,False,61.2360,33.322,23.420,1.648,True,320,240,0,False,60.00,0.1000,-0.068267,-0.043980,0.340233,0.466813,-0.003404,-0.052383,0.882797,1448
109.7579,inicio,False,61.2360,33.321,21.692,3.692,True,320,240,0,False,60.00,0.1000,-0.068267,-0.043980,0.340233,0.466813,-0.003404,-0.052383,0.882797,1450
109.8915,inicio,False,61.2360,33.321,22.145,1.473,True,320,240,0,False,60.00,0.1000,-0.068267,-0.043980,0.340233,0.466813,-0.003404,-0.052383,0.882797,1452
110.0245,inicio,False,61.2360,33.323,22.399,4.993,True,320,240,0,False,60.00,0.1000,-0.068267,-0.043980,0.340233,0.466813,-0.003404,-0.052383,0.882797,1454
110.1247,inicio,False,61.2360,33.341,20.608,1.552,True,320,240,0,False,60.00,0.1000,-0.068267,-0.043980,0.340233,0.466813,-0.003404,-0.052383,0.882797,1455
110.2248,inicio,False,61.2360,33.326,20.962,3.752,True,320,240,0,False,60.00,0.1000,-0.068267,-0.043980,0.340233,0.466813,-0.003404,-0.052383,0.882797,1457
110.3595,inicio,False,61.2360,33.323,20.075,5.144,True,320,240,0,False,60.00,0.1000,-0.068267,-0.043980,0.340233,0.466813,-0.003404,-0.052383,0.882797,1459
110.4607,inicio,False,61.2360,33.322,18.557,7.815,True,320,240,0,False,60.00,0.1000,-0.068267,-0.043980,0.340233,0.466813,-0.003404,-0.052383,0.882797,1461
110.5919,inicio,False,61.2360,33.319,19.871,1.548,True,320,240,0,False,60.00,0.1000,-0.068267,-0.043980,0.340233,0.466813,-0.003404,-0.052383,0.882797,1463
110.7245,inicio,False,61.2360,33.317,22.595,6.744,True,320,240,0,False,60.00,0.1000,-0.068267,-0.043980,0.340233,0.466813,-0.003404,-0.052383,0.882797,1465
110.8276,inicio,False,61.2360,33.327,19.230,5.988,True,320,240,0,False,60.00,0.1000,-0.068267,-0.043980,0.340233,0.466813,-0.003404,-0.052383,0.882797,1466
110.9577,inicio,False,61.2360,33.323,26.717,1.494,True,320,240,0,False,60.00,0.1000,-0.068267,-0.043980,0.340233,0.466813,-0.003404,-0.052383,0.882797,1468
111.0909,inicio,False,61.2360,33.322,21.258,6.698,True,320,240,0,False,60.00,0.1000,-0.068267,-0.043980,0.340233,0.466813,-0.003404,-0.052383,0.882797,1470
111.2275,inicio,False,61.2360,33.321,20.085,3.541,True,320,240,0,False,60.00,0.1000,-0.068267,-0.043980,0.340233,0.466813,-0.003404,-0.052383,0.882797,1472
111.3574,inicio,False,61.2360,33.321,21.749,2.078,True,320,240,0,False,60.00,0.1000,-0.068267,-0.043980,0.340233,0.466813,-0.003404,-0.052383,0.882797,1474
111.4907,inicio,False,61.2360,33.323,22.619,7.945,True,320,240,0,False,60.00,0.1000,-0.068267,-0.043980,0.340233,0.466813,-0.003404,-0.052383,0.882797,1476
111.5907,inicio,False,61.2360,33.322,15.424,5.764,True,320,240,0,False,60.00,0.1000,-0.068267,-0.043980,0.340233,0.466813,-0.003404,-0.052383,0.882797,1477
111.6936,inicio,False,61.2360,33.322,20.857,6.079,True,320,240,0,False,60.00,0.1000,-0.068267,-0.043980,0.340233,0.466813,-0.003404,-0.052383,0.882797,1479
111.8253,inicio,False,61.2360,33.322,19.548,7.037,True,320,240,0,False,60.00,0.1000,-0.068267,-0.043980,0.340233,0.466813,-0.003404,-0.052383,0.882797,1481
111.9576,inicio,False,61.2360,33.322,21.551,1.378,True,320,240,0,False,60.00,0.1000,-0.068267,-0.043980,0.340233,0.466813,-0.003404,-0.052383,0.882797,1483
112.0905,inicio,False,61.2360,33.322,21.405,1.667,True,320,240,0,False,60.00,0.1000,-0.068267,-0.043980,0.340233,0.466813,-0.003404,-0.052383,0.882797,1485
112.1908,inicio,False,61.2360,33.322,23.154,7.845,True,320,240,0,False,60.00,0.1000,-0.068267,-0.043980,0.340233,0.466813,-0.003404,-0.052383,0.882797,1487
112.3238,inicio,False,61.2360,33.322,24.748,1.741,True,320,240,0,False,60.00,0.1000,-0.068267,-0.043980,0.340233,0.466813,-0.003404,-0.052383,0.882797,1489
112.4238,inicio,False,61.2360,33.323,27.104,1.509,True,320,240,0,False,60.00,0.1000,-0.068267,-0.043980,0.340233,0.466813,-0.003404,-0.052383,0.882797,1490
112.5570,inicio,False,61.2360,33.323,21.438,1.691,True,320,240,0,False,60.00,0.1000,-0.068267,-0.043980,0.340233,0.466813,-0.003404,-0.052383,0.882797,1492
112.6571,inicio,False,61.2360,33.323,20.948,7.318,True,320,240,0,False,60.00,0.1000,-0.068267,-0.043980,0.340233,0.466813,-0.003404,-0.052383,0.882797,1493
112.7586,inicio,False,61.2360,33.323,24.520,2.227,True,320,240,0,False,60.00,0.1000,-0.068267,-0.043980,0.340233,0.466813,-0.003404,-0.052383,0.882797,1495
112.8905,inicio,False,61.2360,33.322,22.124,1.619,True,320,240,0,False,60.00,0.1000,-0.068267,-0.043980,0.340233,0.466813,-0.003404,-0.052383,0.882797,1497
112.9908,inicio,False,61.2360,33.322,19.498,1.565,True,320,240,0,False,60.00,0.1000,-0.068267,-0.043980,0.340233,0.466813,-0.003404,-0.052383,0.882797,1499
113.1236,inicio,False,61.2360,33.322,20.875,6.603,True,320,240,0,False,60.00,0.1000,-0.068267,-0.043980,0.340233,0.466813,-0.003404,-0.052383,0.882797,1501
113.2622,inicio,False,61.2360,33.322,16.585,3.625,True,320,240,0,False,60.00,0.1000,-0.068267,-0.043980,0.340233,0.466813,-0.003404,-0.052383,0.882797,1503
113.3945,inicio,False,61.2360,33.323,18.195,1.455,True,320,240,0,False,60.00,0.1000,-0.068267,-0.043980,0.340233,0.466813,-0.003404,-0.052383,0.882797,1505
113.5234,inicio,False,61.2360,33.323,20.564,1.407,True,320,240,0,False,60.00,0.1000,-0.068267,-0.043980,0.340233,0.466813,-0.003404,-0.052383,0.882797,1507
113.6235,inicio,False,61.2360,33.323,23.425,1.586,True,320,240,0,False,60.00,0.1000,-0.068267,-0.043980,0.340233,0.466813,-0.003404,-0.052383,0.882797,1508
113.7237,inicio,False,61.2360,33.323,20.116,1.453,True,320,240,0,False,60.00,0.1000,-0.068267,-0.043980,0.340233,0.466813,-0.003404,-0.052383,0.882797,1509
113.8568,inicio,False,61.2360,33.322,21.733,1.613,True,320,240,0,False,60.00,0.1000,-0.068267,-0.043980,0.340233,0.466813,-0.003404,-0.052383,0.882797,1511
113.9899,inicio,False,61.2360,33.322,16.527,1.636,True,320,240,0,False,60.00,0.1000,-0.068267,-0.043980,0.340233,0.466813,-0.003404,-0.052383,0.882797,1513
114.1232,inicio,False,61.2360,33.323,14.428,1.456,True,320,240,0,False,60.00,0.1000,-0.068267,-0.043980,0.340233,0.466813,-0.003404,-0.052383,0.882797,1515
114.2566,inicio,False,61.2360,33.322,20.467,1.407,True,320,240,0,False,60.00,0.1000,-0.068267,-0.043980,0.340233,0.466813,-0.003404,-0.052383,0.882797,1517
114.3571,inicio,False,61.2360,33.322,19.928,3.540,True,320,240,0,False,60.00,0.1000,-0.068267,-0.043980,0.340233,0.466813,-0.003404,-0.052383,0.882797,1519
114.4599,inicio,False,61.2360,33.326,20.128,1.870,True,320,240,0,False,60.00,0.1000,-0.068267,-0.043980,0.340233,0.466813,-0.003404,-0.052383,0.882797,1521
114.5980,inicio,False,61.2360,33.323,12.922,1.724,True,320,240,0,False,60.00,0.1000,-0.068267,-0.043980,0.340233,0.466813,-0.003404,-0.052383,0.882797,1523
114.7237,inicio,False,61.2360,33.322,20.075,7.368,True,320,240,0,False,60.00,0.1000,-0.068267,-0.043980,0.340233,0.466813,-0.003404,-0.052383,0.882797,1525
114.8564,inicio,False,61.2360,33.321,21.423,1.857,True,320,240,0,False,60.00,0.1000,-0.068267,-0.043980,0.340233,0.466813,-0.003404,-0.052383,0.882797,1527
114.9901,inicio,False,61.2360,33.320,21.687,1.379,True,320,240,0,False,60.00,0.1000,-0.068267,-0.043980,0.340233,0.466813,-0.003404,-0.052383,0.882797,1529
115.1240,inicio,False,61.2360,33.322,21.988,5.143,True,320,240,0,False,60.00,0.1000,-0.068267,-0.043980,0.340233,0.466813,-0.003404,-0.052383,0.882797,1531
115.2591,inicio,False,61.2360,33.322,19.005,9.034,True,320,240,0,False,60.00,0.1000,-0.068267,-0.043980,0.340233,0.466813,-0.003404,-0.052383,0.882797,1533
115.3900,inicio,False,61.2360,33.322,20.370,1.700,True,320,240,0,False,60.00,0.1000,-0.068267,-0.043980,0.340233,0.466813,-0.003404,-0.052383,0.882797,1535
115.5227,inicio,False,61.2360,33.322,24.320,1.415,True,320,240,0,False,60.00,0.1000,-0.068267,-0.043980,0.340233,0.466813,-0.003404,-0.052383,0.882797,1537
115.6596,inicio,False,61.2360,33.322,22.995,5.467,True,320,240,0,False,60.00,0.1000,-0.068267,-0.043980,0.340233,0.466813,-0.003404,-0.052383,0.882797,1539
115.7941,inicio,False,61.2360,33.322,17.782,3.236,True,320,240,0,False,60.00,0.1000,-0.068267,-0.043980,0.340233,0.466813,-0.003404,-0.052383,0.882797,1541
115.9273,inicio,False,61.2360,33.322,15.388,5.306,True,320,240,0,False,60.00,0.1000,-0.068267,-0.043980,0.340233,0.466813,-0.003404,-0.052383,0.882797,1543
116.0562,inicio,False,61.2360,33.325,20.626,6.493,True,320,240,0,False,60.00,0.1000,-0.068267,-0.043980,0.340233,0.466813,-0.003404,-0.052383,0.882797,1545
116.1892,inicio,False,61.2360,33.324,20.681,5.184,True,320,240,0,False,60.00,0.1000,-0.068267,-0.043980,0.340233,0.466813,-0.003404,-0.052383,0.882797,1547
116.2892,inicio,False,61.2360,33.323,22.046,5.380,True,320,240,0,False,60.00,0.1000,-0.068267,-0.043980,0.340233,0.466813,-0.003404,-0.052383,0.882797,1548
116.4226,inicio,False,61.2360,33.322,23.192,3.075,True,320,240,0,False,60.00,0.1000,-0.068267,-0.043980,0.340233,0.466813,-0.003404,-0.052383,0.882797,1550
116.5565,inicio,False,61.2360,33.321,21.342,1.779,True,320,240,0,False,60.00,0.1000,-0.068267,-0.043980,0.340233,0.466813,-0.003404,-0.052383,0.882797,1552
116.6891,inicio,False,61.2360,33.322,22.941,3.620,True,320,240,0,False,60.00,0.1000,-0.068267,-0.043980,0.340233,0.466813,-0.003404,-0.052383,0.882797,1554
116.8223,inicio,False,61.2360,33.323,21.812,1.433,True,320,240,0,False,60.00,0.1000,-0.068267,-0.043980,0.340233,0.466813,-0.003404,-0.052383,0.882797,1556
116.9224,inicio,False,61.2360,33.323,21.949,1.481,True,320,240,0,False,60.00,0.1000,-0.068267,-0.043980,0.340233,0.466813,-0.003404,-0.052383,0.882797,1557
117.0226,inicio,False,61.2360,33.323,21.729,4.271,True,320,240,0,False,60.00,0.1000,-0.068267,-0.043980,0.340233,0.466813,-0.003404,-0.052383,0.882797,1559
117.1227,inicio,False,61.2360,33.322,23.319,1.997,True,320,240,0,False,60.00,0.1000,-0.068267,-0.043980,0.340233,0.466813,-0.003404,-0.052383,0.882797,1561
117.2555,inicio,False,61.2360,33.322,22.252,1.788,True,320,240,0,False,60.00,0.1000,-0.068267,-0.043980,0.340233,0.466813,-0.003404,-0.052383,0.882797,1563
117.3889,inicio,False,61.2360,33.323,21.072,5.376,True,320,240,0,False,60.00,0.1000,-0.068267,-0.043980,0.340233,0.466813,-0.003404,-0.052383,0.882797,1565
117.5221,inicio,False,61.2360,33.322,23.866,1.704,True,320,240,0,False,60.00,0.1000,-0.068267,-0.043980,0.340233,0.466813,-0.003404,-0.052383,0.882797,1567
117.6222,inicio,False,61.2360,33.322,22.726,2.793,True,320,240,0,False,60.00,0.1000,-0.068267,-0.043980,0.340233,0.466813,-0.003404,-0.052383,0.882797,1568
117.7555,inicio,False,61.2360,33.322,21.292,6.201,True,320,240,0,False,60.00,0.1000,-0.068267,-0.043980,0.340233,0.466813,-0.003404,-0.052383,0.882797,1570
117.8886,inicio,False,61.2360,33.322,21.591,1.777,True,320,240,0,False,60.00,0.1000,-0.068267,-0.043980,0.340233,0.466813,-0.003404,-0.052383,0.882797,1572
117.9887,inicio,False,61.2360,33.322,24.167,2.042,True,320,240,0,False,60.00,0.1000,-0.068267,-0.043980,0.340233,0.466813,-0.003404,-0.052383,0.882797,1573
118.1219,inicio,False,61.2360,33.322,17.750,1.632,True,320,240,0,False,60.00,0.1000,-0.068267,-0.043980,0.340233,0.466813,-0.003404,-0.052383,0.882797,1575
118.2239,inicio,False,61.2360,33.323,17.235,7.642,True,320,240,0,False,60.00,0.1000,-0.068267,-0.043980,0.340233,0.466813,-0.003404,-0.052383,0.882797,1577
118.3552,inicio,False,61.2360,33.322,20.812,1.399,True,320,240,0,False,60.00,0.1000,-0.068267,-0.043980,0.340233,0.466813,-0.003404,-0.052383,0.882797,1579
118.4616,inicio,False,61.2360,33.324,14.631,5.135,True,320,240,0,False,60.00,0.1000,-0.068267,-0.043980,0.340233,0.466813,-0.003404,-0.052383,0.882797,1581
118.5884,inicio,False,61.2360,33.323,21.472,1.435,True,320,240,0,False,60.00,0.1000,-0.068267,-0.043980,0.340233,0.466813,-0.003404,-0.052383,0.882797,1583
118.7235,inicio,False,61.2360,33.322,21.237,3.461,True,320,240,0,False,60.00,0.1000,-0.068267,-0.043980,0.340233,0.466813,-0.003404,-0.052383,0.882797,1585
118.8581,inicio,False,61.2360,33.322,17.493,4.378,True,320,240,0,False,60.00,0.1000,-0.068267,-0.043980,0.340233,0.466813,-0.003404,-0.052383,0.882797,1587
118.9882,inicio,False,61.2360,33.321,21.349,1.467,True,320,240,0,False,60.00,0.1000,-0.068267,-0.043980,0.340233,0.466813,-0.003404,-0.052383,0.882797,1589
119.0915,inicio,False,61.2360,33.323,19.630,4.762,True,320,240,0,False,60.00,0.1000,-0.068267,-0.043980,0.340233,0.466813,-0.003404,-0.052383,0.882797,1590
119.2216,inicio,False,61.2360,33.324,23.599,1.517,True,320,240,0,False,60.00,0.1000,-0.068267,-0.043980,0.340233,0.466813,-0.003404,-0.052383,0.882797,1592
119.3548,inicio,False,61.2360,33.323,22.619,2.161,True,320,240,0,False,60.00,0.1000,-0.068267,-0.043980,0.340233,0.466813,-0.003404,-0.052383,0.882797,1594
119.4880,inicio,False,61.2360,33.322,21.288,1.477,True,320,240,0,False,60.00,0.1000,-0.068267,-0.043980,0.340233,0.466813,-0.003404,-0.052383,0.882797,1596
119.5881,inicio,False,61.2360,33.322,23.930,1.601,True,320,240,0,False,60.00,0.1000,-0.068267,-0.043980,0.340233,0.466813,-0.003404,-0.052383,0.882797,1597
119.6952,inicio,False,61.2360,33.322,24.576,6.365,True,320,240,0,False,60.00,0.1000,-0.068267,-0.043980,0.340233,0.466813,-0.003404,-0.052383,0.882797,1599
119.8213,inicio,False,61.2360,33.322,17.633,1.466,True,320,240,0,False,60.00,0.1000,-0.068267,-0.043980,0.340233,0.466813,-0.003404,-0.052383,0.882797,1601
119.9562,inicio,False,61.2360,33.322,23.005,4.344,True,320,240,0,False,60.00,0.1000,-0.068267,-0.043980,0.340233,0.466813,-0.003404,-0.052383,0.882797,1603
120.0576,inicio,False,61.2360,33.323,18.785,1.548,True,320,240,0,False,60.00,0.1000,-0.068267,-0.043980,0.340233,0.466813,-0.003404,-0.052383,0.882797,1605
120.1877,inicio,False,61.2360,33.322,22.697,1.499,True,320,240,0,False,60.00,0.1000,-0.068267,-0.043980,0.340233,0.466813,-0.003404,-0.052383,0.882797,1607
120.2878,inicio,False,61.2360,33.322,21.995,1.421,True,320,240,0,False,60.00,0.1000,-0.068267,-0.043980,0.340233,0.466813,-0.003404,-0.052383,0.882797,1608
120.3879,inicio,False,61.2360,33.322,21.661,5.620,True,320,240,0,False,60.00,0.1000,-0.068267,-0.043980,0.340233,0.466813,-0.003404,-0.052383,0.882797,1609
120.5213,inicio,False,61.2360,33.322,17.550,1.398,True,320,240,0,False,60.00,0.1000,-0.068267,-0.043980,0.340233,0.466813,-0.003404,-0.052383,0.882797,1611
120.6545,inicio,False,61.2360,33.323,21.784,2.830,True,320,240,0,False,60.00,0.1000,-0.068267,-0.043980,0.340233,0.466813,-0.003404,-0.052383,0.882797,1613
120.7548,inicio,False,61.2360,33.323,18.402,1.936,True,320,240,0,False,60.00,0.1000,-0.068267,-0.043980,0.340233,0.466813,-0.003404,-0.052383,0.882797,1615
120.8876,inicio,False,61.2360,33.322,20.821,1.975,True,320,240,0,False,60.00,0.1000,-0.068267,-0.043980,0.340233,0.466813,-0.003404,-0.052383,0.882797,1617
120.9876,inicio,False,61.2360,33.322,21.296,1.430,True,320,240,0,False,60.00,0.1000,-0.068267,-0.043980,0.340233,0.466813,-0.003404,-0.052383,0.882797,1619
121.1214,inicio,False,61.2360,33.322,21.251,6.862,True,320,240,0,False,60.00,0.1000,-0.068267,-0.043980,0.340233,0.466813,-0.003404,-0.052383,0.882797,1621
121.2584,inicio,False,61.2360,33.323,17.920,3.862,True,320,240,0,False,60.00,0.1000,-0.068267,-0.043980,0.340233,0.466813,-0.003404,-0.052383,0.882797,1623
121.3875,inicio,False,61.2360,33.323,21.399,1.710,True,320,240,0,False,60.00,0.1000,-0.068267,-0.043980,0.340233,0.466813,-0.003404,-0.052383,0.882797,1625
121.5235,inicio,False,61.2360,33.323,18.719,2.840,True,320,240,0,False,60.00,0.1000,-0.068267,-0.043980,0.340233,0.466813,-0.003404,-0.052383,0.882797,1627
121.6590,inicio,False,61.2360,33.322,16.596,1.766,True,320,240,0,False,60.00,0.1000,-0.068267,-0.043980,0.340233,0.466813,-0.003404,-0.052383,0.882797,1629
121.7874,inicio,False,61.2360,33.326,21.645,1.428,True,320,240,0,False,60.00,0.1000,-0.068267,-0.043980,0.340233,0.466813,-0.003404,-0.052383,0.882797,1631
121.8874,inicio,False,61.2360,33.324,21.494,1.375,True,320,240,0,False,60.00,0.1000,-0.068267,-0.043980,0.340233,0.466813,-0.003404,-0.052383,0.882797,1632
122.0206,inicio,False,61.2360,33.322,21.498,1.479,True,320,240,0,False,60.00,0.1000,-0.068267,-0.043980,0.340233,0.466813,-0.003404,-0.052383,0.882797,1634
122.1207,inicio,False,61.2360,33.321,21.529,1.449,True,320,240,0,False,60.00,0.1000,-0.068267,-0.043980,0.340233,0.466813,-0.003404,-0.052383,0.882797,1635
122.2538,inicio,False,61.2360,33.319,21.113,1.488,True,320,240,0,False,60.00,0.1000,-0.068267,-0.043980,0.340233,0.466813,-0.003404,-0.052383,0.882797,1637
122.3873,inicio,False,61.2360,33.322,18.167,1.513,True,320,240,0,False,60.00,0.1000,-0.068267,-0.043980,0.340233,0.466813,-0.003404,-0.052383,0.882797,1639
122.4874,inicio,False,61.2360,33.322,22.080,2.032,True,320,240,0,False,60.00,0.1000,-0.068267,-0.043980,0.340233,0.466813,-0.003404,-0.052383,0.882797,1641
122.6204,inicio,False,61.2360,33.323,21.528,1.424,True,320,240,0,False,60.00,0.1000,-0.068267,-0.043980,0.340233,0.466813,-0.003404,-0.052383,0.882797,1643
122.7235,inicio,False,61.2360,33.323,19.604,6.840,True,320,240,0,False,60.00,0.1000,-0.068267,-0.043980,0.340233,0.466813,-0.003404,-0.052383,0.882797,1645
122.8580,inicio,False,61.2360,33.323,17.140,1.559,True,320,240,0,False,60.00,0.1000,-0.068267,-0.043980,0.340233,0.466813,-0.003404,-0.052383,0.882797,1647
122.9904,inicio,False,61.2360,33.323,19.240,2.255,True,320,240,0,False,60.00,0.1000,-0.068267,-0.043980,0.340233,0.466813,-0.003404,-0.052383,0.882797,1649
123.1229,inicio,False,61.2360,33.322,18.604,1.370,True,320,240,0,False,60.00,0.1000,-0.068267,-0.043980,0.340233,0.466813,-0.003404,-0.052383,0.882797,1651
123.2595,inicio,False,61.2360,33.322,16.579,7.801,True,320,240,0,False,60.00,0.1000,-0.068267,-0.043980,0.340233,0.466813,-0.003404,-0.052383,0.882797,1653
123.3868,inicio,False,61.2360,33.322,21.443,1.524,True,320,240,0,False,60.00,0.1000,-0.068267,-0.043980,0.340233,0.466813,-0.003404,-0.052383,0.882797,1655
123.5201,inicio,False,61.2360,33.322,21.447,5.952,True,320,240,0,False,60.00,0.1000,-0.068267,-0.043980,0.340233,0.466813,-0.003404,-0.052383,0.882797,1657
123.6202,inicio,False,61.2360,33.325,24.779,1.667,True,320,240,0,False,60.00,0.1000,-0.068267,-0.043980,0.340233,0.466813,-0.003404,-0.052383,0.882797,1658
123.7218,inicio,False,61.2360,33.323,19.947,1.954,True,320,240,0,False,60.00,0.1000,-0.068267,-0.043980,0.340233,0.466813,-0.003404,-0.052383,0.882797,1659
123.8533,inicio,False,61.2360,33.323,21.755,1.424,True,320,240,0,False,60.00,0.1000,-0.068267,-0.043980,0.340233,0.466813,-0.003404,-0.052383,0.882797,1661
123.9590,inicio,False,61.2360,33.322,22.414,6.545,True,320,240,0,False,60.00,0.1000,-0.068267,-0.043980,0.340233,0.466813,-0.003404,-0.052383,0.882797,1663
124.0869,inicio,False,61.2360,33.322,21.102,3.421,True,320,240,0,False,60.00,0.1000,-0.068267,-0.043980,0.340233,0.466813,-0.003404,-0.052383,0.882797,1665
124.2200,inicio,False,61.2360,33.322,21.572,1.435,True,320,240,0,False,60.00,0.1000,-0.068267,-0.043980,0.340233,0.466813,-0.003404,-0.052383,0.882797,1667
124.3220,inicio,False,61.2360,33.322,20.320,1.497,True,320,240,0,False,60.00,0.1000,-0.068267,-0.043980,0.340233,0.466813,-0.003404,-0.052383,0.882797,1669
124.4531,inicio,False,61.2360,33.322,21.756,1.484,True,320,240,0,False,60.00,0.1000,-0.068267,-0.043980,0.340233,0.466813,-0.003404,-0.052383,0.882797,1671
124.5535,inicio,False,61.2360,33.322,22.580,3.912,True,320,240,0,False,60.00,0.1000,-0.068267,-0.043980,0.340233,0.466813,-0.003404,-0.052383,0.882797,1672
124.6864,inicio,False,61.2360,33.322,22.929,5.714,True,320,240,0,False,60.00,0.1000,-0.068267,-0.043980,0.340233,0.466813,-0.003404,-0.052383,0.882797,1674
124.8201,inicio,False,61.2360,33.330,25.204,1.627,True,320,240,0,False,60.00,0.1000,-0.068267,-0.043980,0.340233,0.466813,-0.003404,-0.052383,0.882797,1676
124.9207,inicio,False,61.2360,33.325,19.304,7.035,True,320,240,0,False,60.00,0.1000,-0.068267,-0.043980,0.340233,0.466813,-0.003404,-0.052383,0.882797,1677
125.0530,inicio,False,61.2360,33.323,21.064,1.398,True,320,240,0,False,60.00,0.1000,-0.068267,-0.043980,0.340233,0.466813,-0.003404,-0.052383,0.882797,1679
125.1869,inicio,False,61.2360,33.390,16.810,1.568,True,320,240,0,False,60.00,0.1000,-0.068267,-0.043980,0.340233,0.466813,-0.003404,-0.052383,0.882797,1681
125.3195,inicio,False,61.2360,33.319,21.543,1.483,True,320,240,0,False,60.00,0.1000,-0.068267,-0.043980,0.340233,0.466813,-0.003404,-0.052383,0.882797,1683
125.4531,inicio,False,61.2360,33.321,21.780,1.444,True,320,240,0,False,60.00,0.1000,-0.068267,-0.043980,0.340233,0.466813,-0.003404,-0.052383,0.882797,1685
125.5862,inicio,False,61.2360,33.322,21.795,1.415,True,320,240,0,False,60.00,0.1000,-0.068267,-0.043980,0.340233,0.466813,-0.003404,-0.052383,0.882797,1687
125.7195,inicio,False,61.2360,33.322,23.706,1.527,True,320,240,0,False,60.00,0.1000,-0.068267,-0.043980,0.340233,0.466813,-0.003404,-0.052383,0.882797,1689
125.8198,inicio,False,61.2360,33.322,17.357,5.176,True,320,240,0,False,60.00,0.1000,-0.068267,-0.043980,0.340233,0.466813,-0.003404,-0.052383,0.882797,1691
125.9610,inicio,False,61.2360,33.325,23.279,8.903,True,320,240,0,False,60.00,0.1000,-0.068267,-0.043980,0.340233,0.466813,-0.003404,-0.052383,0.882797,1693
126.0860,inicio,False,61.2360,33.323,20.350,1.506,True,320,240,0,False,60.00,0.1000,-0.068267,-0.043980,0.340233,0.466813,-0.003404,-0.052383,0.882797,1695
126.2193,inicio,False,61.2360,33.321,21.556,1.392,True,320,240,0,False,60.00,0.1000,-0.068267,-0.043980,0.340233,0.466813,-0.003404,-0.052383,0.882797,1697
126.3195,inicio,False,61.2360,33.320,22.079,5.678,True,320,240,0,False,60.00,0.1000,-0.068267,-0.043980,0.340233,0.466813,-0.003404,-0.052383,0.882797,1699
126.4525,inicio,False,61.2360,33.319,21.458,4.923,True,320,240,0,False,60.00,0.1000,-0.068267,-0.043980,0.340233,0.466813,-0.003404,-0.052383,0.882797,1701
126.5857,inicio,False,61.2360,33.322,21.533,1.422,True,320,240,0,False,60.00,0.1000,-0.068267,-0.043980,0.340233,0.466813,-0.003404,-0.052383,0.882797,1703
126.6858,inicio,False,61.2360,33.322,22.146,1.390,True,320,240,0,False,60.00,0.1000,-0.068267,-0.043980,0.340233,0.466813,-0.003404,-0.052383,0.882797,1704
126.8195,inicio,False,61.2360,33.322,22.946,5.250,True,320,240,0,False,60.00,0.1000,-0.068267,-0.043980,0.340233,0.466813,-0.003404,-0.052383,0.882797,1706
126.9523,inicio,False,61.2360,33.322,22.894,1.885,True,320,240,0,False,60.00,0.1000,-0.068267,-0.043980,0.340233,0.466813,-0.003404,-0.052383,0.882797,1708
127.0856,inicio,False,61.2360,33.322,21.230,1.438,True,320,240,0,False,60.00,0.1000,-0.068267,-0.043980,0.340233,0.466813,-0.003404,-0.052383,0.882797,1710
127.1856,inicio,False,61.2360,33.323,21.432,6.858,True,320,240,0,False,60.00,0.1000,-0.068267,-0.043980,0.340233,0.466813,-0.003404,-0.052383,0.882797,1711
127.2859,inicio,False,61.2360,33.322,21.480,1.835,True,320,240,0,False,60.00,0.1000,-0.068267,-0.043980,0.340233,0.466813,-0.003404,-0.052383,0.882797,1713
127.3873,inicio,False,61.2360,33.326,19.541,3.821,True,320,240,0,False,60.00,0.1000,-0.068267,-0.043980,0.340233,0.466813,-0.003404,-0.052383,0.882797,1715
127.5188,inicio,False,61.2360,33.323,22.093,6.169,True,320,240,0,False,60.00,0.1000,-0.068267,-0.043980,0.340233,0.466813,-0.003404,-0.052383,0.882797,1717
127.6522,inicio,False,61.2360,33.322,21.428,1.678,True,320,240,0,False,60.00,0.1000,-0.068267,-0.043980,0.340233,0.466813,-0.003404,-0.052383,0.882797,1719
127.7879,inicio,False,61.2360,33.321,20.314,1.852,True,320,240,0,False,60.00,0.1000,-0.068267,-0.043980,0.340233,0.466813,-0.003404,-0.052383,0.882797,1721
127.9186,inicio,False,61.2360,33.320,25.483,3.132,True,320,240,0,False,60.00,0.1000,-0.068267,-0.043980,0.340233,0.466813,-0.003404,-0.052383,0.882797,1723
128.0187,inicio,False,61.2360,33.325,21.430,1.378,True,320,240,0,False,60.00,0.1000,-0.068267,-0.043980,0.340233,0.466813,-0.003404,-0.052383,0.882797,1724
128.1524,inicio,False,61.2360,33.322,21.814,10.266,True,320,240,0,False,60.00,0.1000,-0.068267,-0.043980,0.340233,0.466813,-0.003404,-0.052383,0.882797,1726
128.2852,inicio,False,61.2360,33.322,22.012,1.379,True,320,240,0,False,60.00,0.1000,-0.068267,-0.043980,0.340233,0.466813,-0.003404,-0.052383,0.882797,1728
128.4191,inicio,False,61.2360,33.322,22.349,1.434,True,320,240,0,False,60.00,0.1000,-0.068267,-0.043980,0.340233,0.466813,-0.003404,-0.052383,0.882797,1730
128.5519,inicio,False,61.2360,33.330,21.622,2.969,True,320,240,0,False,60.00,0.1000,-0.068267,-0.043980,0.340233,0.466813,-0.003404,-0.052383,0.882797,1732
128.6524,inicio,False,61.2360,33.325,21.491,1.427,True,320,240,0,False,60.00,0.1000,-0.068267,-0.043980,0.340233,0.466813,-0.003404,-0.052383,0.882797,1733
128.7559,inicio,False,61.2360,33.325,21.336,7.260,True,320,240,0,False,60.00,0.1000,-0.068267,-0.043980,0.340233,0.466813,-0.003404,-0.052383,0.882797,1735
128.8850,inicio,False,61.2360,33.323,21.124,1.551,True,320,240,0,False,60.00,0.1000,-0.068267,-0.043980,0.340233,0.466813,-0.003404,-0.052383,0.882797,1737
128.9867,inicio,False,61.2360,33.322,20.207,1.526,True,320,240,0,False,60.00,0.1000,-0.068267,-0.043980,0.340233,0.466813,-0.003404,-0.052383,0.882797,1739
129.1212,inicio,False,61.2360,33.320,18.969,6.650,True,320,240,0,False,60.00,0.1000,-0.068267,-0.043980,0.340233,0.466813,-0.003404,-0.052383,0.882797,1741
129.2539,inicio,False,61.2360,33.321,19.944,1.863,True,320,240,0,False,60.00,0.1000,-0.068267,-0.043980,0.340233,0.466813,-0.003404,-0.052383,0.882797,1743
129.3868,inicio,False,61.2360,33.321,19.057,5.711,True,320,240,0,False,60.00,0.1000,-0.068267,-0.043980,0.340233,0.466813,-0.003404,-0.052383,0.882797,1745
129.5184,inicio,False,61.2360,33.322,20.988,1.417,True,320,240,0,False,60.00,0.1000,-0.068267,-0.043980,0.340233,0.466813,-0.003404,-0.052383,0.882797,1747
129.6550,inicio,False,61.2360,33.323,18.264,5.830,True,320,240,0,False,60.00,0.1000,-0.068267,-0.043980,0.340233,0.466813,-0.003404,-0.052383,0.882797,1749
129.7880,inicio,False,61.2360,33.323,18.119,5.375,True,320,240,0,False,60.00,0.1000,-0.068267,-0.043980,0.340233,0.466813,-0.003404,-0.052383,0.882797,1751
129.9191,inicio,False,61.2360,33.322,23.086,5.058,True,320,240,0,False,60.00,0.1000,-0.068267,-0.043980,0.340233,0.466813,-0.003404,-0.052383,0.882797,1753
130.0514,inicio,False,61.2360,33.324,20.987,1.497,True,320,240,0,False,60.00,0.1000,-0.068267,-0.043980,0.340233,0.466813,-0.003404,-0.052383,0.882797,1755
130.1847,inicio,False,61.2360,33.324,21.559,1.978,True,320,240,0,False,60.00,0.1000,-0.068267,-0.043980,0.340233,0.466813,-0.003404,-0.052383,0.882797,1757
130.3185,inicio,False,61.2360,33.322,21.718,6.862,True,320,240,0,False,60.00,0.1000,-0.068267,-0.043980,0.340233,0.466813,-0.003404,-0.052383,0.882797,1759
130.4514,inicio,False,61.2360,33.322,20.708,1.484,True,320,240,0,False,60.00,0.1000,-0.068267,-0.043980,0.340233,0.466813,-0.003404,-0.052383,0.882797,1761
130.5844,inicio,False,61.2360,33.322,22.095,1.495,True,320,240,0,False,60.00,0.1000,-0.068267,-0.043980,0.340233,0.466813,-0.003404,-0.052383,0.882797,1763
130.6844,inicio,False,61.2360,33.323,21.561,1.588,True,320,240,0,False,60.00,0.1000,-0.068267,-0.043980,0.340233,0.466813,-0.003404,-0.052383,0.882797,1764
130.7876,inicio,False,61.2360,33.322,21.511,1.455,True,320,240,0,False,60.00,0.1000,-0.068267,-0.043980,0.340233,0.466813,-0.003404,-0.052383,0.882797,1765
130.9178,inicio,False,61.2360,33.322,22.412,2.025,True,320,240,0,False,60.00,0.1000,-0.068267,-0.043980,0.340233,0.466813,-0.003404,-0.052383,0.882797,1767
131.0513,inicio,False,61.2360,33.321,20.484,2.252,True,320,240,0,False,60.00,0.1000,-0.068267,-0.043980,0.340233,0.466813,-0.003404,-0.052383,0.882797,1769
131.1842,inicio,False,61.2360,33.323,21.160,2.845,True,320,240,0,False,60.00,0.1000,-0.068267,-0.043980,0.340233,0.466813,-0.003404,-0.052383,0.882797,1771
131.2865,inicio,False,61.2360,33.322,19.013,5.726,True,320,240,0,False,60.00,0.1000,-0.068267,-0.043980,0.340233,0.466813,-0.003404,-0.052383,0.882797,1773
131.4181,inicio,False,61.2360,33.322,20.327,1.448,True,320,240,0,False,60.00,0.1000,-0.068267,-0.043980,0.340233,0.466813,-0.003404,-0.052383,0.882797,1775
131.5206,inicio,False,61.2360,33.322,19.228,1.876,True,320,240,0,False,60.00,0.1000,-0.068267,-0.043980,0.340233,0.466813,-0.003404,-0.052383,0.882797,1777
131.6545,inicio,False,61.2360,33.322,20.005,9.585,True,320,240,0,False,60.00,0.1000,-0.068267,-0.043980,0.340233,0.466813,-0.003404,-0.052383,0.882797,1779
131.7919,inicio,False,61.2360,33.323,20.577,1.934,True,320,240,0,False,60.00,0.1000,-0.068267,-0.043980,0.340233,0.466813,-0.003404,-0.052383,0.882797,1781
131.9180,inicio,False,61.2360,33.323,21.703,2.094,True,320,240,0,False,60.00,0.1000,-0.068267,-0.043980,0.340233,0.466813,-0.003404,-0.052383,0.882797,1783
132.0511,inicio,False,61.2360,33.323,20.551,1.631,True,320,240,0,False,60.00,0.1000,-0.068267,-0.043980,0.340233,0.466813,-0.003404,-0.052383,0.882797,1785
132.1840,inicio,False,61.2360,33.322,22.527,2.139,True,320,240,0,False,60.00,0.1000,-0.068267,-0.043980,0.340233,0.466813,-0.003404,-0.052383,0.882797,1787
132.2841,inicio,False,61.2360,33.322,22.690,1.628,True,320,240,0,False,60.00,0.1000,-0.068267,-0.043980,0.340233,0.466813,-0.003404,-0.052383,0.882797,1788
132.3845,inicio,False,61.2360,33.322,20.258,3.425,True,320,240,0,False,60.00,0.1000,-0.068267,-0.043980,0.340233,0.466813,-0.003404,-0.052383,0.882797,1789
132.5176,inicio,False,61.2360,33.322,15.787,1.478,True,320,240,0,False,60.00,0.1000,-0.068267,-0.043980,0.340233,0.466813,-0.003404,-0.052383,0.882797,1791
132.6504,inicio,False,61.2360,33.322,21.717,1.501,True,320,240,0,False,60.00,0.1000,-0.068267,-0.043980,0.340233,0.466813,-0.003404,-0.052383,0.882797,1793
132.7838,inicio,False,61.2360,33.322,21.801,1.954,True,320,240,0,False,60.00,0.1000,-0.068267,-0.043980,0.340233,0.466813,-0.003404,-0.052383,0.882797,1795
132.9171,inicio,False,61.2360,33.323,23.016,1.699,True,320,240,0,False,60.00,0.1000,-0.068267,-0.043980,0.340233,0.466813,-0.003404,-0.052383,0.882797,1797
133.0187,inicio,False,61.2360,33.324,22.051,2.235,True,320,240,0,False,60.00,0.1000,-0.068267,-0.043980,0.340233,0.466813,-0.003404,-0.052383,0.882797,1799
133.1505,inicio,False,61.2360,33.323,22.568,1.456,True,320,240,0,False,60.00,0.1000,-0.068267,-0.043980,0.340233,0.466813,-0.003404,-0.052383,0.882797,1801
133.2513,inicio,False,61.2360,33.324,20.638,1.425,True,320,240,0,False,60.00,0.1000,-0.068267,-0.043980,0.340233,0.466813,-0.003404,-0.052383,0.882797,1803
133.3856,inicio,False,61.2360,33.322,22.928,1.429,True,320,240,0,False,60.00,0.1000,-0.068267,-0.043980,0.340233,0.466813,-0.003404,-0.052383,0.882797,1805
133.5256,inicio,False,61.2360,33.321,12.783,4.730,True,320,240,0,False,60.00,0.1000,-0.068267,-0.043980,0.340233,0.466813,-0.003404,-0.052383,0.882797,1807
133.6501,inicio,False,61.2360,33.322,22.305,1.497,True,320,240,0,False,60.00,0.1000,-0.068267,-0.043980,0.340233,0.466813,-0.003404,-0.052383,0.882797,1809
133.7502,inicio,False,61.2360,33.322,22.256,1.717,True,320,240,0,False,60.00,0.1000,-0.068267,-0.043980,0.340233,0.466813,-0.003404,-0.052383,0.882797,1810
133.8836,inicio,False,61.2360,33.322,21.662,2.194,True,320,240,0,False,60.00,0.1000,-0.068267,-0.043980,0.340233,0.466813,-0.003404,-0.052383,0.882797,1812
134.0168,inicio,False,61.2360,33.322,21.090,4.113,True,320,240,0,False,60.00,0.1000,-0.068267,-0.043980,0.340233,0.466813,-0.003404,-0.052383,0.882797,1814
134.1169,inicio,False,61.2360,33.322,22.267,1.683,True,320,240,0,False,60.00,0.1000,-0.068267,-0.043980,0.340233,0.466813,-0.003404,-0.052383,0.882797,1815
134.2170,inicio,False,61.2360,33.322,23.004,1.615,True,320,240,0,False,60.00,0.1000,-0.068267,-0.043980,0.340233,0.466813,-0.003404,-0.052383,0.882797,1817
134.3197,inicio,False,61.2360,33.323,19.800,8.262,True,320,240,0,False,60.00,0.1000,-0.068267,-0.043980,0.340233,0.466813,-0.003404,-0.052383,0.882797,1819
134.4498,inicio,False,61.2360,33.323,22.113,1.633,True,320,240,0,False,60.00,0.1000,-0.068267,-0.043980,0.340233,0.466813,-0.003404,-0.052383,0.882797,1821
134.5504,inicio,False,61.2360,33.323,21.311,1.565,True,320,240,0,False,60.00,0.1000,-0.068267,-0.043980,0.340233,0.466813,-0.003404,-0.052383,0.882797,1822
134.6831,inicio,False,61.2360,33.322,21.956,1.571,True,320,240,0,False,60.00,0.1000,-0.068267,-0.043980,0.340233,0.466813,-0.003404,-0.052383,0.882797,1824
134.7832,inicio,False,61.2360,33.322,21.231,1.489,True,320,240,0,False,60.00,0.1000,-0.068267,-0.043980,0.340233,0.466813,-0.003404,-0.052383,0.882797,1825
134.9165,inicio,False,61.2360,33.321,20.237,1.392,True,320,240,0,False,60.00,0.1000,-0.068267,-0.043980,0.340233,0.466813,-0.003404,-0.052383,0.882797,1827
135.0166,inicio,False,61.2360,33.322,21.531,1.464,True,320,240,0,False,60.00,0.1000,-0.068267,-0.043980,0.340233,0.466813,-0.003404,-0.052383,0.882797,1829
135.1188,inicio,False,61.2360,33.322,21.233,3.047,True,320,240,0,False,60.00,0.1000,-0.068267,-0.043980,0.340233,0.466813,-0.003404,-0.052383,0.882797,1831
135.2496,inicio,False,61.2360,33.323,22.746,1.468,True,320,240,0,False,60.00,0.1000,-0.068267,-0.043980,0.340233,0.466813,-0.003404,-0.052383,0.882797,1833
135.3917,inicio,False,61.2360,33.323,15.207,1.607,True,320,240,0,False,60.00,0.1000,-0.068267,-0.043980,0.340233,0.466813,-0.003404,-0.052383,0.882797,1835
135.5163,inicio,False,61.2360,33.322,21.458,1.542,True,320,240,0,False,60.00,0.1000,-0.068267,-0.043980,0.340233,0.466813,-0.003404,-0.052383,0.882797,1837
135.6508,inicio,False,61.2360,33.323,20.611,4.123,True,320,240,0,False,60.00,0.1000,-0.068267,-0.043980,0.340233,0.466813,-0.003404,-0.052383,0.882797,1839
135.7857,inicio,False,61.2360,33.322,18.829,1.426,True,320,240,0,False,60.00,0.1000,-0.068267,-0.043980,0.340233,0.466813,-0.003404,-0.052383,0.882797,1841
135.9185,inicio,False,61.2360,33.322,21.710,2.897,True,320,240,0,False,60.00,0.1000,-0.068267,-0.043980,0.340233,0.466813,-0.003404,-0.052383,0.882797,1843
136.0495,inicio,False,61.2360,33.323,21.795,1.693,True,320,240,0,False,60.00,0.1000,-0.068267,-0.043980,0.340233,0.466813,-0.003404,-0.052383,0.882797,1845
136.1495,inicio,False,61.2360,33.323,21.069,5.737,True,320,240,0,False,60.00,0.1000,-0.068267,-0.043980,0.340233,0.466813,-0.003404,-0.052383,0.882797,1846
136.2826,inicio,False,61.2360,33.323,22.384,1.710,True,320,240,0,False,60.00,0.1000,-0.068267,-0.043980,0.340233,0.466813,-0.003404,-0.052383,0.882797,1848
136.4159,inicio,False,61.2360,33.323,22.128,1.611,True,320,240,0,False,60.00,0.1000,-0.068267,-0.043980,0.340233,0.466813,-0.003404,-0.052383,0.882797,1850
136.5492,inicio,False,61.2360,33.322,21.629,8.319,True,320,240,0,False,60.00,0.1000,-0.068267,-0.043980,0.340233,0.466813,-0.003404,-0.052383,0.882797,1852
136.6825,inicio,False,61.2360,33.323,22.769,6.715,True,320,240,0,False,60.00,0.1000,-0.068267,-0.043980,0.340233,0.466813,-0.003404,-0.052383,0.882797,1854
136.8158,inicio,False,61.2360,33.323,24.330,2.970,True,320,240,0,False,60.00,0.1000,-0.068267,-0.043980,0.340233,0.466813,-0.003404,-0.052383,0.882797,1856
136.9159,inicio,False,61.2360,33.323,19.839,1.485,True,320,240,0,False,60.00,0.1000,-0.068267,-0.043980,0.340233,0.466813,-0.003404,-0.052383,0.882797,1857
137.0210,inicio,False,61.2360,33.322,23.503,1.694,True,320,240,0,False,60.00,0.1000,-0.068267,-0.043980,0.340233,0.466813,-0.003404,-0.052383,0.882797,1859
137.1489,inicio,False,61.2360,33.323,22.034,2.088,True,320,240,0,False,60.00,0.1000,-0.068267,-0.043980,0.340233,0.466813,-0.003404,-0.052383,0.882797,1861
137.2492,inicio,False,61.2360,33.322,21.797,1.591,True,320,240,0,False,60.00,0.1000,-0.068267,-0.043980,0.340233,0.466813,-0.003404,-0.052383,0.882797,1863
137.3824,inicio,False,61.2360,33.322,21.552,1.331,True,320,240,0,False,60.00,0.1000,-0.068267,-0.043980,0.340233,0.466813,-0.003404,-0.052383,0.882797,1865
137.5157,inicio,False,61.2360,33.322,21.448,1.922,True,320,240,0,False,60.00,0.1000,-0.068267,-0.043980,0.340233,0.466813,-0.003404,-0.052383,0.882797,1867
137.6158,inicio,False,61.2360,33.322,22.281,1.727,True,320,240,0,False,60.00,0.1000,-0.068267,-0.043980,0.340233,0.466813,-0.003404,-0.052383,0.882797,1868
137.7488,inicio,False,61.2360,33.323,26.530,3.025,True,320,240,0,False,60.00,0.1000,-0.068267,-0.043980,0.340233,0.466813,-0.003404,-0.052383,0.882797,1870
137.8489,inicio,False,61.2360,33.323,18.896,1.458,True,320,240,0,False,60.00,0.1000,-0.068267,-0.043980,0.340233,0.466813,-0.003404,-0.052383,0.882797,1871
137.9821,inicio,False,61.2360,33.323,23.527,1.502,True,320,240,0,False,60.00,0.1000,-0.068267,-0.043980,0.340233,0.466813,-0.003404,-0.052383,0.882797,1873
138.1155,inicio,False,61.2360,33.322,20.874,1.525,True,320,240,0,False,60.00,0.1000,-0.068267,-0.043980,0.340233,0.466813,-0.003404,-0.052383,0.882797,1875
138.2158,inicio,False,61.2360,33.322,21.551,2.114,True,320,240,0,False,60.00,0.1000,-0.068267,-0.043980,0.340233,0.466813,-0.003404,-0.052383,0.882797,1877
138.3486,inicio,False,61.2360,33.322,21.440,1.384,True,320,240,0,False,60.00,0.1000,-0.068267,-0.043980,0.340233,0.466813,-0.003404,-0.052383,0.882797,1879
138.4602,inicio,False,61.2360,33.323,11.765,1.580,True,320,240,0,False,60.00,0.1000,-0.068267,-0.043980,0.340233,0.466813,-0.003404,-0.052383,0.882797,1881
138.5838,inicio,False,61.2360,33.322,19.683,6.817,True,320,240,0,False,60.00,0.1000,-0.068267,-0.043980,0.340233,0.466813,-0.003404,-0.052383,0.882797,1883
138.7152,inicio,False,61.2360,33.323,21.366,1.710,True,320,240,0,False,60.00,0.1000,-0.068267,-0.043980,0.340233,0.466813,-0.003404,-0.052383,0.882797,1885
138.8152,inicio,False,61.2360,33.323,21.700,1.443,True,320,240,0,False,60.00,0.1000,-0.068267,-0.043980,0.340233,0.466813,-0.003404,-0.052383,0.882797,1886
138.9484,inicio,False,61.2360,33.324,22.754,1.688,True,320,240,0,False,60.00,0.1000,-0.068267,-0.043980,0.340233,0.466813,-0.003404,-0.052383,0.882797,1888
139.0486,inicio,False,61.2360,33.323,20.012,1.825,True,320,240,0,False,60.00,0.1000,-0.068267,-0.043980,0.340233,0.466813,-0.003404,-0.052383,0.882797,1889
139.1817,inicio,False,61.2360,33.323,23.662,1.552,True,320,240,0,False,60.00,0.1000,-0.068267,-0.043980,0.340233,0.466813,-0.003404,-0.052383,0.882797,1891
139.3151,inicio,False,61.2360,33.322,17.434,1.526,True,320,240,0,False,60.00,0.1000,-0.068267,-0.043980,0.340233,0.466813,-0.003404,-0.052383,0.882797,1893
139.4214,inicio,False,61.2360,33.322,19.009,1.831,True,320,240,0,False,60.00,0.1000,-0.068267,-0.043980,0.340233,0.466813,-0.003404,-0.052383,0.882797,1895
139.5484,inicio,False,61.2360,33.322,21.747,1.720,True,320,240,0,False,60.00,0.1000,-0.068267,-0.043980,0.340233,0.466813,-0.003404,-0.052383,0.882797,1897
139.6513,inicio,False,61.2360,33.322,18.509,1.496,True,320,240,0,False,60.00,0.1000,-0.068267,-0.043980,0.340233,0.466813,-0.003404,-0.052383,0.882797,1899
139.7814,inicio,False,61.2360,33.322,21.913,1.663,True,320,240,0,False,60.00,0.1000,-0.068267,-0.043980,0.340233,0.466813,-0.003404,-0.052383,0.882797,1901
139.8816,inicio,False,61.2360,33.323,22.166,7.530,True,320,240,0,False,60.00,0.1000,-0.068267,-0.043980,0.340233,0.466813,-0.003404,-0.052383,0.882797,1902
140.0148,inicio,False,61.2360,33.325,22.064,5.512,True,320,240,0,False,60.00,0.1000,-0.068267,-0.043980,0.340233,0.466813,-0.003404,-0.052383,0.882797,1904
140.1480,inicio,False,61.2360,33.323,22.400,1.551,True,320,240,0,False,60.00,0.1000,-0.068267,-0.043980,0.340233,0.466813,-0.003404,-0.052383,0.882797,1906
140.2480,inicio,False,61.2360,33.323,22.376,1.709,True,320,240,0,False,60.00,0.1000,-0.068267,-0.043980,0.340233,0.466813,-0.003404,-0.052383,0.882797,1907
140.3814,inicio,False,61.2360,33.322,21.163,1.467,True,320,240,0,False,60.00,0.1000,-0.068267,-0.043980,0.340233,0.466813,-0.003404,-0.052383,0.882797,1909
140.5147,inicio,False,61.2360,33.321,13.307,1.665,True,320,240,0,False,60.00,0.1000,-0.068267,-0.043980,0.340233,0.466813,-0.003404,-0.052383,0.882797,1911
140.6479,inicio,False,61.2360,33.322,22.499,1.486,True,320,240,0,False,60.00,0.1000,-0.068267,-0.043980,0.340233,0.466813,-0.003404,-0.052383,0.882797,1913
140.7812,inicio,False,61.2360,33.323,20.719,1.813,True,320,240,0,False,60.00,0.1000,-0.068267,-0.043980,0.340233,0.466813,-0.003404,-0.052383,0.882797,1915
140.8836,inicio,False,61.2360,33.323,21.106,1.454,True,320,240,0,False,60.00,0.1000,-0.068267,-0.043980,0.340233,0.466813,-0.003404,-0.052383,0.882797,1917
141.0148,inicio,False,61.2360,33.324,23.196,3.088,True,320,240,0,False,60.00,0.1000,-0.068267,-0.043980,0.340233,0.466813,-0.003404,-0.052383,0.882797,1919
141.1151,inicio,False,61.2360,33.323,20.795,1.519,True,320,240,0,False,60.00,0.1000,-0.068267,-0.043980,0.340233,0.466813,-0.003404,-0.052383,0.882797,1921
141.2478,inicio,False,61.2360,33.322,22.265,2.050,True,320,240,0,False,60.00,0.1000,-0.068267,-0.043980,0.340233,0.466813,-0.003404,-0.052383,0.882797,1923
141.3811,inicio,False,61.2360,33.325,22.953,1.777,True,320,240,0,False,60.00,0.1000,-0.068267,-0.043980,0.340233,0.466813,-0.003404,-0.052383,0.882797,1925
141.4811,inicio,False,61.2360,33.324,21.563,1.989,True,320,240,0,False,60.00,0.1000,-0.068267,-0.043980,0.340233,0.466813,-0.003404,-0.052383,0.882797,1926
141.6143,inicio,False,61.2360,33.321,21.548,6.426,True,320,240,0,False,60.00,0.1000,-0.068267,-0.043980,0.340233,0.466813,-0.003404,-0.052383,0.882797,1928
141.7144,inicio,False,61.2360,33.322,17.674,1.422,True,320,240,0,False,60.00,0.1000,-0.068267,-0.043980,0.340233,0.466813,-0.003404,-0.052383,0.882797,1929
141.8156,inicio,False,61.2360,33.321,21.903,4.212,True,320,240,0,False,60.00,0.1000,-0.068267,-0.043980,0.340233,0.466813,-0.003404,-0.052383,0.882797,1931
141.9475,inicio,False,61.2360,33.319,21.989,1.365,True,320,240,0,False,60.00,0.1000,-0.068267,-0.043980,0.340233,0.466813,-0.003404,-0.052383,0.882797,1933
142.0475,inicio,False,61.2360,33.322,21.119,3.070,True,320,240,0,False,60.00,0.1000,-0.068267,-0.043980,0.340233,0.466813,-0.003404,-0.052383,0.882797,1935
142.1814,inicio,False,61.2360,33.322,21.224,4.495,True,320,240,0,False,60.00,0.1000,-0.068267,-0.043980,0.340233,0.466813,-0.003404,-0.052383,0.882797,1937
142.3175,inicio,False,61.2360,33.322,19.932,3.876,True,320,240,0,False,60.00,0.1000,-0.068267,-0.043980,0.340233,0.466813,-0.003404,-0.052383,0.882797,1939
142.4479,inicio,False,61.2360,33.322,20.642,1.459,True,320,240,0,False,60.00,0.1000,-0.068267,-0.043980,0.340233,0.466813,-0.003404,-0.052383,0.882797,1941
142.5853,inicio,False,61.2360,33.328,16.718,5.283,True,320,240,0,False,60.00,0.1000,-0.068267,-0.043980,0.340233,0.466813,-0.003404,-0.052383,0.882797,1943
142.7187,inicio,False,61.2360,33.324,16.469,1.508,True,320,240,0,False,60.00,0.1000,-0.068267,-0.043980,0.340233,0.466813,-0.003404,-0.052383,0.882797,1945
142.8497,inicio,False,61.2360,33.322,21.502,1.772,True,320,240,0,False,60.00,0.1000,-0.068267,-0.043980,0.340233,0.466813,-0.003404,-0.052383,0.882797,1947
142.9815,inicio,False,61.2360,33.320,27.926,1.435,True,320,240,0,False,60.00,0.1000,-0.068267,-0.043980,0.340233,0.466813,-0.003404,-0.052383,0.882797,1949
143.1137,inicio,False,61.2360,33.318,20.858,1.546,True,320,240,0,False,60.00,0.1000,-0.068267,-0.043980,0.340233,0.466813,-0.003404,-0.052383,0.882797,1951
143.2470,inicio,False,61.2360,33.322,21.329,7.154,True,320,240,0,False,60.00,0.1000,-0.068267,-0.043980,0.340233,0.466813,-0.003404,-0.052383,0.882797,1953
143.3807,inicio,False,61.2360,33.322,22.198,1.506,True,320,240,0,False,60.00,0.1000,-0.068267,-0.043980,0.340233,0.466813,-0.003404,-0.052383,0.882797,1955
143.5135,inicio,False,61.2360,33.322,21.788,1.459,True,320,240,0,False,60.00,0.1000,-0.068267,-0.043980,0.340233,0.466813,-0.003404,-0.052383,0.882797,1957
143.6135,inicio,False,61.2360,33.322,22.362,1.498,True,320,240,0,False,60.00,0.1000,-0.068267,-0.043980,0.340233,0.466813,-0.003404,-0.052383,0.882797,1958
143.7137,inicio,False,61.2360,33.323,22.270,5.971,True,320,240,0,False,60.00,0.1000,-0.068267,-0.043980,0.340233,0.466813,-0.003404,-0.052383,0.882797,1959
143.8475,inicio,False,61.2360,33.322,21.759,1.505,True,320,240,0,False,60.00,0.1000,-0.068267,-0.043980,0.340233,0.466813,-0.003404,-0.052383,0.882797,1961
143.9800,inicio,False,61.2360,33.322,16.572,1.558,True,320,240,0,False,60.00,0.1000,-0.068267,-0.043980,0.340233,0.466813,-0.003404,-0.052383,0.882797,1963
144.0801,inicio,False,61.2360,33.322,18.471,2.658,True,320,240,0,False,60.00,0.1000,-0.068267,-0.043980,0.340233,0.466813,-0.003404,-0.052383,0.882797,1965
144.1811,inicio,False,61.2360,33.329,22.698,2.114,True,320,240,0,False,60.00,0.1000,-0.068267,-0.043980,0.340233,0.466813,-0.003404,-0.052383,0.882797,1967
144.3164,inicio,False,61.2360,33.325,19.992,4.931,True,320,240,0,False,60.00,0.1000,-0.068267,-0.043980,0.340233,0.466813,-0.003404,-0.052383,0.882797,1969
144.4510,inicio,False,61.2360,33.322,17.964,1.929,True,320,240,0,False,60.00,0.1000,-0.068267,-0.043980,0.340233,0.466813,-0.003404,-0.052383,0.882797,1971
144.5801,inicio,False,61.2360,33.320,21.760,2.198,True,320,240,0,False,60.00,0.1000,-0.068267,-0.043980,0.340233,0.466813,-0.003404,-0.052383,0.882797,1973
144.7131,inicio,False,61.2360,33.318,21.426,1.556,True,320,240,0,False,60.00,0.1000,-0.068267,-0.043980,0.340233,0.466813,-0.003404,-0.052383,0.882797,1975
144.8132,inicio,False,61.2360,33.327,21.390,1.409,True,320,240,0,False,60.00,0.1000,-0.068267,-0.043980,0.340233,0.466813,-0.003404,-0.052383,0.882797,1976
144.9135,inicio,False,61.2360,33.322,22.174,2.336,True,320,240,0,False,60.00,0.1000,-0.068267,-0.043980,0.340233,0.466813,-0.003404,-0.052383,0.882797,1977
145.0325,inicio,False,61.2360,35.821,22.702,4.030,True,320,240,0,False,60.00,0.1000,-0.068267,-0.043980,0.340233,0.466813,-0.003404,-0.052383,0.882797,1978
145.1629,inicio,False,61.2360,35.357,5.615,1.745,True,320,240,0,False,60.00,0.1000,-0.068267,-0.043980,0.340233,0.466813,-0.003404,-0.052383,0.882797,1980
145.2635,inicio,False,61.2360,35.069,4.899,1.522,True,320,240,0,False,60.00,0.1000,-0.068267,-0.043980,0.340233,0.466813,-0.003404,-0.052383,0.882797,1982
145.3963,inicio,False,61.2360,34.745,6.115,2.324,True,320,240,0,False,60.00,0.1000,-0.068267,-0.043980,0.340233,0.466813,-0.003404,-0.052383,0.882797,1984
145.4969,inicio,False,61.2360,34.541,4.766,4.559,True,320,240,0,False,60.00,0.1000,-0.068267,-0.043980,0.340233,0.466813,-0.003404,-0.052383,0.882797,1985
145.6302,inicio,False,61.2360,34.318,5.153,2.051,True,320,240,0,False,60.00,0.1000,-0.068267,-0.043980,0.340233,0.466813,-0.003404,-0.052383,0.882797,1987
145.7635,inicio,False,61.2360,34.135,5.488,1.939,True,320,240,0,False,60.00,0.1000,-0.068267,-0.043980,0.340233,0.466813,-0.003404,-0.052383,0.882797,1989
