seconds,phase,visible,playback_s,frame_ms,image_ms,detect_ms,rt,width,height,rotation,mirrored,sensor_fov,tag_m,x,y,z,qx,qy,qz,qw,processed_frames
3.6483,inicio,False,0.0000,105.069,0.000,0.000,True,0,0,0,False,60.00,0.1000,0.000000,0.000000,0.000000,0.000000,0.000000,0.000000,1.000000,0
6.4403,inicio,False,0.0000,316.303,0.000,0.000,True,0,0,0,False,60.00,0.1000,0.000000,0.000000,0.000000,0.000000,0.000000,0.000000,1.000000,0
6.5558,inicio,False,0.0000,263.106,515.502,9.962,True,320,240,90,False,60.00,0.1000,0.000000,0.000000,0.000000,0.000000,0.000000,0.000000,1.000000,1
7.1040,inicio,False,0.0000,277.443,6.977,2.621,True,320,240,90,False,60.00,0.1000,0.000000,0.000000,0.000000,0.000000,0.000000,0.000000,1.000000,2
7.2370,inicio,False,0.0000,232.160,22.087,1.961,True,320,240,90,False,60.00,0.1000,0.000000,0.000000,0.000000,0.000000,0.000000,0.000000,1.000000,3
7.3672,inicio,False,0.0000,195.278,19.961,13.376,True,320,240,90,False,60.00,0.1000,0.000000,0.000000,0.000000,0.000000,0.000000,0.000000,1.000000,4
7.4743,inicio,False,0.0000,172.186,19.069,10.041,True,320,240,90,False,60.00,0.1000,0.000000,0.000000,0.000000,0.000000,0.000000,0.000000,1.000000,5
7.6015,inicio,False,0.0000,146.432,18.301,6.273,True,320,240,90,False,60.00,0.1000,0.000000,0.000000,0.000000,0.000000,0.000000,0.000000,1.000000,6
7.7190,inicio,False,0.0000,131.117,37.123,2.468,True,320,240,90,False,60.00,0.1000,0.000000,0.000000,0.000000,0.000000,0.000000,0.000000,1.000000,7
7.8498,inicio,False,0.0000,112.974,8.899,1.463,True,320,240,90,False,60.00,0.1000,0.000000,0.000000,0.000000,0.000000,0.000000,0.000000,1.000000,8
7.9510,inicio,False,0.0000,101.617,5.210,3.141,True,320,240,90,False,60.00,0.1000,0.000000,0.000000,0.000000,0.000000,0.000000,0.000000,1.000000,9
8.0832,inicio,False,0.0000,88.948,5.108,2.586,True,320,240,90,False,60.00,0.1000,0.000000,0.000000,0.000000,0.000000,0.000000,0.000000,1.000000,10
8.1836,inicio,False,0.0000,81.017,4.600,3.022,True,320,240,90,False,60.00,0.1000,0.000000,0.000000,0.000000,0.000000,0.000000,0.000000,1.000000,11
8.2838,inicio,False,0.0000,74.211,6.390,10.299,True,320,240,90,False,60.00,0.1000,0.000000,0.000000,0.000000,0.000000,0.000000,0.000000,1.000000,12
8.4177,inicio,False,0.0000,66.630,5.682,11.756,True,320,240,90,False,60.00,0.1000,0.000000,0.000000,0.000000,0.000000,0.000000,0.000000,1.000000,13
8.5330,inicio,False,0.0000,59.659,16.772,2.211,True,320,240,90,False,60.00,0.1000,0.000000,0.000000,0.000000,0.000000,0.000000,0.000000,1.000000,14
8.6394,inicio,False,0.0000,55.907,24.932,2.253,True,320,240,90,False,60.00,0.1000,0.000000,0.000000,0.000000,0.000000,0.000000,0.000000,1.000000,15
8.7666,inicio,False,0.0000,51.721,20.522,2.151,True,320,240,90,False,60.00,0.1000,0.000000,0.000000,0.000000,0.000000,0.000000,0.000000,1.000000,16
8.9040,inicio,False,0.0000,48.301,20.629,4.829,True,320,240,90,False,60.00,0.1000,0.000000,0.000000,0.000000,0.000000,0.000000,0.000000,1.000000,18
9.0338,inicio,False,0.0000,45.526,20.063,2.189,True,320,240,90,False,60.00,0.1000,0.000000,0.000000,0.000000,0.000000,0.000000,0.000000,1.000000,20
9.1376,inicio,False,0.0000,43.781,20.063,2.189,True,320,240,90,False,60.00,0.1000,0.000000,0.000000,0.000000,0.000000,0.000000,0.000000,1.000000,20
9.2660,inicio,False,0.0000,41.840,22.981,1.580,True,320,240,90,False,60.00,0.1000,0.000000,0.000000,0.000000,0.000000,0.000000,0.000000,1.000000,22
9.3662,inicio,False,0.0000,40.626,21.611,6.027,True,320,240,90,False,60.00,0.1000,0.000000,0.000000,0.000000,0.000000,0.000000,0.000000,1.000000,23
9.4672,inicio,False,0.0000,39.583,20.366,1.431,True,320,240,90,False,60.00,0.1000,0.000000,0.000000,0.000000,0.000000,0.000000,0.000000,1.000000,24
9.5992,inicio,False,0.0000,38.423,21.662,2.734,True,320,240,90,False,60.00,0.1000,0.000000,0.000000,0.000000,0.000000,0.000000,0.000000,1.000000,25
9.7011,inicio,False,0.0000,37.697,21.095,1.949,True,320,240,90,False,60.00,0.1000,0.000000,0.000000,0.000000,0.000000,0.000000,0.000000,1.000000,26
9.8334,inicio,False,0.0000,36.895,21.778,1.405,True,320,240,90,False,60.00,0.1000,0.000000,0.000000,0.000000,0.000000,0.000000,0.000000,1.000000,27
9.9683,inicio,False,0.0000,36.227,22.502,2.172,True,320,240,90,False,60.00,0.1000,0.000000,0.000000,0.000000,0.000000,0.000000,0.000000,1.000000,28
10.1015,inicio,False,0.0000,35.678,23.540,1.696,True,320,240,90,False,60.00,0.1000,0.000000,0.000000,0.000000,0.000000,0.000000,0.000000,1.000000,29
10.2325,inicio,False,0.0000,35.247,23.250,1.554,True,320,240,90,False,60.00,0.1000,0.000000,0.000000,0.000000,0.000000,0.000000,0.000000,1.000000,31
10.3674,inicio,False,0.0000,34.891,19.934,1.833,True,320,240,90,False,60.00,0.1000,0.000000,0.000000,0.000000,0.000000,0.000000,0.000000,1.000000,33
10.5047,inicio,False,0.0000,34.671,19.431,2.998,True,320,240,90,False,60.00,0.1000,0.000000,0.000000,0.000000,0.000000,0.000000,0.000000,1.000000,34
10.6324,inicio,False,0.0000,34.421,21.966,1.452,True,320,240,90,False,60.00,0.1000,0.000000,0.000000,0.000000,0.000000,0.000000,0.000000,1.000000,35
10.7329,inicio,False,0.0000,34.265,21.966,1.452,True,320,240,90,False,60.00,0.1000,0.000000,0.000000,0.000000,0.000000,0.000000,0.000000,1.000000,35
10.8655,inicio,False,0.0000,34.087,22.041,1.761,True,320,240,90,False,60.00,0.1000,0.000000,0.000000,0.000000,0.000000,0.000000,0.000000,1.000000,37
10.9663,inicio,False,0.0000,33.979,21.266,1.602,True,320,240,90,False,60.00,0.1000,0.000000,0.000000,0.000000,0.000000,0.000000,0.000000,1.000000,38
11.0992,inicio,False,0.0000,33.857,21.303,2.132,True,320,240,90,False,60.00,0.1000,0.000000,0.000000,0.000000,0.000000,0.000000,0.000000,1.000000,39
11.1994,inicio,False,0.0000,33.781,18.365,1.686,True,320,240,90,False,60.00,0.1000,0.000000,0.000000,0.000000,0.000000,0.000000,0.000000,1.000000,40
11.3321,inicio,False,0.0000,33.696,22.499,1.849,True,320,240,90,False,60.00,0.1000,0.000000,0.000000,0.000000,0.000000,0.000000,0.000000,1.000000,41
11.4326,inicio,False,0.0000,33.642,23.391,2.372,True,320,240,90,False,60.00,0.1000,0.000000,0.000000,0.000000,0.000000,0.000000,0.000000,1.000000,42
11.5734,inicio,False,0.0000,33.583,26.071,7.782,True,320,240,90,False,60.00,0.1000,0.000000,0.000000,0.000000,0.000000,0.000000,0.000000,1.000000,43
11.6988,inicio,False,0.0000,33.535,22.365,1.755,True,320,240,90,False,60.00,0.1000,0.000000,0.000000,0.000000,0.000000,0.000000,0.000000,1.000000,44
11.8026,inicio,False,0.0000,33.510,18.182,32.490,True,320,240,90,False,60.00,0.1000,0.000000,0.000000,0.000000,0.000000,0.000000,0.000000,1.000000,46
11.9153,inicio,False,0.0000,34.229,18.182,32.490,True,320,240,90,False,60.00,0.1000,0.000000,0.000000,0.000000,0.000000,0.000000,0.000000,1.000000,46
12.0486,inicio,False,0.0000,34.056,5.093,35.767,True,320,240,90,False,60.00,0.1000,0.000000,0.000000,0.000000,0.000000,0.000000,0.000000,1.000000,47
12.1819,inicio,False,0.0000,33.924,22.145,8.026,True,320,240,90,False,60.00,0.1000,0.000000,0.000000,0.000000,0.000000,0.000000,0.000000,1.000000,48
12.2821,inicio,False,0.0000,33.839,22.636,15.158,True,320,240,90,False,60.00,0.1000,0.000000,0.000000,0.000000,0.000000,0.000000,0.000000,1.000000,49
12.4059,inicio,False,0.0000,34.598,24.318,22.257,True,320,240,90,False,60.00,0.1000,0.000000,0.000000,0.000000,0.000000,0.000000,0.000000,1.000000,50
12.8124,inicio,False,0.0000,52.861,24.318,22.257,True,320,240,90,False,60.00,0.1000,0.000000,0.000000,0.000000,0.000000,0.000000,0.000000,1.000000,50
12.9237,inicio,False,0.0000,53.505,1.069,33.899,True,320,240,90,False,60.00,0.1000,0.000000,0.000000,0.000000,0.000000,0.000000,0.000000,1.000000,52
13.1806,inicio,False,0.0000,58.100,6.910,26.266,True,320,240,90,False,60.00,0.1000,0.000000,0.000000,0.000000,0.000000,0.000000,0.000000,1.000000,54
13.3319,inicio,False,0.0000,62.880,618.644,22.173,True,320,240,0,False,60.00,0.1000,0.000000,0.000000,0.000000,0.000000,0.000000,0.000000,1.000000,55
14.0085,inicio,False,0.0000,93.903,0.963,14.339,True,320,240,0,False,60.00,0.1000,0.000000,0.000000,0.000000,0.000000,0.000000,0.000000,1.000000,56
14.1373,inicio,False,0.0000,82.656,18.220,25.981,True,320,240,0,False,60.00,0.1000,0.000000,0.000000,0.000000,0.000000,0.000000,0.000000,1.000000,57
14.2542,inicio,False,0.0000,76.380,18.220,25.981,True,320,240,0,False,60.00,0.1000,0.000000,0.000000,0.000000,0.000000,0.000000,0.000000,1.000000,57
14.3872,inicio,False,0.0000,68.389,8.375,27.395,True,320,240,0,False,60.00,0.1000,0.000000,0.000000,0.000000,0.000000,0.000000,0.000000,1.000000,58
14.4945,inicio,False,0.0000,66.632,15.833,25.638,True,320,240,0,False,60.00,0.1000,0.000000,0.000000,0.000000,0.000000,0.000000,0.000000,1.000000,60
14.6204,inicio,False,0.0000,63.424,22.987,23.220,True,320,240,0,False,60.00,0.1000,0.000000,0.000000,0.000000,0.000000,0.000000,0.000000,1.000000,61
14.7386,inicio,False,0.0000,59.886,5.718,25.281,True,320,240,0,False,60.00,0.1000,0.000000,0.000000,0.000000,0.000000,0.000000,0.000000,1.000000,62
14.8707,inicio,False,0.0000,54.969,21.639,20.568,True,320,240,0,False,60.00,0.1000,0.000000,0.000000,0.000000,0.000000,0.000000,0.000000,1.000000,63
14.9868,inicio,False,0.0000,52.607,21.639,20.568,True,320,240,0,False,60.00,0.1000,0.000000,0.000000,0.000000,0.000000,0.000000,0.000000,1.000000,63
15.0872,inicio,False,0.0000,49.852,13.720,24.592,True,320,240,0,False,60.00,0.1000,0.000000,0.000000,0.000000,0.000000,0.000000,0.000000,1.000000,64
15.2010,inicio,False,0.0000,47.511,19.559,20.143,True,320,240,0,False,60.00,0.1000,0.000000,0.000000,0.000000,0.000000,0.000000,0.000000,1.000000,65
15.3359,inicio,False,0.0000,44.878,19.579,18.308,True,320,240,0,False,60.00,0.1000,0.000000,0.000000,0.000000,0.000000,0.000000,0.000000,1.000000,66
15.4878,inicio,False,0.0000,44.394,18.243,18.377,True,320,240,0,False,60.00,0.1000,0.000000,0.000000,0.000000,0.000000,0.000000,0.000000,1.000000,68
15.6199,inicio,False,0.0000,42.338,19.293,16.886,True,320,240,0,False,60.00,0.1000,0.000000,0.000000,0.000000,0.000000,0.000000,0.000000,1.000000,69
15.7200,inicio,False,0.0000,41.058,19.293,16.886,True,320,240,0,False,60.00,0.1000,0.000000,0.000000,0.000000,0.000000,0.000000,0.000000,1.000000,69
15.8557,inicio,False,0.0000,39.624,20.998,12.939,True,320,240,0,False,60.00,0.1000,0.000000,0.000000,0.000000,0.000000,0.000000,0.000000,1.000000,70
15.9710,inicio,False,0.0000,39.516,17.778,21.307,True,320,240,0,False,60.00,0.1000,0.000000,0.000000,0.000000,0.000000,0.000000,0.000000,1.000000,71
16.0721,inicio,False,0.0000,38.634,7.927,26.539,True,320,240,0,False,60.00,0.1000,0.000000,0.000000,0.000000,0.000000,0.000000,0.000000,1.000000,73
16.1894,inicio,False,0.0000,38.630,7.927,26.539,True,320,240,0,False,60.00,0.1000,0.000000,0.000000,0.000000,0.000000,0.000000,0.000000,1.000000,73
16.2901,inicio,False,0.0000,39.779,21.225,30.872,True,320,240,0,False,60.00,0.1000,0.000000,0.000000,0.000000,0.000000,0.000000,0.000000,1.000000,75
16.4043,inicio,False,0.0000,39.616,18.887,23.732,True,320,240,0,False,60.00,0.1000,0.000000,0.000000,0.000000,0.000000,0.000000,0.000000,1.000000,76
16.5320,inicio,False,0.0000,41.460,10.505,26.138,True,320,240,0,False,60.00,0.1000,0.000000,0.000000,0.000000,0.000000,0.000000,0.000000,1.000000,77
16.7053,inicio,False,0.0000,42.447,12.303,36.925,True,320,240,0,False,60.00,0.1000,0.000000,0.000000,0.000000,0.000000,0.000000,0.000000,1.000000,79
16.8395,inicio,False,0.0000,44.805,10.379,31.252,True,320,240,0,False,60.00,0.1000,0.000000,0.000000,0.000000,0.000000,0.000000,0.000000,1.000000,80
16.9955,inicio,False,0.0000,43.504,22.093,24.166,True,320,240,0,False,60.00,0.1000,0.000000,0.000000,0.000000,0.000000,0.000000,0.000000,1.000000,81
17.1407,inicio,False,0.0000,42.444,7.084,35.964,True,320,240,0,False,60.00,0.1000,0.000000,0.000000,0.000000,0.000000,0.000000,0.000000,1.000000,82
17.2704,inicio,False,0.0000,40.782,5.773,19.985,True,320,240,0,False,60.00,0.1000,0.000000,0.000000,0.000000,0.000000,0.000000,0.000000,1.000000,83
17.3709,inicio,False,0.0000,39.698,4.953,12.740,True,320,240,0,False,60.00,0.1000,0.000000,0.000000,0.000000,0.000000,0.000000,0.000000,1.000000,84
17.5030,inicio,False,0.0000,38.523,4.819,19.034,True,320,240,0,False,60.00,0.1000,0.000000,0.000000,0.000000,0.000000,0.000000,0.000000,1.000000,85
17.6369,inicio,False,0.0000,37.553,5.722,13.312,True,320,240,0,False,60.00,0.1000,0.000000,0.000000,0.000000,0.000000,0.000000,0.000000,1.000000,86
17.7694,inicio,False,0.0000,36.758,5.894,18.777,True,320,240,0,False,60.00,0.1000,0.000000,0.000000,0.000000,0.000000,0.000000,0.000000,1.000000,87
17.9029,inicio,False,0.0000,36.139,5.491,15.457,True,320,240,0,False,60.00,0.1000,0.000000,0.000000,0.000000,0.000000,0.000000,0.000000,1.000000,88
18.0361,inicio,False,0.0000,35.600,5.124,11.352,True,320,240,0,False,60.00,0.1000,0.000000,0.000000,0.000000,0.000000,0.000000,0.000000,1.000000,89
18.1695,inicio,False,0.0000,35.176,4.622,18.719,True,320,240,0,False,60.00,0.1000,0.000000,0.000000,0.000000,0.000000,0.000000,0.000000,1.000000,90
18.3028,inicio,False,0.0000,34.836,6.124,12.740,True,320,240,0,False,60.00,0.1000,0.000000,0.000000,0.000000,0.000000,0.000000,0.000000,1.000000,92
18.4044,inicio,False,0.0000,34.620,4.876,11.027,True,320,240,0,False,60.00,0.1000,0.000000,0.000000,0.000000,0.000000,0.000000,0.000000,1.000000,94
18.5357,inicio,False,0.0000,34.379,6.244,11.265,True,320,240,0,False,60.00,0.1000,0.000000,0.000000,0.000000,0.000000,0.000000,0.000000,1.000000,95
18.6359,inicio,False,0.0000,34.229,6.722,10.551,True,320,240,0,False,60.00,0.1000,0.000000,0.000000,0.000000,0.000000,0.000000,0.000000,1.000000,96
18.7360,inicio,False,0.0000,34.099,5.054,20.311,True,320,240,0,False,60.00,0.1000,0.000000,0.000000,0.000000,0.000000,0.000000,0.000000,1.000000,97
18.8689,inicio,False,0.0000,33.955,6.517,15.466,True,320,240,0,False,60.00,0.1000,0.000000,0.000000,0.000000,0.000000,0.000000,0.000000,1.000000,98
18.9690,inicio,False,0.0000,33.865,6.174,14.984,True,320,240,0,False,60.00,0.1000,0.000000,0.000000,0.000000,0.000000,0.000000,0.000000,1.000000,99
19.1028,inicio,False,0.0000,33.764,5.445,13.606,True,320,240,0,False,60.00,0.1000,0.000000,0.000000,0.000000,0.000000,0.000000,0.000000,1.000000,100
19.2360,inicio,False,0.0000,33.682,5.142,15.501,True,320,240,0,False,60.00,0.1000,0.000000,0.000000,0.000000,0.000000,0.000000,0.000000,1.000000,101
19.3687,inicio,False,0.0000,33.616,5.436,18.447,True,320,240,0,False,60.00,0.1000,0.000000,0.000000,0.000000,0.000000,0.000000,0.000000,1.000000,102
19.5020,inicio,False,0.0000,33.561,5.496,13.425,True,320,240,0,False,60.00,0.1000,0.000000,0.000000,0.000000,0.000000,0.000000,0.000000,1.000000,103
19.6021,inicio,False,0.0000,33.528,7.320,12.506,True,320,240,0,False,60.00,0.1000,0.000000,0.000000,0.000000,0.000000,0.000000,0.000000,1.000000,105
19.7067,inicio,False,0.0000,33.506,5.207,23.017,True,320,240,0,False,60.00,0.1000,0.000000,0.000000,0.000000,0.000000,0.000000,0.000000,1.000000,106
19.8392,inicio,False,0.0000,33.470,4.672,17.378,True,320,240,0,False,60.00,0.1000,0.000000,0.000000,0.000000,0.000000,0.000000,0.000000,1.000000,107
19.9685,inicio,False,0.0000,33.439,6.073,12.011,True,320,240,0,False,60.00,0.1000,0.000000,0.000000,0.000000,0.000000,0.000000,0.000000,1.000000,108
20.1018,inicio,False,0.0000,33.417,5.605,19.773,True,320,240,0,False,60.00,0.1000,0.000000,0.000000,0.000000,0.000000,0.000000,0.000000,1.000000,109
20.2019,inicio,False,0.0000,33.399,6.991,18.921,True,320,240,0,False,60.00,0.1000,0.000000,0.000000,0.000000,0.000000,0.000000,0.000000,1.000000,110
20.3019,inicio,False,0.0000,33.387,6.991,18.921,True,320,240,0,False,60.00,0.1000,0.000000,0.000000,0.000000,0.000000,0.000000,0.000000,1.000000,110
20.4039,inicio,False,0.0000,33.382,6.513,15.993,True,320,240,0,False,60.00,0.1000,0.000000,0.000000,0.000000,0.000000,0.000000,0.000000,1.000000,111
20.5046,inicio,False,0.0000,33.374,4.857,16.255,True,320,240,0,False,60.00,0.1000,0.000000,0.000000,0.000000,0.000000,0.000000,0.000000,1.000000,112
20.6392,inicio,False,0.0000,33.363,5.722,20.876,True,320,240,0,False,60.00,0.1000,0.000000,0.000000,0.000000,0.000000,0.000000,0.000000,1.000000,113
20.8096,inicio,False,0.0000,35.023,20.633,19.515,True,320,240,0,False,60.00,0.1000,0.000000,0.000000,0.000000,0.000000,0.000000,0.000000,1.000000,115
21.0653,inicio,False,0.0000,35.774,5.722,12.460,True,320,240,0,False,60.00,0.1000,0.000000,0.000000,0.000000,0.000000,0.000000,0.000000,1.000000,116
21.1862,inicio,False,0.0000,43.895,5.722,12.460,True,320,240,0,False,60.00,0.1000,0.000000,0.000000,0.000000,0.000000,0.000000,0.000000,1.000000,116
21.3020,inicio,False,0.0000,43.170,16.747,15.092,True,320,240,0,False,60.00,0.1000,0.000000,0.000000,0.000000,0.000000,0.000000,0.000000,1.000000,117
21.4038,inicio,False,0.0000,41.766,4.753,21.297,True,320,240,0,False,60.00,0.1000,0.000000,0.000000,0.000000,0.000000,0.000000,0.000000,1.000000,118
21.5041,inicio,False,0.0000,40.561,5.666,20.312,True,320,240,0,False,60.00,0.1000,0.000000,0.000000,0.000000,0.000000,0.000000,0.000000,1.000000,119
21.6378,inicio,False,0.0000,39.217,6.938,18.809,True,320,240,0,False,60.00,0.1000,0.000000,0.000000,0.000000,0.000000,0.000000,0.000000,1.000000,120
21.7774,inicio,False,0.0000,38.123,6.450,22.993,True,320,240,0,False,60.00,0.1000,0.000000,0.000000,0.000000,0.000000,0.000000,0.000000,1.000000,121
21.9271,inicio,False,0.0000,38.066,23.294,23.346,True,320,240,0,False,60.00,0.1000,0.000000,0.000000,0.000000,0.000000,0.000000,0.000000,1.000000,122
22.0664,inicio,False,0.0000,37.187,23.317,12.952,True,320,240,0,False,60.00,0.1000,0.000000,0.000000,0.000000,0.000000,0.000000,0.000000,1.000000,123
22.2004,inicio,False,0.0000,36.472,20.310,21.560,True,320,240,0,False,60.00,0.1000,0.000000,0.000000,0.000000,0.000000,0.000000,0.000000,1.000000,124
22.3305,inicio,False,0.0000,35.887,23.100,14.932,True,320,240,0,False,60.00,0.1000,0.000000,0.000000,0.000000,0.000000,0.000000,0.000000,1.000000,125
22.4671,inicio,False,0.0000,35.410,21.332,13.534,True,320,240,0,False,60.00,0.1000,0.000000,0.000000,0.000000,0.000000,0.000000,0.000000,1.000000,126
22.5970,inicio,False,0.0000,35.022,21.658,16.426,True,320,240,0,False,60.00,0.1000,0.000000,0.000000,0.000000,0.000000,0.000000,0.000000,1.000000,127
22.7308,inicio,False,0.0000,34.706,22.219,17.056,True,320,240,0,False,60.00,0.1000,0.000000,0.000000,0.000000,0.000000,0.000000,0.000000,1.000000,128
22.8700,inicio,False,0.0000,35.310,20.557,22.668,True,320,240,0,False,60.00,0.1000,0.000000,0.000000,0.000000,0.000000,0.000000,0.000000,1.000000,129
22.9724,inicio,False,0.0000,35.018,7.100,23.404,True,320,240,0,False,60.00,0.1000,0.000000,0.000000,0.000000,0.000000,0.000000,0.000000,1.000000,130
23.1164,inicio,False,0.0000,34.714,25.232,14.482,True,320,240,0,False,60.00,0.1000,0.000000,0.000000,0.000000,0.000000,0.000000,0.000000,1.000000,131
23.2502,inicio,False,0.0000,34.438,24.316,15.550,True,320,240,0,False,60.00,0.1000,0.000000,0.000000,0.000000,0.000000,0.000000,0.000000,1.000000,132
23.3843,inicio,False,0.0000,34.221,27.984,14.435,True,320,240,0,False,60.00,0.1000,0.000000,0.000000,0.000000,0.000000,0.000000,0.000000,1.000000,133
23.5180,inicio,False,0.0000,34.872,22.831,17.014,True,320,240,0,False,60.00,0.1000,0.000000,0.000000,0.000000,0.000000,0.000000,0.000000,1.000000,134
23.6515,inicio,False,0.0000,34.592,9.054,14.563,True,320,240,0,False,60.00,0.1000,0.000000,0.000000,0.000000,0.000000,0.000000,0.000000,1.000000,135
23.7855,inicio,False,0.0000,34.364,6.560,19.867,True,320,240,0,False,60.00,0.1000,0.000000,0.000000,0.000000,0.000000,0.000000,0.000000,1.000000,136
23.9173,inicio,False,0.0000,34.171,6.413,13.211,True,320,240,0,False,60.00,0.1000,0.000000,0.000000,0.000000,0.000000,0.000000,0.000000,1.000000,137
24.0174,inicio,False,0.0000,34.050,9.466,14.655,True,320,240,0,False,60.00,0.1000,0.000000,0.000000,0.000000,0.000000,0.000000,0.000000,1.000000,138
24.1185,inicio,False,0.0000,33.946,9.466,14.655,True,320,240,0,False,60.00,0.1000,0.000000,0.000000,0.000000,0.000000,0.000000,0.000000,1.000000,138
24.2515,inicio,False,0.0000,33.829,6.321,12.521,True,320,240,0,False,60.00,0.1000,0.000000,0.000000,0.000000,0.000000,0.000000,0.000000,1.000000,139
24.3854,inicio,False,0.0000,33.736,6.605,17.671,True,320,240,0,False,60.00,0.1000,0.000000,0.000000,0.000000,0.000000,0.000000,0.000000,1.000000,140
24.5179,inicio,False,0.0000,33.659,6.727,13.333,True,320,240,0,False,60.00,0.1000,0.000000,0.000000,0.000000,0.000000,0.000000,0.000000,1.000000,141
24.6512,inicio,False,0.0000,33.597,5.601,15.548,True,320,240,0,False,60.00,0.1000,0.000000,0.000000,0.000000,0.000000,0.000000,0.000000,1.000000,142
24.7844,inicio,False,0.0000,33.547,5.952,15.258,True,320,240,0,False,60.00,0.1000,0.000000,0.000000,0.000000,0.000000,0.000000,0.000000,1.000000,143
24.9178,inicio,False,0.0000,33.505,6.673,17.269,True,320,240,0,False,60.00,0.1000,0.000000,0.000000,0.000000,0.000000,0.000000,0.000000,1.000000,144
25.0509,inicio,False,0.0000,33.471,5.110,14.585,True,320,240,0,False,60.00,0.1000,0.000000,0.000000,0.000000,0.000000,0.000000,0.000000,1.000000,145
25.1840,inicio,False,0.0000,33.443,6.033,12.022,True,320,240,0,False,60.00,0.1000,0.000000,0.000000,0.000000,0.000000,0.000000,0.000000,1.000000,146
25.3167,inicio,False,0.0000,33.421,5.270,16.324,True,320,240,0,False,60.00,0.1000,0.000000,0.000000,0.000000,0.000000,0.000000,0.000000,1.000000,147
25.4170,inicio,False,0.0000,33.407,5.830,10.315,True,320,240,0,False,60.00,0.1000,0.000000,0.000000,0.000000,0.000000,0.000000,0.000000,1.000000,148
25.5503,inicio,False,0.0000,33.392,6.529,12.949,True,320,240,0,False,60.00,0.1000,0.000000,0.000000,0.000000,0.000000,0.000000,0.000000,1.000000,149
25.6834,inicio,False,0.0000,33.378,7.345,11.153,True,320,240,0,False,60.00,0.1000,0.000000,0.000000,0.000000,0.000000,0.000000,0.000000,1.000000,150
25.7837,inicio,False,0.0000,33.370,5.681,13.252,True,320,240,0,False,60.00,0.1000,0.000000,0.000000,0.000000,0.000000,0.000000,0.000000,1.000000,151
25.9165,inicio,False,0.0000,33.361,5.974,13.416,True,320,240,0,False,60.00,0.1000,0.000000,0.000000,0.000000,0.000000,0.000000,0.000000,1.000000,152
26.0167,inicio,False,0.0000,33.356,7.445,14.696,True,320,240,0,False,60.00,0.1000,0.000000,0.000000,0.000000,0.000000,0.000000,0.000000,1.000000,153
26.1512,inicio,False,0.0000,33.351,6.504,13.507,True,320,240,0,False,60.00,0.1000,0.000000,0.000000,0.000000,0.000000,0.000000,0.000000,1.000000,154
26.2833,inicio,False,0.0000,33.345,4.964,12.420,True,320,240,0,False,60.00,0.1000,0.000000,0.000000,0.000000,0.000000,0.000000,0.000000,1.000000,155
26.4167,inicio,False,0.0000,33.341,6.189,11.676,True,320,240,0,False,60.00,0.1000,0.000000,0.000000,0.000000,0.000000,0.000000,0.000000,1.000000,156
26.5499,inicio,False,0.0000,33.337,6.919,16.886,True,320,240,0,False,60.00,0.1000,0.000000,0.000000,0.000000,0.000000,0.000000,0.000000,1.000000,157
26.6505,inicio,False,0.0000,33.335,6.919,16.886,True,320,240,0,False,60.00,0.1000,0.000000,0.000000,0.000000,0.000000,0.000000,0.000000,1.000000,157
26.7840,inicio,False,0.0000,33.334,5.347,14.664,True,320,240,0,False,60.00,0.1000,0.000000,0.000000,0.000000,0.000000,0.000000,0.000000,1.000000,158
26.9163,inicio,False,0.0000,33.331,5.588,13.952,True,320,240,0,False,60.00,0.1000,0.000000,0.000000,0.000000,0.000000,0.000000,0.000000,1.000000,159
27.0164,inicio,False,0.0000,33.330,6.718,11.982,True,320,240,0,False,60.00,0.1000,0.000000,0.000000,0.000000,0.000000,0.000000,0.000000,1.000000,160
27.1497,inicio,False,0.0000,33.331,5.480,16.286,True,320,240,0,False,60.00,0.1000,0.000000,0.000000,0.000000,0.000000,0.000000,0.000000,1.000000,161
27.2831,inicio,False,0.0000,33.327,5.800,13.481,True,320,240,0,False,60.00,0.1000,0.000000,0.000000,0.000000,0.000000,0.000000,0.000000,1.000000,162
27.4160,inicio,False,0.0000,33.328,5.477,8.775,True,320,240,0,False,60.00,0.1000,0.000000,0.000000,0.000000,0.000000,0.000000,0.000000,1.000000,163
27.5161,inicio,False,0.0000,33.326,5.746,10.073,True,320,240,0,False,60.00,0.1000,0.000000,0.000000,0.000000,0.000000,0.000000,0.000000,1.000000,164
27.6187,inicio,False,0.0000,33.327,6.670,10.296,True,320,240,0,False,60.00,0.1000,0.000000,0.000000,0.000000,0.000000,0.000000,0.000000,1.000000,165
27.7494,inicio,False,0.0000,33.324,6.221,9.369,True,320,240,0,False,60.00,0.1000,0.000000,0.000000,0.000000,0.000000,0.000000,0.000000,1.000000,166
27.8498,inicio,False,0.0000,33.324,6.221,9.369,True,320,240,0,False,60.00,0.1000,0.000000,0.000000,0.000000,0.000000,0.000000,0.000000,1.000000,166
27.9514,inicio,False,0.0000,33.322,5.326,7.863,True,320,240,0,False,60.00,0.1000,0.000000,0.000000,0.000000,0.000000,0.000000,0.000000,1.000000,167
28.0830,inicio,False,0.0000,33.323,6.822,8.572,True,320,240,0,False,60.00,0.1000,0.000000,0.000000,0.000000,0.000000,0.000000,0.000000,1.000000,168
28.2159,inicio,False,0.0000,33.325,5.069,7.661,True,320,240,0,False,60.00,0.1000,0.000000,0.000000,0.000000,0.000000,0.000000,0.000000,1.000000,169
28.3174,inicio,False,0.0000,33.324,5.021,11.299,True,320,240,0,False,60.00,0.1000,0.000000,0.000000,0.000000,0.000000,0.000000,0.000000,1.000000,170
28.4178,inicio,False,0.0000,33.324,7.006,11.051,True,320,240,0,False,60.00,0.1000,0.000000,0.000000,0.000000,0.000000,0.000000,0.000000,1.000000,171
28.5506,inicio,False,0.0000,33.323,7.225,11.309,True,320,240,0,False,60.00,0.1000,0.000000,0.000000,0.000000,0.000000,0.000000,0.000000,1.000000,172
28.6509,inicio,False,0.0000,33.322,7.225,11.309,True,320,240,0,False,60.00,0.1000,0.000000,0.000000,0.000000,0.000000,0.000000,0.000000,1.000000,172
28.7523,inicio,False,0.0000,33.323,8.471,10.640,True,320,240,0,False,60.00,0.1000,0.000000,0.000000,0.000000,0.000000,0.000000,0.000000,1.000000,173
28.8848,inicio,False,0.0000,33.323,6.012,11.772,True,320,240,0,False,60.00,0.1000,0.000000,0.000000,0.000000,0.000000,0.000000,0.000000,1.000000,174
29.0176,inicio,False,0.0000,33.325,5.020,10.336,True,320,240,0,False,60.00,0.1000,0.000000,0.000000,0.000000,0.000000,0.000000,0.000000,1.000000,175
29.1523,inicio,False,0.0000,33.322,5.352,10.298,True,320,240,0,False,60.00,0.1000,0.000000,0.000000,0.000000,0.000000,0.000000,0.000000,1.000000,176
29.2850,inicio,False,0.0000,33.321,6.514,12.221,True,320,240,0,False,60.00,0.1000,0.000000,0.000000,0.000000,0.000000,0.000000,0.000000,1.000000,177
29.4185,inicio,False,0.0000,33.322,5.640,11.717,True,320,240,0,False,60.00,0.1000,0.000000,0.000000,0.000000,0.000000,0.000000,0.000000,1.000000,178
29.5512,inicio,False,0.0000,33.323,5.637,9.594,True,320,240,0,False,60.00,0.1000,0.000000,0.000000,0.000000,0.000000,0.000000,0.000000,1.000000,179
29.6853,inicio,False,0.0000,33.324,4.568,9.861,True,320,240,0,False,60.00,0.1000,0.000000,0.000000,0.000000,0.000000,0.000000,0.000000,1.000000,180
29.8173,inicio,False,0.0000,33.322,5.451,10.522,True,320,240,0,False,60.00,0.1000,0.000000,0.000000,0.000000,0.000000,0.000000,0.000000,1.000000,181
29.9513,inicio,False,0.0000,33.323,4.455,8.619,True,320,240,0,False,60.00,0.1000,0.000000,0.000000,0.000000,0.000000,0.000000,0.000000,1.000000,182
30.0932,inicio,False,0.0000,34.989,8.108,9.167,True,320,240,0,False,60.00,0.1000,0.000000,0.000000,0.000000,0.000000,0.000000,0.000000,1.000000,184
30.2170,inicio,False,0.0000,34.679,5.316,9.861,True,320,240,0,False,60.00,0.1000,0.000000,0.000000,0.000000,0.000000,0.000000,0.000000,1.000000,185
30.3173,inicio,False,0.0000,34.486,5.316,9.861,True,320,240,0,False,60.00,0.1000,0.000000,0.000000,0.000000,0.000000,0.000000,0.000000,1.000000,185
30.4193,inicio,False,0.0000,34.320,7.916,10.798,True,320,240,0,False,60.00,0.1000,0.000000,0.000000,0.000000,0.000000,0.000000,0.000000,1.000000,186
30.5506,inicio,False,0.0000,34.134,10.824,9.418,True,320,240,0,False,60.00,0.1000,0.000000,0.000000,0.000000,0.000000,0.000000,0.000000,1.000000,187
30.6842,inicio,False,0.0000,33.984,5.100,8.593,True,320,240,0,False,60.00,0.1000,0.000000,0.000000,0.000000,0.000000,0.000000,0.000000,1.000000,188
30.8171,inicio,False,0.0000,33.868,6.045,7.245,True,320,240,0,False,60.00,0.1000,0.000000,0.000000,0.000000,0.000000,0.000000,0.000000,1.000000,189
30.9511,inicio,False,0.0000,33.761,5.353,7.319,True,320,240,0,False,60.00,0.1000,0.000000,0.000000,0.000000,0.000000,0.000000,0.000000,1.000000,190
31.0838,inicio,False,0.0000,33.680,6.838,8.540,True,320,240,0,False,60.00,0.1000,0.000000,0.000000,0.000000,0.000000,0.000000,0.000000,1.000000,191
31.2171,inicio,False,0.0000,33.613,5.020,7.676,True,320,240,0,False,60.00,0.1000,0.000000,0.000000,0.000000,0.000000,0.000000,0.000000,1.000000,192
31.3518,inicio,False,0.0000,33.561,5.565,7.916,True,320,240,0,False,60.00,0.1000,0.000000,0.000000,0.000000,0.000000,0.000000,0.000000,1.000000,193
31.4862,inicio,False,0.0000,33.519,5.197,9.691,True,320,240,0,False,60.00,0.1000,0.000000,0.000000,0.000000,0.000000,0.000000,0.000000,1.000000,195
31.6172,inicio,False,0.0000,33.479,6.630,10.091,True,320,240,0,False,60.00,0.1000,0.000000,0.000000,0.000000,0.000000,0.000000,0.000000,1.000000,196
31.7180,inicio,False,0.0000,33.457,6.630,10.091,True,320,240,0,False,60.00,0.1000,0.000000,0.000000,0.000000,0.000000,0.000000,0.000000,1.000000,196
31.8495,inicio,False,0.0000,33.432,5.140,9.885,True,320,240,0,False,60.00,0.1000,0.000000,0.000000,0.000000,0.000000,0.000000,0.000000,1.000000,197
31.9516,inicio,False,0.0000,33.416,5.039,9.457,True,320,240,0,False,60.00,0.1000,0.000000,0.000000,0.000000,0.000000,0.000000,0.000000,1.000000,198
32.0832,inicio,False,0.0000,33.398,5.613,9.102,True,320,240,0,False,60.00,0.1000,0.000000,0.000000,0.000000,0.000000,0.000000,0.000000,1.000000,199
32.1836,inicio,False,0.0000,33.388,5.199,8.459,True,320,240,0,False,60.00,0.1000,0.000000,0.000000,0.000000,0.000000,0.000000,0.000000,1.000000,200
32.2898,inicio,False,0.0000,33.377,5.303,8.005,True,320,240,0,False,60.00,0.1000,0.000000,0.000000,0.000000,0.000000,0.000000,0.000000,1.000000,201
32.4168,inicio,False,0.0000,33.370,5.892,8.019,True,320,240,0,False,60.00,0.1000,0.000000,0.000000,0.000000,0.000000,0.000000,0.000000,1.000000,202
32.5498,inicio,False,0.0000,33.359,5.161,9.173,True,320,240,0,False,60.00,0.1000,0.000000,0.000000,0.000000,0.000000,0.000000,0.000000,1.000000,203
32.6832,inicio,False,0.0000,33.353,5.200,8.401,True,320,240,0,False,60.00,0.1000,0.000000,0.000000,0.000000,0.000000,0.000000,0.000000,1.000000,204
32.8165,inicio,False,0.0000,33.347,5.170,8.361,True,320,240,0,False,60.00,0.1000,0.000000,0.000000,0.000000,0.000000,0.000000,0.000000,1.000000,205
32.9502,inicio,True,0.0333,33.343,6.480,19.829,True,320,240,0,False,60.00,0.1000,0.060932,-0.019030,0.194113,0.239099,0.004297,-0.031572,0.970472,206
33.0617,inicio,True,0.1333,36.675,6.496,10.832,True,320,240,0,False,60.00,0.1000,0.063036,-0.010592,0.187600,0.236429,0.009406,-0.027427,0.971216,207
33.1824,inicio,True,0.2666,36.053,6.496,10.832,True,320,240,0,False,60.00,0.1000,0.063036,-0.010592,0.187600,0.236429,0.009406,-0.027427,0.971216,207
33.2828,inicio,False,0.2666,35.663,22.098,7.860,True,320,240,0,False,60.00,0.1000,0.063036,-0.010592,0.187600,0.236429,0.009406,-0.027427,0.971216,208
33.3917,inicio,False,0.2666,35.329,22.119,12.127,True,320,240,0,False,60.00,0.1000,0.063036,-0.010592,0.187600,0.236429,0.009406,-0.027427,0.971216,209
33.5260,inicio,False,0.2666,34.957,22.729,13.429,True,320,240,0,False,60.00,0.1000,0.063036,-0.010592,0.187600,0.236429,0.009406,-0.027427,0.971216,210
33.6575,inicio,False,0.2666,34.660,22.046,12.079,True,320,240,0,False,60.00,0.1000,0.063036,-0.010592,0.187600,0.236429,0.009406,-0.027427,0.971216,211
33.7990,inicio,False,0.2666,34.409,22.152,17.827,True,320,240,0,False,60.00,0.1000,0.063036,-0.010592,0.187600,0.236429,0.009406,-0.027427,0.971216,212
33.9232,inicio,False,0.2666,34.206,21.736,11.887,True,320,240,0,False,60.00,0.1000,0.063036,-0.010592,0.187600,0.236429,0.009406,-0.027427,0.971216,213
34.0550,inicio,False,0.2666,34.038,19.151,10.257,True,320,240,0,False,60.00,0.1000,0.063036,-0.010592,0.187600,0.236429,0.009406,-0.027427,0.971216,214
34.1922,inicio,False,0.2666,33.901,21.242,14.094,True,320,240,0,False,60.00,0.1000,0.063036,-0.010592,0.187600,0.236429,0.009406,-0.027427,0.971216,215
34.3253,inicio,False,0.2666,33.798,23.332,12.894,True,320,240,0,False,60.00,0.1000,0.063036,-0.010592,0.187600,0.236429,0.009406,-0.027427,0.971216,216
34.4541,inicio,False,0.2666,33.709,21.583,8.765,True,320,240,0,False,60.00,0.1000,0.063036,-0.010592,0.187600,0.236429,0.009406,-0.027427,0.971216,217
34.5937,inicio,False,0.2666,33.639,22.069,14.983,True,320,240,0,False,60.00,0.1000,0.063036,-0.010592,0.187600,0.236429,0.009406,-0.027427,0.971216,218
34.7287,inicio,False,0.2666,33.581,21.926,17.383,True,320,240,0,False,60.00,0.1000,0.063036,-0.010592,0.187600,0.236429,0.009406,-0.027427,0.971216,219
34.8582,inicio,False,0.2666,33.533,22.539,11.029,True,320,240,0,False,60.00,0.1000,0.063036,-0.010592,0.187600,0.236429,0.009406,-0.027427,0.971216,220
34.9880,inicio,False,0.2666,33.493,22.452,10.180,True,320,240,0,False,60.00,0.1000,0.063036,-0.010592,0.187600,0.236429,0.009406,-0.027427,0.971216,221
35.1266,inicio,False,0.2666,33.461,23.447,12.387,True,320,240,0,False,60.00,0.1000,0.063036,-0.010592,0.187600,0.236429,0.009406,-0.027427,0.971216,222
35.2581,inicio,False,0.2666,33.435,21.629,13.908,True,320,240,0,False,60.00,0.1000,0.063036,-0.010592,0.187600,0.236429,0.009406,-0.027427,0.971216,223
35.3954,inicio,False,0.2666,33.414,22.299,15.729,True,320,240,0,False,60.00,0.1000,0.063036,-0.010592,0.187600,0.236429,0.009406,-0.027427,0.971216,224
35.5187,inicio,False,0.2666,33.398,22.441,10.788,True,320,240,0,False,60.00,0.1000,0.063036,-0.010592,0.187600,0.236429,0.009406,-0.027427,0.971216,225
35.6559,inicio,False,0.2666,33.384,21.963,10.163,True,320,240,0,False,60.00,0.1000,0.063036,-0.010592,0.187600,0.236429,0.009406,-0.027427,0.971216,226
35.7910,inicio,False,0.2666,33.372,22.662,11.293,True,320,240,0,False,60.00,0.1000,0.063036,-0.010592,0.187600,0.236429,0.009406,-0.027427,0.971216,227
35.9149,inicio,False,0.2666,33.363,22.242,11.314,True,320,240,0,False,60.00,0.1000,0.063036,-0.010592,0.187600,0.236429,0.009406,-0.027427,0.971216,228
36.0151,inicio,False,0.2666,33.357,21.482,9.893,True,320,240,0,False,60.00,0.1000,0.063036,-0.010592,0.187600,0.236429,0.009406,-0.027427,0.971216,229
36.1152,inicio,False,0.2666,33.353,21.482,9.893,True,320,240,0,False,60.00,0.1000,0.063036,-0.010592,0.187600,0.236429,0.009406,-0.027427,0.971216,229
36.2481,inicio,False,0.2666,33.346,23.007,11.575,True,320,240,0,False,60.00,0.1000,0.063036,-0.010592,0.187600,0.236429,0.009406,-0.027427,0.971216,230
36.3817,inicio,True,0.3999,33.342,21.755,14.490,True,320,240,0,False,60.00,0.1000,0.020300,0.017747,0.222766,0.101184,-0.018647,-0.062434,0.992732,231
36.4833,inicio,True,0.4999,33.340,23.423,13.533,True,320,240,0,False,60.00,0.1000,0.024157,0.025068,0.222110,0.137793,-0.017476,-0.025567,0.989977,232
36.6148,inicio,True,0.6332,33.337,21.782,9.289,True,320,240,0,False,60.00,0.1000,0.032938,0.035740,0.214581,0.100002,-0.011180,-0.027085,0.994556,233
36.7261,inicio,True,0.7331,33.334,22.133,13.040,True,320,240,0,False,60.00,0.1000,0.032889,0.042556,0.211590,0.092766,-0.013239,-0.033334,0.995042,234
36.8596,inicio,True,0.8664,33.332,22.488,13.218,True,320,240,0,False,60.00,0.1000,0.029803,0.044986,0.210026,0.081100,-0.021005,-0.031623,0.995983,235
36.9927,inicio,True,0.9997,33.331,21.663,12.861,True,320,240,0,False,60.00,0.1000,0.028210,0.043020,0.210332,0.093750,-0.019994,-0.033674,0.994825,236
37.1222,inicio,True,1.1330,33.329,22.335,12.316,True,320,240,0,False,60.00,0.1000,0.029612,0.043592,0.209742,0.093594,-0.019943,-0.029287,0.994980,237
37.2601,inicio,True,1.2663,33.327,20.799,14.257,True,320,240,0,False,60.00,0.1000,0.032985,0.041116,0.210543,0.101141,-0.015501,-0.029309,0.994320,238
37.3916,inicio,True,1.3996,33.328,18.246,14.771,True,320,240,0,False,60.00,0.1000,0.036115,0.037130,0.210172,0.110651,-0.015479,-0.030286,0.993277,239
37.5282,inicio,True,1.5329,33.327,22.481,14.705,True,320,240,0,False,60.00,0.1000,0.038937,0.037792,0.209222,0.105712,-0.007984,-0.033413,0.993803,240
37.6622,inicio,True,1.6662,33.326,22.419,16.498,True,320,240,0,False,60.00,0.1000,0.035187,0.037639,0.210237,0.104546,-0.007758,-0.029728,0.994045,241
37.7919,inicio,True,1.7995,33.327,21.656,13.447,True,320,240,0,False,60.00,0.1000,0.037501,0.038247,0.209183,0.110184,-0.006661,-0.029768,0.993443,242
37.9208,inicio,True,1.9328,33.325,23.558,9.852,True,320,240,0,False,60.00,0.1000,0.042386,0.029426,0.202255,0.106325,-0.013453,-0.035459,0.993608,243
38.0593,inicio,False,1.9994,33.324,23.058,13.596,True,320,240,0,False,60.00,0.1000,0.042386,0.029426,0.202255,0.106325,-0.013453,-0.035459,0.993608,244
38.1881,inicio,False,1.9994,33.322,21.336,11.813,True,320,240,0,False,60.00,0.1000,0.042386,0.029426,0.202255,0.106325,-0.013453,-0.035459,0.993608,245
38.3171,inicio,False,1.9994,33.323,22.504,9.072,True,320,240,0,False,60.00,0.1000,0.042386,0.029426,0.202255,0.106325,-0.013453,-0.035459,0.993608,246
38.4259,inicio,True,2.0660,33.323,22.356,13.645,True,320,240,0,False,60.00,0.1000,0.048603,-0.019834,0.292316,0.121836,-0.011572,-0.081719,0.989113,247
38.5476,inicio,True,2.1994,33.324,23.654,13.270,True,320,240,0,False,60.00,0.1000,0.047388,0.014544,0.303905,0.123428,0.006855,-0.083212,0.988835,248
38.6478,inicio,True,2.2993,33.323,23.654,13.270,True,320,240,0,False,60.00,0.1000,0.047388,0.014544,0.303905,0.123428,0.006855,-0.083212,0.988835,248
38.7806,inicio,True,2.4326,33.323,21.701,10.770,True,320,240,0,False,60.00,0.1000,0.046167,0.019961,0.306276,0.133497,0.003132,-0.066360,0.988820,249
38.8806,inicio,True,2.5326,33.323,21.806,15.223,True,320,240,0,False,60.00,0.1000,0.046115,0.021840,0.305650,0.130428,0.018031,-0.055574,0.989735,250
38.9940,inicio,True,2.6325,33.323,19.835,14.097,True,320,240,0,False,60.00,0.1000,0.039662,0.019216,0.305423,0.135665,0.002481,-0.049607,0.989509,251
39.1275,inicio,True,2.7658,33.322,22.886,13.956,True,320,240,0,False,60.00,0.1000,0.039888,0.008056,0.308522,0.140705,0.005501,-0.049786,0.988784,252
39.2592,inicio,True,2.8991,33.322,22.201,13.252,True,320,240,0,False,60.00,0.1000,0.033145,-0.013341,0.308000,0.112394,-0.021775,-0.044405,0.992432,253
39.3886,inicio,True,3.0324,33.323,21.656,10.608,True,320,240,0,False,60.00,0.1000,0.016991,-0.030257,0.319606,0.202876,-0.010880,-0.042702,0.978212,254
39.5136,inicio,True,3.1657,33.322,19.192,7.872,True,320,240,0,False,60.00,0.1000,0.012844,-0.035339,0.317716,0.213672,-0.014174,-0.034819,0.976182,255
39.6137,inicio,True,3.2657,33.324,21.778,16.764,True,320,240,0,False,60.00,0.1000,0.007975,-0.032316,0.315228,0.199500,-0.021917,-0.030870,0.979166,256
39.7471,inicio,True,3.3990,33.323,22.565,14.785,True,320,240,0,False,60.00,0.1000,0.001013,-0.040834,0.310711,0.206030,-0.024781,-0.022887,0.977964,257
39.8615,inicio,True,3.4989,33.322,21.968,16.261,True,320,240,0,False,60.00,0.1000,-0.005458,-0.043948,0.309249,0.221898,-0.027963,-0.020131,0.974461,258
39.9891,inicio,True,3.6322,33.322,22.759,14.083,True,320,240,0,False,60.00,0.1000,-0.014477,-0.044998,0.309770,0.222036,-0.032312,-0.017324,0.974349,259
40.1273,inicio,True,3.7655,33.322,22.279,16.683,True,320,240,0,False,60.00,0.1000,-0.024023,-0.039395,0.310032,0.229559,-0.033068,-0.010482,0.972676,260
40.2537,inicio,True,3.8988,33.322,19.731,11.545,True,320,240,0,False,60.00,0.1000,-0.028464,-0.025763,0.310782,0.220651,-0.036577,-0.007804,0.974636,261
40.3545,inicio,True,3.9987,33.322,22.278,12.859,True,320,240,0,False,60.00,0.1000,-0.030404,-0.014770,0.310238,0.213731,-0.036039,-0.005694,0.976211,262
40.4808,inicio,True,4.1320,33.322,21.420,15.522,True,320,240,0,False,60.00,0.1000,-0.047905,-0.012661,0.308465,0.190428,-0.069489,-0.004810,0.979227,263
40.6198,inicio,True,4.2653,33.322,21.936,12.365,True,320,240,0,False,60.00,0.1000,-0.053149,-0.019226,0.316888,0.209036,-0.060532,0.002410,0.976030,264
40.7524,inicio,True,4.3986,33.323,22.124,10.383,True,320,240,0,False,60.00,0.1000,-0.038662,-0.030958,0.328027,0.261461,-0.023401,0.008284,0.964895,265
40.8933,inicio,True,4.5319,33.322,23.216,14.299,True,320,240,0,False,60.00,0.1000,-0.040489,-0.028993,0.330113,0.248974,-0.044924,0.001468,0.967467,266
41.0203,inicio,True,4.6652,33.324,18.468,11.671,True,320,240,0,False,60.00,0.1000,-0.038054,-0.031336,0.332987,0.254530,-0.034882,0.003581,0.966429,267
41.1501,inicio,True,4.7985,33.324,18.993,11.950,True,320,240,0,False,60.00,0.1000,-0.031241,-0.046059,0.334365,0.277859,-0.015319,-0.000270,0.960500,268
41.2940,inicio,True,4.9318,33.323,22.135,17.297,True,320,240,0,False,60.00,0.1000,-0.040055,-0.047637,0.332782,0.277263,-0.043954,-0.009858,0.959738,269
41.4020,inicio,True,5.0484,32.588,34.166,12.103,True,320,240,0,False,60.00,0.1000,-0.041322,-0.038774,0.330003,0.275058,-0.040784,-0.014125,0.960458,270
41.5132,inicio,True,5.1651,33.444,23.144,11.483,True,320,240,0,False,60.00,0.1000,-0.042473,-0.028993,0.325647,0.255812,-0.044068,-0.011203,0.965657,271
41.6464,inicio,True,5.2984,33.422,20.477,12.936,True,320,240,0,False,60.00,0.1000,-0.040418,-0.028088,0.321555,0.266879,-0.040380,-0.015537,0.962758,272
41.7466,inicio,True,5.3983,33.407,20.477,12.936,True,320,240,0,False,60.00,0.1000,-0.040418,-0.028088,0.321555,0.266879,-0.040380,-0.015537,0.962758,272
41.8800,inicio,True,5.5316,33.390,22.357,13.483,True,320,240,0,False,60.00,0.1000,-0.041323,-0.019681,0.317128,0.260060,-0.045909,-0.022897,0.964229,273
42.0131,inicio,True,5.6649,33.377,22.588,10.501,True,320,240,0,False,60.00,0.1000,-0.042468,-0.007327,0.312223,0.247661,-0.045018,-0.013929,0.967700,274
42.1296,inicio,True,5.7815,34.159,23.159,16.353,True,320,240,0,False,60.00,0.1000,-0.037990,-0.011266,0.312577,0.251238,-0.036824,-0.017284,0.967070,275
42.2297,inicio,True,5.8815,34.041,5.127,9.629,True,320,240,0,False,60.00,0.1000,-0.046110,-0.015241,0.314418,0.260973,-0.043718,-0.024780,0.964037,276
42.3298,inicio,True,5.9815,33.940,6.125,9.254,True,320,240,0,False,60.00,0.1000,-0.038845,-0.025516,0.321792,0.275625,-0.031071,-0.016661,0.960619,277
42.4636,inicio,True,6.1147,33.825,5.138,9.811,True,320,240,0,False,60.00,0.1000,-0.033999,-0.028303,0.327208,0.280982,-0.020526,-0.011007,0.959431,278
42.5966,inicio,True,6.2480,33.731,5.545,14.701,True,320,240,0,False,60.00,0.1000,-0.031443,-0.019474,0.329903,0.261850,-0.021536,-0.007998,0.964835,279
42.7296,inicio,True,6.3813,33.656,5.625,9.706,True,320,240,0,False,60.00,0.1000,-0.019555,-0.019690,0.328900,0.251013,0.001978,-0.001462,0.967981,280
42.8298,inicio,True,6.4813,33.608,5.625,9.706,True,320,240,0,False,60.00,0.1000,-0.019555,-0.019690,0.328900,0.251013,0.001978,-0.001462,0.967981,280
42.9628,inicio,True,6.6146,33.556,5.558,10.747,True,320,240,0,False,60.00,0.1000,-0.015520,-0.014694,0.327071,0.237612,-0.002648,-0.005458,0.971341,281
43.0961,inicio,True,6.7479,33.512,4.868,10.076,True,320,240,0,False,60.00,0.1000,-0.025391,-0.013222,0.325263,0.228758,-0.019419,-0.007355,0.973262,283
43.2295,inicio,True,6.8811,33.596,28.492,11.928,True,320,240,0,False,60.00,0.1000,-0.016143,-0.006909,0.320513,0.190499,-0.001110,-0.003538,0.981680,284
43.3302,inicio,True,6.9811,33.559,2.418,10.137,True,320,240,0,False,60.00,0.1000,-0.026232,-0.000973,0.313415,0.212177,-0.007839,0.006244,0.977180,285
43.4625,inicio,True,7.1144,33.514,4.368,10.034,True,320,240,0,False,60.00,0.1000,-0.035360,0.002334,0.292025,0.178160,-0.038604,0.015393,0.983124,286
43.5626,inicio,True,7.2147,33.505,4.368,10.034,True,320,240,0,False,60.00,0.1000,-0.035360,0.002334,0.292025,0.178160,-0.038604,0.015393,0.983124,286
43.6960,inicio,False,7.2147,33.458,6.024,8.006,True,320,240,0,False,60.00,0.1000,-0.035360,0.002334,0.292025,0.178160,-0.038604,0.015393,0.983124,287
43.7963,inicio,True,7.3147,33.439,5.724,14.127,True,320,240,0,False,60.00,0.1000,-0.077641,-0.041406,0.244124,0.164013,-0.076031,0.027297,0.983145,288
43.8964,inicio,True,7.4147,33.422,2.993,9.574,True,320,240,0,False,60.00,0.1000,-0.085265,-0.046410,0.241630,0.107950,-0.083970,0.016264,0.990470,289
44.0290,inicio,True,7.5479,33.401,5.260,11.947,True,320,240,0,False,60.00,0.1000,-0.080239,-0.047571,0.241181,0.077829,-0.075025,0.014324,0.994037,290
44.1623,inicio,False,7.5479,33.385,6.912,8.116,True,320,240,0,False,60.00,0.1000,-0.080239,-0.047571,0.241181,0.077829,-0.075025,0.014324,0.994037,291
44.2626,inicio,False,7.5479,33.376,5.542,10.360,True,320,240,0,False,60.00,0.1000,-0.080239,-0.047571,0.241181,0.077829,-0.075025,0.014324,0.994037,292
44.3957,inicio,False,7.5479,33.367,7.443,9.969,True,320,240,0,False,60.00,0.1000,-0.080239,-0.047571,0.241181,0.077829,-0.075025,0.014324,0.994037,293
44.4959,inicio,False,7.5479,33.367,6.198,10.401,True,320,240,0,False,60.00,0.1000,-0.080239,-0.047571,0.241181,0.077829,-0.075025,0.014324,0.994037,294
44.6289,inicio,False,7.5479,33.357,5.403,10.927,True,320,240,0,False,60.00,0.1000,-0.080239,-0.047571,0.241181,0.077829,-0.075025,0.014324,0.994037,295
44.7622,inicio,False,7.5479,33.349,5.803,12.481,True,320,240,0,False,60.00,0.1000,-0.080239,-0.047571,0.241181,0.077829,-0.075025,0.014324,0.994037,296
44.8956,inicio,False,7.5479,33.344,4.875,8.151,True,320,240,0,False,60.00,0.1000,-0.080239,-0.047571,0.241181,0.077829,-0.075025,0.014324,0.994037,297
45.0291,inicio,False,7.5479,33.337,6.120,9.933,True,320,240,0,False,60.00,0.1000,-0.080239,-0.047571,0.241181,0.077829,-0.075025,0.014324,0.994037,298
45.1623,inicio,True,7.6813,33.340,5.480,12.964,True,320,240,0,False,60.00,0.1000,-0.026095,0.027373,0.339282,0.236324,-0.017544,0.004246,0.971507,299
45.2959,inicio,True,7.8145,33.332,5.635,9.165,True,320,240,0,False,60.00,0.1000,-0.027041,0.039731,0.326675,0.188412,-0.035074,-0.005822,0.981446,300
45.4285,inicio,True,7.9478,33.330,5.275,15.109,True,320,240,0,False,60.00,0.1000,-0.013410,0.041497,0.309247,0.181376,-0.023265,0.007545,0.983110,301
45.5288,inicio,False,7.9478,33.331,6.277,12.674,True,320,240,0,False,60.00,0.1000,-0.013410,0.041497,0.309247,0.181376,-0.023265,0.007545,0.983110,302
45.6293,inicio,False,7.9478,33.329,6.204,11.004,True,320,240,0,False,60.00,0.1000,-0.013410,0.041497,0.309247,0.181376,-0.023265,0.007545,0.983110,303
45.7615,inicio,True,8.0144,33.329,5.551,13.351,True,320,240,0,False,60.00,0.1000,-0.025895,0.077257,0.287866,0.145413,-0.036325,-0.028859,0.988283,304
45.8618,inicio,True,8.1144,33.327,2.503,21.670,True,320,240,0,False,60.00,0.1000,-0.027610,0.048763,0.292139,0.102909,-0.072777,-0.000753,0.992025,305
45.9623,inicio,True,8.2144,33.331,2.503,21.670,True,320,240,0,False,60.00,0.1000,-0.027610,0.048763,0.292139,0.102909,-0.072777,-0.000753,0.992025,305
46.0624,inicio,True,8.3143,33.326,5.344,13.327,True,320,240,0,False,60.00,0.1000,-0.019844,0.051712,0.298410,0.180730,-0.029376,-0.013085,0.983007,306
46.1956,inicio,True,8.4476,33.324,6.076,14.810,True,320,240,0,False,60.00,0.1000,-0.024617,0.055396,0.297641,0.184279,-0.046712,-0.027519,0.981378,307
46.3287,inicio,True,8.5808,33.323,2.418,13.200,True,320,240,0,False,60.00,0.1000,-0.021280,0.053499,0.304285,0.209334,-0.054988,-0.024980,0.975977,308
46.4621,inicio,True,8.7141,33.323,5.181,12.228,True,320,240,0,False,60.00,0.1000,-0.006618,0.023640,0.323890,0.151376,-0.056000,-0.002346,0.986886,309
46.5954,inicio,True,8.8474,33.323,5.243,17.346,True,320,240,0,False,60.00,0.1000,-0.028375,-0.011486,0.331416,0.290404,-0.043045,-0.000460,0.955935,310
46.7280,inicio,True,8.9807,33.324,2.520,15.485,True,320,240,0,False,60.00,0.1000,-0.026205,-0.009614,0.330351,0.290636,-0.042956,0.000788,0.955869,311
46.8282,inicio,True,9.0807,33.324,5.376,10.651,True,320,240,0,False,60.00,0.1000,-0.023340,-0.016157,0.338767,0.296291,-0.039370,0.002291,0.954283,312
46.9283,inicio,True,9.1807,33.323,4.994,14.785,True,320,240,0,False,60.00,0.1000,-0.018970,-0.010351,0.346309,0.289013,-0.032766,0.002679,0.956761,313
47.0615,inicio,True,9.3140,33.324,4.955,11.628,True,320,240,0,False,60.00,0.1000,-0.023977,-0.007892,0.348322,0.287317,-0.031811,-0.002069,0.957305,314
47.1946,inicio,True,9.4473,33.324,5.713,11.668,True,320,240,0,False,60.00,0.1000,-0.021781,-0.007643,0.348871,0.289100,-0.035994,-0.004914,0.956610,315
47.2952,inicio,True,9.5473,33.327,5.713,11.668,True,320,240,0,False,60.00,0.1000,-0.021781,-0.007643,0.348871,0.289100,-0.035994,-0.004914,0.956610,315
47.3955,inicio,True,9.6472,33.323,4.745,15.598,True,320,240,0,False,60.00,0.1000,-0.018313,-0.006273,0.350157,0.285516,-0.027565,-0.005371,0.957962,316
47.5285,inicio,True,9.7805,33.322,6.256,11.320,True,320,240,0,False,60.00,0.1000,-0.019198,-0.006210,0.350942,0.287853,-0.031988,-0.004117,0.957131,317
47.6612,inicio,True,9.9138,33.322,5.575,11.798,True,320,240,0,False,60.00,0.1000,-0.015487,-0.003823,0.350383,0.285650,-0.022932,-0.008918,0.958018,318
47.7618,inicio,True,10.0137,33.322,5.517,14.837,True,320,240,0,False,60.00,0.1000,-0.016895,-0.001751,0.347276,0.283268,-0.023615,-0.008222,0.958715,319
47.8946,inicio,True,10.1470,33.322,5.283,13.982,True,320,240,0,False,60.00,0.1000,-0.017477,-0.000127,0.347246,0.278070,-0.021853,-0.006560,0.960290,320
47.9947,inicio,True,10.2470,33.323,5.235,13.281,True,320,240,0,False,60.00,0.1000,-0.025456,-0.001690,0.342479,0.290737,-0.030490,-0.016401,0.956177,321
48.1277,inicio,True,10.3803,33.323,5.157,13.810,True,320,240,0,False,60.00,0.1000,-0.038612,0.003754,0.335661,0.282150,-0.056419,-0.010421,0.957653,322
48.2280,inicio,True,10.4802,33.322,5.157,13.810,True,320,240,0,False,60.00,0.1000,-0.038612,0.003754,0.335661,0.282150,-0.056419,-0.010421,0.957653,322
48.3612,inicio,True,10.6135,33.323,5.322,11.193,True,320,240,0,False,60.00,0.1000,-0.026223,0.007317,0.336464,0.270589,-0.041850,-0.018290,0.961611,323
48.4942,inicio,True,10.7468,33.323,5.656,12.296,True,320,240,0,False,60.00,0.1000,-0.034652,0.007192,0.333656,0.275630,-0.052681,-0.003546,0.959813,324
48.6278,inicio,True,10.8801,33.323,5.275,16.104,True,320,240,0,False,60.00,0.1000,-0.030862,0.003590,0.337070,0.274741,-0.031900,0.000005,0.960989,325
48.7283,inicio,True,10.9801,33.322,4.940,14.007,True,320,240,0,False,60.00,0.1000,-0.042841,0.012512,0.329992,0.263458,-0.066584,0.004668,0.962359,326
48.8635,inicio,True,11.1134,33.322,5.804,15.496,True,320,240,0,False,60.00,0.1000,-0.021260,-0.000203,0.334457,0.268873,-0.033050,-0.019833,0.962404,327
48.9940,inicio,True,11.2467,33.323,3.063,19.035,True,320,240,0,False,60.00,0.1000,-0.025364,0.002190,0.329396,0.270645,-0.041571,-0.019674,0.961580,328
49.1274,inicio,True,11.3800,33.327,6.086,11.851,True,320,240,0,False,60.00,0.1000,-0.023103,0.011620,0.326014,0.263095,-0.028868,-0.020728,0.964115,329
49.2280,inicio,True,11.4799,33.323,5.382,10.710,True,320,240,0,False,60.00,0.1000,-0.021108,0.018496,0.324809,0.256073,-0.032681,-0.016958,0.965956,330
49.3603,inicio,True,11.6133,33.324,5.203,18.275,True,320,240,0,False,60.00,0.1000,-0.017653,0.022930,0.323856,0.244398,-0.031992,-0.026606,0.968782,331
49.4612,inicio,True,11.7132,33.322,2.540,13.236,True,320,240,0,False,60.00,0.1000,-0.020093,0.024254,0.324375,0.247151,-0.031434,-0.028891,0.968036,332
49.5953,inicio,True,11.8465,33.323,4.946,14.572,True,320,240,0,False,60.00,0.1000,-0.021697,0.025251,0.322950,0.244208,-0.037282,-0.028153,0.968597,333
49.7271,inicio,True,11.9797,33.321,5.341,17.063,True,320,240,0,False,60.00,0.1000,-0.021589,0.023257,0.318938,0.245494,-0.047429,-0.031634,0.967720,334
49.8274,inicio,True,12.0797,33.323,5.341,17.063,True,320,240,0,False,60.00,0.1000,-0.021589,0.023257,0.318938,0.245494,-0.047429,-0.031634,0.967720,334
49.9611,inicio,True,12.2130,33.322,5.527,13.584,True,320,240,0,False,60.00,0.1000,-0.021525,0.023384,0.320142,0.242857,-0.046784,-0.036307,0.968253,335
50.0936,inicio,True,12.3463,33.323,5.350,24.302,True,320,240,0,False,60.00,0.1000,-0.024376,0.023011,0.319896,0.239631,-0.046847,-0.036130,0.969060,336
50.1936,inicio,True,12.4463,33.322,2.517,15.541,True,320,240,0,False,60.00,0.1000,-0.025919,0.018073,0.318584,0.237902,-0.051897,-0.038336,0.969144,337
50.2937,inicio,True,12.5462,33.322,4.619,9.203,True,320,240,0,False,60.00,0.1000,-0.027512,0.011827,0.316967,0.239919,-0.057513,-0.041711,0.968190,338
50.3939,inicio,True,12.6462,33.322,5.159,15.168,True,320,240,0,False,60.00,0.1000,-0.025729,0.009881,0.314143,0.241913,-0.058687,-0.043677,0.967536,339
50.5268,inicio,True,12.7795,33.322,6.221,12.900,True,320,240,0,False,60.00,0.1000,-0.013331,0.004801,0.306367,0.248664,-0.054675,-0.045246,0.965986,340
50.6270,inicio,True,12.8795,33.322,5.937,12.589,True,320,240,0,False,60.00,0.1000,-0.005503,0.007733,0.305485,0.233582,-0.043609,-0.054923,0.969805,341
50.7273,inicio,True,12.9794,33.322,2.791,17.067,True,320,240,0,False,60.00,0.1000,-0.001794,0.009917,0.302737,0.230509,-0.043470,-0.053671,0.970616,342
50.8603,inicio,True,13.1127,33.322,5.079,18.163,True,320,240,0,False,60.00,0.1000,-0.000364,0.012503,0.300037,0.230232,-0.038716,-0.051342,0.971009,343
50.9604,inicio,True,13.2127,33.322,5.079,18.163,True,320,240,0,False,60.00,0.1000,-0.000364,0.012503,0.300037,0.230232,-0.038716,-0.051342,0.971009,343
51.0933,inicio,True,13.3460,33.325,5.301,12.328,True,320,240,0,False,60.00,0.1000,-0.005020,0.015127,0.297867,0.226846,-0.039999,-0.050904,0.971777,344
51.1934,inicio,True,13.4460,33.323,5.608,16.612,True,320,240,0,False,60.00,0.1000,-0.008859,0.017352,0.296980,0.224766,-0.044826,-0.045780,0.972304,345
51.3265,inicio,True,13.5793,33.323,5.533,10.801,True,320,240,0,False,60.00,0.1000,-0.010367,0.017475,0.297034,0.223983,-0.043351,-0.041174,0.972758,346
51.4277,inicio,True,13.6792,33.323,5.322,12.639,True,320,240,0,False,60.00,0.1000,-0.011199,0.017042,0.297822,0.225875,-0.040990,-0.036677,0.972602,347
51.5600,inicio,True,13.8125,33.322,5.235,11.086,True,320,240,0,False,60.00,0.1000,-0.009919,0.017292,0.293706,0.226706,-0.041913,-0.035080,0.972428,348
51.6933,inicio,True,13.9458,33.322,4.704,14.704,True,320,240,0,False,60.00,0.1000,-0.008135,0.016433,0.291005,0.226154,-0.035218,-0.035861,0.972794,349
51.7936,inicio,True,14.0458,33.324,5.241,13.896,True,320,240,0,False,60.00,0.1000,-0.008023,0.018249,0.286651,0.224305,-0.033516,-0.037398,0.973224,350
51.9265,inicio,True,14.1791,33.322,4.967,10.251,True,320,240,0,False,60.00,0.1000,-0.006778,0.022067,0.286574,0.221775,-0.035400,-0.038683,0.973687,351
52.0270,inicio,True,14.2790,33.322,4.967,10.251,True,320,240,0,False,60.00,0.1000,-0.006778,0.022067,0.286574,0.221775,-0.035400,-0.038683,0.973687,351
52.1597,inicio,True,14.4123,33.322,4.980,10.580,True,320,240,0,False,60.00,0.1000,-0.006117,0.035182,0.274213,0.199809,-0.032594,-0.041807,0.978400,352
52.2935,inicio,True,14.5456,33.321,5.484,15.786,True,320,240,0,False,60.00,0.1000,-0.003634,0.059738,0.239728,0.162158,-0.021188,-0.049061,0.985317,353
52.4266,inicio,False,14.5456,33.323,5.770,9.366,True,320,240,0,False,60.00,0.1000,-0.003634,0.059738,0.239728,0.162158,-0.021188,-0.049061,0.985317,355
52.5619,inicio,False,14.5456,33.324,5.405,10.741,True,320,240,0,False,60.00,0.1000,-0.003634,0.059738,0.239728,0.162158,-0.021188,-0.049061,0.985317,356
52.6928,inicio,False,14.5456,33.322,5.636,11.774,True,320,240,0,False,60.00,0.1000,-0.003634,0.059738,0.239728,0.162158,-0.021188,-0.049061,0.985317,357
52.7928,inicio,False,14.5456,33.322,4.993,10.794,True,320,240,0,False,60.00,0.1000,-0.003634,0.059738,0.239728,0.162158,-0.021188,-0.049061,0.985317,358
52.8929,inicio,False,14.5456,33.321,4.993,10.794,True,320,240,0,False,60.00,0.1000,-0.003634,0.059738,0.239728,0.162158,-0.021188,-0.049061,0.985317,358
52.9935,inicio,False,14.5456,33.321,5.462,10.412,True,320,240,0,False,60.00,0.1000,-0.003634,0.059738,0.239728,0.162158,-0.021188,-0.049061,0.985317,359
53.1263,inicio,False,14.5456,33.324,5.375,11.306,True,320,240,0,False,60.00,0.1000,-0.003634,0.059738,0.239728,0.162158,-0.021188,-0.049061,0.985317,360
53.2593,inicio,False,14.5456,33.323,5.522,8.690,True,320,240,0,False,60.00,0.1000,-0.003634,0.059738,0.239728,0.162158,-0.021188,-0.049061,0.985317,361
53.3929,inicio,False,14.5456,33.322,5.364,10.186,True,320,240,0,False,60.00,0.1000,-0.003634,0.059738,0.239728,0.162158,-0.021188,-0.049061,0.985317,362
53.5260,inicio,False,14.5456,33.322,5.596,11.443,True,320,240,0,False,60.00,0.1000,-0.003634,0.059738,0.239728,0.162158,-0.021188,-0.049061,0.985317,363
53.6267,inicio,False,14.5456,33.324,5.589,12.611,True,320,240,0,False,60.00,0.1000,-0.003634,0.059738,0.239728,0.162158,-0.021188,-0.049061,0.985317,364
53.7594,inicio,False,14.5456,33.322,5.301,10.174,True,320,240,0,False,60.00,0.1000,-0.003634,0.059738,0.239728,0.162158,-0.021188,-0.049061,0.985317,365
53.8609,inicio,False,14.5456,33.321,5.243,13.220,True,320,240,0,False,60.00,0.1000,-0.003634,0.059738,0.239728,0.162158,-0.021188,-0.049061,0.985317,366
53.9924,inicio,False,14.5456,33.322,6.890,8.633,True,320,240,0,False,60.00,0.1000,-0.003634,0.059738,0.239728,0.162158,-0.021188,-0.049061,0.985317,367
54.0930,inicio,False,14.5456,33.322,6.890,8.633,True,320,240,0,False,60.00,0.1000,-0.003634,0.059738,0.239728,0.162158,-0.021188,-0.049061,0.985317,367
54.2266,inicio,False,14.5456,33.322,6.023,9.652,True,320,240,0,False,60.00,0.1000,-0.003634,0.059738,0.239728,0.162158,-0.021188,-0.049061,0.985317,368
54.3592,inicio,False,14.5456,33.323,5.370,11.934,True,320,240,0,False,60.00,0.1000,-0.003634,0.059738,0.239728,0.162158,-0.021188,-0.049061,0.985317,369
54.4924,inicio,False,14.5456,33.323,5.648,12.388,True,320,240,0,False,60.00,0.1000,-0.003634,0.059738,0.239728,0.162158,-0.021188,-0.049061,0.985317,370
54.5925,inicio,False,14.5456,33.322,5.447,12.308,True,320,240,0,False,60.00,0.1000,-0.003634,0.059738,0.239728,0.162158,-0.021188,-0.049061,0.985317,371
54.6928,inicio,False,14.5456,33.322,5.544,9.470,True,320,240,0,False,60.00,0.1000,-0.003634,0.059738,0.239728,0.162158,-0.021188,-0.049061,0.985317,372
54.8258,inicio,False,14.5456,33.322,5.583,12.599,True,320,240,0,False,60.00,0.1000,-0.003634,0.059738,0.239728,0.162158,-0.021188,-0.049061,0.985317,373
54.9591,inicio,False,14.5456,33.323,6.665,8.930,True,320,240,0,False,60.00,0.1000,-0.003634,0.059738,0.239728,0.162158,-0.021188,-0.049061,0.985317,374
55.0922,inicio,False,14.5456,33.323,5.928,8.881,True,320,240,0,False,60.00,0.1000,-0.003634,0.059738,0.239728,0.162158,-0.021188,-0.049061,0.985317,375
55.1931,inicio,False,14.5456,33.323,5.565,9.011,True,320,240,0,False,60.00,0.1000,-0.003634,0.059738,0.239728,0.162158,-0.021188,-0.049061,0.985317,376
55.3255,inicio,False,14.5456,33.322,5.828,9.730,True,320,240,0,False,60.00,0.1000,-0.003634,0.059738,0.239728,0.162158,-0.021188,-0.049061,0.985317,377
55.4587,inicio,False,14.5456,33.321,6.790,12.216,True,320,240,0,False,60.00,0.1000,-0.003634,0.059738,0.239728,0.162158,-0.021188,-0.049061,0.985317,378
55.5590,inicio,False,14.5456,33.321,6.790,12.216,True,320,240,0,False,60.00,0.1000,-0.003634,0.059738,0.239728,0.162158,-0.021188,-0.049061,0.985317,378
55.6919,inicio,False,14.5456,33.323,4.986,11.342,True,320,240,0,False,60.00,0.1000,-0.003634,0.059738,0.239728,0.162158,-0.021188,-0.049061,0.985317,379
55.7932,inicio,False,14.5456,33.325,5.992,8.072,True,320,240,0,False,60.00,0.1000,-0.003634,0.059738,0.239728,0.162158,-0.021188,-0.049061,0.985317,380
55.9253,inicio,False,14.5456,33.322,5.246,8.637,True,320,240,0,False,60.00,0.1000,-0.003634,0.059738,0.239728,0.162158,-0.021188,-0.049061,0.985317,381
56.0585,inicio,False,14.5456,33.323,5.281,10.017,True,320,240,0,False,60.00,0.1000,-0.003634,0.059738,0.239728,0.162158,-0.021188,-0.049061,0.985317,382
56.1921,inicio,False,14.5456,33.323,5.554,9.041,True,320,240,0,False,60.00,0.1000,-0.003634,0.059738,0.239728,0.162158,-0.021188,-0.049061,0.985317,383
56.2925,inicio,False,14.5456,33.322,4.822,11.420,True,320,240,0,False,60.00,0.1000,-0.003634,0.059738,0.239728,0.162158,-0.021188,-0.049061,0.985317,384
56.4251,inicio,False,14.5456,33.322,5.521,14.696,True,320,240,0,False,60.00,0.1000,-0.003634,0.059738,0.239728,0.162158,-0.021188,-0.049061,0.985317,385
56.5588,inicio,False,14.5456,33.322,5.197,10.078,True,320,240,0,False,60.00,0.1000,-0.003634,0.059738,0.239728,0.162158,-0.021188,-0.049061,0.985317,386
56.6917,inicio,False,14.5456,33.321,5.598,9.483,True,320,240,0,False,60.00,0.1000,-0.003634,0.059738,0.239728,0.162158,-0.021188,-0.049061,0.985317,387
56.8251,inicio,False,14.5456,33.322,5.961,9.013,True,320,240,0,False,60.00,0.1000,-0.003634,0.059738,0.239728,0.162158,-0.021188,-0.049061,0.985317,388
56.9583,inicio,False,14.5456,33.322,5.666,10.869,True,320,240,0,False,60.00,0.1000,-0.003634,0.059738,0.239728,0.162158,-0.021188,-0.049061,0.985317,389
57.0916,inicio,False,14.5456,33.322,6.137,11.429,True,320,240,0,False,60.00,0.1000,-0.003634,0.059738,0.239728,0.162158,-0.021188,-0.049061,0.985317,390
57.2248,inicio,False,14.5456,33.323,5.328,12.707,True,320,240,0,False,60.00,0.1000,-0.003634,0.059738,0.239728,0.162158,-0.021188,-0.049061,0.985317,391
57.3584,inicio,False,14.5456,33.323,5.403,9.213,True,320,240,0,False,60.00,0.1000,-0.003634,0.059738,0.239728,0.162158,-0.021188,-0.049061,0.985317,392
57.4916,inicio,False,14.5456,33.322,4.939,9.842,True,320,240,0,False,60.00,0.1000,-0.003634,0.059738,0.239728,0.162158,-0.021188,-0.049061,0.985317,393
57.5921,inicio,False,14.5456,33.322,6.233,10.536,True,320,240,0,False,60.00,0.1000,-0.003634,0.059738,0.239728,0.162158,-0.021188,-0.049061,0.985317,394
57.7246,inicio,False,14.5456,33.322,5.792,9.317,True,320,240,0,False,60.00,0.1000,-0.003634,0.059738,0.239728,0.162158,-0.021188,-0.049061,0.985317,395
57.8247,inicio,False,14.5456,33.323,5.792,9.317,True,320,240,0,False,60.00,0.1000,-0.003634,0.059738,0.239728,0.162158,-0.021188,-0.049061,0.985317,395
57.9248,inicio,False,14.5456,33.323,5.441,8.078,True,320,240,0,False,60.00,0.1000,-0.003634,0.059738,0.239728,0.162158,-0.021188,-0.049061,0.985317,396
58.0578,inicio,False,14.5456,33.322,5.574,12.497,True,320,240,0,False,60.00,0.1000,-0.003634,0.059738,0.239728,0.162158,-0.021188,-0.049061,0.985317,397
58.1578,inicio,False,14.5456,33.322,5.477,11.106,True,320,240,0,False,60.00,0.1000,-0.003634,0.059738,0.239728,0.162158,-0.021188,-0.049061,0.985317,398
58.2915,inicio,False,14.5456,33.321,5.238,10.639,True,320,240,0,False,60.00,0.1000,-0.003634,0.059738,0.239728,0.162158,-0.021188,-0.049061,0.985317,399
58.3916,inicio,False,14.5456,33.322,5.627,10.665,True,320,240,0,False,60.00,0.1000,-0.003634,0.059738,0.239728,0.162158,-0.021188,-0.049061,0.985317,400
58.5251,inicio,False,14.5456,33.323,5.865,9.709,True,320,240,0,False,60.00,0.1000,-0.003634,0.059738,0.239728,0.162158,-0.021188,-0.049061,0.985317,401
58.6579,inicio,False,14.5456,33.323,5.415,12.938,True,320,240,0,False,60.00,0.1000,-0.003634,0.059738,0.239728,0.162158,-0.021188,-0.049061,0.985317,402
58.7908,inicio,False,14.5456,33.325,5.916,10.423,True,320,240,0,False,60.00,0.1000,-0.003634,0.059738,0.239728,0.162158,-0.021188,-0.049061,0.985317,403
58.8911,inicio,False,14.5456,33.324,5.916,10.423,True,320,240,0,False,60.00,0.1000,-0.003634,0.059738,0.239728,0.162158,-0.021188,-0.049061,0.985317,403
58.9911,inicio,False,14.5456,33.323,5.255,8.846,True,320,240,0,False,60.00,0.1000,-0.003634,0.059738,0.239728,0.162158,-0.021188,-0.049061,0.985317,404
59.1244,inicio,True,14.6455,33.322,5.534,14.445,True,320,240,0,False,60.00,0.1000,0.011005,0.036511,0.288036,0.072543,-0.043154,-0.047086,0.995318,405
59.2576,inicio,True,14.7788,33.321,5.171,11.753,True,320,240,0,False,60.00,0.1000,0.004492,0.020600,0.294308,0.191825,0.001352,-0.041503,0.980550,406
59.3920,inicio,True,14.9120,33.320,5.504,10.079,True,320,240,0,False,60.00,0.1000,0.000028,0.010778,0.296106,0.188732,-0.005592,-0.027418,0.981630,407
59.5245,inicio,True,15.0455,33.327,5.885,13.600,True,320,240,0,False,60.00,0.1000,-0.010406,0.001405,0.297868,0.212587,-0.009547,-0.011063,0.977033,408
59.6578,inicio,True,15.1787,33.323,2.419,12.336,True,320,240,0,False,60.00,0.1000,-0.014145,-0.003851,0.299845,0.225124,-0.016387,-0.007347,0.974165,409
59.7908,inicio,True,15.3120,33.323,5.239,9.417,True,320,240,0,False,60.00,0.1000,-0.014886,-0.008433,0.300125,0.235379,-0.013756,0.001013,0.971806,410
59.9244,inicio,True,15.4453,33.323,5.153,11.625,True,320,240,0,False,60.00,0.1000,-0.019302,-0.014121,0.299651,0.245885,-0.015905,0.004758,0.969157,411
60.0571,inicio,True,15.5785,33.322,2.565,10.939,True,320,240,0,False,60.00,0.1000,-0.024317,-0.018054,0.303427,0.250315,-0.026966,0.007500,0.967760,412
60.1573,inicio,True,15.6785,33.324,4.697,15.436,True,320,240,0,False,60.00,0.1000,-0.021196,-0.020559,0.306794,0.260238,-0.024430,0.015802,0.965106,413
60.2579,inicio,True,15.7785,33.323,11.469,13.815,True,320,240,0,False,60.00,0.1000,-0.015812,-0.017457,0.307877,0.262004,-0.007597,0.021347,0.964801,414
60.3903,inicio,True,15.9118,33.322,2.857,14.504,True,320,240,0,False,60.00,0.1000,-0.034033,-0.011842,0.307444,0.254207,-0.033985,0.026814,0.966181,415
60.4904,inicio,True,16.0117,33.322,2.857,14.504,True,320,240,0,False,60.00,0.1000,-0.034033,-0.011842,0.307444,0.254207,-0.033985,0.026814,0.966181,415
60.5909,inicio,True,16.1117,33.322,5.747,10.583,True,320,240,0,False,60.00,0.1000,-0.042977,-0.016723,0.307617,0.252110,-0.044676,0.025101,0.966341,416
60.7240,inicio,True,16.2450,33.321,4.955,13.106,True,320,240,0,False,60.00,0.1000,-0.033302,-0.019403,0.310667,0.268174,-0.032386,0.024074,0.962525,417
60.8568,inicio,True,16.3783,33.322,5.006,10.594,True,320,240,0,False,60.00,0.1000,-0.026973,-0.014838,0.310133,0.258602,-0.022348,0.023715,0.965434,418
60.9568,inicio,True,16.4782,33.323,5.161,14.429,True,320,240,0,False,60.00,0.1000,-0.030412,-0.016083,0.309118,0.265846,-0.020222,0.020001,0.963596,419
61.0905,inicio,True,16.6115,33.322,5.240,15.878,True,320,240,0,False,60.00,0.1000,-0.042306,-0.019309,0.306900,0.274619,-0.045796,0.018776,0.960278,420
61.2239,inicio,True,16.7448,33.322,6.934,9.646,True,320,240,0,False,60.00,0.1000,-0.039459,-0.020356,0.307243,0.268846,-0.048695,0.021926,0.961702,421
61.3567,inicio,True,16.8781,33.323,6.663,11.788,True,320,240,0,False,60.00,0.1000,-0.033134,-0.029200,0.310776,0.279211,-0.035515,0.026265,0.959213,422
61.4572,inicio,True,16.9781,33.322,5.389,16.227,True,320,240,0,False,60.00,0.1000,-0.028251,-0.029694,0.312586,0.282931,-0.023126,0.023574,0.958572,423
61.5902,inicio,True,17.1114,33.324,2.738,12.602,True,320,240,0,False,60.00,0.1000,-0.025298,-0.031631,0.313831,0.294307,-0.026323,0.010027,0.955296,424
61.7235,inicio,True,17.2447,33.323,5.191,10.587,True,320,240,0,False,60.00,0.1000,-0.026349,-0.030379,0.314259,0.285432,-0.018151,0.015075,0.958109,425
61.8570,inicio,True,17.3780,33.323,5.543,14.842,True,320,240,0,False,60.00,0.1000,-0.026159,-0.034228,0.314414,0.286372,-0.009452,0.022482,0.957808,426
61.9570,inicio,True,17.4779,33.322,5.543,14.842,True,320,240,0,False,60.00,0.1000,-0.026159,-0.034228,0.314414,0.286372,-0.009452,0.022482,0.957808,426
62.0901,inicio,True,17.6112,33.322,2.382,12.620,True,320,240,0,False,60.00,0.1000,-0.032811,-0.034651,0.310839,0.285032,-0.022663,0.031758,0.957724,427
62.2229,inicio,True,17.7445,33.322,6.702,10.324,True,320,240,0,False,60.00,0.1000,-0.028986,-0.037669,0.314216,0.288607,-0.017677,0.030418,0.956801,428
62.3234,inicio,True,17.8445,33.322,5.464,13.835,True,320,240,0,False,60.00,0.1000,-0.028504,-0.037403,0.314803,0.290592,-0.013411,0.028716,0.956322,429
62.4564,inicio,True,17.9778,33.323,2.478,9.746,True,320,240,0,False,60.00,0.1000,-0.031132,-0.037772,0.315529,0.288692,-0.018040,0.030312,0.956772,430
62.5565,inicio,True,18.0777,33.323,5.257,10.011,True,320,240,0,False,60.00,0.1000,-0.033079,-0.038896,0.315722,0.288226,-0.017723,0.033334,0.956818,431
62.6898,inicio,True,18.2110,33.324,5.240,12.901,True,320,240,0,False,60.00,0.1000,-0.035256,-0.039087,0.317233,0.287523,-0.018500,0.035171,0.956949,432
62.8230,inicio,True,18.3443,33.322,5.172,9.913,True,320,240,0,False,60.00,0.1000,-0.036103,-0.040259,0.318322,0.291319,-0.018008,0.036364,0.955765,433
62.9230,inicio,True,18.4443,33.321,5.250,10.286,True,320,240,0,False,60.00,0.1000,-0.036082,-0.039090,0.318644,0.289632,-0.018799,0.035380,0.956299,434
63.0234,inicio,True,18.5442,33.321,5.250,10.286,True,320,240,0,False,60.00,0.1000,-0.036082,-0.039090,0.318644,0.289632,-0.018799,0.035380,0.956299,434
63.1568,inicio,True,18.6775,33.322,5.461,15.089,True,320,240,0,False,60.00,0.1000,-0.037149,-0.040207,0.316071,0.290325,-0.018685,0.035009,0.956105,435
63.2895,inicio,True,18.8108,33.321,2.641,11.588,True,320,240,0,False,60.00,0.1000,-0.038819,-0.043611,0.316480,0.292958,-0.018125,0.037507,0.955217,436
63.4226,inicio,True,18.9441,33.323,7.955,9.480,True,320,240,0,False,60.00,0.1000,-0.039018,-0.045814,0.317888,0.294132,-0.014343,0.040892,0.954782,437
63.5227,inicio,True,19.0441,33.322,6.276,10.642,True,320,240,0,False,60.00,0.1000,-0.040092,-0.045521,0.317155,0.294917,-0.024310,0.039983,0.954376,438
63.6237,inicio,True,19.1441,33.324,6.442,13.954,True,320,240,0,False,60.00,0.1000,-0.041151,-0.044853,0.315573,0.293193,-0.019873,0.037563,0.955108,439
63.7559,inicio,True,19.2774,33.323,5.077,13.676,True,320,240,0,False,60.00,0.1000,-0.043983,-0.045248,0.313110,0.295352,-0.028371,0.042004,0.954043,440
63.8894,inicio,True,19.4106,33.321,6.384,14.119,True,320,240,0,False,60.00,0.1000,-0.042261,-0.040152,0.307674,0.288759,-0.018874,0.043002,0.956250,441
64.0225,inicio,True,19.5439,33.322,5.229,9.896,True,320,240,0,False,60.00,0.1000,-0.049696,-0.043356,0.303107,0.287169,-0.025396,0.045504,0.956461,442
64.1563,inicio,True,19.6772,33.324,5.596,9.605,True,320,240,0,False,60.00,0.1000,-0.049700,-0.054976,0.306288,0.292781,-0.011863,0.056504,0.954435,443
64.2896,inicio,True,19.8105,33.323,5.298,11.908,True,320,240,0,False,60.00,0.1000,-0.054852,-0.057491,0.304764,0.300282,-0.010516,0.060806,0.951852,444
64.3900,inicio,True,19.9105,33.322,5.666,11.668,True,320,240,0,False,60.00,0.1000,-0.059075,-0.051445,0.300624,0.292465,-0.014455,0.061043,0.954217,445
64.5224,inicio,True,20.0437,33.321,6.099,10.128,True,320,240,0,False,60.00,0.1000,-0.067490,-0.048409,0.294256,0.280810,-0.017371,0.063688,0.957490,446
64.6231,inicio,True,20.1437,33.322,6.099,10.128,True,320,240,0,False,60.00,0.1000,-0.067490,-0.048409,0.294256,0.280810,-0.017371,0.063688,0.957490,446
64.7561,inicio,True,20.2770,33.321,5.810,15.096,True,320,240,0,False,60.00,0.1000,-0.070680,-0.048750,0.293142,0.274575,-0.025593,0.074060,0.958368,447
64.8893,inicio,True,20.4103,33.322,5.320,11.811,True,320,240,0,False,60.00,0.1000,-0.070059,-0.045873,0.288966,0.275416,-0.012942,0.069410,0.958729,448
65.0223,inicio,True,20.5436,33.323,5.288,10.215,True,320,240,0,False,60.00,0.1000,-0.076018,-0.048610,0.287777,0.275705,-0.023605,0.071981,0.958253,449
65.1226,inicio,True,20.6436,33.322,5.899,13.440,True,320,240,0,False,60.00,0.1000,-0.074303,-0.051618,0.292066,0.280349,-0.022554,0.073062,0.956848,450
65.2561,inicio,True,20.7768,33.322,3.020,9.960,True,320,240,0,False,60.00,0.1000,-0.074203,-0.053332,0.294486,0.284582,-0.027425,0.067278,0.955895,451
65.3894,inicio,True,20.9101,33.323,5.386,13.602,True,320,240,0,False,60.00,0.1000,-0.076012,-0.055844,0.294836,0.284983,-0.028727,0.068070,0.955681,452
65.5228,inicio,True,21.0434,33.322,5.377,14.289,True,320,240,0,False,60.00,0.1000,-0.072574,-0.060786,0.301236,0.292386,-0.023624,0.068579,0.953546,453
65.6553,inicio,True,21.1767,33.322,4.642,10.509,True,320,240,0,False,60.00,0.1000,-0.067567,-0.060154,0.305427,0.296082,-0.016956,0.059903,0.953131,454
65.7557,inicio,True,21.2768,33.327,5.960,9.488,True,320,240,0,False,60.00,0.1000,-0.063419,-0.060738,0.307752,0.301797,-0.012859,0.055458,0.951671,455
65.8894,inicio,True,21.4100,33.322,6.390,11.490,True,320,240,0,False,60.00,0.1000,-0.062566,-0.061491,0.309483,0.302219,-0.011984,0.053558,0.951657,456
65.9905,inicio,True,21.5100,33.322,5.578,12.146,True,320,240,0,False,60.00,0.1000,-0.055417,-0.062054,0.313458,0.305674,-0.011774,0.048104,0.950848,457
66.1219,inicio,True,21.6433,33.323,5.079,9.632,True,320,240,0,False,60.00,0.1000,-0.046279,-0.052005,0.313285,0.307324,-0.004158,0.037282,0.950865,458
66.2551,inicio,True,21.7765,33.321,5.480,7.999,True,320,240,0,False,60.00,0.1000,-0.042934,-0.043545,0.312705,0.298100,-0.004278,0.030515,0.954037,459
66.3560,inicio,True,21.8765,33.320,5.480,7.999,True,320,240,0,False,60.00,0.1000,-0.042934,-0.043545,0.312705,0.298100,-0.004278,0.030515,0.954037,459
66.4891,inicio,True,22.0098,33.325,5.333,10.440,True,320,240,0,False,60.00,0.1000,-0.035505,-0.040951,0.315719,0.291517,-0.001451,0.032925,0.955998,460
66.6220,inicio,True,22.1431,33.321,6.897,10.203,True,320,240,0,False,60.00,0.1000,-0.023897,-0.031545,0.316452,0.295202,0.002603,0.023026,0.955154,461
66.7556,inicio,True,22.2763,33.320,6.365,8.871,True,320,240,0,False,60.00,0.1000,-0.020303,-0.017235,0.311690,0.278396,-0.004797,0.013370,0.960361,462
66.8885,inicio,True,22.4097,33.323,5.737,8.183,True,320,240,0,False,60.00,0.1000,-0.020355,-0.021596,0.321234,0.282795,-0.017620,0.009804,0.958969,463
66.9887,inicio,True,22.5096,33.322,6.360,14.760,True,320,240,0,False,60.00,0.1000,-0.018964,-0.024623,0.326088,0.288192,-0.017324,0.009321,0.957371,464
67.1216,inicio,True,22.6429,33.324,5.415,16.378,True,320,240,0,False,60.00,0.1000,-0.019512,-0.022749,0.329004,0.293506,-0.022777,0.007578,0.955656,465
67.2549,inicio,True,22.7762,33.324,6.434,18.051,True,320,240,0,False,60.00,0.1000,-0.023094,-0.024203,0.330545,0.291180,-0.024957,0.007690,0.956312,466
67.3552,inicio,True,22.8762,33.322,5.824,16.409,True,320,240,0,False,60.00,0.1000,-0.027461,-0.024268,0.331897,0.294905,-0.029603,0.007566,0.955038,467
67.4883,inicio,True,23.0094,33.322,5.091,13.944,True,320,240,0,False,60.00,0.1000,-0.024474,-0.022931,0.334466,0.296031,-0.032355,0.009375,0.954584,468
67.6212,inicio,True,23.1427,33.322,5.096,15.321,True,320,240,0,False,60.00,0.1000,-0.023414,-0.021986,0.336754,0.293468,-0.029719,0.008391,0.955470,469
67.7220,inicio,True,23.2427,33.322,6.181,14.300,True,320,240,0,False,60.00,0.1000,-0.022090,-0.021021,0.335124,0.291308,-0.029577,0.009151,0.956128,470
67.8550,inicio,True,23.3760,33.324,5.619,13.228,True,320,240,0,False,60.00,0.1000,-0.022856,-0.018926,0.330420,0.293078,-0.033005,0.008596,0.955480,471
67.9878,inicio,True,23.5093,33.324,6.421,15.256,True,320,240,0,False,60.00,0.1000,-0.022087,-0.014569,0.325907,0.285847,-0.031422,0.009210,0.957716,472
68.0886,inicio,True,23.6093,33.325,6.421,15.256,True,320,240,0,False,60.00,0.1000,-0.022087,-0.014569,0.325907,0.285847,-0.031422,0.009210,0.957716,472
68.2214,inicio,True,23.7425,33.321,5.414,15.690,True,320,240,0,False,60.00,0.1000,-0.023218,-0.014302,0.324405,0.287723,-0.034996,0.010502,0.957017,473
68.3218,inicio,True,23.8425,33.321,5.967,13.181,True,320,240,0,False,60.00,0.1000,-0.023073,-0.013810,0.322636,0.283196,-0.028034,0.010889,0.958590,474
68.4544,inicio,True,23.9759,33.328,5.631,15.588,True,320,240,0,False,60.00,0.1000,-0.022427,-0.012363,0.319280,0.281730,-0.032598,0.011076,0.958876,475
68.5546,inicio,True,24.0758,33.325,6.660,14.022,True,320,240,0,False,60.00,0.1000,-0.022165,-0.012249,0.314272,0.284096,-0.026612,0.012296,0.958348,476
68.6881,inicio,True,24.2091,33.323,5.186,10.266,True,320,240,0,False,60.00,0.1000,-0.020913,-0.008711,0.306211,0.280378,-0.025835,0.012283,0.959463,477
68.8213,inicio,True,24.3424,33.323,5.580,13.568,True,320,240,0,False,60.00,0.1000,-0.020696,-0.007312,0.301857,0.276691,-0.029867,0.010666,0.960436,478
68.9552,inicio,True,24.4756,33.322,6.842,12.922,True,320,240,0,False,60.00,0.1000,-0.019412,-0.005337,0.324874,0.277129,-0.026555,0.009747,0.960416,479
69.0881,inicio,True,24.6089,33.321,6.801,10.348,True,320,240,0,False,60.00,0.1000,-0.018206,-0.004870,0.325481,0.275845,-0.027370,0.010230,0.960758,480
69.2208,inicio,True,24.7422,33.322,6.958,17.498,True,320,240,0,False,60.00,0.1000,-0.017289,-0.004393,0.326204,0.280145,-0.024458,0.009568,0.959599,481
69.3210,inicio,True,24.8422,33.322,7.260,14.234,True,320,240,0,False,60.00,0.1000,-0.018728,-0.005583,0.326866,0.282333,-0.025659,0.009459,0.958927,482
69.4211,inicio,True,24.9421,33.321,7.260,14.234,True,320,240,0,False,60.00,0.1000,-0.018728,-0.005583,0.326866,0.282333,-0.025659,0.009459,0.958927,482
69.5212,inicio,True,25.0421,33.322,6.974,12.901,True,320,240,0,False,60.00,0.1000,-0.019183,-0.007262,0.327148,0.281218,-0.024926,0.009637,0.959272,483
69.6541,inicio,True,25.1754,33.322,6.652,15.285,True,320,240,0,False,60.00,0.1000,-0.019711,-0.008852,0.326775,0.285892,-0.031200,0.008677,0.957715,484
69.7543,inicio,True,25.2754,33.323,6.185,14.848,True,320,240,0,False,60.00,0.1000,-0.017003,-0.010276,0.326898,0.289127,-0.024395,0.010818,0.956919,485
69.8871,inicio,True,25.4087,33.323,5.853,17.165,True,320,240,0,False,60.00,0.1000,-0.017513,-0.014879,0.326551,0.293742,-0.022975,0.012150,0.955532,486
69.9873,inicio,True,25.5086,33.322,5.669,14.796,True,320,240,0,False,60.00,0.1000,-0.018093,-0.018026,0.327306,0.301159,-0.022868,0.013887,0.953199,487
70.0882,inicio,True,25.6086,33.322,5.669,14.796,True,320,240,0,False,60.00,0.1000,-0.018093,-0.018026,0.327306,0.301159,-0.022868,0.013887,0.953199,487
70.2207,inicio,True,25.7419,33.322,2.640,13.803,True,320,240,0,False,60.00,0.1000,-0.017522,-0.017839,0.327952,0.302087,-0.020567,0.015324,0.952935,488
70.3208,inicio,True,25.8419,33.323,6.105,14.087,True,320,240,0,False,60.00,0.1000,-0.017424,-0.017041,0.327437,0.299993,-0.026898,0.013498,0.953467,489
70.4213,inicio,True,25.9418,33.322,6.227,15.384,True,320,240,0,False,60.00,0.1000,-0.018683,-0.017277,0.326956,0.301052,-0.022830,0.015104,0.953215,490
70.5539,inicio,True,26.0751,33.323,6.070,15.937,True,320,240,0,False,60.00,0.1000,-0.018813,-0.017299,0.325888,0.300338,-0.022571,0.014100,0.953462,491
70.6870,inicio,True,26.2084,33.322,5.779,17.181,True,320,240,0,False,60.00,0.1000,-0.019430,-0.016970,0.323727,0.300454,-0.026794,0.013609,0.953323,492
70.7875,inicio,True,26.3084,33.322,5.753,14.948,True,320,240,0,False,60.00,0.1000,-0.019355,-0.016517,0.321509,0.301243,-0.024037,0.014000,0.953142,493
70.9205,inicio,True,26.4417,33.322,6.936,14.830,True,320,240,0,False,60.00,0.1000,-0.018675,-0.015745,0.325071,0.298001,-0.026978,0.012071,0.954108,494
71.0206,inicio,True,26.5416,33.322,6.936,14.830,True,320,240,0,False,60.00,0.1000,-0.018675,-0.015745,0.325071,0.298001,-0.026978,0.012071,0.954108,494
71.1536,inicio,True,26.6749,33.322,9.752,16.935,True,320,240,0,False,60.00,0.1000,-0.018781,-0.015238,0.327418,0.298316,-0.027220,0.010694,0.954019,495
71.2544,inicio,True,26.7750,33.328,5.535,14.065,True,320,240,0,False,60.00,0.1000,-0.020064,-0.016838,0.332020,0.297822,-0.023138,0.010826,0.954280,496
71.3876,inicio,True,26.9082,33.324,6.092,15.899,True,320,240,0,False,60.00,0.1000,-0.019005,-0.019662,0.333110,0.303352,-0.031787,0.009214,0.952304,497
71.5201,inicio,True,27.0415,33.323,6.281,13.139,True,320,240,0,False,60.00,0.1000,-0.016116,-0.017482,0.334368,0.303217,-0.021687,0.008774,0.952635,498
71.6203,inicio,True,27.1414,33.322,6.682,12.274,True,320,240,0,False,60.00,0.1000,-0.016659,-0.015925,0.334901,0.298793,-0.021840,0.008606,0.954029,499
71.7533,inicio,True,27.2747,33.322,5.710,11.391,True,320,240,0,False,60.00,0.1000,-0.016945,-0.013427,0.335077,0.291958,-0.024289,0.006557,0.956100,500
71.8536,inicio,True,27.3747,33.321,5.679,14.896,True,320,240,0,False,60.00,0.1000,-0.016688,-0.012398,0.334702,0.295349,-0.024566,0.007062,0.955047,501
71.9538,inicio,True,27.4747,33.322,5.679,14.896,True,320,240,0,False,60.00,0.1000,-0.016688,-0.012398,0.334702,0.295349,-0.024566,0.007062,0.955047,501
72.0869,inicio,True,27.6080,33.323,6.226,9.939,True,320,240,0,False,60.00,0.1000,-0.016851,-0.010925,0.335199,0.292669,-0.021409,0.007158,0.955947,502
72.2199,inicio,True,27.7413,33.324,6.563,20.349,True,320,240,0,False,60.00,0.1000,-0.017841,-0.009739,0.336055,0.290951,-0.026979,0.006812,0.956333,503
72.3539,inicio,True,27.8745,33.323,5.417,11.748,True,320,240,0,False,60.00,0.1000,-0.017876,-0.001928,0.336535,0.280286,-0.024143,0.007783,0.959581,504
72.4865,inicio,True,28.0079,33.324,5.097,13.722,True,320,240,0,False,60.00,0.1000,-0.016849,0.003627,0.337070,0.269932,-0.021370,0.005483,0.962627,505
72.5865,inicio,True,28.1078,33.324,8.966,10.852,True,320,240,0,False,60.00,0.1000,-0.017490,0.003233,0.338435,0.270862,-0.017931,0.007791,0.962420,506
72.6867,inicio,True,28.2078,33.322,5.857,10.908,True,320,240,0,False,60.00,0.1000,-0.017895,0.003438,0.339331,0.271443,-0.025351,0.006952,0.962096,507
72.8201,inicio,True,28.3410,33.322,5.812,11.637,True,320,240,0,False,60.00,0.1000,-0.017085,0.004760,0.338980,0.265565,-0.022657,0.006988,0.963801,508
72.9530,inicio,True,28.4744,33.323,5.843,12.555,True,320,240,0,False,60.00,0.1000,-0.016364,0.004708,0.340837,0.265813,-0.020962,0.005161,0.963783,509
73.0863,inicio,True,28.6077,33.323,5.457,12.185,True,320,240,0,False,60.00,0.1000,-0.012118,0.007790,0.344211,0.258675,-0.018888,0.006276,0.965759,510
73.1869,inicio,True,28.7076,33.322,5.544,11.565,True,320,240,0,False,60.00,0.1000,-0.012309,0.007961,0.345409,0.255540,-0.015937,0.004495,0.966657,511
73.3198,inicio,True,28.8409,33.321,5.424,10.862,True,320,240,0,False,60.00,0.1000,-0.012410,0.007531,0.347551,0.258562,-0.015675,0.005860,0.965850,512
73.4199,inicio,True,28.9408,33.322,5.424,10.862,True,320,240,0,False,60.00,0.1000,-0.012410,0.007531,0.347551,0.258562,-0.015675,0.005860,0.965850,512
73.5528,inicio,True,29.0741,33.322,5.405,13.804,True,320,240,0,False,60.00,0.1000,-0.013406,0.007203,0.346192,0.261776,-0.018149,0.003890,0.964950,513
73.6532,inicio,True,29.1741,33.322,6.034,13.867,True,320,240,0,False,60.00,0.1000,-0.014534,0.007265,0.345870,0.261661,-0.016184,0.003680,0.965017,514
73.7862,inicio,True,29.3074,33.323,5.319,15.536,True,320,240,0,False,60.00,0.1000,-0.015391,0.007524,0.345882,0.262359,-0.017427,0.004767,0.964801,515
73.8870,inicio,True,29.4074,33.322,5.815,12.621,True,320,240,0,False,60.00,0.1000,-0.014605,0.008755,0.345779,0.260915,-0.021667,0.003468,0.965112,516
74.0192,inicio,True,29.5407,33.323,5.177,12.110,True,320,240,0,False,60.00,0.1000,-0.015585,0.008447,0.346010,0.258036,-0.020633,0.002818,0.965911,517
74.1200,inicio,True,29.6406,33.322,5.648,12.225,True,320,240,0,False,60.00,0.1000,-0.017068,0.008698,0.346444,0.259229,-0.014772,0.004711,0.965691,518
74.2534,inicio,True,29.7739,33.322,4.731,12.526,True,320,240,0,False,60.00,0.1000,-0.017334,0.008769,0.346409,0.259790,-0.022906,0.004310,0.965384,519
74.3859,inicio,True,29.9072,33.323,5.760,12.888,True,320,240,0,False,60.00,0.1000,-0.017404,0.008872,0.346443,0.260633,-0.021999,0.004356,0.965178,520
74.5199,inicio,True,30.0405,33.323,2.509,11.392,True,320,240,0,False,60.00,0.1000,-0.017196,0.008778,0.346394,0.259128,-0.018801,0.003757,0.965653,521
74.6527,inicio,True,30.1738,33.322,6.426,10.427,True,320,240,0,False,60.00,0.1000,-0.017692,0.008694,0.346127,0.259496,-0.019852,0.003514,0.965534,522
74.7529,inicio,True,30.2737,33.321,6.426,10.427,True,320,240,0,False,60.00,0.1000,-0.017692,0.008694,0.346127,0.259496,-0.019852,0.003514,0.965534,522
74.8860,inicio,True,30.4070,33.320,4.905,10.761,True,320,240,0,False,60.00,0.1000,-0.017374,0.008193,0.346215,0.257757,-0.023296,0.003425,0.965923,523
75.0208,inicio,True,30.5403,33.321,6.047,13.816,True,320,240,0,False,60.00,0.1000,-0.017492,0.008355,0.346927,0.257063,-0.023525,0.003192,0.966103,524
75.1529,inicio,True,30.6736,33.322,5.560,14.755,True,320,240,0,False,60.00,0.1000,-0.017334,0.008027,0.346424,0.260880,-0.027354,0.003066,0.964979,525
75.2879,inicio,True,30.8069,33.322,5.475,12.879,True,320,240,0,False,60.00,0.1000,-0.017252,0.008515,0.346803,0.258370,-0.023211,0.003371,0.965761,526
75.4190,inicio,True,30.9402,33.323,6.880,12.449,True,320,240,0,False,60.00,0.1000,-0.016827,0.007836,0.346614,0.260011,-0.023696,0.003964,0.965307,527
75.5530,inicio,True,31.0735,33.324,5.241,10.433,True,320,240,0,False,60.00,0.1000,-0.016429,0.008446,0.347232,0.258169,-0.015066,0.003607,0.965976,528
75.6862,inicio,True,31.2068,33.323,5.336,17.276,True,320,240,0,False,60.00,0.1000,-0.016529,0.008721,0.346452,0.258824,-0.021003,0.004949,0.965683,529
75.8193,inicio,True,31.3401,33.323,2.694,13.626,True,320,240,0,False,60.00,0.1000,-0.016426,0.007468,0.347326,0.260568,-0.015778,0.004388,0.965317,530
75.9532,inicio,True,31.4733,33.321,5.518,15.788,True,320,240,0,False,60.00,0.1000,-0.016715,0.007787,0.346869,0.262448,-0.022951,0.004851,0.964661,531
76.0880,inicio,True,31.6066,33.322,5.421,21.306,True,320,240,0,False,60.00,0.1000,-0.018673,0.005255,0.347499,0.261758,-0.024983,0.005381,0.964795,532
76.2200,inicio,True,31.7400,33.323,3.187,20.542,True,320,240,0,False,60.00,0.1000,-0.019723,0.005363,0.347969,0.264314,-0.022005,0.006268,0.964165,533
76.3529,inicio,True,31.8733,33.324,5.741,11.895,True,320,240,0,False,60.00,0.1000,-0.018571,0.006311,0.347383,0.260233,-0.025668,0.005711,0.965188,534
76.4862,inicio,True,32.0065,33.323,5.602,14.371,True,320,240,0,False,60.00,0.1000,-0.019059,0.005805,0.346947,0.264642,-0.024678,0.007252,0.964004,535
76.6193,inicio,True,32.1398,33.323,5.691,16.067,True,320,240,0,False,60.00,0.1000,-0.018452,0.007211,0.347197,0.260532,-0.023986,0.006166,0.965148,536
76.7540,inicio,True,32.2731,33.321,3.013,14.479,True,320,240,0,False,60.00,0.1000,-0.019135,0.006985,0.346691,0.260723,-0.024912,0.006618,0.965070,537
76.8857,inicio,True,32.4064,33.321,5.870,11.401,True,320,240,0,False,60.00,0.1000,-0.020155,0.005414,0.346665,0.260944,-0.025079,0.008143,0.964994,538
77.0190,inicio,True,32.5397,33.323,5.260,11.728,True,320,240,0,False,60.00,0.1000,-0.020964,0.005700,0.346184,0.265380,-0.025463,0.008363,0.963771,539
77.1521,inicio,True,32.6730,33.322,5.437,11.845,True,320,240,0,False,60.00,0.1000,-0.021412,0.006684,0.346225,0.259045,-0.022587,0.008645,0.965563,540
77.2861,inicio,True,32.8063,33.323,5.527,18.904,True,320,240,0,False,60.00,0.1000,-0.022938,0.003369,0.345321,0.263204,-0.027791,0.011473,0.964272,541
77.4197,inicio,True,32.9396,33.324,6.145,13.070,True,320,240,0,False,60.00,0.1000,-0.021193,0.005330,0.346505,0.261270,-0.022748,0.010516,0.964941,542
77.5521,inicio,True,33.0729,33.324,5.000,12.681,True,320,240,0,False,60.00,0.1000,-0.021117,0.006735,0.346442,0.258758,-0.020273,0.009974,0.965678,543
77.6851,inicio,True,33.2061,33.323,5.765,14.394,True,320,240,0,False,60.00,0.1000,-0.020254,0.010033,0.346254,0.253707,-0.020843,0.008207,0.967022,544
77.8186,inicio,True,33.3394,33.322,2.671,13.292,True,320,240,0,False,60.00,0.1000,-0.021084,0.010048,0.346162,0.253491,-0.027624,0.008725,0.966904,545
77.9520,inicio,True,33.4727,33.321,3.030,17.498,True,320,240,0,False,60.00,0.1000,-0.020363,0.010240,0.344688,0.256477,-0.019114,0.011715,0.966291,546
78.0852,inicio,True,33.6060,33.322,2.912,18.728,True,320,240,0,False,60.00,0.1000,-0.021315,0.009785,0.344765,0.254818,-0.024491,0.009414,0.966633,547
78.1870,inicio,True,33.7060,33.322,4.988,15.480,True,320,240,0,False,60.00,0.1000,-0.017387,0.010687,0.347516,0.251596,-0.016132,0.008504,0.967661,548
78.3178,inicio,True,33.8393,33.324,2.844,13.506,True,320,240,0,False,60.00,0.1000,-0.015815,0.011840,0.349200,0.250795,-0.018042,0.004796,0.967860,549
78.4180,inicio,True,33.9392,33.323,5.559,11.994,True,320,240,0,False,60.00,0.1000,-0.016802,0.012106,0.350764,0.251136,-0.017333,0.006668,0.967774,550
78.5518,inicio,True,34.0725,33.323,5.287,15.370,True,320,240,0,False,60.00,0.1000,-0.017330,0.011422,0.348589,0.254214,-0.011346,0.009368,0.967036,551
78.6849,inicio,True,34.2058,33.323,6.665,15.562,True,320,240,0,False,60.00,0.1000,-0.018212,0.010873,0.349126,0.251757,-0.012718,0.008936,0.967666,552
78.8181,inicio,True,34.3391,33.322,5.674,14.147,True,320,240,0,False,60.00,0.1000,-0.020461,0.008306,0.349947,0.254538,-0.007625,0.011547,0.966964,553
78.9513,inicio,True,34.4724,33.322,5.410,12.179,True,320,240,0,False,60.00,0.1000,-0.020473,0.007394,0.350413,0.255735,-0.016880,0.010484,0.966543,554
79.0849,inicio,True,34.6057,33.322,5.137,12.676,True,320,240,0,False,60.00,0.1000,-0.017903,0.008872,0.350495,0.252312,-0.015503,0.005808,0.967504,555
79.2179,inicio,True,34.7390,33.322,5.483,13.588,True,320,240,0,False,60.00,0.1000,-0.017438,0.010979,0.349937,0.256438,-0.017119,0.005605,0.966393,556
79.3511,inicio,True,34.8722,33.322,7.120,11.816,True,320,240,0,False,60.00,0.1000,-0.018508,0.011388,0.349311,0.253391,-0.012208,0.007301,0.967260,557
79.4844,inicio,True,35.0055,33.322,5.750,11.625,True,320,240,0,False,60.00,0.1000,-0.019587,0.010932,0.348418,0.254861,-0.010522,0.007229,0.966894,558
79.6179,inicio,True,35.1388,33.323,4.973,11.971,True,320,240,0,False,60.00,0.1000,-0.019403,0.010617,0.349233,0.251367,-0.014875,0.005505,0.967762,559
79.7507,inicio,True,35.2721,33.323,6.024,10.673,True,320,240,0,False,60.00,0.1000,-0.018646,0.010877,0.349674,0.255386,-0.010244,0.005952,0.966767,560
79.8507,inicio,True,35.3721,33.322,6.411,20.547,True,320,240,0,False,60.00,0.1000,-0.019590,0.011867,0.348636,0.251786,-0.013523,0.006019,0.967670,561
79.9508,inicio,True,35.4721,33.322,6.411,20.547,True,320,240,0,False,60.00,0.1000,-0.019590,0.011867,0.348636,0.251786,-0.013523,0.006019,0.967670,561
80.0845,inicio,True,35.6053,33.322,4.354,14.944,True,320,240,0,False,60.00,0.1000,-0.018589,0.012777,0.348428,0.255261,-0.009796,0.004025,0.966814,562
80.2176,inicio,True,35.7386,33.322,6.728,15.360,True,320,240,0,False,60.00,0.1000,-0.020968,0.011842,0.347919,0.250500,-0.014269,0.006728,0.967988,563
80.3514,inicio,True,35.8719,33.323,5.411,11.590,True,320,240,0,False,60.00,0.1000,-0.021896,0.011008,0.347589,0.253173,-0.012621,0.007406,0.967310,564
80.4839,inicio,True,36.0052,33.323,5.620,19.554,True,320,240,0,False,60.00,0.1000,-0.021689,0.008695,0.349470,0.255237,-0.009164,0.008116,0.966801,565
80.5841,inicio,True,36.1052,33.322,2.998,10.210,True,320,240,0,False,60.00,0.1000,-0.020992,0.009223,0.349178,0.257081,-0.015156,0.008308,0.966235,566
80.7173,inicio,True,36.2385,33.323,5.730,16.293,True,320,240,0,False,60.00,0.1000,-0.017929,0.012968,0.348300,0.254521,-0.018302,0.002453,0.966891,567
80.8175,inicio,True,36.3384,33.322,5.458,11.945,True,320,240,0,False,60.00,0.1000,-0.021214,0.012111,0.347621,0.249760,-0.013913,0.004781,0.968196,568
80.9177,inicio,True,36.4384,33.322,6.586,13.900,True,320,240,0,False,60.00,0.1000,-0.025487,0.007199,0.349606,0.255087,-0.013617,0.009861,0.966772,569
81.0506,inicio,True,36.5717,33.323,5.063,18.096,True,320,240,0,False,60.00,0.1000,-0.026654,0.007054,0.349093,0.255999,-0.016637,0.011862,0.966461,570
81.1508,inicio,True,36.6717,33.322,5.063,18.096,True,320,240,0,False,60.00,0.1000,-0.026654,0.007054,0.349093,0.255999,-0.016637,0.011862,0.966461,570
81.2835,inicio,True,36.8049,33.322,5.273,17.299,True,320,240,0,False,60.00,0.1000,-0.023358,0.010722,0.348203,0.255037,-0.019684,0.008047,0.966697,571
81.3839,inicio,True,36.9049,33.323,6.360,15.401,True,320,240,0,False,60.00,0.1000,-0.022033,0.013728,0.347371,0.250777,-0.013093,0.006251,0.967936,572
81.5168,inicio,True,37.0383,33.326,6.327,12.046,True,320,240,0,False,60.00,0.1000,-0.026062,0.010273,0.347367,0.251030,-0.011639,0.009730,0.967861,573
81.6169,inicio,True,37.1382,33.324,6.220,11.179,True,320,240,0,False,60.00,0.1000,-0.028921,0.007601,0.348641,0.253412,-0.014268,0.014313,0.967147,574
81.7498,inicio,True,37.2715,33.323,7.516,14.546,True,320,240,0,False,60.00,0.1000,-0.032058,0.004592,0.348345,0.259480,-0.010989,0.016456,0.965546,575
81.8500,inicio,False,37.3381,33.321,6.665,9.665,True,320,240,0,False,60.00,0.1000,-0.032058,0.004592,0.348345,0.259480,-0.010989,0.016456,0.965546,576
81.9506,inicio,False,37.3381,33.321,6.665,9.665,True,320,240,0,False,60.00,0.1000,-0.032058,0.004592,0.348345,0.259480,-0.010989,0.016456,0.965546,576
82.0509,inicio,True,37.4381,33.322,8.270,16.069,True,320,240,0,False,60.00,0.1000,-0.032253,0.006976,0.347773,0.253326,-0.017620,0.020972,0.966993,577
82.1831,inicio,True,37.5714,33.324,3.957,16.199,True,320,240,0,False,60.00,0.1000,-0.029863,0.006581,0.348564,0.250843,-0.010487,0.021705,0.967728,578
82.3166,inicio,True,37.7047,33.323,6.685,14.975,True,320,240,0,False,60.00,0.1000,-0.030132,0.008016,0.345895,0.252236,-0.010723,0.021454,0.967368,579
82.4167,inicio,True,37.8047,33.322,5.190,15.408,True,320,240,0,False,60.00,0.1000,-0.030980,0.011195,0.345176,0.248884,-0.010791,0.020871,0.968248,580
82.5171,inicio,True,37.9046,33.322,4.377,13.064,True,320,240,0,False,60.00,0.1000,-0.028355,0.013891,0.344515,0.245093,-0.013328,0.017311,0.969253,581
82.6500,inicio,True,38.0379,33.323,5.321,14.950,True,320,240,0,False,60.00,0.1000,-0.028973,0.014828,0.343817,0.244792,-0.012983,0.017351,0.969334,582
82.7833,inicio,True,38.1712,33.322,6.635,18.415,True,320,240,0,False,60.00,0.1000,-0.030725,0.015416,0.342881,0.243751,-0.013729,0.017990,0.969574,583
82.8835,inicio,True,38.2712,33.322,6.635,18.415,True,320,240,0,False,60.00,0.1000,-0.030725,0.015416,0.342881,0.243751,-0.013729,0.017990,0.969574,583
83.0167,inicio,True,38.4045,33.322,3.277,13.845,True,320,240,0,False,60.00,0.1000,-0.031261,0.014969,0.342855,0.243241,-0.014838,0.018964,0.969667,584
83.1183,inicio,True,38.5044,33.321,5.778,16.272,True,320,240,0,False,60.00,0.1000,-0.029864,0.014787,0.343368,0.243554,-0.015000,0.017338,0.969616,585
83.2202,inicio,True,38.6044,33.322,5.445,18.944,True,320,240,0,False,60.00,0.1000,-0.030337,0.014340,0.343108,0.245188,-0.015482,0.015809,0.969223,586
83.3494,inicio,True,38.7377,33.322,3.493,12.570,True,320,240,0,False,60.00,0.1000,-0.031408,0.013067,0.343842,0.244779,-0.016613,0.018318,0.969264,587
83.4497,inicio,True,38.8376,33.322,6.558,13.685,True,320,240,0,False,60.00,0.1000,-0.030275,0.013566,0.344155,0.245838,-0.015481,0.017185,0.969035,588
83.5846,inicio,True,38.9711,33.329,4.921,17.060,True,320,240,0,False,60.00,0.1000,-0.029914,0.014522,0.343178,0.245029,-0.018100,0.015930,0.969216,589
83.7165,inicio,True,39.1043,33.324,5.118,12.384,True,320,240,0,False,60.00,0.1000,-0.029058,0.014655,0.343907,0.244645,-0.017135,0.015088,0.969344,590
83.8518,inicio,True,39.2376,33.325,4.749,12.883,True,320,240,0,False,60.00,0.1000,-0.028890,0.015216,0.343498,0.245467,-0.010918,0.015259,0.969223,591
83.9829,inicio,True,39.3708,33.322,5.679,13.822,True,320,240,0,False,60.00,0.1000,-0.028794,0.014927,0.344041,0.244866,-0.015489,0.014969,0.969318,592
84.0832,inicio,True,39.4708,33.320,5.679,13.822,True,320,240,0,False,60.00,0.1000,-0.028794,0.014927,0.344041,0.244866,-0.015489,0.014969,0.969318,592
84.2159,inicio,True,39.6040,33.320,5.362,15.585,True,320,240,0,False,60.00,0.1000,-0.028848,0.015849,0.343416,0.243792,-0.017829,0.014257,0.969559,593
84.3160,inicio,True,39.7040,33.320,6.694,14.025,True,320,240,0,False,60.00,0.1000,-0.028099,0.016681,0.343293,0.243305,-0.014562,0.015292,0.969720,594
84.4496,inicio,True,39.8373,33.323,4.631,10.167,True,320,240,0,False,60.00,0.1000,-0.027477,0.016536,0.343637,0.243956,-0.014844,0.013972,0.969572,595
84.5831,inicio,True,39.9707,33.325,5.665,14.131,True,320,240,0,False,60.00,0.1000,-0.028044,0.016793,0.343107,0.243853,-0.012147,0.014710,0.969624,596
84.7163,inicio,True,40.1039,33.324,5.078,11.569,True,320,240,0,False,60.00,0.1000,-0.027132,0.016419,0.343755,0.244325,-0.017944,0.013112,0.969439,597
84.8494,inicio,True,40.2372,33.322,5.418,17.722,True,320,240,0,False,60.00,0.1000,-0.028007,0.016683,0.343342,0.244424,-0.012056,0.014644,0.969483,598
84.9823,inicio,True,40.3705,33.322,3.111,14.054,True,320,240,0,False,60.00,0.1000,-0.027254,0.016481,0.343935,0.244152,-0.013874,0.013321,0.969546,599
85.1160,inicio,True,40.5038,33.324,2.954,11.631,True,320,240,0,False,60.00,0.1000,-0.027274,0.016588,0.343763,0.244704,-0.010922,0.013069,0.969448,600
85.2493,inicio,True,40.6371,33.325,3.041,15.847,True,320,240,0,False,60.00,0.1000,-0.027462,0.017155,0.343320,0.243880,-0.012554,0.015128,0.969606,601
85.3829,inicio,True,40.7704,33.323,6.700,15.212,True,320,240,0,False,60.00,0.1000,-0.026049,0.017349,0.344166,0.243197,-0.012709,0.013713,0.969797,602
85.5162,inicio,True,40.9037,33.322,5.532,13.180,True,320,240,0,False,60.00,0.1000,-0.027097,0.017688,0.343138,0.242269,-0.014032,0.013136,0.970019,603
85.6494,inicio,True,41.0369,33.322,7.049,15.122,True,320,240,0,False,60.00,0.1000,-0.026777,0.018224,0.343191,0.242301,-0.011280,0.012971,0.970049,604
85.7826,inicio,True,41.1703,33.325,5.420,12.732,True,320,240,0,False,60.00,0.1000,-0.026084,0.017645,0.343910,0.241887,-0.017887,0.011733,0.970069,605
85.9161,inicio,True,41.3035,33.321,5.042,15.568,True,320,240,0,False,60.00,0.1000,-0.026838,0.018034,0.343770,0.240453,-0.016380,0.012686,0.970440,606
86.0497,inicio,True,41.4368,33.320,4.492,16.391,True,320,240,0,False,60.00,0.1000,-0.026089,0.017699,0.343900,0.241506,-0.019991,0.011476,0.970125,607
86.1824,inicio,True,41.5701,33.320,4.735,18.276,True,320,240,0,False,60.00,0.1000,-0.025435,0.019264,0.343030,0.241327,-0.013917,0.010431,0.970288,608
86.3155,inicio,True,41.7033,33.318,5.469,15.081,True,320,240,0,False,60.00,0.1000,-0.025472,0.019656,0.343117,0.239161,-0.015574,0.010236,0.970801,609
86.4489,inicio,True,41.8367,33.322,4.415,15.594,True,320,240,0,False,60.00,0.1000,-0.024756,0.019382,0.343588,0.237312,-0.020655,0.008941,0.971173,610
86.5823,inicio,True,41.9699,33.321,4.624,15.085,True,320,240,0,False,60.00,0.1000,-0.025014,0.019490,0.343470,0.238829,-0.019130,0.009204,0.970830,611
86.7154,inicio,True,42.1032,33.322,6.468,16.158,True,320,240,0,False,60.00,0.1000,-0.024144,0.019776,0.343485,0.241099,-0.019291,0.008672,0.970270,612
86.8486,inicio,True,42.2366,33.323,5.536,11.079,True,320,240,0,False,60.00,0.1000,-0.024025,0.019626,0.343545,0.241456,-0.012578,0.009037,0.970288,613
86.9821,inicio,True,42.3698,33.322,5.325,16.551,True,320,240,0,False,60.00,0.1000,-0.024313,0.019801,0.345716,0.238505,-0.017524,0.008607,0.970945,614
87.1157,inicio,True,42.5031,33.322,2.485,13.720,True,320,240,0,False,60.00,0.1000,-0.024007,0.019594,0.344397,0.241122,-0.014932,0.008392,0.970344,615
87.2488,inicio,True,42.6364,33.321,4.962,10.906,True,320,240,0,False,60.00,0.1000,-0.024233,0.019512,0.341559,0.242620,-0.015688,0.009471,0.969948,616
87.3818,inicio,True,42.7697,33.321,4.510,11.074,True,320,240,0,False,60.00,0.1000,-0.024047,0.019723,0.344088,0.241684,-0.022173,0.007691,0.970071,617
87.5153,inicio,True,42.9030,33.323,5.607,11.375,True,320,240,0,False,60.00,0.1000,-0.023735,0.019904,0.343790,0.243222,-0.011496,0.008606,0.969864,618
87.6158,inicio,True,43.0030,33.322,5.268,19.626,True,320,240,0,False,60.00,0.1000,-0.023594,0.020789,0.343382,0.241163,-0.013040,0.007320,0.970369,619
87.7480,inicio,True,43.1363,33.323,4.713,15.613,True,320,240,0,False,60.00,0.1000,-0.023741,0.020191,0.343653,0.242129,-0.008044,0.009434,0.970165,620
87.8487,inicio,True,43.2363,33.326,5.249,11.596,True,320,240,0,False,60.00,0.1000,-0.022454,0.021275,0.343317,0.240121,-0.018765,0.007814,0.970530,621
87.9822,inicio,True,43.3695,33.322,6.115,13.503,True,320,240,0,False,60.00,0.1000,-0.019394,0.023340,0.343616,0.241372,-0.014455,0.004833,0.970313,622
88.1165,inicio,True,43.5028,33.322,4.830,17.097,True,320,240,0,False,60.00,0.1000,-0.019184,0.023603,0.343471,0.240588,-0.006957,0.007400,0.970574,623
88.2484,inicio,True,43.6361,33.322,4.660,11.578,True,320,240,0,False,60.00,0.1000,-0.017797,0.024716,0.343434,0.236822,-0.010987,0.005660,0.971474,624
88.3826,inicio,True,43.7694,33.321,4.932,17.704,True,320,240,0,False,60.00,0.1000,-0.018297,0.024070,0.344248,0.234526,-0.010632,0.005038,0.972039,625
88.5151,inicio,True,43.9027,33.325,5.169,12.966,True,320,240,0,False,60.00,0.1000,-0.019342,0.025259,0.342419,0.238317,-0.009135,0.007265,0.971117,626
88.6483,inicio,True,44.0360,33.323,11.116,12.314,True,320,240,0,False,60.00,0.1000,-0.017091,0.024974,0.344155,0.236722,-0.009311,0.003171,0.971528,627
88.7812,inicio,True,44.1693,33.323,5.397,13.364,True,320,240,0,False,60.00,0.1000,-0.016692,0.024489,0.344734,0.233384,-0.013172,0.002861,0.972291,628
88.8819,inicio,True,44.2692,33.322,4.359,15.890,True,320,240,0,False,60.00,0.1000,-0.018482,0.022875,0.346481,0.236933,-0.008503,0.004573,0.971478,629
89.0145,inicio,True,44.4025,33.322,4.359,15.890,True,320,240,0,False,60.00,0.1000,-0.018482,0.022875,0.346481,0.236933,-0.008503,0.004573,0.971478,629
89.1479,inicio,True,44.5358,33.322,5.300,14.440,True,320,240,0,False,60.00,0.1000,-0.018024,0.022075,0.348582,0.239733,-0.008108,0.005117,0.970792,630
89.2809,inicio,True,44.6691,33.322,5.069,18.134,True,320,240,0,False,60.00,0.1000,-0.017336,0.023649,0.346455,0.239319,-0.007518,0.006524,0.970890,631
89.3810,inicio,True,44.7690,33.322,6.298,14.118,True,320,240,0,False,60.00,0.1000,-0.017038,0.023619,0.345104,0.238796,-0.000533,0.006376,0.971049,632
89.5147,inicio,True,44.9023,33.322,5.242,13.835,True,320,240,0,False,60.00,0.1000,-0.017647,0.023185,0.343903,0.236601,-0.002268,0.007976,0.971572,633
89.6477,inicio,True,45.0357,33.324,5.884,14.452,True,320,240,0,False,60.00,0.1000,-0.015663,0.023492,0.345094,0.240639,-0.004582,0.005483,0.970588,634
89.7478,inicio,True,45.1356,33.323,5.859,15.666,True,320,240,0,False,60.00,0.1000,-0.015452,0.024904,0.344619,0.234666,-0.006672,0.004676,0.972042,635
89.8811,inicio,True,45.2689,33.323,2.293,14.585,True,320,240,0,False,60.00,0.1000,-0.014517,0.024922,0.345013,0.237413,-0.009958,0.003375,0.971352,636
89.9812,inicio,True,45.3689,33.323,4.687,15.506,True,320,240,0,False,60.00,0.1000,-0.014610,0.025444,0.344861,0.240816,-0.003148,0.004269,0.970556,637
90.1146,inicio,True,45.5022,33.322,6.010,12.760,True,320,240,0,False,60.00,0.1000,-0.015257,0.025110,0.344350,0.238125,-0.002168,0.004494,0.971222,638
90.2474,inicio,True,45.6354,33.322,12.698,13.637,True,320,240,0,False,60.00,0.1000,-0.013964,0.025777,0.344382,0.234043,-0.001634,0.003598,0.972218,639
90.3476,inicio,True,45.7354,33.323,12.698,13.637,True,320,240,0,False,60.00,0.1000,-0.013964,0.025777,0.344382,0.234043,-0.001634,0.003598,0.972218,639
90.4484,inicio,True,45.8354,33.322,5.571,15.732,True,320,240,0,False,60.00,0.1000,-0.014208,0.025724,0.344713,0.235432,0.001016,0.003717,0.971883,640
90.5810,inicio,True,45.9687,33.322,4.240,12.890,True,320,240,0,False,60.00,0.1000,-0.013579,0.024304,0.344869,0.235110,-0.005387,0.003223,0.971949,642
90.7142,inicio,True,46.1019,33.321,5.404,14.667,True,320,240,0,False,60.00,0.1000,-0.013354,0.025179,0.344843,0.238729,-0.010138,0.003113,0.971028,643
90.8475,inicio,True,46.2352,33.322,4.914,17.814,True,320,240,0,False,60.00,0.1000,-0.012516,0.025677,0.344763,0.236650,0.000649,0.002278,0.971592,644
90.9816,inicio,True,46.3686,33.324,2.360,17.784,True,320,240,0,False,60.00,0.1000,-0.013183,0.025766,0.345121,0.233259,-0.008900,0.002135,0.972372,645
91.1136,inicio,True,46.5018,33.322,4.163,12.872,True,320,240,0,False,60.00,0.1000,-0.012501,0.025592,0.344969,0.238605,0.001852,0.002469,0.971112,646
91.2140,inicio,True,46.6018,33.322,4.163,12.872,True,320,240,0,False,60.00,0.1000,-0.012501,0.025592,0.344969,0.238605,0.001852,0.002469,0.971112,646
91.3146,inicio,True,46.7018,33.322,4.679,15.883,True,320,240,0,False,60.00,0.1000,-0.013847,0.025565,0.344161,0.238788,-0.000620,0.003397,0.971066,647
91.4470,inicio,True,46.8350,33.322,4.822,16.800,True,320,240,0,False,60.00,0.1000,-0.013898,0.024838,0.344446,0.235723,-0.004689,0.002404,0.971806,648
91.5808,inicio,True,46.9684,33.325,6.124,17.658,True,320,240,0,False,60.00,0.1000,-0.014320,0.024632,0.344640,0.233417,-0.010223,0.002078,0.972321,649
91.7146,inicio,True,47.1017,33.323,2.650,15.376,True,320,240,0,False,60.00,0.1000,-0.013860,0.024841,0.344312,0.238741,-0.008116,0.000800,0.971049,650
91.8470,inicio,True,47.2349,33.323,4.915,14.804,True,320,240,0,False,60.00,0.1000,-0.013586,0.025220,0.345151,0.237392,-0.004509,0.002655,0.971400,652
91.9801,inicio,True,47.3682,33.323,7.040,18.887,True,320,240,0,False,60.00,0.1000,-0.013117,0.025112,0.344696,0.240275,-0.008574,0.001008,0.970666,653
92.1142,inicio,True,47.5015,33.322,4.565,17.597,True,320,240,0,False,60.00,0.1000,-0.013025,0.025143,0.344643,0.238577,-0.005502,0.001058,0.971107,654
92.2465,inicio,True,47.6348,33.323,7.513,16.132,True,320,240,0,False,60.00,0.1000,-0.013731,0.025138,0.344658,0.237863,-0.006394,0.001508,0.971277,655
92.3466,inicio,True,47.7347,33.322,7.513,16.132,True,320,240,0,False,60.00,0.1000,-0.013731,0.025138,0.344658,0.237863,-0.006394,0.001508,0.971277,655
92.4798,inicio,True,47.8680,33.322,4.334,14.920,True,320,240,0,False,60.00,0.1000,-0.013061,0.025878,0.343994,0.234584,-0.008693,0.000196,0.972057,657
92.5801,inicio,True,47.9680,33.323,4.206,13.367,True,320,240,0,False,60.00,0.1000,-0.013549,0.025437,0.344684,0.239440,-0.001110,0.002083,0.970908,658
92.6803,inicio,True,48.0680,33.323,4.952,19.299,True,320,240,0,False,60.00,0.1000,-0.013250,0.025413,0.344656,0.240514,-0.003938,0.001401,0.970637,659
92.8136,inicio,True,48.2013,33.323,5.603,14.683,True,320,240,0,False,60.00,0.1000,-0.012683,0.025819,0.344636,0.234932,-0.002164,0.000888,0.972009,660
92.9138,inicio,True,48.3012,33.322,5.080,18.091,True,320,240,0,False,60.00,0.1000,-0.013102,0.025525,0.344599,0.238419,-0.006123,0.000835,0.971143,661
93.0467,inicio,True,48.4345,33.322,4.463,12.956,True,320,240,0,False,60.00,0.1000,-0.013040,0.025378,0.344648,0.240160,-0.005942,0.000801,0.970715,662
93.1821,inicio,True,48.5678,33.323,4.760,11.759,True,320,240,0,False,60.00,0.1000,-0.012505,0.025636,0.344919,0.237231,-0.003004,0.001395,0.971448,663
93.3130,inicio,True,48.7011,33.322,5.832,16.695,True,320,240,0,False,60.00,0.1000,-0.012417,0.026077,0.344573,0.232592,0.000521,0.001356,0.972573,665
93.4464,inicio,True,48.8344,33.323,4.365,13.545,True,320,240,0,False,60.00,0.1000,-0.012488,0.025646,0.344932,0.236513,-0.000565,0.001178,0.971627,666
93.5795,inicio,True,48.9677,33.322,5.725,11.882,True,320,240,0,False,60.00,0.1000,-0.012642,0.025535,0.345008,0.236837,-0.002527,0.000754,0.971546,667
93.7130,inicio,True,49.1010,33.322,5.596,16.567,True,320,240,0,False,60.00,0.1000,-0.011967,0.025414,0.345523,0.239689,-0.006033,0.001352,0.970830,668
93.8467,inicio,True,49.2343,33.322,1.921,14.177,True,320,240,0,False,60.00,0.1000,-0.012340,0.025606,0.345282,0.237811,0.000516,0.000920,0.971311,669
93.9795,inicio,True,49.3675,33.322,4.586,13.283,True,320,240,0,False,60.00,0.1000,-0.011929,0.026243,0.344946,0.233232,-0.006340,-0.000556,0.972400,670
94.0799,inicio,True,49.4675,33.322,4.819,13.352,True,320,240,0,False,60.00,0.1000,-0.013008,0.026952,0.344207,0.239343,-0.005669,0.001096,0.970918,671
94.2126,inicio,True,49.6008,33.324,4.970,13.345,True,320,240,0,False,60.00,0.1000,-0.013154,0.026863,0.344061,0.239165,-0.004785,0.001307,0.970966,672
94.3150,inicio,True,49.7008,33.323,5.211,16.332,True,320,240,0,False,60.00,0.1000,-0.013611,0.026270,0.344651,0.230991,-0.005615,0.001363,0.972939,673
94.4459,inicio,True,49.8341,33.322,5.644,14.085,True,320,240,0,False,60.00,0.1000,-0.012946,0.026749,0.344620,0.236273,-0.004141,0.000027,0.971678,675
94.5460,inicio,True,49.9341,33.323,4.940,15.017,True,320,240,0,False,60.00,0.1000,-0.012860,0.026153,0.344799,0.234089,0.000305,0.001846,0.972213,676
94.6791,inicio,True,50.0673,33.322,5.702,13.505,True,320,240,0,False,60.00,0.1000,-0.012835,0.025250,0.345534,0.237451,-0.005967,0.000942,0.971381,677
94.8128,inicio,True,50.2006,33.321,4.389,12.916,True,320,240,0,False,60.00,0.1000,-0.014593,0.026145,0.344030,0.237279,-0.009345,0.002875,0.971392,679
94.9457,inicio,True,50.3339,33.323,5.149,12.534,True,320,240,0,False,60.00,0.1000,-0.012799,0.028249,0.342815,0.235475,-0.006229,0.002147,0.971858,680
95.0458,inicio,True,50.4339,33.323,4.653,18.523,True,320,240,0,False,60.00,0.1000,-0.007769,0.032912,0.342313,0.231394,-0.004182,-0.001635,0.972850,681
95.1793,inicio,True,50.5672,33.322,4.172,13.132,True,320,240,0,False,60.00,0.1000,-0.009574,0.030977,0.342350,0.228688,0.001061,-0.000353,0.973499,682
95.3124,inicio,True,50.7004,33.322,5.088,11.398,True,320,240,0,False,60.00,0.1000,-0.012093,0.029324,0.343442,0.228373,-0.001422,0.004536,0.973562,683
95.4456,inicio,True,50.8337,33.322,2.232,15.660,True,320,240,0,False,60.00,0.1000,-0.011579,0.031018,0.343531,0.229359,-0.000212,0.007479,0.973313,685
95.5460,inicio,True,50.9337,33.322,4.657,14.399,True,320,240,0,False,60.00,0.1000,-0.009648,0.033291,0.343643,0.225997,0.007522,0.008500,0.974062,686
95.6463,inicio,True,51.0337,33.323,4.657,14.399,True,320,240,0,False,60.00,0.1000,-0.009648,0.033291,0.343643,0.225997,0.007522,0.008500,0.974062,686
95.7790,inicio,True,51.1670,33.323,5.167,13.893,True,320,240,0,False,60.00,0.1000,-0.010832,0.032399,0.345424,0.226023,0.005504,0.009181,0.974063,688
95.9126,inicio,True,51.3003,33.323,2.299,16.877,True,320,240,0,False,60.00,0.1000,-0.010483,0.033219,0.346654,0.225300,0.007868,0.009879,0.974208,689
96.0456,inicio,True,51.4335,33.322,4.812,13.336,True,320,240,0,False,60.00,0.1000,-0.009730,0.033320,0.345935,0.224275,0.006772,0.009932,0.974452,690
96.1793,inicio,True,51.5668,33.322,5.324,16.914,True,320,240,0,False,60.00,0.1000,-0.010764,0.032552,0.345022,0.224891,0.007455,0.009406,0.974310,691
96.3119,inicio,True,51.7001,33.322,4.365,14.319,True,320,240,0,False,60.00,0.1000,-0.011396,0.030450,0.341596,0.227470,0.007526,0.010620,0.973698,693
96.4457,inicio,True,51.8334,33.322,4.255,12.538,True,320,240,0,False,60.00,0.1000,-0.011290,0.031242,0.345132,0.226979,0.007026,0.009993,0.973823,694
96.5811,inicio,True,51.9668,33.325,6.458,15.414,True,320,240,0,False,60.00,0.1000,-0.011656,0.031525,0.344659,0.226396,0.008174,0.009698,0.973953,695
96.7121,inicio,True,52.1000,33.323,2.279,11.715,True,320,240,0,False,60.00,0.1000,-0.012194,0.029832,0.345566,0.227030,0.008942,0.011657,0.973777,696
96.8452,inicio,True,52.2333,33.323,6.501,17.993,True,320,240,0,False,60.00,0.1000,-0.011877,0.030657,0.346124,0.226911,0.006788,0.012576,0.973811,698
96.9458,inicio,True,52.3333,33.322,2.344,14.805,True,320,240,0,False,60.00,0.1000,-0.009503,0.029221,0.348853,0.227669,0.009553,0.012159,0.973616,699
97.0470,inicio,True,52.4332,33.322,2.344,14.805,True,320,240,0,False,60.00,0.1000,-0.009503,0.029221,0.348853,0.227669,0.009553,0.012159,0.973616,699
97.1784,inicio,True,52.5665,33.323,5.558,18.748,True,320,240,0,False,60.00,0.1000,-0.010066,0.028176,0.349553,0.228402,0.015949,0.013134,0.973348,700
97.3122,inicio,True,52.6998,33.323,4.207,19.720,True,320,240,0,False,60.00,0.1000,-0.010079,0.027068,0.350508,0.229938,0.014848,0.014437,0.972985,701
97.4122,inicio,True,52.7998,33.322,4.739,12.464,True,320,240,0,False,60.00,0.1000,-0.010546,0.027169,0.350964,0.229776,0.012872,0.014412,0.973052,703
97.5456,inicio,True,52.9331,33.322,2.266,13.283,True,320,240,0,False,60.00,0.1000,-0.011101,0.027473,0.350528,0.228460,0.012656,0.014222,0.973367,704
97.6786,inicio,True,53.0664,33.323,4.940,18.236,True,320,240,0,False,60.00,0.1000,-0.011739,0.027550,0.349704,0.229285,0.011004,0.015224,0.973178,705
97.8119,inicio,True,53.1996,33.322,4.676,13.731,True,320,240,0,False,60.00,0.1000,-0.011688,0.027823,0.349494,0.229178,0.011253,0.014461,0.973212,707
97.9119,inicio,True,53.2996,33.322,4.676,13.731,True,320,240,0,False,60.00,0.1000,-0.011688,0.027823,0.349494,0.229178,0.011253,0.014461,0.973212,707
98.0463,inicio,True,53.4329,33.322,4.180,17.017,True,320,240,0,False,60.00,0.1000,-0.011081,0.027844,0.349732,0.229063,0.011498,0.013737,0.973247,708
98.1782,inicio,True,53.5662,33.322,6.508,13.671,True,320,240,0,False,60.00,0.1000,-0.011845,0.027719,0.349079,0.228924,0.010512,0.015240,0.973268,710
98.2782,inicio,True,53.6662,33.322,2.360,16.248,True,320,240,0,False,60.00,0.1000,-0.011662,0.028116,0.349221,0.229001,0.011818,0.015316,0.973234,711
98.4114,inicio,True,53.7995,33.324,7.115,12.310,True,320,240,0,False,60.00,0.1000,-0.011410,0.028600,0.349130,0.227481,0.013402,0.014855,0.973577,713
98.5115,inicio,True,53.8994,33.323,7.115,12.310,True,320,240,0,False,60.00,0.1000,-0.011410,0.028600,0.349130,0.227481,0.013402,0.014855,0.973577,713
98.6446,inicio,True,54.0327,33.322,5.145,15.637,True,320,240,0,False,60.00,0.1000,-0.011889,0.028779,0.348619,0.228161,0.008619,0.015571,0.973461,715
98.7778,inicio,True,54.1660,33.322,4.485,12.393,True,320,240,0,False,60.00,0.1000,-0.011927,0.029397,0.348858,0.226576,0.009279,0.014653,0.973839,716
98.8779,inicio,True,54.2660,33.322,5.298,13.270,True,320,240,0,False,60.00,0.1000,-0.011875,0.029254,0.348510,0.227062,0.008440,0.015623,0.973719,717
98.9781,inicio,True,54.3659,33.323,4.707,16.420,True,320,240,0,False,60.00,0.1000,-0.012322,0.028960,0.348232,0.227602,0.009422,0.015487,0.973585,718
99.1114,inicio,True,54.4992,33.323,2.595,12.288,True,320,240,0,False,60.00,0.1000,-0.013220,0.029476,0.347515,0.227745,0.009412,0.016383,0.973537,719
99.2449,inicio,True,54.6325,33.323,4.874,10.879,True,320,240,0,False,60.00,0.1000,-0.012353,0.030438,0.347385,0.225944,0.009836,0.015429,0.973968,720
99.3451,inicio,True,54.7325,33.322,2.162,16.549,True,320,240,0,False,60.00,0.1000,-0.011738,0.030899,0.346981,0.225713,0.012005,0.014161,0.974017,722
99.4474,inicio,True,54.8325,33.323,2.162,16.549,True,320,240,0,False,60.00,0.1000,-0.011738,0.030899,0.346981,0.225713,0.012005,0.014161,0.974017,722
99.5781,inicio,True,54.9657,33.322,6.608,21.067,True,320,240,0,False,60.00,0.1000,-0.012467,0.030205,0.347330,0.226644,0.008960,0.015517,0.973813,723
99.7115,inicio,True,55.0990,33.322,4.835,14.711,True,320,240,0,False,60.00,0.1000,-0.011479,0.030830,0.347863,0.226104,0.007617,0.014483,0.973966,725
99.8444,inicio,True,55.2323,33.322,4.995,12.904,True,320,240,0,False,60.00,0.1000,-0.011638,0.031191,0.347052,0.226457,0.010853,0.015055,0.973844,726
99.9444,inicio,True,55.3323,33.322,5.095,13.588,True,320,240,0,False,60.00,0.1000,-0.011661,0.031674,0.346632,0.225803,0.009031,0.015489,0.974008,727
100.0447,inicio,True,55.4323,33.323,4.639,14.224,True,320,240,0,False,60.00,0.1000,-0.011144,0.032188,0.346568,0.224268,0.010077,0.013309,0.974384,728
100.1773,inicio,True,55.5655,33.322,4.865,15.398,True,320,240,0,False,60.00,0.1000,-0.012001,0.032124,0.346595,0.222908,0.009321,0.013759,0.974698,729
100.2773,inicio,True,55.6655,33.323,6.628,15.201,True,320,240,0,False,60.00,0.1000,-0.013078,0.031478,0.346022,0.224083,0.010175,0.015614,0.974392,730
100.3776,inicio,True,55.7655,33.323,2.401,14.032,True,320,240,0,False,60.00,0.1000,-0.012858,0.030820,0.347157,0.224421,0.009693,0.015284,0.974324,731
100.5108,inicio,True,55.8988,33.323,5.078,16.613,True,320,240,0,False,60.00,0.1000,-0.012524,0.030589,0.346959,0.225281,0.012173,0.014788,0.974106,732
100.6445,inicio,True,56.0321,33.323,2.693,14.788,True,320,240,0,False,60.00,0.1000,-0.012417,0.030942,0.346743,0.226417,0.013231,0.014822,0.973828,734
100.7782,inicio,True,56.1654,33.323,2.899,13.953,True,320,240,0,False,60.00,0.1000,-0.012976,0.030974,0.346665,0.225338,0.012975,0.015121,0.974077,735
100.9110,inicio,True,56.2986,33.323,5.264,14.310,True,320,240,0,False,60.00,0.1000,-0.012172,0.030624,0.347682,0.224400,0.012582,0.014219,0.974312,737
101.0440,inicio,True,56.4319,33.323,5.215,18.790,True,320,240,0,False,60.00,0.1000,-0.012863,0.030074,0.347437,0.225960,0.012616,0.014871,0.973941,738
101.1772,inicio,True,56.5652,33.322,2.413,13.788,True,320,240,0,False,60.00,0.1000,-0.013466,0.030080,0.347040,0.226054,0.012668,0.015526,0.973909,739
101.2772,inicio,True,56.6652,33.322,2.469,15.711,True,320,240,0,False,60.00,0.1000,-0.012668,0.029294,0.348004,0.225240,0.012477,0.014686,0.974113,740
101.4103,inicio,True,56.7985,33.323,4.719,17.812,True,320,240,0,False,60.00,0.1000,-0.013214,0.029507,0.347665,0.226710,0.011629,0.016132,0.973759,741
101.5106,inicio,True,56.8984,33.322,3.586,10.849,True,320,240,0,False,60.00,0.1000,-0.012955,0.029630,0.347834,0.226227,0.012331,0.015762,0.973869,742
101.6442,inicio,True,57.0317,33.323,6.372,15.688,True,320,240,0,False,60.00,0.1000,-0.013136,0.029302,0.348023,0.226259,0.010494,0.016163,0.973876,743
101.7772,inicio,True,57.1651,33.324,4.826,13.832,True,320,240,0,False,60.00,0.1000,-0.013796,0.029394,0.347438,0.225882,0.013355,0.016612,0.973921,744
101.9101,inicio,True,57.2983,33.323,4.859,16.618,True,320,240,0,False,60.00,0.1000,-0.013020,0.028711,0.348179,0.227773,0.011699,0.015406,0.973522,746
102.0103,inicio,True,57.3983,33.323,2.305,16.089,True,320,240,0,False,60.00,0.1000,-0.012468,0.029430,0.348368,0.226822,0.010876,0.014779,0.973763,747
102.1436,inicio,True,57.5316,33.321,5.087,11.147,True,320,240,0,False,60.00,0.1000,-0.011351,0.029565,0.348296,0.228848,0.012748,0.013515,0.973285,749
102.2439,inicio,True,57.6315,33.321,5.087,11.147,True,320,240,0,False,60.00,0.1000,-0.011351,0.029565,0.348296,0.228848,0.012748,0.013515,0.973285,749
102.3771,inicio,True,57.7648,33.321,5.168,15.255,True,320,240,0,False,60.00,0.1000,-0.012354,0.030185,0.347439,0.227075,0.013137,0.013682,0.973693,750
102.5102,inicio,True,57.8981,33.322,4.810,14.307,True,320,240,0,False,60.00,0.1000,-0.011353,0.029470,0.348339,0.227930,0.010608,0.012612,0.973538,752
102.6437,inicio,True,58.0314,33.322,5.638,17.010,True,320,240,0,False,60.00,0.1000,-0.011939,0.029521,0.348000,0.227208,0.012524,0.012676,0.973683,753
102.7766,inicio,True,58.1647,33.324,2.771,16.435,True,320,240,0,False,60.00,0.1000,-0.012565,0.029530,0.347858,0.227558,0.012257,0.013906,0.973588,754
102.9097,inicio,True,58.2980,33.323,4.546,13.339,True,320,240,0,False,60.00,0.1000,-0.012318,0.029418,0.348260,0.228140,0.010995,0.012117,0.973491,755
103.0099,inicio,True,58.3980,33.322,4.808,17.231,True,320,240,0,False,60.00,0.1000,-0.012944,0.029726,0.347328,0.228329,0.013140,0.013025,0.973408,756
103.1430,inicio,True,58.5312,33.322,5.031,12.862,True,320,240,0,False,60.00,0.1000,-0.012631,0.028737,0.348125,0.228247,0.009883,0.012443,0.973474,757
103.2438,inicio,True,58.6312,33.322,5.421,15.610,True,320,240,0,False,60.00,0.1000,-0.013661,0.028818,0.347822,0.228631,0.008268,0.012894,0.973393,758
103.3762,inicio,True,58.7645,33.322,2.122,15.867,True,320,240,0,False,60.00,0.1000,-0.013358,0.028673,0.347835,0.229149,0.006644,0.013298,0.973278,759
103.4766,inicio,True,58.8645,33.323,4.709,18.678,True,320,240,0,False,60.00,0.1000,-0.013212,0.029100,0.347902,0.228876,0.005745,0.012111,0.973363,760
103.6100,inicio,True,58.9978,33.323,2.398,15.295,True,320,240,0,False,60.00,0.1000,-0.012952,0.031664,0.346322,0.226565,0.008305,0.010655,0.973903,762
103.7431,inicio,True,59.1311,33.323,5.390,20.725,True,320,240,0,False,60.00,0.1000,-0.015644,0.029385,0.345740,0.225656,0.006607,0.009649,0.974137,763
103.8434,inicio,True,59.2310,33.322,2.684,12.274,True,320,240,0,False,60.00,0.1000,-0.017960,0.026998,0.346393,0.231897,0.002549,0.010451,0.972681,764
103.9762,inicio,True,59.3643,33.322,5.228,12.454,True,320,240,0,False,60.00,0.1000,-0.018105,0.025358,0.347680,0.232811,0.002092,0.011835,0.972448,765
104.0766,inicio,True,59.4643,33.322,4.338,10.981,True,320,240,0,False,60.00,0.1000,-0.018078,0.025617,0.347328,0.234471,0.002594,0.011656,0.972050,766
104.2106,inicio,True,59.5976,33.322,5.491,15.509,True,320,240,0,False,60.00,0.1000,-0.018087,0.025607,0.346843,0.235322,0.002098,0.010526,0.971858,767
104.3428,inicio,True,59.7308,33.322,3.705,13.042,True,320,240,0,False,60.00,0.1000,-0.018577,0.027858,0.345681,0.232843,0.000286,0.010524,0.972457,768
104.4766,inicio,True,59.8642,33.325,5.316,14.497,True,320,240,0,False,60.00,0.1000,-0.017213,0.028888,0.345046,0.232593,0.003667,0.008588,0.972529,770
104.6093,inicio,True,59.9975,33.326,5.015,12.010,True,320,240,0,False,60.00,0.1000,-0.017895,0.029018,0.344456,0.230484,-0.003201,0.007952,0.973038,771
104.7094,inicio,True,60.0974,33.323,5.001,14.579,True,320,240,0,False,60.00,0.1000,-0.017276,0.029827,0.344354,0.233052,-0.002558,0.007674,0.972431,772
104.8095,inicio,True,60.1974,33.323,4.248,12.827,True,320,240,0,False,60.00,0.1000,-0.018061,0.030179,0.343602,0.232747,0.001080,0.008805,0.972497,773
104.9425,inicio,True,60.3307,33.323,5.804,12.446,True,320,240,0,False,60.00,0.1000,-0.018882,0.030187,0.343316,0.232811,0.000482,0.008737,0.972483,774
105.0436,inicio,True,60.4307,33.324,6.256,15.999,True,320,240,0,False,60.00,0.1000,-0.017458,0.030663,0.343230,0.230860,-0.003744,0.006070,0.972961,775
105.1761,inicio,True,60.5640,33.323,2.342,11.371,True,320,240,0,False,60.00,0.1000,-0.017905,0.030658,0.343191,0.230133,-0.007950,0.006069,0.973108,776
105.3090,inicio,True,60.6972,33.320,5.323,18.422,True,320,240,0,False,60.00,0.1000,-0.018955,0.029623,0.343518,0.230638,-0.002902,0.007487,0.973007,777
105.4099,inicio,True,60.7972,33.320,2.907,15.855,True,320,240,0,False,60.00,0.1000,-0.018758,0.028451,0.343963,0.235703,-0.001820,0.008130,0.971790,779
105.5425,inicio,True,60.9305,33.324,2.956,14.519,True,320,240,0,False,60.00,0.1000,-0.019305,0.028710,0.343738,0.234736,0.000409,0.008047,0.972026,780
105.6759,inicio,True,61.0638,33.323,5.570,12.825,True,320,240,0,False,60.00,0.1000,-0.018506,0.028354,0.344450,0.235727,-0.003733,0.006737,0.971789,782
105.7762,inicio,True,61.1637,33.322,5.570,12.825,True,320,240,0,False,60.00,0.1000,-0.018506,0.028354,0.344450,0.235727,-0.003733,0.006737,0.971789,782
105.9094,inicio,True,61.2970,33.322,4.900,11.953,True,320,240,0,False,60.00,0.1000,-0.019056,0.028076,0.344591,0.232992,-0.001819,0.007223,0.972450,784
106.0429,inicio,True,61.4303,33.323,5.807,20.082,True,320,240,0,False,60.00,0.1000,-0.018497,0.028183,0.344786,0.234466,-0.010783,0.006230,0.972045,785
106.1756,inicio,True,61.5636,33.322,2.862,12.168,True,320,240,0,False,60.00,0.1000,-0.018634,0.028168,0.345123,0.232267,-0.004717,0.006708,0.972617,786
106.2760,inicio,True,61.6635,33.321,4.810,12.650,True,320,240,0,False,60.00,0.1000,-0.017824,0.028888,0.344392,0.233740,0.001449,0.007217,0.972271,788
106.3765,inicio,True,61.7636,33.323,4.810,12.650,True,320,240,0,False,60.00,0.1000,-0.017824,0.028888,0.344392,0.233740,0.001449,0.007217,0.972271,788
106.5089,inicio,True,61.8968,33.322,5.340,12.716,True,320,240,0,False,60.00,0.1000,-0.018356,0.028467,0.344867,0.235487,-0.002995,0.007560,0.971843,790
106.6108,inicio,True,61.9968,33.321,5.449,18.838,True,320,240,0,False,60.00,0.1000,-0.017905,0.028777,0.344886,0.234041,-0.000835,0.005876,0.972209,791
106.7422,inicio,True,62.1301,33.322,2.914,14.775,True,320,240,0,False,60.00,0.1000,-0.017959,0.028018,0.344976,0.232231,-0.008649,0.005627,0.972606,792
106.8429,inicio,True,62.2300,33.321,2.914,14.775,True,320,240,0,False,60.00,0.1000,-0.017959,0.028018,0.344976,0.232231,-0.008649,0.005627,0.972606,792
106.9756,inicio,True,62.3633,33.323,5.361,15.701,True,320,240,0,False,60.00,0.1000,-0.017433,0.027727,0.345620,0.232297,-0.001022,0.006453,0.972623,793
107.1086,inicio,True,62.4966,33.322,5.085,16.280,True,320,240,0,False,60.00,0.1000,-0.017737,0.028172,0.344294,0.235485,-0.005029,0.006403,0.971844,795
107.2419,inicio,True,62.6299,33.321,3.064,20.745,True,320,240,0,False,60.00,0.1000,-0.017481,0.027580,0.345383,0.231928,0.000596,0.006132,0.972714,796
107.3751,inicio,True,62.7632,33.322,4.887,19.880,True,320,240,0,False,60.00,0.1000,-0.018039,0.027250,0.345201,0.234486,-0.001301,0.006611,0.972096,797
107.4754,inicio,True,62.8632,33.322,2.268,11.960,True,320,240,0,False,60.00,0.1000,-0.016667,0.027996,0.345348,0.233404,-0.002909,0.004912,0.972363,799
107.5757,inicio,True,62.9631,33.322,2.594,12.160,True,320,240,0,False,60.00,0.1000,-0.016278,0.028431,0.344948,0.236627,-0.002105,0.005757,0.971581,800
107.6763,inicio,True,63.0631,33.322,6.369,16.876,True,320,240,0,False,60.00,0.1000,-0.016442,0.028479,0.345767,0.233368,-0.001420,0.006706,0.972364,801
107.8082,inicio,True,63.1964,33.322,2.070,15.304,True,320,240,0,False,60.00,0.1000,-0.015856,0.028460,0.346004,0.234051,-0.008163,0.005183,0.972176,802
107.9086,inicio,True,63.2964,33.322,4.844,16.974,True,320,240,0,False,60.00,0.1000,-0.015826,0.029202,0.345764,0.230403,0.002266,0.005532,0.973077,803
108.0417,inicio,True,63.4297,33.323,3.341,15.624,True,320,240,0,False,60.00,0.1000,-0.015668,0.029832,0.344689,0.232276,0.000749,0.005578,0.972634,804
108.1751,inicio,True,63.5629,33.323,5.063,16.554,True,320,240,0,False,60.00,0.1000,-0.015135,0.029641,0.345576,0.230446,-0.005370,0.004006,0.973062,805
108.3082,inicio,True,63.6962,33.322,5.610,15.388,True,320,240,0,False,60.00,0.1000,-0.016130,0.029620,0.344842,0.229615,-0.004154,0.004837,0.973261,806
108.4417,inicio,True,63.8295,33.322,2.316,15.231,True,320,240,0,False,60.00,0.1000,-0.016794,0.028806,0.345111,0.236618,0.000350,0.005887,0.971585,807
108.5749,inicio,True,63.9628,33.322,5.004,15.392,True,320,240,0,False,60.00,0.1000,-0.016442,0.028350,0.346024,0.232784,-0.005738,0.005198,0.972498,808
108.6755,inicio,True,64.0628,33.323,2.678,13.103,True,320,240,0,False,60.00,0.1000,-0.016584,0.028278,0.345557,0.233966,-0.007873,0.005391,0.972198,810
108.8078,inicio,True,64.1961,33.322,5.241,18.129,True,320,240,0,False,60.00,0.1000,-0.015469,0.029063,0.345205,0.232459,0.003878,0.004626,0.972588,811
108.9081,inicio,True,64.2960,33.323,4.566,16.589,True,320,240,0,False,60.00,0.1000,-0.014675,0.028723,0.345608,0.234562,0.001851,0.004282,0.972090,812
109.0097,inicio,True,64.3960,33.322,4.559,15.013,True,320,240,0,False,60.00,0.1000,-0.016918,0.028452,0.345071,0.235824,-0.001452,0.005987,0.971776,813
109.1418,inicio,True,64.5294,33.326,2.378,14.923,True,320,240,0,False,60.00,0.1000,-0.016123,0.030229,0.344568,0.232483,0.001868,0.005569,0.972583,814
109.2747,inicio,True,64.6627,33.325,5.557,15.579,True,320,240,0,False,60.00,0.1000,-0.016021,0.030666,0.344113,0.230072,0.002665,0.005191,0.973156,815
109.4080,inicio,True,64.7959,33.322,5.248,16.991,True,320,240,0,False,60.00,0.1000,-0.015988,0.028891,0.345634,0.231582,0.004360,0.006366,0.972785,816
109.5082,inicio,True,64.8958,33.321,5.248,16.991,True,320,240,0,False,60.00,0.1000,-0.015988,0.028891,0.345634,0.231582,0.004360,0.006366,0.972785,816
109.6416,inicio,True,65.0291,33.321,3.238,15.309,True,320,240,0,False,60.00,0.1000,-0.016681,0.027386,0.346522,0.235785,0.005447,0.006651,0.971767,817
109.7741,inicio,True,65.1624,33.321,3.026,14.683,True,320,240,0,False,60.00,0.1000,-0.015281,0.028884,0.347946,0.234770,-0.004156,0.005083,0.972029,819
109.8743,inicio,True,65.2624,33.323,5.345,17.457,True,320,240,0,False,60.00,0.1000,-0.015765,0.028620,0.346180,0.233947,-0.002031,0.006030,0.972229,820
109.9745,inicio,True,65.3624,33.323,3.492,13.532,True,320,240,0,False,60.00,0.1000,-0.015563,0.028114,0.344981,0.232236,-0.001056,0.005814,0.972642,821
110.1078,inicio,True,65.4957,33.323,2.330,13.550,True,320,240,0,False,60.00,0.1000,-0.015371,0.027614,0.342811,0.231490,-0.002383,0.005735,0.972817,822
110.2408,inicio,True,65.6289,33.323,5.338,14.292,True,320,240,0,False,60.00,0.1000,-0.014505,0.026968,0.347515,0.234992,-0.002929,0.004950,0.971980,824
110.3410,inicio,True,65.7289,33.322,2.558,16.136,True,320,240,0,False,60.00,0.1000,-0.014660,0.026723,0.348338,0.235611,0.004058,0.005521,0.971823,825
110.4741,inicio,True,65.8622,33.321,6.746,13.020,True,320,240,0,False,60.00,0.1000,-0.014689,0.026891,0.347355,0.236789,-0.002280,0.004415,0.971549,826
110.6078,inicio,True,65.9956,33.330,5.699,14.353,True,320,240,0,False,60.00,0.1000,-0.013475,0.027257,0.347279,0.233517,0.004910,0.004240,0.972331,828
110.7080,inicio,True,66.0955,33.324,2.431,14.267,True,320,240,0,False,60.00,0.1000,-0.013036,0.026937,0.347997,0.236095,0.000006,0.004055,0.971722,829
110.8416,inicio,True,66.2287,33.322,5.362,19.329,True,320,240,0,False,60.00,0.1000,-0.014361,0.026984,0.347766,0.234110,-0.000464,0.004659,0.972199,830
110.9741,inicio,True,66.3621,33.323,5.263,17.201,True,320,240,0,False,60.00,0.1000,-0.014858,0.026434,0.348024,0.234898,0.006824,0.007390,0.971968,831
111.0746,inicio,True,66.4620,33.322,2.907,13.409,True,320,240,0,False,60.00,0.1000,-0.012865,0.025668,0.349693,0.236595,0.002970,0.005266,0.971590,833
111.2072,inicio,True,66.5953,33.321,5.208,15.706,True,320,240,0,False,60.00,0.1000,-0.012042,0.025652,0.350325,0.235183,0.008926,0.005920,0.971892,834
111.3406,inicio,True,66.7286,33.323,5.054,14.063,True,320,240,0,False,60.00,0.1000,-0.012986,0.026116,0.349296,0.234921,0.011060,0.008032,0.971918,835
111.4739,inicio,True,66.8619,33.322,2.949,13.588,True,320,240,0,False,60.00,0.1000,-0.013052,0.023004,0.349287,0.236308,0.011663,0.009932,0.971557,837
111.6074,inicio,True,66.9952,33.323,2.346,13.560,True,320,240,0,False,60.00,0.1000,-0.014109,0.020408,0.350212,0.234815,0.009783,0.013037,0.971903,838
111.7404,inicio,True,67.1284,33.321,5.896,17.031,True,320,240,0,False,60.00,0.1000,-0.013585,0.017100,0.352374,0.243178,0.012016,0.012185,0.969831,839
111.8418,inicio,True,67.2284,33.323,5.444,20.601,True,320,240,0,False,60.00,0.1000,-0.016467,0.018522,0.350795,0.243118,0.009179,0.012097,0.969878,840
111.9737,inicio,True,67.3617,33.322,2.720,13.456,True,320,240,0,False,60.00,0.1000,-0.015427,0.017493,0.351242,0.245530,0.007995,0.012578,0.969275,842
112.0745,inicio,True,67.4617,33.323,5.776,11.576,True,320,240,0,False,60.00,0.1000,-0.016278,0.021681,0.348892,0.239339,0.008922,0.009239,0.970851,843
112.2075,inicio,True,67.5950,33.322,5.323,16.452,True,320,240,0,False,60.00,0.1000,-0.015181,0.019528,0.350573,0.241599,0.007566,0.011118,0.970283,844
112.3406,inicio,True,67.7282,33.321,2.460,13.073,True,320,240,0,False,60.00,0.1000,-0.011013,0.021227,0.350921,0.243749,0.008222,0.006517,0.969782,845
112.4409,inicio,True,67.8283,33.324,2.460,13.073,True,320,240,0,False,60.00,0.1000,-0.011013,0.021227,0.350921,0.243749,0.008222,0.006517,0.969782,845
112.5742,inicio,True,67.9615,33.322,5.812,18.404,True,320,240,0,False,60.00,0.1000,-0.011093,0.024044,0.349135,0.238150,0.002587,0.004757,0.971213,846
112.7067,inicio,True,68.0948,33.322,3.032,17.499,True,320,240,0,False,60.00,0.1000,-0.011363,0.023449,0.350214,0.238205,0.009151,0.005460,0.971156,847
112.8069,inicio,True,68.1948,33.323,2.719,14.299,True,320,240,0,False,60.00,0.1000,-0.012692,0.020238,0.352874,0.240679,0.008409,0.007675,0.970538,848
112.9402,inicio,True,68.3281,33.323,4.901,16.865,True,320,240,0,False,60.00,0.1000,-0.011720,0.020254,0.354722,0.243019,0.007647,0.007226,0.969964,849
113.0402,inicio,True,68.4280,33.323,4.169,13.300,True,320,240,0,False,60.00,0.1000,-0.011644,0.020294,0.353443,0.244465,0.009766,0.006246,0.969589,850
113.1403,inicio,True,68.5280,33.323,6.182,10.901,True,320,240,0,False,60.00,0.1000,-0.012563,0.020056,0.353264,0.242640,0.008078,0.007328,0.970055,851
113.2733,inicio,True,68.6613,33.322,6.152,11.153,True,320,240,0,False,60.00,0.1000,-0.011549,0.020193,0.353609,0.244899,0.007126,0.006694,0.969499,852
113.4065,inicio,True,68.7946,33.323,4.245,18.083,True,320,240,0,False,60.00,0.1000,-0.010922,0.019915,0.354179,0.243595,0.008330,0.005144,0.969828,853
113.5404,inicio,True,68.9279,33.322,2.334,12.681,True,320,240,0,False,60.00,0.1000,-0.013436,0.019561,0.353204,0.243771,0.007461,0.008244,0.969769,855
113.6734,inicio,True,69.0613,33.328,5.244,18.554,True,320,240,0,False,60.00,0.1000,-0.011518,0.018964,0.354777,0.243451,0.009870,0.007438,0.969835,856
113.8063,inicio,True,69.1944,33.322,5.389,17.663,True,320,240,0,False,60.00,0.1000,-0.011905,0.019592,0.354107,0.245638,0.010321,0.006684,0.969284,857
113.9064,inicio,True,69.2944,33.322,4.846,16.786,True,320,240,0,False,60.00,0.1000,-0.012924,0.020306,0.353120,0.241014,0.011750,0.005835,0.970433,858
114.0070,inicio,True,69.3944,33.322,2.370,14.401,True,320,240,0,False,60.00,0.1000,-0.010413,0.019882,0.354642,0.243322,0.004106,0.004774,0.969925,860
114.1398,inicio,True,69.5277,33.322,6.061,14.261,True,320,240,0,False,60.00,0.1000,-0.010855,0.018989,0.354738,0.245129,0.012705,0.007366,0.969379,861
114.2731,inicio,True,69.6609,33.321,4.889,17.464,True,320,240,0,False,60.00,0.1000,-0.011405,0.019085,0.354451,0.245436,0.013247,0.007265,0.969295,862
114.4068,inicio,True,69.7942,33.322,2.705,12.660,True,320,240,0,False,60.00,0.1000,-0.012421,0.018646,0.354998,0.244266,0.010045,0.006187,0.969636,864
114.5399,inicio,True,69.9275,33.323,4.458,16.522,True,320,240,0,False,60.00,0.1000,-0.012890,0.018808,0.354430,0.244394,0.010502,0.006811,0.969595,865
114.6727,inicio,True,70.0608,33.323,5.144,14.230,True,320,240,0,False,60.00,0.1000,-0.011842,0.018825,0.354799,0.245007,0.012121,0.005903,0.969428,866
114.7735,inicio,True,70.1608,33.323,2.275,13.313,True,320,240,0,False,60.00,0.1000,-0.011754,0.019029,0.354807,0.244702,0.011476,0.006755,0.969507,867
114.8737,inicio,True,70.2608,33.323,5.101,16.975,True,320,240,0,False,60.00,0.1000,-0.011534,0.018157,0.356066,0.243137,0.005845,0.004034,0.969966,868
115.0062,inicio,True,70.3941,33.323,4.695,15.826,True,320,240,0,False,60.00,0.1000,-0.012780,0.017635,0.355775,0.245521,0.013564,0.006688,0.969273,869
115.1400,inicio,True,70.5274,33.323,2.555,16.098,True,320,240,0,False,60.00,0.1000,-0.012519,0.016591,0.356019,0.245175,0.008217,0.004260,0.969435,871
115.2724,inicio,True,70.6606,33.321,7.458,19.528,True,320,240,0,False,60.00,0.1000,-0.014049,0.016114,0.355417,0.249497,0.010216,0.008019,0.968288,872
115.3725,inicio,True,70.7606,33.321,7.458,19.528,True,320,240,0,False,60.00,0.1000,-0.014049,0.016114,0.355417,0.249497,0.010216,0.008019,0.968288,872
115.4732,inicio,True,70.8605,33.321,5.410,18.192,True,320,240,0,False,60.00,0.1000,-0.015020,0.015251,0.355678,0.247837,0.007175,0.007966,0.968742,874
115.6062,inicio,True,70.9939,33.324,2.711,16.979,True,320,240,0,False,60.00,0.1000,-0.014518,0.013540,0.357062,0.247967,0.007042,0.008591,0.968705,875
115.7396,inicio,True,71.1272,33.323,5.617,18.841,True,320,240,0,False,60.00,0.1000,-0.014828,0.012802,0.357027,0.252412,0.010376,0.008079,0.967531,876
115.8723,inicio,True,71.2604,33.323,2.214,15.738,True,320,240,0,False,60.00,0.1000,-0.015129,0.012475,0.356908,0.252957,0.009378,0.009715,0.967383,877
115.9724,inicio,True,71.3604,33.322,2.214,15.738,True,320,240,0,False,60.00,0.1000,-0.015129,0.012475,0.356908,0.252957,0.009378,0.009715,0.967383,877
116.0725,inicio,True,71.4604,33.322,4.123,10.999,True,320,240,0,False,60.00,0.1000,-0.014868,0.011685,0.357697,0.251692,0.005454,0.008393,0.967756,879
116.1729,inicio,True,71.5603,33.322,4.123,10.999,True,320,240,0,False,60.00,0.1000,-0.014868,0.011685,0.357697,0.251692,0.005454,0.008393,0.967756,879
116.3054,inicio,True,71.6936,33.323,5.970,12.394,True,320,240,0,False,60.00,0.1000,-0.015584,0.010857,0.358033,0.252676,0.007826,0.009727,0.967471,880
116.4389,inicio,True,71.8270,33.324,4.654,16.997,True,320,240,0,False,60.00,0.1000,-0.015615,0.010298,0.358169,0.253989,0.006340,0.009941,0.967135,881
116.5390,inicio,True,71.9269,33.323,2.183,11.377,True,320,240,0,False,60.00,0.1000,-0.015035,0.011827,0.357568,0.252724,0.005615,0.007432,0.967493,882
116.6723,inicio,True,72.0602,33.324,4.069,16.263,True,320,240,0,False,60.00,0.1000,-0.015748,0.010787,0.357638,0.255070,0.010071,0.009186,0.966826,884
116.8050,inicio,True,72.1935,33.321,2.202,14.673,True,320,240,0,False,60.00,0.1000,-0.015152,0.010753,0.357458,0.255256,0.009264,0.009632,0.966781,885
116.9113,inicio,True,72.2934,36.653,2.202,14.673,True,320,240,0,False,60.00,0.1000,-0.015152,0.010753,0.357458,0.255256,0.009264,0.009632,0.966781,885
117.0383,inicio,True,72.4267,36.035,4.699,16.919,True,320,240,0,False,60.00,0.1000,-0.015404,0.011105,0.355542,0.254144,0.006775,0.009190,0.967099,887
117.1384,inicio,True,72.5267,35.649,4.965,11.360,True,320,240,0,False,60.00,0.1000,-0.014816,0.010786,0.355093,0.254341,0.009546,0.009606,0.967020,888
117.2717,inicio,True,72.6600,35.216,6.036,10.236,True,320,240,0,False,60.00,0.1000,-0.014835,0.010296,0.359654,0.253140,0.005739,0.009305,0.967368,889
117.4051,inicio,True,72.7933,34.867,2.599,12.000,True,320,240,0,False,60.00,0.1000,-0.014881,0.010652,0.357864,0.253642,0.008822,0.009960,0.967207,891
117.5389,inicio,True,72.9266,34.580,2.956,17.976,True,320,240,0,False,60.00,0.1000,-0.014668,0.010746,0.357948,0.253865,0.011341,0.009017,0.967131,893
117.6722,inicio,True,73.0598,34.346,2.998,18.272,True,320,240,0,False,60.00,0.1000,-0.014338,0.011652,0.357959,0.251625,0.007072,0.007297,0.967772,894
117.8051,inicio,True,73.1931,34.157,4.789,17.443,True,320,240,0,False,60.00,0.1000,-0.013817,0.011720,0.358052,0.250978,0.006157,0.006979,0.967948,895
117.9388,inicio,True,73.3264,34.001,2.531,14.050,True,320,240,0,False,60.00,0.1000,-0.014012,0.011578,0.357698,0.250903,0.006834,0.004929,0.967976,897
118.0717,inicio,True,73.4597,33.877,5.479,16.435,True,320,240,0,False,60.00,0.1000,-0.013605,0.010993,0.358281,0.255495,0.012077,0.006733,0.966712,898
118.1719,inicio,True,73.5597,33.797,5.479,16.435,True,320,240,0,False,60.00,0.1000,-0.013605,0.010993,0.358281,0.255495,0.012077,0.006733,0.966712,898
118.3056,inicio,True,73.6930,33.708,6.903,17.011,True,320,240,0,False,60.00,0.1000,-0.014161,0.011840,0.357894,0.252043,0.008423,0.006142,0.967660,899
118.4056,inicio,True,73.7930,33.655,2.276,17.293,True,320,240,0,False,60.00,0.1000,-0.011983,0.012642,0.358086,0.255683,0.013198,0.004807,0.966659,901
118.5386,inicio,True,73.9262,33.593,6.516,12.411,True,320,240,0,False,60.00,0.1000,-0.011921,0.012843,0.357840,0.254659,0.015766,0.003935,0.966894,902
118.6720,inicio,True,74.0595,33.542,5.118,18.814,True,320,240,0,False,60.00,0.1000,-0.011449,0.014360,0.357324,0.254833,0.012401,0.003588,0.966899,903
118.8053,inicio,True,74.1928,33.502,2.537,13.614,True,320,240,0,False,60.00,0.1000,-0.008781,0.014101,0.359210,0.256080,0.008633,0.000331,0.966617,904
118.9380,inicio,True,74.3261,33.468,5.073,11.771,True,320,240,0,False,60.00,0.1000,-0.010097,0.014219,0.358254,0.253574,0.015481,0.003939,0.967184,905
119.0713,inicio,True,74.4594,33.440,5.156,15.239,True,320,240,0,False,60.00,0.1000,-0.009954,0.013568,0.358545,0.249312,0.010883,0.002404,0.968359,906
119.1714,inicio,True,74.5594,33.424,4.790,15.258,True,320,240,0,False,60.00,0.1000,-0.010008,0.012210,0.358558,0.255450,0.012327,0.004486,0.966733,907
119.2717,inicio,True,74.6593,33.409,2.447,12.195,True,320,240,0,False,60.00,0.1000,-0.009909,0.012128,0.358721,0.253091,0.013626,0.004783,0.967335,908
119.4050,inicio,True,74.7926,33.392,5.417,15.095,True,320,240,0,False,60.00,0.1000,-0.008584,0.011143,0.359748,0.253888,0.017313,0.003331,0.967073,910
119.5052,inicio,True,74.8926,33.383,5.417,15.095,True,320,240,0,False,60.00,0.1000,-0.008584,0.011143,0.359748,0.253888,0.017313,0.003331,0.967073,910
119.6379,inicio,True,75.0259,33.372,5.690,15.162,True,320,240,0,False,60.00,0.1000,-0.009200,0.011221,0.360268,0.255603,0.012126,0.005135,0.966692,911
119.7711,inicio,True,75.1592,33.363,3.909,10.591,True,320,240,0,False,60.00,0.1000,-0.008574,0.011310,0.360075,0.252912,0.017582,0.003286,0.967324,912
119.8732,inicio,True,75.2591,33.358,5.602,17.805,True,320,240,0,False,60.00,0.1000,-0.008546,0.012661,0.359560,0.253370,0.014934,0.004130,0.967245,914
120.0049,inicio,True,75.3924,33.350,3.423,15.210,True,320,240,0,False,60.00,0.1000,-0.007749,0.012911,0.359890,0.255275,0.014693,0.003273,0.966751,915
120.1377,inicio,True,75.5257,33.346,5.011,13.338,True,320,240,0,False,60.00,0.1000,-0.007249,0.013968,0.360273,0.252219,0.013337,0.000793,0.967578,916
120.2709,inicio,True,75.6590,33.341,5.229,14.662,True,320,240,0,False,60.00,0.1000,-0.007693,0.014200,0.359497,0.252894,0.015252,0.001301,0.967373,917
120.4041,inicio,True,75.7923,33.337,2.354,11.907,True,320,240,0,False,60.00,0.1000,-0.007417,0.013161,0.360121,0.252575,0.017070,0.002712,0.967423,918
120.5043,inicio,True,75.8923,33.336,6.073,11.394,True,320,240,0,False,60.00,0.1000,-0.007899,0.012538,0.360320,0.253247,0.012564,0.003024,0.967315,919
120.6044,inicio,True,75.9922,33.334,5.010,19.941,True,320,240,0,False,60.00,0.1000,-0.006965,0.012655,0.360626,0.253533,0.020493,0.002461,0.967107,921
120.7374,inicio,True,76.1255,33.331,6.419,14.202,True,320,240,0,False,60.00,0.1000,-0.006973,0.012419,0.360918,0.253818,0.016186,0.002199,0.967114,922
120.8374,inicio,True,76.2255,33.330,2.259,12.167,True,320,240,0,False,60.00,0.1000,-0.007898,0.011439,0.360961,0.254426,0.017526,0.004058,0.966925,923
120.9706,inicio,True,76.3588,33.329,2.755,12.059,True,320,240,0,False,60.00,0.1000,-0.007852,0.010613,0.362002,0.253822,0.013001,0.004902,0.967151,924
121.0711,inicio,True,76.4587,33.327,5.028,13.744,True,320,240,0,False,60.00,0.1000,-0.007981,0.009676,0.362158,0.255314,0.017546,0.005769,0.966682,925
121.2045,inicio,True,76.5921,33.327,3.114,15.375,True,320,240,0,False,60.00,0.1000,-0.008600,0.009509,0.362350,0.254538,0.015511,0.005202,0.966924,927
121.3373,inicio,True,76.7254,33.327,3.099,13.952,True,320,240,0,False,60.00,0.1000,-0.009386,0.009219,0.361950,0.256030,0.018372,0.004872,0.966482,928
121.4375,inicio,True,76.8253,33.325,4.571,13.837,True,320,240,0,False,60.00,0.1000,-0.010325,0.007893,0.362576,0.256731,0.016506,0.006671,0.966319,929
121.5701,inicio,True,76.9586,33.324,5.909,16.889,True,320,240,0,False,60.00,0.1000,-0.011156,0.008226,0.362303,0.257244,0.015747,0.007096,0.966192,930
121.6709,inicio,True,77.0585,33.323,2.470,13.021,True,320,240,0,False,60.00,0.1000,-0.011791,0.008850,0.361388,0.256712,0.014934,0.004014,0.966364,931
121.8037,inicio,True,77.1918,33.323,5.206,14.397,True,320,240,0,False,60.00,0.1000,-0.018572,0.004633,0.361260,0.260800,0.004200,0.007673,0.965353,932
121.9041,inicio,True,77.2918,33.322,5.206,14.397,True,320,240,0,False,60.00,0.1000,-0.018572,0.004633,0.361260,0.260800,0.004200,0.007673,0.965353,932
122.0369,inicio,True,77.4251,33.325,5.214,13.333,True,320,240,0,False,60.00,0.1000,-0.020458,0.004829,0.360395,0.260891,0.000218,0.008563,0.965330,934
122.1371,inicio,True,77.5251,33.323,5.234,12.267,True,320,240,0,False,60.00,0.1000,-0.022586,0.004146,0.359196,0.264570,0.003259,0.007994,0.964328,935
122.2704,inicio,True,77.6583,33.322,5.299,13.511,True,320,240,0,False,60.00,0.1000,-0.023849,0.003813,0.359716,0.266443,-0.005868,0.007285,0.963805,936
122.3704,inicio,True,77.7583,33.323,5.271,15.104,True,320,240,0,False,60.00,0.1000,-0.025530,0.003585,0.358815,0.264760,-0.006141,0.008055,0.964261,937
122.5038,inicio,True,77.8916,33.323,2.413,12.484,True,320,240,0,False,60.00,0.1000,-0.027406,0.002746,0.358195,0.263911,-0.007038,0.009232,0.964477,938
122.6371,inicio,True,78.0249,33.323,5.136,12.976,True,320,240,0,False,60.00,0.1000,-0.029264,0.002482,0.358232,0.267174,-0.005941,0.009510,0.963583,940
122.7702,inicio,True,78.1582,33.323,4.950,12.218,True,320,240,0,False,60.00,0.1000,-0.029773,0.002293,0.357923,0.268286,-0.007690,0.011193,0.963244,941
122.9035,inicio,True,78.2915,33.323,5.204,10.975,True,320,240,0,False,60.00,0.1000,-0.029799,0.001883,0.358746,0.268478,-0.012999,0.010546,0.963141,942
123.0037,inicio,True,78.3914,33.322,5.927,14.605,True,320,240,0,False,60.00,0.1000,-0.028877,0.002982,0.359045,0.263114,-0.017426,0.007769,0.964576,943
123.1037,inicio,True,78.4914,33.322,4.417,12.040,True,320,240,0,False,60.00,0.1000,-0.028663,0.003219,0.357530,0.263755,-0.016653,0.007467,0.964417,944
123.2040,inicio,True,78.5914,33.322,6.915,17.175,True,320,240,0,False,60.00,0.1000,-0.028465,0.002897,0.356700,0.264075,-0.014503,0.009224,0.964349,945
123.3368,inicio,True,78.7247,33.323,2.332,15.907,True,320,240,0,False,60.00,0.1000,-0.028709,0.002590,0.358641,0.264408,-0.009260,0.009582,0.964319,946
123.4699,inicio,True,78.8580,33.327,5.488,13.447,True,320,240,0,False,60.00,0.1000,-0.028285,0.002609,0.358807,0.265462,-0.008067,0.009224,0.964043,947
123.6034,inicio,True,78.9913,33.323,5.480,17.253,True,320,240,0,False,60.00,0.1000,-0.028781,0.002345,0.358791,0.268220,-0.006600,0.009891,0.963284,948
123.7363,inicio,True,79.1245,33.322,2.394,18.253,True,320,240,0,False,60.00,0.1000,-0.028082,0.002394,0.358891,0.267536,-0.006305,0.010496,0.963470,949
123.8368,inicio,True,79.2245,33.322,5.031,10.391,True,320,240,0,False,60.00,0.1000,-0.028128,0.002398,0.358780,0.268497,-0.006260,0.009196,0.963217,950
123.9371,inicio,True,79.3245,33.321,5.175,13.413,True,320,240,0,False,60.00,0.1000,-0.028443,0.001561,0.359644,0.265230,-0.016952,0.008259,0.964001,951
124.0694,inicio,True,79.4577,33.320,2.879,12.656,True,320,240,0,False,60.00,0.1000,-0.026338,0.002796,0.359634,0.264029,-0.006943,0.008385,0.964453,952
124.1696,inicio,True,79.5577,33.322,4.854,13.963,True,320,240,0,False,60.00,0.1000,-0.026575,0.002877,0.359441,0.264427,-0.006585,0.007815,0.964352,953
124.2700,inicio,True,79.6577,33.323,5.463,12.827,True,320,240,0,False,60.00,0.1000,-0.027619,0.001071,0.360421,0.267935,-0.006135,0.008965,0.963376,955
124.4028,inicio,True,79.7910,33.322,5.670,12.957,True,320,240,0,False,60.00,0.1000,-0.026957,0.001822,0.360057,0.267911,-0.010383,0.006849,0.963363,956
124.5362,inicio,True,79.9243,33.322,4.820,12.815,True,320,240,0,False,60.00,0.1000,-0.026948,0.002618,0.359543,0.266618,-0.005437,0.009398,0.963741,957
124.6363,inicio,True,80.0242,33.323,4.903,11.458,True,320,240,0,False,60.00,0.1000,-0.025960,0.001916,0.360741,0.265472,-0.011115,0.007168,0.964028,958
124.7366,inicio,True,80.1242,33.322,6.022,17.728,True,320,240,0,False,60.00,0.1000,-0.026737,0.002501,0.359518,0.268033,-0.005435,0.008531,0.963357,959
124.8695,inicio,True,80.2575,33.323,2.991,15.113,True,320,240,0,False,60.00,0.1000,-0.026772,0.002342,0.359918,0.267965,-0.007232,0.007780,0.963370,960
124.9696,inicio,True,80.3575,33.323,5.096,13.505,True,320,240,0,False,60.00,0.1000,-0.026277,0.001985,0.360522,0.265528,-0.009547,0.007508,0.964027,961
125.1032,inicio,True,80.4908,33.322,5.868,14.216,True,320,240,0,False,60.00,0.1000,-0.027221,0.001818,0.359872,0.267379,-0.010749,0.007247,0.963504,962
125.2364,inicio,True,80.6241,33.324,3.143,11.557,True,320,240,0,False,60.00,0.1000,-0.026297,0.002032,0.360561,0.268236,-0.008873,0.007187,0.963285,964
125.3695,inicio,True,80.7574,33.326,5.525,13.982,True,320,240,0,False,60.00,0.1000,-0.026821,0.001706,0.360006,0.265002,-0.006810,0.007598,0.964194,965
125.5026,inicio,True,80.8907,33.324,5.464,16.189,True,320,240,0,False,60.00,0.1000,-0.027627,0.001958,0.359732,0.266818,-0.009946,0.007620,0.963665,966
125.6026,inicio,True,80.9906,33.323,5.642,14.351,True,320,240,0,False,60.00,0.1000,-0.025980,0.000493,0.361496,0.269862,-0.008062,0.007063,0.962839,968
125.7358,inicio,True,81.1239,33.321,5.152,11.510,True,320,240,0,False,60.00,0.1000,-0.027108,0.000359,0.360709,0.269517,-0.006695,0.008332,0.962936,969
125.8361,inicio,True,81.2238,33.321,5.057,16.189,True,320,240,0,False,60.00,0.1000,-0.026816,0.000175,0.361463,0.267242,-0.011977,0.006991,0.963530,970
125.9690,inicio,True,81.3571,33.322,5.174,11.446,True,320,240,0,False,60.00,0.1000,-0.025463,0.000084,0.361340,0.268332,-0.010132,0.006280,0.963253,971
126.0697,inicio,True,81.4571,33.322,5.245,18.421,True,320,240,0,False,60.00,0.1000,-0.026444,0.002157,0.360123,0.267662,-0.009553,0.006769,0.963442,972
126.2025,inicio,True,81.5904,33.322,5.273,14.578,True,320,240,0,False,60.00,0.1000,-0.024739,0.000715,0.360981,0.267640,-0.001732,0.006486,0.963496,973
126.3357,inicio,True,81.7237,33.324,5.812,16.999,True,320,240,0,False,60.00,0.1000,-0.026662,0.000332,0.360653,0.268801,-0.006290,0.008058,0.963141,974
126.4362,inicio,True,81.8237,33.323,2.304,12.072,True,320,240,0,False,60.00,0.1000,-0.026792,0.000080,0.360887,0.267781,-0.012588,0.007803,0.963366,975
126.5687,inicio,True,81.9570,33.323,5.859,15.020,True,320,240,0,False,60.00,0.1000,-0.026233,0.000045,0.361189,0.267642,-0.005949,0.007044,0.963474,976
126.6690,inicio,True,82.0569,33.322,5.444,19.967,True,320,240,0,False,60.00,0.1000,-0.027951,-0.000650,0.361295,0.267839,-0.004458,0.008798,0.963413,977
126.8024,inicio,True,82.1902,33.321,2.566,13.246,True,320,240,0,False,60.00,0.1000,-0.027527,-0.001673,0.362143,0.270111,-0.009316,0.008167,0.962749,978
126.9355,inicio,True,82.3235,33.322,5.822,13.773,True,320,240,0,False,60.00,0.1000,-0.027205,-0.002003,0.362219,0.269162,-0.004096,0.010288,0.963031,979
127.0356,inicio,True,82.4235,33.322,5.822,13.773,True,320,240,0,False,60.00,0.1000,-0.027205,-0.002003,0.362219,0.269162,-0.004096,0.010288,0.963031,979
127.1686,inicio,True,82.5568,33.322,6.329,16.981,True,320,240,0,False,60.00,0.1000,-0.026636,-0.002794,0.363099,0.270495,-0.007450,0.008599,0.962654,980
127.3020,inicio,True,82.6901,33.323,4.850,19.418,True,320,240,0,False,60.00,0.1000,-0.026545,-0.001851,0.362555,0.270191,-0.003172,0.009976,0.962750,981
127.4021,inicio,True,82.7900,33.323,2.914,12.821,True,320,240,0,False,60.00,0.1000,-0.025321,-0.001506,0.363321,0.269463,-0.011770,0.005967,0.962920,982
127.5022,inicio,True,82.8900,33.323,5.361,18.301,True,320,240,0,False,60.00,0.1000,-0.026594,-0.002141,0.362391,0.270426,-0.000470,0.009752,0.962691,983
127.6355,inicio,True,83.0233,33.323,2.330,14.825,True,320,240,0,False,60.00,0.1000,-0.027546,-0.001889,0.362562,0.269172,-0.003727,0.009899,0.963034,984
127.7684,inicio,True,83.1566,33.323,2.648,13.335,True,320,240,0,False,60.00,0.1000,-0.027377,-0.003000,0.363451,0.271329,-0.011033,0.006503,0.962401,985
127.8685,inicio,True,83.2565,33.321,5.175,13.283,True,320,240,0,False,60.00,0.1000,-0.029329,-0.006008,0.363402,0.274337,-0.006203,0.013520,0.961519,987
127.9689,inicio,True,83.3565,33.322,4.952,15.446,True,320,240,0,False,60.00,0.1000,-0.026502,-0.004117,0.363919,0.274571,-0.004318,0.009516,0.961510,988
128.1019,inicio,True,83.4898,33.322,5.304,13.566,True,320,240,0,False,60.00,0.1000,-0.026052,-0.001513,0.363028,0.271067,-0.012295,0.004821,0.962470,989
128.2354,inicio,True,83.6231,33.322,5.458,12.570,True,320,240,0,False,60.00,0.1000,-0.027558,-0.000948,0.361769,0.269164,-0.002878,0.008358,0.963054,990
128.3680,inicio,True,83.7564,33.323,5.359,13.112,True,320,240,0,False,60.00,0.1000,-0.027109,-0.001326,0.362891,0.269998,-0.016325,0.005273,0.962708,991
128.4683,inicio,True,83.8563,33.323,5.294,17.606,True,320,240,0,False,60.00,0.1000,-0.026510,-0.001393,0.362220,0.270192,-0.007820,0.005853,0.962757,992
128.5684,inicio,True,83.9563,33.323,5.149,12.099,True,320,240,0,False,60.00,0.1000,-0.025694,0.000130,0.362178,0.268225,-0.010935,0.005281,0.963280,993
128.6689,inicio,True,84.0563,33.323,5.225,11.664,True,320,240,0,False,60.00,0.1000,-0.025735,-0.000948,0.362104,0.271004,-0.002916,0.006839,0.962549,994
128.8017,inicio,True,84.1896,33.322,5.410,18.697,True,320,240,0,False,60.00,0.1000,-0.026068,-0.001346,0.362756,0.269925,-0.018013,0.004428,0.962703,995
128.9018,inicio,True,84.2895,33.322,2.805,11.528,True,320,240,0,False,60.00,0.1000,-0.025420,-0.001290,0.363064,0.270077,-0.013061,0.004493,0.962740,996
129.0345,inicio,True,84.4228,33.322,5.465,16.639,True,320,240,0,False,60.00,0.1000,-0.025493,-0.001541,0.363284,0.269576,-0.010833,0.005345,0.962903,997
129.1346,inicio,True,84.5228,33.322,4.708,18.051,True,320,240,0,False,60.00,0.1000,-0.025499,-0.001286,0.362783,0.271041,-0.013292,0.004422,0.962466,998
129.2683,inicio,True,84.6561,33.322,2.387,11.971,True,320,240,0,False,60.00,0.1000,-0.025972,-0.001121,0.362385,0.270592,-0.004411,0.007229,0.962657,999
129.3687,inicio,True,84.7561,33.323,5.594,16.563,True,320,240,0,False,60.00,0.1000,-0.025420,-0.001285,0.363326,0.269057,-0.013323,0.005368,0.963017,1000
129.5012,inicio,True,84.8894,33.324,5.706,14.772,True,320,240,0,False,60.00,0.1000,-0.024698,-0.001357,0.363434,0.269613,-0.008536,0.004740,0.962919,1001
129.6013,inicio,True,84.9893,33.324,5.312,15.048,True,320,240,0,False,60.00,0.1000,-0.025517,-0.001283,0.363130,0.270382,-0.012884,0.004400,0.962657,1002
129.7014,inicio,True,85.0893,33.322,5.004,13.915,True,320,240,0,False,60.00,0.1000,-0.026320,-0.001278,0.363072,0.269249,-0.012053,0.005239,0.962981,1003
129.8345,inicio,True,85.2226,33.322,6.380,11.809,True,320,240,0,False,60.00,0.1000,-0.024692,-0.001369,0.363830,0.268624,-0.009551,0.003819,0.963190,1004
129.9680,inicio,True,85.3558,33.321,6.130,13.934,True,320,240,0,False,60.00,0.1000,-0.026609,-0.001270,0.362953,0.269069,-0.009182,0.006068,0.963058,1005
130.1014,inicio,True,85.4891,33.322,7.048,22.382,True,320,240,0,False,60.00,0.1000,-0.025979,-0.001481,0.363264,0.268627,-0.013293,0.004597,0.963141,1006
130.2345,inicio,True,85.6224,33.323,6.246,14.361,True,320,240,0,False,60.00,0.1000,-0.025166,-0.001702,0.363920,0.270901,-0.004351,0.006649,0.962574,1007
130.3680,inicio,True,85.7557,33.322,5.502,15.410,True,320,240,0,False,60.00,0.1000,-0.024855,-0.001270,0.363323,0.268872,-0.006552,0.004890,0.963141,1008
130.4683,inicio,True,85.8557,33.323,3.017,12.999,True,320,240,0,False,60.00,0.1000,-0.024181,-0.001930,0.363722,0.272921,0.000448,0.007885,0.962004,1010
130.6016,inicio,True,85.9890,33.322,6.418,17.225,True,320,240,0,False,60.00,0.1000,-0.024348,-0.001424,0.363137,0.268993,-0.007289,0.005390,0.963100,1011
130.7350,inicio,True,86.1223,33.325,2.693,13.000,True,320,240,0,False,60.00,0.1000,-0.023171,-0.000994,0.363637,0.269729,-0.003541,0.004925,0.962917,1012
130.8684,inicio,True,86.2556,33.322,5.335,14.410,True,320,240,0,False,60.00,0.1000,-0.022794,-0.001069,0.363440,0.271072,-0.000644,0.005789,0.962542,1013
131.0008,inicio,True,86.3888,33.322,4.946,13.570,True,320,240,0,False,60.00,0.1000,-0.023083,-0.001829,0.364097,0.272127,0.000008,0.007753,0.962230,1014
131.1009,inicio,True,86.4888,33.321,5.115,11.720,True,320,240,0,False,60.00,0.1000,-0.022785,-0.001534,0.363951,0.269806,-0.002128,0.005732,0.962895,1015
131.2015,inicio,True,86.5888,33.322,5.151,11.204,True,320,240,0,False,60.00,0.1000,-0.023219,-0.001350,0.364546,0.270682,-0.007396,0.004105,0.962632,1016
131.3346,inicio,True,86.7221,33.322,4.996,13.760,True,320,240,0,False,60.00,0.1000,-0.023556,-0.001279,0.363972,0.267714,-0.006466,0.004223,0.963468,1017
131.4680,inicio,True,86.8553,33.322,5.497,16.924,True,320,240,0,False,60.00,0.1000,-0.024074,-0.000563,0.362904,0.271888,0.000843,0.006575,0.962306,1018
131.6013,inicio,True,86.9886,33.322,4.992,12.701,True,320,240,0,False,60.00,0.1000,-0.024303,-0.001230,0.363685,0.269728,-0.010091,0.004332,0.962874,1019
131.7341,inicio,True,87.1220,33.323,5.472,10.472,True,320,240,0,False,60.00,0.1000,-0.024869,-0.001104,0.364292,0.268902,-0.007584,0.004279,0.963128,1020
131.8671,inicio,True,87.2552,33.323,5.127,12.735,True,320,240,0,False,60.00,0.1000,-0.025362,-0.001366,0.363981,0.268105,-0.005278,0.005762,0.963358,1021
131.9673,inicio,True,87.3552,33.324,5.127,12.735,True,320,240,0,False,60.00,0.1000,-0.025362,-0.001366,0.363981,0.268105,-0.005278,0.005762,0.963358,1021
132.0675,inicio,True,87.4552,33.322,5.132,16.305,True,320,240,0,False,60.00,0.1000,-0.024937,-0.001311,0.364281,0.270295,-0.004938,0.005059,0.962751,1023
132.2003,inicio,True,87.5884,33.322,5.276,14.700,True,320,240,0,False,60.00,0.1000,-0.024197,-0.001477,0.364258,0.269540,-0.008680,0.004155,0.962941,1024
132.3337,inicio,True,87.7217,33.322,5.501,11.349,True,320,240,0,False,60.00,0.1000,-0.023737,-0.001327,0.364666,0.266930,-0.005910,0.004183,0.963689,1025
132.4671,inicio,True,87.8550,33.322,5.758,15.093,True,320,240,0,False,60.00,0.1000,-0.025094,-0.001186,0.363880,0.267814,-0.006496,0.004729,0.963437,1027
132.5672,inicio,True,87.9550,33.322,5.758,15.093,True,320,240,0,False,60.00,0.1000,-0.025094,-0.001186,0.363880,0.267814,-0.006496,0.004729,0.963437,1027
132.6673,inicio,True,88.0550,33.322,5.601,12.051,True,320,240,0,False,60.00,0.1000,-0.023360,-0.001716,0.365312,0.274480,0.002038,0.004584,0.961580,1029
132.8004,inicio,True,88.1882,33.322,5.250,14.901,True,320,240,0,False,60.00,0.1000,-0.025037,-0.001383,0.364619,0.271258,-0.008168,0.004155,0.962463,1030
132.9336,inicio,True,88.3215,33.323,5.233,14.741,True,320,240,0,False,60.00,0.1000,-0.024323,-0.001720,0.364311,0.271906,0.000768,0.005780,0.962306,1031
133.0336,inicio,True,88.4215,33.322,5.233,14.741,True,320,240,0,False,60.00,0.1000,-0.024323,-0.001720,0.364311,0.271906,0.000768,0.005780,0.962306,1031
133.1667,inicio,True,88.5548,33.323,5.521,15.641,True,320,240,0,False,60.00,0.1000,-0.025116,-0.001803,0.364416,0.272914,0.002137,0.006444,0.962015,1033
133.2671,inicio,True,88.6548,33.323,2.902,16.047,True,320,240,0,False,60.00,0.1000,-0.024111,-0.002456,0.365071,0.274204,-0.000213,0.005966,0.961653,1034
133.4009,inicio,True,88.7881,33.323,5.506,19.734,True,320,240,0,False,60.00,0.1000,-0.024652,-0.001899,0.364152,0.272613,0.002236,0.005780,0.962104,1035
133.5332,inicio,True,88.9214,33.324,5.306,11.688,True,320,240,0,False,60.00,0.1000,-0.024807,-0.002463,0.364888,0.272779,0.000901,0.005934,0.962058,1036
133.6666,inicio,True,89.0546,33.322,4.798,12.861,True,320,240,0,False,60.00,0.1000,-0.023864,-0.002586,0.365385,0.271989,-0.003717,0.004073,0.962285,1037
133.8003,inicio,True,89.1880,33.324,2.191,12.103,True,320,240,0,False,60.00,0.1000,-0.025229,-0.001550,0.364802,0.273607,-0.001775,0.005905,0.961822,1039
133.9005,inicio,True,89.2879,33.323,5.346,14.524,True,320,240,0,False,60.00,0.1000,-0.024643,-0.001490,0.364840,0.266687,-0.006240,0.004237,0.963754,1040
134.0330,inicio,True,89.4212,33.324,5.104,16.808,True,320,240,0,False,60.00,0.1000,-0.024689,-0.001295,0.364617,0.267422,-0.006000,0.004263,0.963551,1041
134.1662,inicio,True,89.5545,33.323,2.772,14.235,True,320,240,0,False,60.00,0.1000,-0.025212,-0.002564,0.364889,0.272507,-0.001762,0.006646,0.962129,1042
134.2666,inicio,True,89.6544,33.322,5.005,13.283,True,320,240,0,False,60.00,0.1000,-0.024885,-0.002236,0.365241,0.273861,0.002366,0.006304,0.961746,1043
134.3996,inicio,True,89.7877,33.322,4.738,17.440,True,320,240,0,False,60.00,0.1000,-0.026191,-0.001987,0.363946,0.273964,0.001986,0.007308,0.961710,1044
134.5004,inicio,True,89.8877,33.322,5.866,19.186,True,320,240,0,False,60.00,0.1000,-0.024223,-0.001447,0.364858,0.268389,-0.002534,0.004054,0.963299,1045
134.6328,inicio,True,90.0210,33.321,2.369,11.262,True,320,240,0,False,60.00,0.1000,-0.025321,-0.001156,0.364383,0.267842,-0.004877,0.004115,0.963442,1046
134.7328,inicio,True,90.1209,33.321,4.968,12.457,True,320,240,0,False,60.00,0.1000,-0.023767,-0.001956,0.365120,0.275291,0.002416,0.005253,0.961344,1047
134.8331,inicio,True,90.2209,33.322,5.771,13.462,True,320,240,0,False,60.00,0.1000,-0.024460,-0.001583,0.365056,0.268239,-0.005008,0.001943,0.963338,1048
134.9666,inicio,True,90.3543,33.325,5.099,14.213,True,320,240,0,False,60.00,0.1000,-0.025813,-0.001368,0.364191,0.268306,-0.005926,0.004134,0.963307,1049
135.1001,inicio,True,90.4875,33.324,2.359,11.755,True,320,240,0,False,60.00,0.1000,-0.024942,-0.003269,0.365697,0.270491,-0.006993,0.004627,0.962686,1050
135.2326,inicio,True,90.6208,33.324,6.383,17.561,True,320,240,0,False,60.00,0.1000,-0.025178,-0.001606,0.365135,0.274160,-0.000209,0.005319,0.961669,1051
135.3331,inicio,True,90.7208,33.322,5.243,19.963,True,320,240,0,False,60.00,0.1000,-0.025443,-0.001674,0.364804,0.270624,-0.002001,0.005305,0.962668,1052
135.4662,inicio,True,90.8541,33.322,5.716,11.998,True,320,240,0,False,60.00,0.1000,-0.024712,-0.002071,0.364860,0.275960,0.002213,0.005266,0.961152,1054
135.5992,inicio,True,90.9873,33.322,5.041,12.385,True,320,240,0,False,60.00,0.1000,-0.024717,-0.001233,0.365054,0.269262,-0.003781,0.002702,0.963056,1055
135.6993,inicio,True,91.0873,33.323,5.041,12.385,True,320,240,0,False,60.00,0.1000,-0.024717,-0.001233,0.365054,0.269262,-0.003781,0.002702,0.963056,1055
135.7993,inicio,True,91.1873,33.323,5.258,16.669,True,320,240,0,False,60.00,0.1000,-0.024113,0.000501,0.364078,0.267338,-0.004842,0.001987,0.963589,1057
135.8994,inicio,True,91.2873,33.324,5.258,16.669,True,320,240,0,False,60.00,0.1000,-0.024113,0.000501,0.364078,0.267338,-0.004842,0.001987,0.963589,1057
136.0324,inicio,True,91.4206,33.326,7.279,13.053,True,320,240,0,False,60.00,0.1000,-0.023999,0.000234,0.364608,0.266310,-0.003291,0.003626,0.963875,1058
136.1326,inicio,True,91.5205,33.323,5.384,15.804,True,320,240,0,False,60.00,0.1000,-0.023760,0.000602,0.364611,0.266724,-0.003231,0.002507,0.963764,1059
136.2660,inicio,True,91.6538,33.323,5.073,16.012,True,320,240,0,False,60.00,0.1000,-0.024181,0.003181,0.363981,0.270197,-0.002187,0.002046,0.962800,1060
136.3996,inicio,True,91.7871,33.321,4.979,18.853,True,320,240,0,False,60.00,0.1000,-0.026317,0.004492,0.362489,0.266672,-0.008525,0.001827,0.963748,1061
136.5062,inicio,True,91.8870,33.321,5.118,21.409,True,320,240,0,False,60.00,0.1000,-0.025235,0.005251,0.362739,0.263594,-0.007119,0.000878,0.964607,1062
136.6327,inicio,True,92.0203,33.322,5.712,13.143,True,320,240,0,False,60.00,0.1000,-0.025567,0.003975,0.363099,0.264898,-0.009579,0.001940,0.964227,1063
136.7655,inicio,True,92.1536,33.322,4.811,19.452,True,320,240,0,False,60.00,0.1000,-0.026052,0.004304,0.363421,0.267311,-0.011046,0.000158,0.963547,1064
136.8988,inicio,True,92.2870,33.324,5.306,20.425,True,320,240,0,False,60.00,0.1000,-0.025775,0.003799,0.363385,0.264341,-0.009333,0.001285,0.964383,1066
136.9989,inicio,True,92.3869,33.324,2.244,11.672,True,320,240,0,False,60.00,0.1000,-0.025415,0.003891,0.363458,0.263413,-0.003387,0.001178,0.964676,1067
137.0990,inicio,True,92.4869,33.323,5.058,12.023,True,320,240,0,False,60.00,0.1000,-0.026131,0.003670,0.363883,0.264496,-0.012098,0.000032,0.964311,1068
137.2321,inicio,True,92.6202,33.322,5.919,15.024,True,320,240,0,False,60.00,0.1000,-0.025583,0.002534,0.363874,0.266703,-0.008996,0.002210,0.963734,1069
137.3653,inicio,True,92.7534,33.321,5.223,14.377,True,320,240,0,False,60.00,0.1000,-0.025218,0.002920,0.364400,0.270308,-0.009616,0.001282,0.962725,1070
137.4656,inicio,True,92.8537,33.334,5.867,11.881,True,320,240,0,False,60.00,0.1000,-0.025932,0.003075,0.363627,0.270172,-0.006682,0.003228,0.962783,1072
137.5988,inicio,True,92.9867,33.322,5.504,12.480,True,320,240,0,False,60.00,0.1000,-0.025736,0.003146,0.363948,0.269864,-0.005760,0.002764,0.962877,1073
137.7320,inicio,True,93.1200,33.322,5.260,15.968,True,320,240,0,False,60.00,0.1000,-0.024882,0.002333,0.365035,0.265216,-0.007578,0.002010,0.964157,1074
137.8653,inicio,True,93.2533,33.321,3.188,16.310,True,320,240,0,False,60.00,0.1000,-0.025493,0.003357,0.364116,0.268241,-0.006425,0.002287,0.963328,1076
137.9984,inicio,True,93.3865,33.319,6.642,15.194,True,320,240,0,False,60.00,0.1000,-0.024297,0.002343,0.364587,0.264801,-0.003588,0.001111,0.964296,1077
138.1319,inicio,True,93.5199,33.326,5.168,15.512,True,320,240,0,False,60.00,0.1000,-0.025353,0.003404,0.363785,0.267428,-0.004162,0.002206,0.963566,1078
138.2322,inicio,True,93.6198,33.323,5.168,15.512,True,320,240,0,False,60.00,0.1000,-0.025353,0.003404,0.363785,0.267428,-0.004162,0.002206,0.963566,1078
138.3654,inicio,True,93.7531,33.322,5.750,14.167,True,320,240,0,False,60.00,0.1000,-0.025107,0.002646,0.364231,0.268396,-0.003023,0.001492,0.963303,1079
138.4985,inicio,True,93.8865,33.328,6.658,14.175,True,320,240,0,False,60.00,0.1000,-0.024965,0.002877,0.364490,0.269278,-0.007573,0.000437,0.963033,1080
138.6314,inicio,True,94.0197,33.322,4.745,12.810,True,320,240,0,False,60.00,0.1000,-0.024522,0.003393,0.364507,0.270773,-0.005602,0.001055,0.962626,1081
138.7321,inicio,True,94.1197,33.321,5.502,16.608,True,320,240,0,False,60.00,0.1000,-0.024792,0.003476,0.364602,0.268501,-0.004894,0.000967,0.963266,1083
138.8666,inicio,True,94.2529,33.321,5.367,16.617,True,320,240,0,False,60.00,0.1000,-0.024571,0.003504,0.364472,0.266297,-0.002541,0.001749,0.963886,1084
138.9986,inicio,True,94.3862,33.320,2.764,12.540,True,320,240,0,False,60.00,0.1000,-0.023434,0.003830,0.364038,0.263976,0.001814,0.001537,0.964526,1085
139.1323,inicio,True,94.5195,33.320,5.617,11.111,True,320,240,0,False,60.00,0.1000,-0.023452,0.003824,0.364262,0.263144,-0.002720,0.000816,0.964753,1086
139.2660,inicio,True,94.6528,33.322,5.690,12.502,True,320,240,0,False,60.00,0.1000,-0.023992,0.003072,0.364700,0.270027,-0.006760,0.001283,0.962828,1087
139.3979,inicio,True,94.7861,33.323,6.295,10.699,True,320,240,0,False,60.00,0.1000,-0.023401,0.002936,0.364931,0.270076,-0.007477,-0.000152,0.962810,1088
139.4979,inicio,True,94.8861,33.323,6.181,19.120,True,320,240,0,False,60.00,0.1000,-0.023710,0.003427,0.364376,0.270018,-0.003718,0.001667,0.962847,1089
139.5980,inicio,True,94.9861,33.322,6.978,14.908,True,320,240,0,False,60.00,0.1000,-0.024078,0.003450,0.364207,0.268462,-0.005830,0.000777,0.963272,1090
139.6982,inicio,True,95.0860,33.322,6.978,14.908,True,320,240,0,False,60.00,0.1000,-0.024078,0.003450,0.364207,0.268462,-0.005830,0.000777,0.963272,1090
139.7982,inicio,True,95.1860,33.322,5.181,15.228,True,320,240,0,False,60.00,0.1000,-0.024257,0.003582,0.364513,0.264902,-0.007412,0.000206,0.964247,1091
139.9313,inicio,True,95.3192,33.321,5.713,16.504,True,320,240,0,False,60.00,0.1000,-0.023806,0.003331,0.364479,0.269099,-0.005686,0.000529,0.963096,1092
140.0314,inicio,True,95.4192,33.322,5.661,12.691,True,320,240,0,False,60.00,0.1000,-0.024273,0.003336,0.364564,0.266689,-0.004680,0.001515,0.963770,1093
140.1645,inicio,True,95.5525,33.322,5.551,10.781,True,320,240,0,False,60.00,0.1000,-0.023107,0.003268,0.365261,0.271427,-0.003699,0.000819,0.962452,1094
140.2977,inicio,True,95.6858,33.324,5.475,15.780,True,320,240,0,False,60.00,0.1000,-0.022777,0.004040,0.364900,0.265100,-0.004893,-0.000736,0.964208,1095
140.4311,inicio,True,95.8191,33.324,6.846,17.778,True,320,240,0,False,60.00,0.1000,-0.022320,0.004876,0.364447,0.269036,-0.006176,-0.000622,0.963110,1096
140.5313,inicio,True,95.9191,33.323,5.034,14.585,True,320,240,0,False,60.00,0.1000,-0.022364,0.003801,0.364591,0.262763,-0.002425,0.000512,0.964857,1097
140.6648,inicio,True,96.0524,33.322,4.742,11.704,True,320,240,0,False,60.00,0.1000,-0.022348,0.004256,0.365000,0.264095,-0.004230,-0.001574,0.964486,1098
140.7977,inicio,True,96.1857,33.323,5.519,15.640,True,320,240,0,False,60.00,0.1000,-0.022131,0.003787,0.364761,0.261360,-0.002881,-0.000188,0.965237,1099
140.9308,inicio,True,96.3189,33.322,5.945,13.764,True,320,240,0,False,60.00,0.1000,-0.022896,0.004107,0.364786,0.265733,-0.005290,-0.001097,0.964032,1100
141.0645,inicio,True,96.4522,33.321,4.954,15.488,True,320,240,0,False,60.00,0.1000,-0.021164,0.004170,0.365448,0.264145,-0.004986,-0.003068,0.964465,1102
141.1977,inicio,True,96.5855,33.321,4.692,13.425,True,320,240,0,False,60.00,0.1000,-0.023043,0.003387,0.365280,0.271920,-0.004207,-0.000313,0.962311,1103
141.3307,inicio,True,96.7188,33.321,5.566,12.528,True,320,240,0,False,60.00,0.1000,-0.022792,0.003826,0.364933,0.262808,-0.004284,-0.000124,0.964839,1104
141.4309,inicio,True,96.8188,33.324,5.485,15.360,True,320,240,0,False,60.00,0.1000,-0.021513,0.004091,0.365281,0.262902,-0.001461,-0.001166,0.964821,1105
141.5642,inicio,True,96.9521,33.323,4.926,12.342,True,320,240,0,False,60.00,0.1000,-0.022181,0.004435,0.365123,0.265248,-0.003911,-0.002248,0.964170,1106
141.6643,inicio,True,97.0520,33.322,5.296,15.018,True,320,240,0,False,60.00,0.1000,-0.023477,0.003763,0.364748,0.262956,0.000372,0.000897,0.964808,1107
141.7972,inicio,True,97.1853,33.322,5.531,12.467,True,320,240,0,False,60.00,0.1000,-0.022291,0.002875,0.366147,0.269065,-0.005158,-0.001268,0.963108,1109
141.8973,inicio,True,97.2853,33.322,6.584,16.532,True,320,240,0,False,60.00,0.1000,-0.022553,0.003162,0.365800,0.270533,0.000161,0.000166,0.962711,1110
141.9974,inicio,True,97.3853,33.323,5.156,13.533,True,320,240,0,False,60.00,0.1000,-0.023540,0.002108,0.365780,0.263411,-0.004072,0.000941,0.964675,1111
142.0976,inicio,True,97.4853,33.324,5.156,13.533,True,320,240,0,False,60.00,0.1000,-0.023540,0.002108,0.365780,0.263411,-0.004072,0.000941,0.964675,1111
142.2304,inicio,True,97.6185,33.322,5.775,14.013,True,320,240,0,False,60.00,0.1000,-0.022640,0.002349,0.365912,0.263653,-0.005120,-0.000827,0.964604,1112
142.3637,inicio,True,97.7518,33.322,5.523,17.873,True,320,240,0,False,60.00,0.1000,-0.022323,0.002716,0.366206,0.267546,-0.005114,-0.000291,0.963532,1113
142.4639,inicio,True,97.8518,33.321,7.206,15.283,True,320,240,0,False,60.00,0.1000,-0.022256,0.002934,0.366148,0.268685,-0.003767,-0.000359,0.963221,1114
142.5641,inicio,True,97.9517,33.322,5.748,14.318,True,320,240,0,False,60.00,0.1000,-0.021495,0.003156,0.366284,0.268258,-0.000165,0.000289,0.963347,1115
142.6970,inicio,True,98.0851,33.323,4.891,11.686,True,320,240,0,False,60.00,0.1000,-0.021385,0.003308,0.366032,0.268144,0.001198,-0.000387,0.963378,1116
142.7972,inicio,True,98.1850,33.323,5.689,17.534,True,320,240,0,False,60.00,0.1000,-0.021806,0.003447,0.366335,0.269873,-0.002741,0.000419,0.962892,1117
142.9322,inicio,True,98.3183,33.323,5.309,12.504,True,320,240,0,False,60.00,0.1000,-0.020900,0.003420,0.365944,0.267955,0.002761,-0.000202,0.963427,1118
143.0640,inicio,True,98.4516,33.322,6.147,12.338,True,320,240,0,False,60.00,0.1000,-0.020807,0.004206,0.365917,0.262806,-0.002932,-0.001477,0.964843,1119
143.1972,inicio,True,98.5849,33.321,5.043,12.988,True,320,240,0,False,60.00,0.1000,-0.020417,0.004176,0.366562,0.262159,-0.001674,-0.001205,0.965023,1120
143.3301,inicio,True,98.7181,33.321,5.681,10.843,True,320,240,0,False,60.00,0.1000,-0.020868,0.004790,0.365832,0.267616,-0.000306,0.000551,0.963526,1121
143.4301,inicio,True,98.8181,33.322,5.333,12.463,True,320,240,0,False,60.00,0.1000,-0.020911,0.005047,0.365371,0.266767,0.001390,0.000611,0.963760,1122
143.5634,inicio,True,98.9514,33.322,5.762,9.852,True,320,240,0,False,60.00,0.1000,-0.019836,0.005028,0.365988,0.271040,0.001166,0.000410,0.962567,1123
143.6635,inicio,True,99.0514,33.322,5.409,13.451,True,320,240,0,False,60.00,0.1000,-0.019932,0.005380,0.365662,0.266986,0.001492,0.001397,0.963698,1124
143.7965,inicio,True,99.1847,33.323,5.351,9.619,True,320,240,0,False,60.00,0.1000,-0.018616,0.006272,0.365655,0.264403,-0.002810,-0.000688,0.964408,1125
143.8967,inicio,True,99.2846,33.323,4.918,10.690,True,320,240,0,False,60.00,0.1000,-0.018750,0.006323,0.366008,0.263602,0.000002,-0.001002,0.964631,1126
144.0298,inicio,True,99.4179,33.322,6.279,12.589,True,320,240,0,False,60.00,0.1000,-0.019531,0.005944,0.365296,0.261263,0.003358,0.000782,0.965262,1127
144.1300,inicio,True,99.5179,33.322,5.797,10.857,True,320,240,0,False,60.00,0.1000,-0.019369,0.006696,0.365233,0.266040,0.006003,0.001415,0.963942,1128
144.2630,inicio,True,99.6512,33.322,5.185,11.634,True,320,240,0,False,60.00,0.1000,-0.017979,0.006347,0.367189,0.262726,0.001851,-0.000331,0.964869,1129
144.3631,inicio,True,99.7511,33.322,5.296,14.120,True,320,240,0,False,60.00,0.1000,-0.017942,0.006437,0.367997,0.263049,0.003904,-0.000566,0.964774,1130
144.4633,inicio,True,99.8511,33.323,5.380,13.574,True,320,240,0,False,60.00,0.1000,-0.019831,0.006011,0.367175,0.262233,-0.004086,-0.000533,0.964996,1131
144.5966,inicio,True,99.9844,33.323,5.462,15.646,True,320,240,0,False,60.00,0.1000,-0.019189,0.005821,0.366204,0.259637,0.000738,-0.000648,0.965706,1132
144.6973,inicio,True,100.0844,33.323,5.462,15.646,True,320,240,0,False,60.00,0.1000,-0.019189,0.005821,0.366204,0.259637,0.000738,-0.000648,0.965706,1132
144.8297,inicio,True,100.2177,33.323,5.213,18.195,True,320,240,0,False,60.00,0.1000,-0.020069,0.006011,0.365014,0.262561,-0.001737,-0.000288,0.964914,1133
144.9297,inicio,True,100.3176,33.322,5.336,15.374,True,320,240,0,False,60.00,0.1000,-0.021205,0.004788,0.365361,0.268222,0.005304,0.003465,0.963336,1134
145.0632,inicio,True,100.4509,33.322,5.397,11.933,True,320,240,0,False,60.00,0.1000,-0.019992,0.005092,0.365996,0.270458,0.003864,0.001755,0.962722,1135
145.1961,inicio,True,100.5842,33.322,5.617,12.269,True,320,240,0,False,60.00,0.1000,-0.020443,0.005017,0.365476,0.265205,0.001973,0.001813,0.964188,1136
145.3297,inicio,True,100.7175,33.322,5.159,14.996,True,320,240,0,False,60.00,0.1000,-0.020417,0.004962,0.365681,0.266502,0.002747,0.001705,0.963829,1137
145.4628,inicio,True,100.8508,33.324,4.808,15.917,True,320,240,0,False,60.00,0.1000,-0.020396,0.004944,0.365791,0.266117,0.004097,0.002141,0.963930,1138
145.5960,inicio,True,100.9841,33.325,5.616,18.391,True,320,240,0,False,60.00,0.1000,-0.021278,0.004875,0.365280,0.268728,0.008161,0.002435,0.963178,1139
145.6962,inicio,True,101.0841,33.324,6.462,17.270,True,320,240,0,False,60.00,0.1000,-0.021560,0.005182,0.365551,0.268953,0.003419,0.002002,0.963145,1140
145.8296,inicio,True,101.2174,33.322,2.937,11.236,True,320,240,0,False,60.00,0.1000,-0.021847,0.005188,0.365089,0.264741,0.004163,0.003350,0.964305,1141
145.9298,inicio,True,101.3174,33.328,5.241,14.582,True,320,240,0,False,60.00,0.1000,-0.021321,0.005250,0.365181,0.264002,0.005790,0.002576,0.964501,1142
146.0627,inicio,True,101.4507,33.325,5.632,14.653,True,320,240,0,False,60.00,0.1000,-0.021278,0.005511,0.364980,0.260744,0.005124,0.001397,0.965393,1143
146.1628,inicio,True,101.5506,33.324,4.663,15.848,True,320,240,0,False,60.00,0.1000,-0.021233,0.004846,0.365231,0.267953,0.006182,0.003884,0.963404,1144
146.2958,inicio,True,101.6839,33.324,6.159,13.197,True,320,240,0,False,60.00,0.1000,-0.019653,0.004744,0.365645,0.267313,0.003545,0.001130,0.963602,1145
146.3960,inicio,True,101.7838,33.321,5.522,12.457,True,320,240,0,False,60.00,0.1000,-0.020807,0.005149,0.365075,0.264801,0.005017,0.001935,0.964288,1146
146.5289,inicio,True,101.9170,33.316,5.314,12.427,True,320,240,0,False,60.00,0.1000,-0.020029,0.004478,0.366395,0.265699,-0.005174,0.001066,0.964042,1147
146.6290,inicio,True,102.0171,33.321,5.314,12.427,True,320,240,0,False,60.00,0.1000,-0.020029,0.004478,0.366395,0.265699,-0.005174,0.001066,0.964042,1147
146.7293,inicio,True,102.1170,33.320,5.177,15.650,True,320,240,0,False,60.00,0.1000,-0.019976,0.004151,0.366013,0.264033,-0.003443,0.000226,0.964507,1149
146.8622,inicio,True,102.2503,33.320,6.020,13.406,True,320,240,0,False,60.00,0.1000,-0.020500,0.001723,0.366282,0.265583,0.005996,0.002642,0.964066,1150
146.9627,inicio,True,102.3504,33.325,6.020,13.406,True,320,240,0,False,60.00,0.1000,-0.020500,0.001723,0.366282,0.265583,0.005996,0.002642,0.964066,1150
147.0955,inicio,True,102.4836,33.323,6.735,15.021,True,320,240,0,False,60.00,0.1000,-0.021425,0.000483,0.366708,0.264647,-0.002854,0.001564,0.964340,1152
147.1960,inicio,True,102.5836,33.323,11.675,10.159,True,320,240,0,False,60.00,0.1000,-0.020446,0.000917,0.367008,0.267205,-0.000228,0.000445,0.963639,1153
147.2966,inicio,True,102.6835,33.323,11.675,10.159,True,320,240,0,False,60.00,0.1000,-0.020446,0.000917,0.367008,0.267205,-0.000228,0.000445,0.963639,1153
147.4285,inicio,True,102.8168,33.322,5.620,11.458,True,320,240,0,False,60.00,0.1000,-0.021213,0.000589,0.365976,0.265797,0.003630,0.001156,0.964022,1154
147.5287,inicio,True,102.9168,33.322,7.027,16.348,True,320,240,0,False,60.00,0.1000,-0.022555,-0.000377,0.366136,0.271168,0.007064,0.004575,0.962495,1155
147.6619,inicio,True,103.0501,33.322,5.374,14.442,True,320,240,0,False,60.00,0.1000,-0.022029,-0.001349,0.367282,0.270555,0.003029,0.003818,0.962692,1156
147.7620,inicio,True,103.1501,33.324,5.459,12.490,True,320,240,0,False,60.00,0.1000,-0.023063,-0.001054,0.366498,0.268517,-0.000553,0.003840,0.963267,1157
147.8621,inicio,True,103.2500,33.323,6.811,12.768,True,320,240,0,False,60.00,0.1000,-0.023208,-0.000305,0.365979,0.273552,0.004844,0.005060,0.961832,1158
147.9624,inicio,True,103.3500,33.323,6.811,12.768,True,320,240,0,False,60.00,0.1000,-0.023208,-0.000305,0.365979,0.273552,0.004844,0.005060,0.961832,1158
148.0953,inicio,True,103.4833,33.323,5.834,11.713,True,320,240,0,False,60.00,0.1000,-0.024035,0.000240,0.365582,0.266676,-0.001383,0.002920,0.963781,1159
148.1955,inicio,True,103.5833,33.323,5.095,12.957,True,320,240,0,False,60.00,0.1000,-0.022210,0.001294,0.365330,0.269622,-0.000835,0.004459,0.962956,1160
148.3289,inicio,True,103.7165,33.322,5.414,15.646,True,320,240,0,False,60.00,0.1000,-0.017853,0.008493,0.363984,0.262040,0.012268,0.003031,0.964974,1162
148.4618,inicio,True,103.8498,33.323,5.338,13.484,True,320,240,0,False,60.00,0.1000,-0.015432,0.011428,0.364108,0.257044,0.004073,-0.001822,0.966390,1163
148.5950,inicio,True,103.9831,33.323,5.186,15.163,True,320,240,0,False,60.00,0.1000,0.006810,0.043480,0.354240,0.220443,0.037272,-0.020194,0.974478,1164
148.6958,inicio,True,104.0831,33.323,5.186,15.163,True,320,240,0,False,60.00,0.1000,0.006810,0.043480,0.354240,0.220443,0.037272,-0.020194,0.974478,1164
148.8288,inicio,True,104.2164,33.322,6.654,12.408,True,320,240,0,False,60.00,0.1000,0.005916,0.081085,0.332542,0.167999,0.041910,-0.015757,0.984770,1165
148.9630,inicio,False,104.2164,33.323,5.167,9.306,True,320,240,0,False,60.00,0.1000,0.005916,0.081085,0.332542,0.167999,0.041910,-0.015757,0.984770,1166
149.0951,inicio,False,104.2164,33.323,5.588,10.498,True,320,240,0,False,60.00,0.1000,0.005916,0.081085,0.332542,0.167999,0.041910,-0.015757,0.984770,1167
149.2283,inicio,False,104.2164,33.324,5.382,10.589,True,320,240,0,False,60.00,0.1000,0.005916,0.081085,0.332542,0.167999,0.041910,-0.015757,0.984770,1168
149.3288,inicio,False,104.2164,33.321,5.512,15.175,True,320,240,0,False,60.00,0.1000,0.005916,0.081085,0.332542,0.167999,0.041910,-0.015757,0.984770,1169
149.4330,inicio,False,104.2164,33.321,4.759,24.113,True,320,240,0,False,60.00,0.1000,0.005916,0.081085,0.332542,0.167999,0.041910,-0.015757,0.984770,1170
149.5616,inicio,False,104.2164,33.323,5.471,17.763,True,320,240,0,False,60.00,0.1000,0.005916,0.081085,0.332542,0.167999,0.041910,-0.015757,0.984770,1171
149.6949,inicio,False,104.2164,33.325,5.268,17.493,True,320,240,0,False,60.00,0.1000,0.005916,0.081085,0.332542,0.167999,0.041910,-0.015757,0.984770,1172
149.8288,inicio,False,104.2164,33.324,5.227,14.785,True,320,240,0,False,60.00,0.1000,0.005916,0.081085,0.332542,0.167999,0.041910,-0.015757,0.984770,1173
149.9615,inicio,False,104.2164,33.322,4.864,1.732,True,320,240,0,False,60.00,0.1000,0.005916,0.081085,0.332542,0.167999,0.041910,-0.015757,0.984770,1174
150.0948,inicio,False,104.2164,33.321,5.665,1.754,True,320,240,0,False,60.00,0.1000,0.005916,0.081085,0.332542,0.167999,0.041910,-0.015757,0.984770,1175
150.2284,inicio,False,104.2164,33.328,4.658,1.655,True,320,240,0,False,60.00,0.1000,0.005916,0.081085,0.332542,0.167999,0.041910,-0.015757,0.984770,1176
150.3615,inicio,False,104.2164,33.333,3.159,1.668,True,320,240,0,False,60.00,0.1000,0.005916,0.081085,0.332542,0.167999,0.041910,-0.015757,0.984770,1178
150.4944,inicio,False,104.2164,33.324,5.215,1.466,True,320,240,0,False,60.00,0.1000,0.005916,0.081085,0.332542,0.167999,0.041910,-0.015757,0.984770,1179
150.5945,inicio,False,104.2164,33.321,6.039,2.043,True,320,240,0,False,60.00,0.1000,0.005916,0.081085,0.332542,0.167999,0.041910,-0.015757,0.984770,1180
150.7275,inicio,False,104.2164,33.320,5.525,1.895,True,320,240,0,False,60.00,0.1000,0.005916,0.081085,0.332542,0.167999,0.041910,-0.015757,0.984770,1181
150.8278,inicio,False,104.2164,33.318,5.733,1.613,True,320,240,0,False,60.00,0.1000,0.005916,0.081085,0.332542,0.167999,0.041910,-0.015757,0.984770,1182
150.9279,inicio,False,104.2164,33.320,5.240,2.455,True,320,240,0,False,60.00,0.1000,0.005916,0.081085,0.332542,0.167999,0.041910,-0.015757,0.984770,1183
151.0280,inicio,False,104.2164,33.323,5.231,1.534,True,320,240,0,False,60.00,0.1000,0.005916,0.081085,0.332542,0.167999,0.041910,-0.015757,0.984770,1184
151.1625,inicio,False,104.2164,33.322,5.339,2.128,True,320,240,0,False,60.00,0.1000,0.005916,0.081085,0.332542,0.167999,0.041910,-0.015757,0.984770,1185
151.2943,inicio,False,104.2164,33.326,6.499,1.749,True,320,240,0,False,60.00,0.1000,0.005916,0.081085,0.332542,0.167999,0.041910,-0.015757,0.984770,1186
151.3952,inicio,False,104.2164,33.322,5.441,1.766,True,320,240,0,False,60.00,0.1000,0.005916,0.081085,0.332542,0.167999,0.041910,-0.015757,0.984770,1188
151.5275,inicio,False,104.2164,33.324,5.350,1.469,True,320,240,0,False,60.00,0.1000,0.005916,0.081085,0.332542,0.167999,0.041910,-0.015757,0.984770,1189
151.6278,inicio,False,104.2164,33.337,6.564,1.761,True,320,240,0,False,60.00,0.1000,0.005916,0.081085,0.332542,0.167999,0.041910,-0.015757,0.984770,1190
151.7609,inicio,False,104.2164,33.323,5.439,1.841,True,320,240,0,False,60.00,0.1000,0.005916,0.081085,0.332542,0.167999,0.041910,-0.015757,0.984770,1191
151.8616,inicio,False,104.2164,33.320,4.944,1.915,True,320,240,0,False,60.00,0.1000,0.005916,0.081085,0.332542,0.167999,0.041910,-0.015757,0.984770,1193
151.9938,inicio,False,104.2164,33.319,5.531,1.767,True,320,240,0,False,60.00,0.1000,0.005916,0.081085,0.332542,0.167999,0.041910,-0.015757,0.984770,1194
152.0942,inicio,False,104.2164,33.326,6.122,1.967,True,320,240,0,False,60.00,0.1000,0.005916,0.081085,0.332542,0.167999,0.041910,-0.015757,0.984770,1195
152.1949,inicio,False,104.2164,33.326,5.661,1.512,True,320,240,0,False,60.00,0.1000,0.005916,0.081085,0.332542,0.167999,0.041910,-0.015757,0.984770,1196
152.3273,inicio,False,104.2164,33.322,5.615,1.787,True,320,240,0,False,60.00,0.1000,0.005916,0.081085,0.332542,0.167999,0.041910,-0.015757,0.984770,1197
152.4274,inicio,False,104.2164,33.321,5.615,1.787,True,320,240,0,False,60.00,0.1000,0.005916,0.081085,0.332542,0.167999,0.041910,-0.015757,0.984770,1197
152.5612,inicio,False,104.2164,33.341,5.306,1.895,True,320,240,0,False,60.00,0.1000,0.005916,0.081085,0.332542,0.167999,0.041910,-0.015757,0.984770,1199
152.6628,inicio,False,104.2164,33.323,5.831,1.552,True,320,240,0,False,60.00,0.1000,0.005916,0.081085,0.332542,0.167999,0.041910,-0.015757,0.984770,1201
152.7938,inicio,False,104.2164,33.321,7.154,1.640,True,320,240,0,False,60.00,0.1000,0.005916,0.081085,0.332542,0.167999,0.041910,-0.015757,0.984770,1202
152.8947,inicio,False,104.2164,33.320,7.154,1.640,True,320,240,0,False,60.00,0.1000,0.005916,0.081085,0.332542,0.167999,0.041910,-0.015757,0.984770,1202
153.0270,inicio,False,104.2164,33.330,5.326,1.492,True,320,240,0,False,60.00,0.1000,0.005916,0.081085,0.332542,0.167999,0.041910,-0.015757,0.984770,1204
153.1621,inicio,False,104.2164,33.315,5.168,2.062,True,320,240,0,False,60.00,0.1000,0.005916,0.081085,0.332542,0.167999,0.041910,-0.015757,0.984770,1205
153.2942,inicio,False,104.2164,33.327,5.164,1.861,True,320,240,0,False,60.00,0.1000,0.005916,0.081085,0.332542,0.167999,0.041910,-0.015757,0.984770,1207
153.4268,inicio,False,104.2164,33.323,5.119,1.542,True,320,240,0,False,60.00,0.1000,0.005916,0.081085,0.332542,0.167999,0.041910,-0.015757,0.984770,1208
153.5271,inicio,False,104.2164,33.319,5.258,1.558,True,320,240,0,False,60.00,0.1000,0.005916,0.081085,0.332542,0.167999,0.041910,-0.015757,0.984770,1210
153.6600,inicio,False,104.2164,33.321,5.162,1.608,True,320,240,0,False,60.00,0.1000,0.005916,0.081085,0.332542,0.167999,0.041910,-0.015757,0.984770,1211
153.7603,inicio,False,104.2164,33.320,5.337,1.549,True,320,240,0,False,60.00,0.1000,0.005916,0.081085,0.332542,0.167999,0.041910,-0.015757,0.984770,1212
153.8936,inicio,False,104.2164,33.319,5.565,1.487,True,320,240,0,False,60.00,0.1000,0.005916,0.081085,0.332542,0.167999,0.041910,-0.015757,0.984770,1213
153.9950,inicio,False,104.2164,33.317,5.149,1.686,True,320,240,0,False,60.00,0.1000,0.005916,0.081085,0.332542,0.167999,0.041910,-0.015757,0.984770,1215
154.1267,inicio,False,104.2164,33.320,5.515,1.643,True,320,240,0,False,60.00,0.1000,0.005916,0.081085,0.332542,0.167999,0.041910,-0.015757,0.984770,1216
154.2270,inicio,False,104.2164,33.328,5.745,1.834,True,320,240,0,False,60.00,0.1000,0.005916,0.081085,0.332542,0.167999,0.041910,-0.015757,0.984770,1217
154.3599,inicio,False,104.2164,33.323,6.497,2.001,True,320,240,0,False,60.00,0.1000,0.005916,0.081085,0.332542,0.167999,0.041910,-0.015757,0.984770,1218
154.4602,inicio,False,104.2164,33.321,5.706,1.619,True,320,240,0,False,60.00,0.1000,0.005916,0.081085,0.332542,0.167999,0.041910,-0.015757,0.984770,1219
154.5936,inicio,False,104.2164,33.321,5.142,1.544,True,320,240,0,False,60.00,0.1000,0.005916,0.081085,0.332542,0.167999,0.041910,-0.015757,0.984770,1220
154.7266,inicio,False,104.2164,33.321,5.868,1.470,True,320,240,0,False,60.00,0.1000,0.005916,0.081085,0.332542,0.167999,0.041910,-0.015757,0.984770,1222
154.8598,inicio,False,104.2164,33.321,5.151,2.240,True,320,240,0,False,60.00,0.1000,0.005916,0.081085,0.332542,0.167999,0.041910,-0.015757,0.984770,1223
154.9929,inicio,False,104.2164,33.323,5.648,1.504,True,320,240,0,False,60.00,0.1000,0.005916,0.081085,0.332542,0.167999,0.041910,-0.015757,0.984770,1224
155.0932,inicio,False,104.2164,33.323,5.147,1.557,True,320,240,0,False,60.00,0.1000,0.005916,0.081085,0.332542,0.167999,0.041910,-0.015757,0.984770,1225
155.1933,inicio,False,104.2164,33.323,5.377,1.753,True,320,240,0,False,60.00,0.1000,0.005916,0.081085,0.332542,0.167999,0.041910,-0.015757,0.984770,1227
155.2933,inicio,False,104.2164,33.362,5.387,1.738,True,320,240,0,False,60.00,0.1000,0.005916,0.081085,0.332542,0.167999,0.041910,-0.015757,0.984770,1228
155.3937,inicio,False,104.2164,33.326,5.755,1.484,True,320,240,0,False,60.00,0.1000,0.005916,0.081085,0.332542,0.167999,0.041910,-0.015757,0.984770,1229
155.5262,inicio,False,104.2164,33.320,5.484,1.771,True,320,240,0,False,60.00,0.1000,0.005916,0.081085,0.332542,0.167999,0.041910,-0.015757,0.984770,1230
155.6596,inicio,False,104.2164,33.316,6.115,1.666,True,320,240,0,False,60.00,0.1000,0.005916,0.081085,0.332542,0.167999,0.041910,-0.015757,0.984770,1231
155.7927,inicio,False,104.2164,33.314,5.375,1.924,True,320,240,0,False,60.00,0.1000,0.005916,0.081085,0.332542,0.167999,0.041910,-0.015757,0.984770,1232
155.8934,inicio,False,104.2164,33.314,3.553,1.479,True,320,240,0,False,60.00,0.1000,0.005916,0.081085,0.332542,0.167999,0.041910,-0.015757,0.984770,1233
156.0258,inicio,False,104.2164,33.321,6.604,1.439,True,320,240,0,False,60.00,0.1000,0.005916,0.081085,0.332542,0.167999,0.041910,-0.015757,0.984770,1234
156.1260,inicio,False,104.2164,33.321,4.648,1.728,True,320,240,0,False,60.00,0.1000,0.005916,0.081085,0.332542,0.167999,0.041910,-0.015757,0.984770,1235
156.2592,inicio,False,104.2164,33.322,4.757,1.509,True,320,240,0,False,60.00,0.1000,0.005916,0.081085,0.332542,0.167999,0.041910,-0.015757,0.984770,1237
156.3616,inicio,False,104.2164,33.321,4.757,1.509,True,320,240,0,False,60.00,0.1000,0.005916,0.081085,0.332542,0.167999,0.041910,-0.015757,0.984770,1237
156.4923,inicio,False,104.2164,33.322,6.142,1.727,True,320,240,0,False,60.00,0.1000,0.005916,0.081085,0.332542,0.167999,0.041910,-0.015757,0.984770,1239
156.5926,inicio,False,104.2164,33.322,5.165,2.107,True,320,240,0,False,60.00,0.1000,0.005916,0.081085,0.332542,0.167999,0.041910,-0.015757,0.984770,1240
156.7257,inicio,False,104.2164,33.322,5.364,1.933,True,320,240,0,False,60.00,0.1000,0.005916,0.081085,0.332542,0.167999,0.041910,-0.015757,0.984770,1241
156.8267,inicio,False,104.2164,33.326,6.687,1.402,True,320,240,0,False,60.00,0.1000,0.005916,0.081085,0.332542,0.167999,0.041910,-0.015757,0.984770,1242
156.9592,inicio,False,104.2164,33.323,5.161,2.094,True,320,240,0,False,60.00,0.1000,0.005916,0.081085,0.332542,0.167999,0.041910,-0.015757,0.984770,1243
157.0593,inicio,False,104.2164,33.322,5.280,1.947,True,320,240,0,False,60.00,0.1000,0.005916,0.081085,0.332542,0.167999,0.041910,-0.015757,0.984770,1245
157.1922,inicio,False,104.2164,33.322,5.843,2.249,True,320,240,0,False,60.00,0.1000,0.005916,0.081085,0.332542,0.167999,0.041910,-0.015757,0.984770,1246
157.2922,inicio,False,104.2164,33.321,4.762,2.013,True,320,240,0,False,60.00,0.1000,0.005916,0.081085,0.332542,0.167999,0.041910,-0.015757,0.984770,1247
157.4268,inicio,False,104.2164,33.321,5.285,1.628,True,320,240,0,False,60.00,0.1000,0.005916,0.081085,0.332542,0.167999,0.041910,-0.015757,0.984770,1248
157.5590,inicio,False,104.2164,33.322,6.249,1.978,True,320,240,0,False,60.00,0.1000,0.005916,0.081085,0.332542,0.167999,0.041910,-0.015757,0.984770,1249
157.6590,inicio,False,104.2164,33.322,5.589,2.201,True,320,240,0,False,60.00,0.1000,0.005916,0.081085,0.332542,0.167999,0.041910,-0.015757,0.984770,1251
157.7925,inicio,False,104.2164,33.323,5.528,1.442,True,320,240,0,False,60.00,0.1000,0.005916,0.081085,0.332542,0.167999,0.041910,-0.015757,0.984770,1252
157.9254,inicio,False,104.2164,33.322,5.232,1.907,True,320,240,0,False,60.00,0.1000,0.005916,0.081085,0.332542,0.167999,0.041910,-0.015757,0.984770,1253
158.0586,inicio,False,104.2164,33.322,7.571,4.980,True,320,240,0,False,60.00,0.1000,0.005916,0.081085,0.332542,0.167999,0.041910,-0.015757,0.984770,1254
158.1917,inicio,False,104.2164,33.324,2.781,1.812,True,320,240,0,False,60.00,0.1000,0.005916,0.081085,0.332542,0.167999,0.041910,-0.015757,0.984770,1255
158.2929,inicio,False,104.2164,33.329,2.808,2.403,True,320,240,0,False,60.00,0.1000,0.005916,0.081085,0.332542,0.167999,0.041910,-0.015757,0.984770,1256
158.4254,inicio,False,104.2164,33.334,4.619,2.005,True,320,240,0,False,60.00,0.1000,0.005916,0.081085,0.332542,0.167999,0.041910,-0.015757,0.984770,1257
158.5257,inicio,False,104.2164,33.328,5.485,2.367,True,320,240,0,False,60.00,0.1000,0.005916,0.081085,0.332542,0.167999,0.041910,-0.015757,0.984770,1258
158.6582,inicio,False,104.2164,33.315,3.003,3.140,True,320,240,0,False,60.00,0.1000,0.005916,0.081085,0.332542,0.167999,0.041910,-0.015757,0.984770,1259
158.7583,inicio,False,104.2164,33.309,2.441,1.518,True,320,240,0,False,60.00,0.1000,0.005916,0.081085,0.332542,0.167999,0.041910,-0.015757,0.984770,1260
158.8585,inicio,False,104.2164,33.306,4.350,1.773,True,320,240,0,False,60.00,0.1000,0.005916,0.081085,0.332542,0.167999,0.041910,-0.015757,0.984770,1262
158.9589,inicio,False,104.2164,33.317,4.350,1.773,True,320,240,0,False,60.00,0.1000,0.005916,0.081085,0.332542,0.167999,0.041910,-0.015757,0.984770,1262
159.0600,inicio,False,104.2164,33.328,5.210,1.499,True,320,240,0,False,60.00,0.1000,0.005916,0.081085,0.332542,0.167999,0.041910,-0.015757,0.984770,1264
159.1931,inicio,False,104.2164,33.322,5.545,1.665,True,320,240,0,False,60.00,0.1000,0.005916,0.081085,0.332542,0.167999,0.041910,-0.015757,0.984770,1265
159.3248,inicio,False,104.2164,33.310,5.759,1.612,True,320,240,0,False,60.00,0.1000,0.005916,0.081085,0.332542,0.167999,0.041910,-0.015757,0.984770,1266
159.4580,inicio,False,104.2164,33.305,5.805,2.031,True,320,240,0,False,60.00,0.1000,0.005916,0.081085,0.332542,0.167999,0.041910,-0.015757,0.984770,1267
159.5588,inicio,False,104.2164,33.323,5.562,1.956,True,320,240,0,False,60.00,0.1000,0.005916,0.081085,0.332542,0.167999,0.041910,-0.015757,0.984770,1268
159.6914,inicio,False,104.2164,33.323,5.692,1.631,True,320,240,0,False,60.00,0.1000,0.005916,0.081085,0.332542,0.167999,0.041910,-0.015757,0.984770,1269
159.8247,inicio,False,104.2164,33.323,5.574,2.024,True,320,240,0,False,60.00,0.1000,0.005916,0.081085,0.332542,0.167999,0.041910,-0.015757,0.984770,1271
159.9249,inicio,False,104.2164,33.322,6.829,1.681,True,320,240,0,False,60.00,0.1000,0.005916,0.081085,0.332542,0.167999,0.041910,-0.015757,0.984770,1272
160.0584,inicio,False,104.2164,33.326,5.388,1.993,True,320,240,0,False,60.00,0.1000,0.005916,0.081085,0.332542,0.167999,0.041910,-0.015757,0.984770,1274
160.1585,inicio,False,104.2164,33.322,5.388,1.993,True,320,240,0,False,60.00,0.1000,0.005916,0.081085,0.332542,0.167999,0.041910,-0.015757,0.984770,1274
160.2914,inicio,False,104.2164,33.325,5.021,1.655,True,320,240,0,False,60.00,0.1000,0.005916,0.081085,0.332542,0.167999,0.041910,-0.015757,0.984770,1276
160.3920,inicio,False,104.2164,33.318,5.263,1.971,True,320,240,0,False,60.00,0.1000,0.005916,0.081085,0.332542,0.167999,0.041910,-0.015757,0.984770,1277
160.5263,inicio,False,104.2164,33.315,5.326,2.129,True,320,240,0,False,60.00,0.1000,0.005916,0.081085,0.332542,0.167999,0.041910,-0.015757,0.984770,1279
160.6578,inicio,False,104.2164,33.321,5.553,1.704,True,320,240,0,False,60.00,0.1000,0.005916,0.081085,0.332542,0.167999,0.041910,-0.015757,0.984770,1280
160.7580,inicio,False,104.2164,33.321,5.160,2.080,True,320,240,0,False,60.00,0.1000,0.005916,0.081085,0.332542,0.167999,0.041910,-0.015757,0.984770,1281
160.8585,inicio,False,104.2164,33.321,5.018,1.964,True,320,240,0,False,60.00,0.1000,0.005916,0.081085,0.332542,0.167999,0.041910,-0.015757,0.984770,1282
160.9909,inicio,False,104.2164,33.322,5.418,1.813,True,320,240,0,False,60.00,0.1000,0.005916,0.081085,0.332542,0.167999,0.041910,-0.015757,0.984770,1283
161.0909,inicio,False,104.2164,33.322,5.737,1.970,True,320,240,0,False,60.00,0.1000,0.005916,0.081085,0.332542,0.167999,0.041910,-0.015757,0.984770,1284
161.1912,inicio,False,104.2164,33.322,6.418,1.774,True,320,240,0,False,60.00,0.1000,0.005916,0.081085,0.332542,0.167999,0.041910,-0.015757,0.984770,1286
161.2913,inicio,False,104.2164,33.351,6.418,1.774,True,320,240,0,False,60.00,0.1000,0.005916,0.081085,0.332542,0.167999,0.041910,-0.015757,0.984770,1286
161.3918,inicio,False,104.2164,33.325,5.129,1.677,True,320,240,0,False,60.00,0.1000,0.005916,0.081085,0.332542,0.167999,0.041910,-0.015757,0.984770,1288
161.5246,inicio,False,104.2164,33.322,5.548,2.104,True,320,240,0,False,60.00,0.1000,0.005916,0.081085,0.332542,0.167999,0.041910,-0.015757,0.984770,1289
161.6576,inicio,False,104.2164,33.324,5.849,1.905,True,320,240,0,False,60.00,0.1000,0.005916,0.081085,0.332542,0.167999,0.041910,-0.015757,0.984770,1290
161.7581,inicio,False,104.2164,33.320,5.203,2.164,True,320,240,0,False,60.00,0.1000,0.005916,0.081085,0.332542,0.167999,0.041910,-0.015757,0.984770,1291
161.8582,inicio,False,104.2164,33.316,5.318,1.956,True,320,240,0,False,60.00,0.1000,0.005916,0.081085,0.332542,0.167999,0.041910,-0.015757,0.984770,1292
161.9910,inicio,False,104.2164,33.320,7.262,1.935,True,320,240,0,False,60.00,0.1000,0.005916,0.081085,0.332542,0.167999,0.041910,-0.015757,0.984770,1294
162.1247,inicio,False,104.2164,33.322,5.868,1.668,True,320,240,0,False,60.00,0.1000,0.005916,0.081085,0.332542,0.167999,0.041910,-0.015757,0.984770,1295
162.2581,inicio,False,104.2164,33.317,5.561,1.443,True,320,240,0,False,60.00,0.1000,0.005916,0.081085,0.332542,0.167999,0.041910,-0.015757,0.984770,1296
162.3906,inicio,False,104.2164,33.322,5.721,1.820,True,320,240,0,False,60.00,0.1000,0.005916,0.081085,0.332542,0.167999,0.041910,-0.015757,0.984770,1297
162.4911,inicio,False,104.2164,33.321,5.166,1.805,True,320,240,0,False,60.00,0.1000,0.005916,0.081085,0.332542,0.167999,0.041910,-0.015757,0.984770,1298
162.5911,inicio,False,104.2164,33.323,6.098,1.554,True,320,240,0,False,60.00,0.1000,0.005916,0.081085,0.332542,0.167999,0.041910,-0.015757,0.984770,1299
162.7240,inicio,False,104.2164,33.322,5.448,2.041,True,320,240,0,False,60.00,0.1000,0.005916,0.081085,0.332542,0.167999,0.041910,-0.015757,0.984770,1300
162.8572,inicio,False,104.2164,33.322,5.485,1.865,True,320,240,0,False,60.00,0.1000,0.005916,0.081085,0.332542,0.167999,0.041910,-0.015757,0.984770,1301
162.9904,inicio,False,104.2164,33.321,6.290,1.862,True,320,240,0,False,60.00,0.1000,0.005916,0.081085,0.332542,0.167999,0.041910,-0.015757,0.984770,1302
163.1238,inicio,False,104.2164,33.320,5.211,1.999,True,320,240,0,False,60.00,0.1000,0.005916,0.081085,0.332542,0.167999,0.041910,-0.015757,0.984770,1303
163.2239,inicio,False,104.2164,33.327,5.246,1.763,True,320,240,0,False,60.00,0.1000,0.005916,0.081085,0.332542,0.167999,0.041910,-0.015757,0.984770,1304
163.3243,inicio,False,104.2164,33.322,6.078,3.881,True,320,240,0,False,60.00,0.1000,0.005916,0.081085,0.332542,0.167999,0.041910,-0.015757,0.984770,1305
163.4568,inicio,False,104.2164,33.321,5.377,2.039,True,320,240,0,False,60.00,0.1000,0.005916,0.081085,0.332542,0.167999,0.041910,-0.015757,0.984770,1306
163.5903,inicio,False,104.2164,33.321,5.831,1.531,True,320,240,0,False,60.00,0.1000,0.005916,0.081085,0.332542,0.167999,0.041910,-0.015757,0.984770,1308
163.6907,inicio,False,104.2164,33.321,5.262,2.061,True,320,240,0,False,60.00,0.1000,0.005916,0.081085,0.332542,0.167999,0.041910,-0.015757,0.984770,1309
163.8236,inicio,False,104.2164,33.322,5.308,1.950,True,320,240,0,False,60.00,0.1000,0.005916,0.081085,0.332542,0.167999,0.041910,-0.015757,0.984770,1310
163.9568,inicio,False,104.2164,33.323,5.702,1.740,True,320,240,0,False,60.00,0.1000,0.005916,0.081085,0.332542,0.167999,0.041910,-0.015757,0.984770,1311
164.0899,inicio,False,104.2164,33.323,5.092,1.551,True,320,240,0,False,60.00,0.1000,0.005916,0.081085,0.332542,0.167999,0.041910,-0.015757,0.984770,1313
164.1902,inicio,False,104.2164,33.323,6.372,2.072,True,320,240,0,False,60.00,0.1000,0.005916,0.081085,0.332542,0.167999,0.041910,-0.015757,0.984770,1315
164.3237,inicio,False,104.2164,33.324,5.232,1.466,True,320,240,0,False,60.00,0.1000,0.005916,0.081085,0.332542,0.167999,0.041910,-0.015757,0.984770,1316
164.4565,inicio,False,104.2164,33.323,6.799,3.985,True,320,240,0,False,60.00,0.1000,0.005916,0.081085,0.332542,0.167999,0.041910,-0.015757,0.984770,1317
164.5566,inicio,False,104.2164,33.322,5.961,1.793,True,320,240,0,False,60.00,0.1000,0.005916,0.081085,0.332542,0.167999,0.041910,-0.015757,0.984770,1318
164.6570,inicio,False,104.2164,33.323,5.630,1.933,True,320,240,0,False,60.00,0.1000,0.005916,0.081085,0.332542,0.167999,0.041910,-0.015757,0.984770,1319
164.7572,inicio,False,104.2164,33.322,5.819,1.904,True,320,240,0,False,60.00,0.1000,0.005916,0.081085,0.332542,0.167999,0.041910,-0.015757,0.984770,1320
164.8903,inicio,False,104.2164,33.324,5.659,2.021,True,320,240,0,False,60.00,0.1000,0.005916,0.081085,0.332542,0.167999,0.041910,-0.015757,0.984770,1322
165.0234,inicio,False,104.2164,33.324,5.706,1.555,True,320,240,0,False,60.00,0.1000,0.005916,0.081085,0.332542,0.167999,0.041910,-0.015757,0.984770,1323
165.1563,inicio,False,104.2164,33.322,5.470,2.218,True,320,240,0,False,60.00,0.1000,0.005916,0.081085,0.332542,0.167999,0.041910,-0.015757,0.984770,1324
165.2568,inicio,False,104.2164,33.324,4.784,1.531,True,320,240,0,False,60.00,0.1000,0.005916,0.081085,0.332542,0.167999,0.041910,-0.015757,0.984770,1326
165.3568,inicio,False,104.2164,33.321,4.784,1.531,True,320,240,0,False,60.00,0.1000,0.005916,0.081085,0.332542,0.167999,0.041910,-0.015757,0.984770,1326
165.4899,inicio,False,104.2164,33.324,5.812,1.478,True,320,240,0,False,60.00,0.1000,0.005916,0.081085,0.332542,0.167999,0.041910,-0.015757,0.984770,1328
165.6230,inicio,False,104.2164,33.322,5.596,1.862,True,320,240,0,False,60.00,0.1000,0.005916,0.081085,0.332542,0.167999,0.041910,-0.015757,0.984770,1329
165.7560,inicio,False,104.2164,33.323,6.235,2.354,True,320,240,0,False,60.00,0.1000,0.005916,0.081085,0.332542,0.167999,0.041910,-0.015757,0.984770,1330
165.8562,inicio,False,104.2164,33.322,5.912,2.341,True,320,240,0,False,60.00,0.1000,0.005916,0.081085,0.332542,0.167999,0.041910,-0.015757,0.984770,1331
165.9562,inicio,False,104.2164,33.322,5.570,2.716,True,320,240,0,False,60.00,0.1000,0.005916,0.081085,0.332542,0.167999,0.041910,-0.015757,0.984770,1332
166.0564,inicio,False,104.2164,33.321,5.665,4.200,True,320,240,0,False,60.00,0.1000,0.005916,0.081085,0.332542,0.167999,0.041910,-0.015757,0.984770,1333
166.1566,inicio,False,104.2164,33.325,5.665,4.200,True,320,240,0,False,60.00,0.1000,0.005916,0.081085,0.332542,0.167999,0.041910,-0.015757,0.984770,1333
166.2894,inicio,False,104.2164,33.324,5.616,1.867,True,320,240,0,False,60.00,0.1000,0.005916,0.081085,0.332542,0.167999,0.041910,-0.015757,0.984770,1335
166.3896,inicio,False,104.2164,33.322,5.398,1.744,True,320,240,0,False,60.00,0.1000,0.005916,0.081085,0.332542,0.167999,0.041910,-0.015757,0.984770,1336
166.5224,inicio,False,104.2164,33.322,5.238,3.933,True,320,240,0,False,60.00,0.1000,0.005916,0.081085,0.332542,0.167999,0.041910,-0.015757,0.984770,1337
166.6226,inicio,False,104.2164,33.321,5.774,1.893,True,320,240,0,False,60.00,0.1000,0.005916,0.081085,0.332542,0.167999,0.041910,-0.015757,0.984770,1338
166.7561,inicio,False,104.2164,33.323,5.238,1.460,True,320,240,0,False,60.00,0.1000,0.005916,0.081085,0.332542,0.167999,0.041910,-0.015757,0.984770,1340
166.8563,inicio,False,104.2164,33.324,5.495,1.693,True,320,240,0,False,60.00,0.1000,0.005916,0.081085,0.332542,0.167999,0.041910,-0.015757,0.984770,1342
166.9566,inicio,False,104.2164,33.322,6.134,1.847,True,320,240,0,False,60.00,0.1000,0.005916,0.081085,0.332542,0.167999,0.041910,-0.015757,0.984770,1343
167.0892,inicio,False,104.2164,33.322,5.911,4.085,True,320,240,0,False,60.00,0.1000,0.005916,0.081085,0.332542,0.167999,0.041910,-0.015757,0.984770,1344
167.1894,inicio,False,104.2164,33.323,6.842,8.146,True,320,240,0,False,60.00,0.1000,0.005916,0.081085,0.332542,0.167999,0.041910,-0.015757,0.984770,1345
167.3222,inicio,False,104.2164,33.322,6.186,2.105,True,320,240,0,False,60.00,0.1000,0.005916,0.081085,0.332542,0.167999,0.041910,-0.015757,0.984770,1346
167.4239,inicio,False,104.2164,33.322,5.476,4.747,True,320,240,0,False,60.00,0.1000,0.005916,0.081085,0.332542,0.167999,0.041910,-0.015757,0.984770,1347
167.5561,inicio,False,104.2164,33.323,6.634,3.865,True,320,240,0,False,60.00,0.1000,0.005916,0.081085,0.332542,0.167999,0.041910,-0.015757,0.984770,1348
167.6891,inicio,False,104.2164,33.323,5.517,1.481,True,320,240,0,False,60.00,0.1000,0.005916,0.081085,0.332542,0.167999,0.041910,-0.015757,0.984770,1349
167.8221,inicio,False,104.2164,33.322,6.197,1.779,True,320,240,0,False,60.00,0.1000,0.005916,0.081085,0.332542,0.167999,0.041910,-0.015757,0.984770,1350
167.9560,inicio,False,104.2164,33.322,6.154,2.006,True,320,240,0,False,60.00,0.1000,0.005916,0.081085,0.332542,0.167999,0.041910,-0.015757,0.984770,1351
168.0888,inicio,False,104.2164,33.322,5.870,1.715,True,320,240,0,False,60.00,0.1000,0.005916,0.081085,0.332542,0.167999,0.041910,-0.015757,0.984770,1352
168.1896,inicio,False,104.2164,33.323,2.858,1.585,True,320,240,0,False,60.00,0.1000,0.005916,0.081085,0.332542,0.167999,0.041910,-0.015757,0.984770,1353
168.2900,inicio,False,104.2164,33.323,6.562,9.134,True,320,240,0,False,60.00,0.1000,0.005916,0.081085,0.332542,0.167999,0.041910,-0.015757,0.984770,1354
168.4221,inicio,False,104.2164,33.322,5.998,9.469,True,320,240,0,False,60.00,0.1000,0.005916,0.081085,0.332542,0.167999,0.041910,-0.015757,0.984770,1355
168.5553,inicio,False,104.2164,33.323,4.693,1.582,True,320,240,0,False,60.00,0.1000,0.005916,0.081085,0.332542,0.167999,0.041910,-0.015757,0.984770,1356
168.6554,inicio,False,104.2164,33.322,5.611,3.437,True,320,240,0,False,60.00,0.1000,0.005916,0.081085,0.332542,0.167999,0.041910,-0.015757,0.984770,1357
168.7555,inicio,False,104.2164,33.322,5.611,3.437,True,320,240,0,False,60.00,0.1000,0.005916,0.081085,0.332542,0.167999,0.041910,-0.015757,0.984770,1357
168.8558,inicio,False,104.2164,33.322,5.898,2.016,True,320,240,0,False,60.00,0.1000,0.005916,0.081085,0.332542,0.167999,0.041910,-0.015757,0.984770,1359
168.9882,inicio,False,104.2164,33.322,4.696,1.404,True,320,240,0,False,60.00,0.1000,0.005916,0.081085,0.332542,0.167999,0.041910,-0.015757,0.984770,1360
169.0883,inicio,False,104.2164,33.324,6.343,3.545,True,320,240,0,False,60.00,0.1000,0.005916,0.081085,0.332542,0.167999,0.041910,-0.015757,0.984770,1361
169.2223,inicio,False,104.2164,33.324,5.967,2.581,True,320,240,0,False,60.00,0.1000,0.005916,0.081085,0.332542,0.167999,0.041910,-0.015757,0.984770,1362
169.3552,inicio,False,104.2164,33.322,5.473,2.015,True,320,240,0,False,60.00,0.1000,0.005916,0.081085,0.332542,0.167999,0.041910,-0.015757,0.984770,1363
169.4882,inicio,False,104.2164,33.326,5.483,4.014,True,320,240,0,False,60.00,0.1000,0.005916,0.081085,0.332542,0.167999,0.041910,-0.015757,0.984770,1365
169.5891,inicio,False,104.2164,33.321,5.414,7.371,True,320,240,0,False,60.00,0.1000,0.005916,0.081085,0.332542,0.167999,0.041910,-0.015757,0.984770,1366
169.7216,inicio,False,104.2164,33.325,6.432,1.823,True,320,240,0,False,60.00,0.1000,0.005916,0.081085,0.332542,0.167999,0.041910,-0.015757,0.984770,1367
169.8547,inicio,False,104.2164,33.323,5.042,5.778,True,320,240,0,False,60.00,0.1000,0.005916,0.081085,0.332542,0.167999,0.041910,-0.015757,0.984770,1368
169.9881,inicio,False,104.2164,33.322,5.554,1.604,True,320,240,0,False,60.00,0.1000,0.005916,0.081085,0.332542,0.167999,0.041910,-0.015757,0.984770,1369
170.0885,inicio,False,104.2164,33.321,6.666,3.296,True,320,240,0,False,60.00,0.1000,0.005916,0.081085,0.332542,0.167999,0.041910,-0.015757,0.984770,1370
170.2212,inicio,False,104.2164,33.322,7.481,3.773,True,320,240,0,False,60.00,0.1000,0.005916,0.081085,0.332542,0.167999,0.041910,-0.015757,0.984770,1371
170.3213,inicio,False,104.2164,33.322,5.390,3.239,True,320,240,0,False,60.00,0.1000,0.005916,0.081085,0.332542,0.167999,0.041910,-0.015757,0.984770,1372
170.4218,inicio,False,104.2164,33.323,5.206,2.897,True,320,240,0,False,60.00,0.1000,0.005916,0.081085,0.332542,0.167999,0.041910,-0.015757,0.984770,1373
170.5546,inicio,False,104.2164,33.325,5.829,3.907,True,320,240,0,False,60.00,0.1000,0.005916,0.081085,0.332542,0.167999,0.041910,-0.015757,0.984770,1374
170.6881,inicio,False,104.2164,33.322,5.844,2.345,True,320,240,0,False,60.00,0.1000,0.005916,0.081085,0.332542,0.167999,0.041910,-0.015757,0.984770,1375
170.7886,inicio,False,104.2164,33.322,5.152,2.112,True,320,240,0,False,60.00,0.1000,0.005916,0.081085,0.332542,0.167999,0.041910,-0.015757,0.984770,1376
170.9211,inicio,False,104.2164,33.321,5.989,3.624,True,320,240,0,False,60.00,0.1000,0.005916,0.081085,0.332542,0.167999,0.041910,-0.015757,0.984770,1377
171.0544,inicio,False,104.2164,33.321,5.577,1.913,True,320,240,0,False,60.00,0.1000,0.005916,0.081085,0.332542,0.167999,0.041910,-0.015757,0.984770,1378
171.1544,inicio,False,104.2164,33.321,5.213,2.203,True,320,240,0,False,60.00,0.1000,0.005916,0.081085,0.332542,0.167999,0.041910,-0.015757,0.984770,1379
171.2547,inicio,False,104.2164,33.322,5.563,2.896,True,320,240,0,False,60.00,0.1000,0.005916,0.081085,0.332542,0.167999,0.041910,-0.015757,0.984770,1380
171.3880,inicio,False,104.2164,33.322,4.828,2.147,True,320,240,0,False,60.00,0.1000,0.005916,0.081085,0.332542,0.167999,0.041910,-0.015757,0.984770,1381
171.5211,inicio,False,104.2164,33.324,5.153,1.604,True,320,240,0,False,60.00,0.1000,0.005916,0.081085,0.332542,0.167999,0.041910,-0.015757,0.984770,1382
171.6218,inicio,False,104.2164,33.325,5.081,2.253,True,320,240,0,False,60.00,0.1000,0.005916,0.081085,0.332542,0.167999,0.041910,-0.015757,0.984770,1383
171.7541,inicio,False,104.2164,33.324,4.659,6.167,True,320,240,0,False,60.00,0.1000,0.005916,0.081085,0.332542,0.167999,0.041910,-0.015757,0.984770,1384
171.8877,inicio,False,104.2164,33.321,4.605,1.464,True,320,240,0,False,60.00,0.1000,0.005916,0.081085,0.332542,0.167999,0.041910,-0.015757,0.984770,1385
171.9884,inicio,False,104.2164,33.372,4.880,6.751,True,320,240,0,False,60.00,0.1000,0.005916,0.081085,0.332542,0.167999,0.041910,-0.015757,0.984770,1387
172.1209,inicio,False,104.2164,33.331,8.786,1.731,True,320,240,0,False,60.00,0.1000,0.005916,0.081085,0.332542,0.167999,0.041910,-0.015757,0.984770,1388
172.2549,inicio,False,104.2164,33.324,5.305,3.960,True,320,240,0,False,60.00,0.1000,0.005916,0.081085,0.332542,0.167999,0.041910,-0.015757,0.984770,1389
172.3879,inicio,False,104.2164,33.314,6.323,3.114,True,320,240,0,False,60.00,0.1000,0.005916,0.081085,0.332542,0.167999,0.041910,-0.015757,0.984770,1390
172.5217,inicio,False,104.2164,33.307,5.034,2.738,True,320,240,0,False,60.00,0.1000,0.005916,0.081085,0.332542,0.167999,0.041910,-0.015757,0.984770,1391
172.6538,inicio,False,104.2164,33.338,6.594,4.065,True,320,240,0,False,60.00,0.1000,0.005916,0.081085,0.332542,0.167999,0.041910,-0.015757,0.984770,1392
172.7556,inicio,False,104.2164,33.319,6.594,4.065,True,320,240,0,False,60.00,0.1000,0.005916,0.081085,0.332542,0.167999,0.041910,-0.015757,0.984770,1392
172.8884,inicio,False,104.2164,33.334,4.020,5.966,True,320,240,0,False,60.00,0.1000,0.005916,0.081085,0.332542,0.167999,0.041910,-0.015757,0.984770,1393
173.0206,inicio,False,104.2164,33.327,4.638,1.853,True,320,240,0,False,60.00,0.1000,0.005916,0.081085,0.332542,0.167999,0.041910,-0.015757,0.984770,1394
173.1543,inicio,False,104.2164,33.321,3.153,1.343,True,320,240,0,False,60.00,0.1000,0.005916,0.081085,0.332542,0.167999,0.041910,-0.015757,0.984770,1395
173.2871,inicio,False,104.2164,33.317,3.169,1.657,True,320,240,0,False,60.00,0.1000,0.005916,0.081085,0.332542,0.167999,0.041910,-0.015757,0.984770,1396
173.4201,inicio,False,104.2164,33.315,5.851,2.729,True,320,240,0,False,60.00,0.1000,0.005916,0.081085,0.332542,0.167999,0.041910,-0.015757,0.984770,1397
173.5539,inicio,False,104.2164,33.319,3.190,1.417,True,320,240,0,False,60.00,0.1000,0.005916,0.081085,0.332542,0.167999,0.041910,-0.015757,0.984770,1398
173.6869,inicio,False,104.2164,33.320,5.749,2.424,True,320,240,0,False,60.00,0.1000,0.005916,0.081085,0.332542,0.167999,0.041910,-0.015757,0.984770,1399
173.7878,inicio,False,104.2164,33.327,5.160,3.801,True,320,240,0,False,60.00,0.1000,0.005916,0.081085,0.332542,0.167999,0.041910,-0.015757,0.984770,1401
173.9201,inicio,False,104.2164,33.321,5.889,3.412,True,320,240,0,False,60.00,0.1000,0.005916,0.081085,0.332542,0.167999,0.041910,-0.015757,0.984770,1402
174.0534,inicio,False,104.2164,33.321,5.349,1.676,True,320,240,0,False,60.00,0.1000,0.005916,0.081085,0.332542,0.167999,0.041910,-0.015757,0.984770,1403
174.1866,inicio,False,104.2164,33.323,5.943,2.604,True,320,240,0,False,60.00,0.1000,0.005916,0.081085,0.332542,0.167999,0.041910,-0.015757,0.984770,1404
174.3208,inicio,False,104.2164,33.320,5.239,3.068,True,320,240,0,False,60.00,0.1000,0.005916,0.081085,0.332542,0.167999,0.041910,-0.015757,0.984770,1405
174.4534,inicio,False,104.2164,33.324,6.113,7.515,True,320,240,0,False,60.00,0.1000,0.005916,0.081085,0.332542,0.167999,0.041910,-0.015757,0.984770,1406
174.5876,inicio,False,104.2164,33.322,6.136,3.091,True,320,240,0,False,60.00,0.1000,0.005916,0.081085,0.332542,0.167999,0.041910,-0.015757,0.984770,1407
174.7198,inicio,False,104.2164,33.321,3.668,3.140,True,320,240,0,False,60.00,0.1000,0.005916,0.081085,0.332542,0.167999,0.041910,-0.015757,0.984770,1408
174.8202,inicio,False,104.2164,33.324,6.308,2.138,True,320,240,0,False,60.00,0.1000,0.005916,0.081085,0.332542,0.167999,0.041910,-0.015757,0.984770,1409
174.9533,inicio,False,104.2164,33.321,5.569,3.065,True,320,240,0,False,60.00,0.1000,0.005916,0.081085,0.332542,0.167999,0.041910,-0.015757,0.984770,1410
175.0866,inicio,False,104.2164,33.324,8.368,2.176,True,320,240,0,False,60.00,0.1000,0.005916,0.081085,0.332542,0.167999,0.041910,-0.015757,0.984770,1411
175.1868,inicio,False,104.2164,33.325,7.236,1.713,True,320,240,0,False,60.00,0.1000,0.005916,0.081085,0.332542,0.167999,0.041910,-0.015757,0.984770,1412
175.3196,inicio,False,104.2164,33.322,5.836,2.177,True,320,240,0,False,60.00,0.1000,0.005916,0.081085,0.332542,0.167999,0.041910,-0.015757,0.984770,1413
175.4204,inicio,False,104.2164,33.322,5.295,2.897,True,320,240,0,False,60.00,0.1000,0.005916,0.081085,0.332542,0.167999,0.041910,-0.015757,0.984770,1414
175.5528,inicio,False,104.2164,33.322,5.645,3.048,True,320,240,0,False,60.00,0.1000,0.005916,0.081085,0.332542,0.167999,0.041910,-0.015757,0.984770,1415
175.6534,inicio,False,104.2164,33.321,5.706,3.336,True,320,240,0,False,60.00,0.1000,0.005916,0.081085,0.332542,0.167999,0.041910,-0.015757,0.984770,1416
175.7535,inicio,False,104.2164,33.326,5.706,3.336,True,320,240,0,False,60.00,0.1000,0.005916,0.081085,0.332542,0.167999,0.041910,-0.015757,0.984770,1416
175.8550,inicio,False,104.2164,33.323,5.763,2.738,True,320,240,0,False,60.00,0.1000,0.005916,0.081085,0.332542,0.167999,0.041910,-0.015757,0.984770,1417
175.9866,inicio,False,104.2164,33.322,9.633,1.516,True,320,240,0,False,60.00,0.1000,0.005916,0.081085,0.332542,0.167999,0.041910,-0.015757,0.984770,1419
176.0866,inicio,False,104.2164,33.322,9.633,1.516,True,320,240,0,False,60.00,0.1000,0.005916,0.081085,0.332542,0.167999,0.041910,-0.015757,0.984770,1419
176.2195,inicio,False,104.2164,33.322,6.401,2.866,True,320,240,0,False,60.00,0.1000,0.005916,0.081085,0.332542,0.167999,0.041910,-0.015757,0.984770,1420
176.3527,inicio,False,104.2164,33.321,5.085,3.182,True,320,240,0,False,60.00,0.1000,0.005916,0.081085,0.332542,0.167999,0.041910,-0.015757,0.984770,1421
176.4529,inicio,False,104.2164,33.324,6.320,1.738,True,320,240,0,False,60.00,0.1000,0.005916,0.081085,0.332542,0.167999,0.041910,-0.015757,0.984770,1422
176.5858,inicio,False,104.2164,33.322,6.264,2.360,True,320,240,0,False,60.00,0.1000,0.005916,0.081085,0.332542,0.167999,0.041910,-0.015757,0.984770,1423
176.6860,inicio,False,104.2164,33.323,7.707,2.235,True,320,240,0,False,60.00,0.1000,0.005916,0.081085,0.332542,0.167999,0.041910,-0.015757,0.984770,1424
176.8193,inicio,False,104.2164,33.323,5.623,8.217,True,320,240,0,False,60.00,0.1000,0.005916,0.081085,0.332542,0.167999,0.041910,-0.015757,0.984770,1425
176.9207,inicio,False,104.2164,33.322,5.834,1.576,True,320,240,0,False,60.00,0.1000,0.005916,0.081085,0.332542,0.167999,0.041910,-0.015757,0.984770,1426
177.0524,inicio,False,104.2164,33.328,5.409,2.857,True,320,240,0,False,60.00,0.1000,0.005916,0.081085,0.332542,0.167999,0.041910,-0.015757,0.984770,1427
177.1857,inicio,False,104.2164,33.322,6.073,3.743,True,320,240,0,False,60.00,0.1000,0.005916,0.081085,0.332542,0.167999,0.041910,-0.015757,0.984770,1428
177.3197,inicio,False,104.2164,33.323,5.905,2.271,True,320,240,0,False,60.00,0.1000,0.005916,0.081085,0.332542,0.167999,0.041910,-0.015757,0.984770,1429
177.4526,inicio,False,104.2164,33.321,6.206,2.407,True,320,240,0,False,60.00,0.1000,0.005916,0.081085,0.332542,0.167999,0.041910,-0.015757,0.984770,1430
177.5855,inicio,False,104.2164,33.321,5.626,2.404,True,320,240,0,False,60.00,0.1000,0.005916,0.081085,0.332542,0.167999,0.041910,-0.015757,0.984770,1431
177.6856,inicio,False,104.2164,33.321,5.626,2.404,True,320,240,0,False,60.00,0.1000,0.005916,0.081085,0.332542,0.167999,0.041910,-0.015757,0.984770,1431
177.8192,inicio,False,104.2164,33.322,5.800,2.808,True,320,240,0,False,60.00,0.1000,0.005916,0.081085,0.332542,0.167999,0.041910,-0.015757,0.984770,1432
177.9193,inicio,False,104.2164,33.322,5.772,2.736,True,320,240,0,False,60.00,0.1000,0.005916,0.081085,0.332542,0.167999,0.041910,-0.015757,0.984770,1433
178.0535,inicio,False,104.2164,33.322,6.542,4.119,True,320,240,0,False,60.00,0.1000,0.005916,0.081085,0.332542,0.167999,0.041910,-0.015757,0.984770,1434
178.1853,inicio,False,104.2164,33.322,6.960,1.873,True,320,240,0,False,60.00,0.1000,0.005916,0.081085,0.332542,0.167999,0.041910,-0.015757,0.984770,1436
178.2856,inicio,False,104.2164,33.322,6.960,1.873,True,320,240,0,False,60.00,0.1000,0.005916,0.081085,0.332542,0.167999,0.041910,-0.015757,0.984770,1436
178.4188,inicio,False,104.2164,33.322,6.068,1.441,True,320,240,0,False,60.00,0.1000,0.005916,0.081085,0.332542,0.167999,0.041910,-0.015757,0.984770,1437
178.5523,inicio,False,104.2164,33.323,6.471,2.379,True,320,240,0,False,60.00,0.1000,0.005916,0.081085,0.332542,0.167999,0.041910,-0.015757,0.984770,1438
178.6853,inicio,False,104.2164,33.322,6.193,2.679,True,320,240,0,False,60.00,0.1000,0.005916,0.081085,0.332542,0.167999,0.041910,-0.015757,0.984770,1439
178.8187,inicio,False,104.2164,33.322,5.906,1.867,True,320,240,0,False,60.00,0.1000,0.005916,0.081085,0.332542,0.167999,0.041910,-0.015757,0.984770,1440
178.9519,inicio,False,104.2164,33.322,6.039,1.847,True,320,240,0,False,60.00,0.1000,0.005916,0.081085,0.332542,0.167999,0.041910,-0.015757,0.984770,1441
179.0856,inicio,False,104.2164,33.322,6.723,1.995,True,320,240,0,False,60.00,0.1000,0.005916,0.081085,0.332542,0.167999,0.041910,-0.015757,0.984770,1442
179.2185,inicio,False,104.2164,33.323,5.573,2.277,True,320,240,0,False,60.00,0.1000,0.005916,0.081085,0.332542,0.167999,0.041910,-0.015757,0.984770,1443
179.3192,inicio,False,104.2164,33.322,5.210,2.498,True,320,240,0,False,60.00,0.1000,0.005916,0.081085,0.332542,0.167999,0.041910,-0.015757,0.984770,1444
179.4520,inicio,False,104.2164,33.323,6.723,2.007,True,320,240,0,False,60.00,0.1000,0.005916,0.081085,0.332542,0.167999,0.041910,-0.015757,0.984770,1445
179.5849,inicio,False,104.2164,33.323,6.918,1.689,True,320,240,0,False,60.00,0.1000,0.005916,0.081085,0.332542,0.167999,0.041910,-0.015757,0.984770,1446
179.6850,inicio,False,104.2164,33.323,7.233,3.000,True,320,240,0,False,60.00,0.1000,0.005916,0.081085,0.332542,0.167999,0.041910,-0.015757,0.984770,1447
179.8182,inicio,False,104.2164,33.322,11.309,1.458,True,320,240,0,False,60.00,0.1000,0.005916,0.081085,0.332542,0.167999,0.041910,-0.015757,0.984770,1448
179.9528,inicio,False,104.2164,33.323,5.129,2.235,True,320,240,0,False,60.00,0.1000,0.005916,0.081085,0.332542,0.167999,0.041910,-0.015757,0.984770,1449
180.0848,inicio,False,104.2164,33.322,5.961,2.114,True,320,240,0,False,60.00,0.1000,0.005916,0.081085,0.332542,0.167999,0.041910,-0.015757,0.984770,1450
180.1855,inicio,False,104.2164,33.323,6.386,1.433,True,320,240,0,False,60.00,0.1000,0.005916,0.081085,0.332542,0.167999,0.041910,-0.015757,0.984770,1451
180.3181,inicio,False,104.2164,33.324,6.525,3.010,True,320,240,0,False,60.00,0.1000,0.005916,0.081085,0.332542,0.167999,0.041910,-0.015757,0.984770,1452
180.4183,inicio,False,104.2164,33.323,6.525,3.010,True,320,240,0,False,60.00,0.1000,0.005916,0.081085,0.332542,0.167999,0.041910,-0.015757,0.984770,1452
180.5184,inicio,False,104.2164,33.322,5.818,2.433,True,320,240,0,False,60.00,0.1000,0.005916,0.081085,0.332542,0.167999,0.041910,-0.015757,0.984770,1453
180.6185,inicio,False,104.2164,33.323,4.850,1.880,True,320,240,0,False,60.00,0.1000,0.005916,0.081085,0.332542,0.167999,0.041910,-0.015757,0.984770,1454
180.7516,inicio,False,104.2164,33.322,5.727,2.172,True,320,240,0,False,60.00,0.1000,0.005916,0.081085,0.332542,0.167999,0.041910,-0.015757,0.984770,1455
180.8522,inicio,False,104.2164,33.322,6.423,1.702,True,320,240,0,False,60.00,0.1000,0.005916,0.081085,0.332542,0.167999,0.041910,-0.015757,0.984770,1456
180.9846,inicio,False,104.2164,33.323,5.833,2.129,True,320,240,0,False,60.00,0.1000,0.005916,0.081085,0.332542,0.167999,0.041910,-0.015757,0.984770,1457
181.0848,inicio,False,104.2164,33.323,5.833,2.129,True,320,240,0,False,60.00,0.1000,0.005916,0.081085,0.332542,0.167999,0.041910,-0.015757,0.984770,1457
181.2178,inicio,False,104.2164,33.323,6.014,1.610,True,320,240,0,False,60.00,0.1000,0.005916,0.081085,0.332542,0.167999,0.041910,-0.015757,0.984770,1458
181.3511,inicio,False,104.2164,33.322,5.288,2.380,True,320,240,0,False,60.00,0.1000,0.005916,0.081085,0.332542,0.167999,0.041910,-0.015757,0.984770,1459
181.4851,inicio,False,104.2164,33.322,5.705,2.551,True,320,240,0,False,60.00,0.1000,0.005916,0.081085,0.332542,0.167999,0.041910,-0.015757,0.984770,1460
181.6178,inicio,False,104.2164,33.322,6.956,1.798,True,320,240,0,False,60.00,0.1000,0.005916,0.081085,0.332542,0.167999,0.041910,-0.015757,0.984770,1461
181.7509,inicio,False,104.2164,33.322,6.384,4.198,True,320,240,0,False,60.00,0.1000,0.005916,0.081085,0.332542,0.167999,0.041910,-0.015757,0.984770,1462
181.8514,inicio,False,104.2164,33.322,5.999,1.538,True,320,240,0,False,60.00,0.1000,0.005916,0.081085,0.332542,0.167999,0.041910,-0.015757,0.984770,1463
181.9841,inicio,False,104.2164,33.322,5.797,1.694,True,320,240,0,False,60.00,0.1000,0.005916,0.081085,0.332542,0.167999,0.041910,-0.015757,0.984770,1464
182.0842,inicio,False,104.2164,33.323,6.032,1.988,True,320,240,0,False,60.00,0.1000,0.005916,0.081085,0.332542,0.167999,0.041910,-0.015757,0.984770,1465
182.1843,inicio,False,104.2164,33.323,5.975,2.028,True,320,240,0,False,60.00,0.1000,0.005916,0.081085,0.332542,0.167999,0.041910,-0.015757,0.984770,1466
182.3180,inicio,False,104.2164,33.323,5.925,3.112,True,320,240,0,False,60.00,0.1000,0.005916,0.081085,0.332542,0.167999,0.041910,-0.015757,0.984770,1467
182.4182,inicio,False,104.2164,33.323,5.925,3.112,True,320,240,0,False,60.00,0.1000,0.005916,0.081085,0.332542,0.167999,0.041910,-0.015757,0.984770,1467
182.5238,inicio,False,104.2164,33.322,4.543,2.302,True,320,240,0,False,60.00,0.1000,0.005916,0.081085,0.332542,0.167999,0.041910,-0.015757,0.984770,1469
182.6508,inicio,False,104.2164,33.323,6.455,2.400,True,320,240,0,False,60.00,0.1000,0.005916,0.081085,0.332542,0.167999,0.041910,-0.015757,0.984770,1470
182.7838,inicio,False,104.2164,33.328,6.313,1.416,True,320,240,0,False,60.00,0.1000,0.005916,0.081085,0.332542,0.167999,0.041910,-0.015757,0.984770,1471
182.9171,inicio,False,104.2164,33.322,6.684,2.451,True,320,240,0,False,60.00,0.1000,0.005916,0.081085,0.332542,0.167999,0.041910,-0.015757,0.984770,1472
183.0181,inicio,False,104.2164,33.322,5.952,1.909,True,320,240,0,False,60.00,0.1000,0.005916,0.081085,0.332542,0.167999,0.041910,-0.015757,0.984770,1473
183.1504,inicio,False,104.2164,33.321,5.582,2.736,True,320,240,0,False,60.00,0.1000,0.005916,0.081085,0.332542,0.167999,0.041910,-0.015757,0.984770,1474
183.2506,inicio,False,104.2164,33.322,6.887,1.649,True,320,240,0,False,60.00,0.1000,0.005916,0.081085,0.332542,0.167999,0.041910,-0.015757,0.984770,1475
183.3837,inicio,False,104.2164,33.322,6.372,2.451,True,320,240,0,False,60.00,0.1000,0.005916,0.081085,0.332542,0.167999,0.041910,-0.015757,0.984770,1476
183.4838,inicio,False,104.2164,33.323,6.372,2.451,True,320,240,0,False,60.00,0.1000,0.005916,0.081085,0.332542,0.167999,0.041910,-0.015757,0.984770,1476
183.5845,inicio,False,104.2164,33.322,6.727,2.135,True,320,240,0,False,60.00,0.1000,0.005916,0.081085,0.332542,0.167999,0.041910,-0.015757,0.984770,1477
183.7169,inicio,False,104.2164,33.322,5.996,1.614,True,320,240,0,False,60.00,0.1000,0.005916,0.081085,0.332542,0.167999,0.041910,-0.015757,0.984770,1478
183.8176,inicio,False,104.2164,33.326,5.450,1.852,True,320,240,0,False,60.00,0.1000,0.005916,0.081085,0.332542,0.167999,0.041910,-0.015757,0.984770,1479
183.9178,inicio,False,104.2164,33.322,6.519,1.529,True,320,240,0,False,60.00,0.1000,0.005916,0.081085,0.332542,0.167999,0.041910,-0.015757,0.984770,1480
184.0502,inicio,False,104.2164,33.322,5.571,2.251,True,320,240,0,False,60.00,0.1000,0.005916,0.081085,0.332542,0.167999,0.041910,-0.015757,0.984770,1481
184.1502,inicio,False,104.2164,33.322,5.571,2.251,True,320,240,0,False,60.00,0.1000,0.005916,0.081085,0.332542,0.167999,0.041910,-0.015757,0.984770,1481
184.2837,inicio,False,104.2164,33.322,5.507,1.919,True,320,240,0,False,60.00,0.1000,0.005916,0.081085,0.332542,0.167999,0.041910,-0.015757,0.984770,1482
184.4169,inicio,False,104.2164,33.323,5.642,6.094,True,320,240,0,False,60.00,0.1000,0.005916,0.081085,0.332542,0.167999,0.041910,-0.015757,0.984770,1483
184.5172,inicio,False,104.2164,33.323,6.105,2.197,True,320,240,0,False,60.00,0.1000,0.005916,0.081085,0.332542,0.167999,0.041910,-0.015757,0.984770,1484
184.6506,inicio,False,104.2164,33.322,6.186,1.887,True,320,240,0,False,60.00,0.1000,0.005916,0.081085,0.332542,0.167999,0.041910,-0.015757,0.984770,1485
184.7520,inicio,False,104.2164,33.322,5.980,1.433,True,320,240,0,False,60.00,0.1000,0.005916,0.081085,0.332542,0.167999,0.041910,-0.015757,0.984770,1486
184.8834,inicio,False,104.2164,33.324,5.614,1.927,True,320,240,0,False,60.00,0.1000,0.005916,0.081085,0.332542,0.167999,0.041910,-0.015757,0.984770,1487
184.9838,inicio,False,104.2164,33.323,5.889,1.730,True,320,240,0,False,60.00,0.1000,0.005916,0.081085,0.332542,0.167999,0.041910,-0.015757,0.984770,1488
185.1167,inicio,False,104.2164,33.323,5.681,1.862,True,320,240,0,False,60.00,0.1000,0.005916,0.081085,0.332542,0.167999,0.041910,-0.015757,0.984770,1489
185.2497,inicio,False,104.2164,33.322,5.810,1.694,True,320,240,0,False,60.00,0.1000,0.005916,0.081085,0.332542,0.167999,0.041910,-0.015757,0.984770,1490
185.3502,inicio,False,104.2164,33.321,5.810,1.694,True,320,240,0,False,60.00,0.1000,0.005916,0.081085,0.332542,0.167999,0.041910,-0.015757,0.984770,1490
185.4843,inicio,False,104.2164,33.325,6.250,1.806,True,320,240,0,False,60.00,0.1000,0.005916,0.081085,0.332542,0.167999,0.041910,-0.015757,0.984770,1491
185.6165,inicio,False,104.2164,33.323,7.001,1.457,True,320,240,0,False,60.00,0.1000,0.005916,0.081085,0.332542,0.167999,0.041910,-0.015757,0.984770,1492
185.7496,inicio,False,104.2164,33.322,5.576,1.515,True,320,240,0,False,60.00,0.1000,0.005916,0.081085,0.332542,0.167999,0.041910,-0.015757,0.984770,1493
185.8500,inicio,False,104.2164,33.322,10.968,1.468,True,320,240,0,False,60.00,0.1000,0.005916,0.081085,0.332542,0.167999,0.041910,-0.015757,0.984770,1494
185.9833,inicio,False,104.2164,33.322,5.753,1.847,True,320,240,0,False,60.00,0.1000,0.005916,0.081085,0.332542,0.167999,0.041910,-0.015757,0.984770,1495
186.0845,inicio,False,104.2164,33.322,6.125,1.358,True,320,240,0,False,60.00,0.1000,0.005916,0.081085,0.332542,0.167999,0.041910,-0.015757,0.984770,1496
186.1846,inicio,False,104.2164,33.322,5.612,1.531,True,320,240,0,False,60.00,0.1000,0.005916,0.081085,0.332542,0.167999,0.041910,-0.015757,0.984770,1497
186.3162,inicio,False,104.2164,33.322,5.578,1.743,True,320,240,0,False,60.00,0.1000,0.005916,0.081085,0.332542,0.167999,0.041910,-0.015757,0.984770,1498
186.4162,inicio,False,104.2164,33.322,5.578,1.743,True,320,240,0,False,60.00,0.1000,0.005916,0.081085,0.332542,0.167999,0.041910,-0.015757,0.984770,1498
186.5505,inicio,False,104.2164,33.323,5.967,1.683,True,320,240,0,False,60.00,0.1000,0.005916,0.081085,0.332542,0.167999,0.041910,-0.015757,0.984770,1499
186.6839,inicio,False,104.2164,33.323,5.773,2.086,True,320,240,0,False,60.00,0.1000,0.005916,0.081085,0.332542,0.167999,0.041910,-0.015757,0.984770,1500
186.8160,inicio,False,104.2164,33.323,7.619,1.624,True,320,240,0,False,60.00,0.1000,0.005916,0.081085,0.332542,0.167999,0.041910,-0.015757,0.984770,1501
186.9504,inicio,False,104.2164,33.322,7.548,1.567,True,320,240,0,False,60.00,0.1000,0.005916,0.081085,0.332542,0.167999,0.041910,-0.015757,0.984770,1502
187.0841,inicio,False,104.2164,33.322,5.676,1.584,True,320,240,0,False,60.00,0.1000,0.005916,0.081085,0.332542,0.167999,0.041910,-0.015757,0.984770,1503
187.2162,inicio,False,104.2164,33.322,7.155,1.436,True,320,240,0,False,60.00,0.1000,0.005916,0.081085,0.332542,0.167999,0.041910,-0.015757,0.984770,1504
187.3500,inicio,False,104.2164,33.323,5.010,1.441,True,320,240,0,False,60.00,0.1000,0.005916,0.081085,0.332542,0.167999,0.041910,-0.015757,0.984770,1505
187.4858,inicio,False,104.2164,33.322,6.219,1.444,True,320,240,0,False,60.00,0.1000,0.005916,0.081085,0.332542,0.167999,0.041910,-0.015757,0.984770,1506
187.6174,inicio,False,104.2164,33.322,6.009,1.745,True,320,240,0,False,60.00,0.1000,0.005916,0.081085,0.332542,0.167999,0.041910,-0.015757,0.984770,1507
187.7492,inicio,False,104.2164,33.321,5.524,1.672,True,320,240,0,False,60.00,0.1000,0.005916,0.081085,0.332542,0.167999,0.041910,-0.015757,0.984770,1508
187.8495,inicio,False,104.2164,33.322,6.191,1.423,True,320,240,0,False,60.00,0.1000,0.005916,0.081085,0.332542,0.167999,0.041910,-0.015757,0.984770,1509
187.9830,inicio,False,104.2164,33.325,4.222,2.759,True,320,240,0,False,60.00,0.1000,0.005916,0.081085,0.332542,0.167999,0.041910,-0.015757,0.984770,1510
188.0838,inicio,False,104.2164,33.322,3.663,2.648,True,320,240,0,False,60.00,0.1000,0.005916,0.081085,0.332542,0.167999,0.041910,-0.015757,0.984770,1511
188.2174,inicio,False,104.2164,33.321,5.334,1.805,True,320,240,0,False,60.00,0.1000,0.005916,0.081085,0.332542,0.167999,0.041910,-0.015757,0.984770,1512
188.3495,inicio,False,104.2164,33.322,6.930,1.428,True,320,240,0,False,60.00,0.1000,0.005916,0.081085,0.332542,0.167999,0.041910,-0.015757,0.984770,1513
188.4831,inicio,False,104.2164,33.322,5.810,1.926,True,320,240,0,False,60.00,0.1000,0.005916,0.081085,0.332542,0.167999,0.041910,-0.015757,0.984770,1514
188.6157,inicio,False,104.2164,33.323,5.068,2.659,True,320,240,0,False,60.00,0.1000,0.005916,0.081085,0.332542,0.167999,0.041910,-0.015757,0.984770,1515
188.7496,inicio,False,104.2164,33.323,6.040,1.876,True,320,240,0,False,60.00,0.1000,0.005916,0.081085,0.332542,0.167999,0.041910,-0.015757,0.984770,1516
188.8829,inicio,False,104.2164,33.323,5.183,1.439,True,320,240,0,False,60.00,0.1000,0.005916,0.081085,0.332542,0.167999,0.041910,-0.015757,0.984770,1517
189.0157,inicio,False,104.2164,33.323,5.585,2.028,True,320,240,0,False,60.00,0.1000,0.005916,0.081085,0.332542,0.167999,0.041910,-0.015757,0.984770,1518
189.1158,inicio,False,104.2164,33.322,6.109,1.489,True,320,240,0,False,60.00,0.1000,0.005916,0.081085,0.332542,0.167999,0.041910,-0.015757,0.984770,1519
189.2486,inicio,False,104.2164,33.324,5.923,1.431,True,320,240,0,False,60.00,0.1000,0.005916,0.081085,0.332542,0.167999,0.041910,-0.015757,0.984770,1520
189.3494,inicio,False,104.2164,33.322,5.923,1.431,True,320,240,0,False,60.00,0.1000,0.005916,0.081085,0.332542,0.167999,0.041910,-0.015757,0.984770,1520
189.4836,inicio,False,104.2164,33.323,5.433,1.700,True,320,240,0,False,60.00,0.1000,0.005916,0.081085,0.332542,0.167999,0.041910,-0.015757,0.984770,1521
189.6158,inicio,False,104.2164,33.321,6.184,1.736,True,320,240,0,False,60.00,0.1000,0.005916,0.081085,0.332542,0.167999,0.041910,-0.015757,0.984770,1522
189.7499,inicio,False,104.2164,33.321,6.684,1.475,True,320,240,0,False,60.00,0.1000,0.005916,0.081085,0.332542,0.167999,0.041910,-0.015757,0.984770,1523
189.8820,inicio,False,104.2164,33.323,5.787,2.101,True,320,240,0,False,60.00,0.1000,0.005916,0.081085,0.332542,0.167999,0.041910,-0.015757,0.984770,1524
190.0151,inicio,False,104.2164,33.323,5.244,1.883,True,320,240,0,False,60.00,0.1000,0.005916,0.081085,0.332542,0.167999,0.041910,-0.015757,0.984770,1525
190.1491,inicio,False,104.2164,33.323,6.331,1.413,True,320,240,0,False,60.00,0.1000,0.005916,0.081085,0.332542,0.167999,0.041910,-0.015757,0.984770,1526
190.2821,inicio,False,104.2164,33.322,4.885,1.504,True,320,240,0,False,60.00,0.1000,0.005916,0.081085,0.332542,0.167999,0.041910,-0.015757,0.984770,1527
190.4151,inicio,False,104.2164,33.321,6.474,2.562,True,320,240,0,False,60.00,0.1000,0.005916,0.081085,0.332542,0.167999,0.041910,-0.015757,0.984770,1528
190.5497,inicio,False,104.2164,33.321,6.271,1.599,True,320,240,0,False,60.00,0.1000,0.005916,0.081085,0.332542,0.167999,0.041910,-0.015757,0.984770,1529
190.6813,inicio,False,104.2164,33.322,5.431,1.643,True,320,240,0,False,60.00,0.1000,0.005916,0.081085,0.332542,0.167999,0.041910,-0.015757,0.984770,1531
190.7816,inicio,False,104.2164,33.323,7.064,1.562,True,320,240,0,False,60.00,0.1000,0.005916,0.081085,0.332542,0.167999,0.041910,-0.015757,0.984770,1532
190.8821,inicio,False,104.2164,33.323,7.064,1.562,True,320,240,0,False,60.00,0.1000,0.005916,0.081085,0.332542,0.167999,0.041910,-0.015757,0.984770,1532
191.0146,inicio,False,104.2164,33.324,5.411,1.700,True,320,240,0,False,60.00,0.1000,0.005916,0.081085,0.332542,0.167999,0.041910,-0.015757,0.984770,1533
191.1148,inicio,False,104.2164,33.323,5.463,1.441,True,320,240,0,False,60.00,0.1000,0.005916,0.081085,0.332542,0.167999,0.041910,-0.015757,0.984770,1534
191.2480,inicio,False,104.2164,33.322,6.093,1.372,True,320,240,0,False,60.00,0.1000,0.005916,0.081085,0.332542,0.167999,0.041910,-0.015757,0.984770,1535
191.3812,inicio,False,104.2164,33.321,6.618,2.414,True,320,240,0,False,60.00,0.1000,0.005916,0.081085,0.332542,0.167999,0.041910,-0.015757,0.984770,1536
191.4826,inicio,False,104.2164,33.322,6.703,1.831,True,320,240,0,False,60.00,0.1000,0.005916,0.081085,0.332542,0.167999,0.041910,-0.015757,0.984770,1537
191.6143,inicio,False,104.2164,33.322,5.135,1.788,True,320,240,0,False,60.00,0.1000,0.005916,0.081085,0.332542,0.167999,0.041910,-0.015757,0.984770,1538
191.7487,inicio,False,104.2164,33.322,5.981,1.710,True,320,240,0,False,60.00,0.1000,0.005916,0.081085,0.332542,0.167999,0.041910,-0.015757,0.984770,1539
191.8812,inicio,False,104.2164,33.322,6.674,1.654,True,320,240,0,False,60.00,0.1000,0.005916,0.081085,0.332542,0.167999,0.041910,-0.015757,0.984770,1540
192.0143,inicio,False,104.2164,33.323,6.980,2.332,True,320,240,0,False,60.00,0.1000,0.005916,0.081085,0.332542,0.167999,0.041910,-0.015757,0.984770,1541
192.1146,inicio,False,104.2164,33.322,6.596,1.435,True,320,240,0,False,60.00,0.1000,0.005916,0.081085,0.332542,0.167999,0.041910,-0.015757,0.984770,1542
192.2483,inicio,False,104.2164,33.325,6.136,2.285,True,320,240,0,False,60.00,0.1000,0.005916,0.081085,0.332542,0.167999,0.041910,-0.015757,0.984770,1543
192.3486,inicio,False,104.2164,33.323,6.136,2.285,True,320,240,0,False,60.00,0.1000,0.005916,0.081085,0.332542,0.167999,0.041910,-0.015757,0.984770,1543
192.4491,inicio,False,104.2164,33.324,5.200,2.477,True,320,240,0,False,60.00,0.1000,0.005916,0.081085,0.332542,0.167999,0.041910,-0.015757,0.984770,1544
192.5811,inicio,False,104.2164,33.322,5.688,1.348,True,320,240,0,False,60.00,0.1000,0.005916,0.081085,0.332542,0.167999,0.041910,-0.015757,0.984770,1545
192.7139,inicio,False,104.2164,33.322,6.829,1.941,True,320,240,0,False,60.00,0.1000,0.005916,0.081085,0.332542,0.167999,0.041910,-0.015757,0.984770,1546
192.8141,inicio,False,104.2164,33.322,5.961,1.486,True,320,240,0,False,60.00,0.1000,0.005916,0.081085,0.332542,0.167999,0.041910,-0.015757,0.984770,1547
192.9472,inicio,False,104.2164,33.321,7.342,1.760,True,320,240,0,False,60.00,0.1000,0.005916,0.081085,0.332542,0.167999,0.041910,-0.015757,0.984770,1548
193.0476,inicio,False,104.2164,33.322,4.862,1.475,True,320,240,0,False,60.00,0.1000,0.005916,0.081085,0.332542,0.167999,0.041910,-0.015757,0.984770,1549
193.1805,inicio,False,104.2164,33.324,6.272,1.624,True,320,240,0,False,60.00,0.1000,0.005916,0.081085,0.332542,0.167999,0.041910,-0.015757,0.984770,1550
193.3143,inicio,False,104.2164,33.322,5.674,1.662,True,320,240,0,False,60.00,0.1000,0.005916,0.081085,0.332542,0.167999,0.041910,-0.015757,0.984770,1551
193.4144,inicio,False,104.2164,33.323,5.674,1.662,True,320,240,0,False,60.00,0.1000,0.005916,0.081085,0.332542,0.167999,0.041910,-0.015757,0.984770,1551
193.5145,inicio,False,104.2164,33.322,6.792,1.893,True,320,240,0,False,60.00,0.1000,0.005916,0.081085,0.332542,0.167999,0.041910,-0.015757,0.984770,1552
193.6475,inicio,False,104.2164,33.322,4.703,2.997,True,320,240,0,False,60.00,0.1000,0.005916,0.081085,0.332542,0.167999,0.041910,-0.015757,0.984770,1553
193.7806,inicio,False,104.2164,33.321,6.077,1.688,True,320,240,0,False,60.00,0.1000,0.005916,0.081085,0.332542,0.167999,0.041910,-0.015757,0.984770,1554
193.9138,inicio,False,104.2164,33.322,5.317,1.424,True,320,240,0,False,60.00,0.1000,0.005916,0.081085,0.332542,0.167999,0.041910,-0.015757,0.984770,1555
194.0138,inicio,False,104.2164,33.323,6.630,1.914,True,320,240,0,False,60.00,0.1000,0.005916,0.081085,0.332542,0.167999,0.041910,-0.015757,0.984770,1556
194.1488,inicio,False,104.2164,33.322,6.325,1.506,True,320,240,0,False,60.00,0.1000,0.005916,0.081085,0.332542,0.167999,0.041910,-0.015757,0.984770,1557
194.2803,inicio,False,104.2164,33.322,6.885,1.539,True,320,240,0,False,60.00,0.1000,0.005916,0.081085,0.332542,0.167999,0.041910,-0.015757,0.984770,1558
194.3824,inicio,False,104.2164,33.321,5.212,1.672,True,320,240,0,False,60.00,0.1000,0.005916,0.081085,0.332542,0.167999,0.041910,-0.015757,0.984770,1559
194.5139,inicio,False,104.2164,33.325,6.417,1.957,True,320,240,0,False,60.00,0.1000,0.005916,0.081085,0.332542,0.167999,0.041910,-0.015757,0.984770,1560
194.6471,inicio,False,104.2164,33.322,5.272,1.676,True,320,240,0,False,60.00,0.1000,0.005916,0.081085,0.332542,0.167999,0.041910,-0.015757,0.984770,1561
194.7808,inicio,False,104.2164,33.323,6.215,1.561,True,320,240,0,False,60.00,0.1000,0.005916,0.081085,0.332542,0.167999,0.041910,-0.015757,0.984770,1562
194.9154,inicio,False,104.2164,33.323,4.998,1.984,True,320,240,0,False,60.00,0.1000,0.005916,0.081085,0.332542,0.167999,0.041910,-0.015757,0.984770,1563
195.0485,inicio,False,104.2164,33.322,4.537,2.195,True,320,240,0,False,60.00,0.1000,0.005916,0.081085,0.332542,0.167999,0.041910,-0.015757,0.984770,1564
195.1486,inicio,False,104.2164,33.323,4.537,2.195,True,320,240,0,False,60.00,0.1000,0.005916,0.081085,0.332542,0.167999,0.041910,-0.015757,0.984770,1564
195.2797,inicio,False,104.2164,33.324,5.555,1.975,True,320,240,0,False,60.00,0.1000,0.005916,0.081085,0.332542,0.167999,0.041910,-0.015757,0.984770,1565
195.3817,inicio,False,104.2164,33.324,6.332,1.664,True,320,240,0,False,60.00,0.1000,0.005916,0.081085,0.332542,0.167999,0.041910,-0.015757,0.984770,1566
195.5134,inicio,False,104.2164,33.322,5.140,2.179,True,320,240,0,False,60.00,0.1000,0.005916,0.081085,0.332542,0.167999,0.041910,-0.015757,0.984770,1567
195.6467,inicio,False,104.2164,33.321,6.514,1.663,True,320,240,0,False,60.00,0.1000,0.005916,0.081085,0.332542,0.167999,0.041910,-0.015757,0.984770,1568
195.7815,inicio,False,104.2164,33.321,4.422,1.493,True,320,240,0,False,60.00,0.1000,0.005916,0.081085,0.332542,0.167999,0.041910,-0.015757,0.984770,1569
195.9132,inicio,False,104.2164,33.323,4.402,1.952,True,320,240,0,False,60.00,0.1000,0.005916,0.081085,0.332542,0.167999,0.041910,-0.015757,0.984770,1570
196.0136,inicio,False,104.2164,33.322,7.136,1.688,True,320,240,0,False,60.00,0.1000,0.005916,0.081085,0.332542,0.167999,0.041910,-0.015757,0.984770,1571
196.1461,inicio,False,104.2164,33.323,6.173,1.816,True,320,240,0,False,60.00,0.1000,0.005916,0.081085,0.332542,0.167999,0.041910,-0.015757,0.984770,1572
196.2470,inicio,False,104.2164,33.322,5.492,1.904,True,320,240,0,False,60.00,0.1000,0.005916,0.081085,0.332542,0.167999,0.041910,-0.015757,0.984770,1573
196.3811,inicio,False,104.2164,33.323,4.400,1.569,True,320,240,0,False,60.00,0.1000,0.005916,0.081085,0.332542,0.167999,0.041910,-0.015757,0.984770,1574
196.5128,inicio,False,104.2164,33.321,6.879,1.414,True,320,240,0,False,60.00,0.1000,0.005916,0.081085,0.332542,0.167999,0.041910,-0.015757,0.984770,1575
196.6465,inicio,False,104.2164,33.322,4.988,1.592,True,320,240,0,False,60.00,0.1000,0.005916,0.081085,0.332542,0.167999,0.041910,-0.015757,0.984770,1576
196.7800,inicio,False,104.2164,33.325,5.750,2.002,True,320,240,0,False,60.00,0.1000,0.005916,0.081085,0.332542,0.167999,0.041910,-0.015757,0.984770,1577
196.9133,inicio,False,104.2164,33.322,6.282,1.699,True,320,240,0,False,60.00,0.1000,0.005916,0.081085,0.332542,0.167999,0.041910,-0.015757,0.984770,1578
197.0474,inicio,False,104.2164,33.322,5.421,1.887,True,320,240,0,False,60.00,0.1000,0.005916,0.081085,0.332542,0.167999,0.041910,-0.015757,0.984770,1579
197.1816,inicio,False,104.2164,33.322,5.029,2.072,True,320,240,0,False,60.00,0.1000,0.005916,0.081085,0.332542,0.167999,0.041910,-0.015757,0.984770,1580
197.3132,inicio,False,104.2164,33.324,5.310,1.743,True,320,240,0,False,60.00,0.1000,0.005916,0.081085,0.332542,0.167999,0.041910,-0.015757,0.984770,1581
197.4463,inicio,False,104.2164,33.323,5.115,1.643,True,320,240,0,False,60.00,0.1000,0.005916,0.081085,0.332542,0.167999,0.041910,-0.015757,0.984770,1582
197.5802,inicio,False,104.2164,33.322,4.421,1.966,True,320,240,0,False,60.00,0.1000,0.005916,0.081085,0.332542,0.167999,0.041910,-0.015757,0.984770,1583
197.7130,inicio,False,104.2164,33.322,5.284,1.450,True,320,240,0,False,60.00,0.1000,0.005916,0.081085,0.332542,0.167999,0.041910,-0.015757,0.984770,1584
197.8489,inicio,False,104.2164,33.321,5.151,1.845,True,320,240,0,False,60.00,0.1000,0.005916,0.081085,0.332542,0.167999,0.041910,-0.015757,0.984770,1585
197.9796,inicio,False,104.2164,33.323,4.912,1.928,True,320,240,0,False,60.00,0.1000,0.005916,0.081085,0.332542,0.167999,0.041910,-0.015757,0.984770,1586
198.1127,inicio,False,104.2164,33.322,4.262,1.403,True,320,240,0,False,60.00,0.1000,0.005916,0.081085,0.332542,0.167999,0.041910,-0.015757,0.984770,1587
198.2459,inicio,False,104.2164,33.322,4.926,1.824,True,320,240,0,False,60.00,0.1000,0.005916,0.081085,0.332542,0.167999,0.041910,-0.015757,0.984770,1588
198.3830,inicio,False,104.2164,33.324,5.376,1.900,True,320,240,0,False,60.00,0.1000,0.005916,0.081085,0.332542,0.167999,0.041910,-0.015757,0.984770,1589
198.5127,inicio,False,104.2164,33.324,6.116,1.636,True,320,240,0,False,60.00,0.1000,0.005916,0.081085,0.332542,0.167999,0.041910,-0.015757,0.984770,1590
198.6472,inicio,False,104.2164,33.322,4.621,1.837,True,320,240,0,False,60.00,0.1000,0.005916,0.081085,0.332542,0.167999,0.041910,-0.015757,0.984770,1591
198.7804,inicio,False,104.2164,33.322,5.100,1.915,True,320,240,0,False,60.00,0.1000,0.005916,0.081085,0.332542,0.167999,0.041910,-0.015757,0.984770,1592
198.9127,inicio,False,104.2164,33.322,5.227,6.070,True,320,240,0,False,60.00,0.1000,0.005916,0.081085,0.332542,0.167999,0.041910,-0.015757,0.984770,1593
199.0474,inicio,False,104.2164,33.322,4.548,1.553,True,320,240,0,False,60.00,0.1000,0.005916,0.081085,0.332542,0.167999,0.041910,-0.015757,0.984770,1594
199.1833,inicio,False,104.2164,33.323,4.912,1.945,True,320,240,0,False,60.00,0.1000,0.005916,0.081085,0.332542,0.167999,0.041910,-0.015757,0.984770,1595
199.3120,inicio,False,104.2164,33.323,5.438,2.178,True,320,240,0,False,60.00,0.1000,0.005916,0.081085,0.332542,0.167999,0.041910,-0.015757,0.984770,1596
199.4517,inicio,False,104.2164,33.322,7.020,1.723,True,320,240,0,False,60.00,0.1000,0.005916,0.081085,0.332542,0.167999,0.041910,-0.015757,0.984770,1597
199.5788,inicio,False,104.2164,33.322,6.974,2.082,True,320,240,0,False,60.00,0.1000,0.005916,0.081085,0.332542,0.167999,0.041910,-0.015757,0.984770,1599
199.7120,inicio,False,104.2164,33.322,5.183,1.687,True,320,240,0,False,60.00,0.1000,0.005916,0.081085,0.332542,0.167999,0.041910,-0.015757,0.984770,1600
199.8460,inicio,False,104.2164,33.322,5.088,1.825,True,320,240,0,False,60.00,0.1000,0.005916,0.081085,0.332542,0.167999,0.041910,-0.015757,0.984770,1601
199.9791,inicio,False,104.2164,33.322,4.242,1.712,True,320,240,0,False,60.00,0.1000,0.005916,0.081085,0.332542,0.167999,0.041910,-0.015757,0.984770,1602
200.1118,inicio,False,104.2164,33.324,5.532,1.954,True,320,240,0,False,60.00,0.1000,0.005916,0.081085,0.332542,0.167999,0.041910,-0.015757,0.984770,1603
200.2119,inicio,False,104.2164,33.323,5.008,1.811,True,320,240,0,False,60.00,0.1000,0.005916,0.081085,0.332542,0.167999,0.041910,-0.015757,0.984770,1604
200.3450,inicio,False,104.2164,33.322,7.210,1.887,True,320,240,0,False,60.00,0.1000,0.005916,0.081085,0.332542,0.167999,0.041910,-0.015757,0.984770,1605
200.4466,inicio,False,104.2164,33.322,4.652,2.077,True,320,240,0,False,60.00,0.1000,0.005916,0.081085,0.332542,0.167999,0.041910,-0.015757,0.984770,1606
200.5793,inicio,False,104.2164,33.322,4.802,1.652,True,320,240,0,False,60.00,0.1000,0.005916,0.081085,0.332542,0.167999,0.041910,-0.015757,0.984770,1607
200.7126,inicio,False,104.2164,33.325,6.185,2.238,True,320,240,0,False,60.00,0.1000,0.005916,0.081085,0.332542,0.167999,0.041910,-0.015757,0.984770,1608
200.8460,inicio,False,104.2164,33.322,5.335,1.833,True,320,240,0,False,60.00,0.1000,0.005916,0.081085,0.332542,0.167999,0.041910,-0.015757,0.984770,1609
200.9781,inicio,False,104.2164,33.323,6.332,1.810,True,320,240,0,False,60.00,0.1000,0.005916,0.081085,0.332542,0.167999,0.041910,-0.015757,0.984770,1610
201.1115,inicio,False,104.2164,33.323,5.359,1.646,True,320,240,0,False,60.00,0.1000,0.005916,0.081085,0.332542,0.167999,0.041910,-0.015757,0.984770,1611
201.2446,inicio,False,104.2164,33.322,5.369,1.930,True,320,240,0,False,60.00,0.1000,0.005916,0.081085,0.332542,0.167999,0.041910,-0.015757,0.984770,1612
201.3447,inicio,False,104.2164,33.322,5.720,1.705,True,320,240,0,False,60.00,0.1000,0.005916,0.081085,0.332542,0.167999,0.041910,-0.015757,0.984770,1613
201.4778,inicio,False,104.2164,33.323,4.883,1.980,True,320,240,0,False,60.00,0.1000,0.005916,0.081085,0.332542,0.167999,0.041910,-0.015757,0.984770,1614
201.5792,inicio,False,104.2164,33.322,4.170,1.441,True,320,240,0,False,60.00,0.1000,0.005916,0.081085,0.332542,0.167999,0.041910,-0.015757,0.984770,1615
201.7122,inicio,False,104.2164,33.322,4.625,2.052,True,320,240,0,False,60.00,0.1000,0.005916,0.081085,0.332542,0.167999,0.041910,-0.015757,0.984770,1616
201.8443,inicio,False,104.2164,33.322,4.588,1.903,True,320,240,0,False,60.00,0.1000,0.005916,0.081085,0.332542,0.167999,0.041910,-0.015757,0.984770,1618
201.9835,inicio,False,104.2164,33.322,5.718,2.069,True,320,240,0,False,60.00,0.1000,0.005916,0.081085,0.332542,0.167999,0.041910,-0.015757,0.984770,1619
202.1111,inicio,False,104.2164,33.322,5.893,1.412,True,320,240,0,False,60.00,0.1000,0.005916,0.081085,0.332542,0.167999,0.041910,-0.015757,0.984770,1621
202.2123,inicio,False,104.2164,33.323,5.893,1.412,True,320,240,0,False,60.00,0.1000,0.005916,0.081085,0.332542,0.167999,0.041910,-0.015757,0.984770,1621
202.3442,inicio,False,104.2164,33.322,5.687,1.757,True,320,240,0,False,60.00,0.1000,0.005916,0.081085,0.332542,0.167999,0.041910,-0.015757,0.984770,1622
202.4447,inicio,False,104.2164,33.323,4.968,2.184,True,320,240,0,False,60.00,0.1000,0.005916,0.081085,0.332542,0.167999,0.041910,-0.015757,0.984770,1623
202.5783,inicio,False,104.2164,33.324,6.247,1.902,True,320,240,0,False,60.00,0.1000,0.005916,0.081085,0.332542,0.167999,0.041910,-0.015757,0.984770,1624
202.7107,inicio,False,104.2164,33.324,5.798,2.146,True,320,240,0,False,60.00,0.1000,0.005916,0.081085,0.332542,0.167999,0.041910,-0.015757,0.984770,1625
202.8109,inicio,False,104.2164,33.323,5.498,1.629,True,320,240,0,False,60.00,0.1000,0.005916,0.081085,0.332542,0.167999,0.041910,-0.015757,0.984770,1626
202.9439,inicio,False,104.2164,33.322,5.468,1.627,True,320,240,0,False,60.00,0.1000,0.005916,0.081085,0.332542,0.167999,0.041910,-0.015757,0.984770,1627
203.0449,inicio,False,104.2164,33.322,4.990,1.619,True,320,240,0,False,60.00,0.1000,0.005916,0.081085,0.332542,0.167999,0.041910,-0.015757,0.984770,1628
203.1777,inicio,False,104.2164,33.322,6.766,1.940,True,320,240,0,False,60.00,0.1000,0.005916,0.081085,0.332542,0.167999,0.041910,-0.015757,0.984770,1629
203.3105,inicio,False,104.2164,33.322,6.291,1.565,True,320,240,0,False,60.00,0.1000,0.005916,0.081085,0.332542,0.167999,0.041910,-0.015757,0.984770,1630
203.4146,inicio,False,104.2164,33.322,8.329,3.737,True,320,240,0,False,60.00,0.1000,0.005916,0.081085,0.332542,0.167999,0.041910,-0.015757,0.984770,1631
203.5435,inicio,False,104.2164,33.325,5.626,1.330,True,320,240,0,False,60.00,0.1000,0.005916,0.081085,0.332542,0.167999,0.041910,-0.015757,0.984770,1632
203.6436,inicio,False,104.2164,33.322,5.020,1.546,True,320,240,0,False,60.00,0.1000,0.005916,0.081085,0.332542,0.167999,0.041910,-0.015757,0.984770,1633
203.7438,inicio,False,104.2164,33.321,2.912,2.002,True,320,240,0,False,60.00,0.1000,0.005916,0.081085,0.332542,0.167999,0.041910,-0.015757,0.984770,1634
203.8440,inicio,False,104.2164,33.321,4.906,1.516,True,320,240,0,False,60.00,0.1000,0.005916,0.081085,0.332542,0.167999,0.041910,-0.015757,0.984770,1635
203.9773,inicio,False,104.2164,33.321,5.017,1.619,True,320,240,0,False,60.00,0.1000,0.005916,0.081085,0.332542,0.167999,0.041910,-0.015757,0.984770,1636
204.1101,inicio,False,104.2164,33.321,5.669,1.971,True,320,240,0,False,60.00,0.1000,0.005916,0.081085,0.332542,0.167999,0.041910,-0.015757,0.984770,1637
204.2441,inicio,False,104.2164,33.321,5.933,1.399,True,320,240,0,False,60.00,0.1000,0.005916,0.081085,0.332542,0.167999,0.041910,-0.015757,0.984770,1638
204.3773,inicio,False,104.2164,33.322,4.308,1.986,True,320,240,0,False,60.00,0.1000,0.005916,0.081085,0.332542,0.167999,0.041910,-0.015757,0.984770,1640
204.5105,inicio,False,104.2164,33.322,4.938,2.102,True,320,240,0,False,60.00,0.1000,0.005916,0.081085,0.332542,0.167999,0.041910,-0.015757,0.984770,1641
204.6453,inicio,False,104.2164,33.323,4.745,2.248,True,320,240,0,False,60.00,0.1000,0.005916,0.081085,0.332542,0.167999,0.041910,-0.015757,0.984770,1642
204.7770,inicio,False,104.2164,33.323,6.144,2.083,True,320,240,0,False,60.00,0.1000,0.005916,0.081085,0.332542,0.167999,0.041910,-0.015757,0.984770,1644
204.8782,inicio,False,104.2164,33.323,4.852,2.103,True,320,240,0,False,60.00,0.1000,0.005916,0.081085,0.332542,0.167999,0.041910,-0.015757,0.984770,1645
205.0101,inicio,False,104.2164,33.323,4.852,2.103,True,320,240,0,False,60.00,0.1000,0.005916,0.081085,0.332542,0.167999,0.041910,-0.015757,0.984770,1645
205.1105,inicio,False,104.2164,33.324,5.227,2.006,True,320,240,0,False,60.00,0.1000,0.005916,0.081085,0.332542,0.167999,0.041910,-0.015757,0.984770,1646
205.2440,inicio,False,104.2164,33.323,5.000,1.591,True,320,240,0,False,60.00,0.1000,0.005916,0.081085,0.332542,0.167999,0.041910,-0.015757,0.984770,1648
205.3768,inicio,False,104.2164,33.321,4.494,1.674,True,320,240,0,False,60.00,0.1000,0.005916,0.081085,0.332542,0.167999,0.041910,-0.015757,0.984770,1649
205.5114,inicio,False,104.2164,33.321,4.547,1.934,True,320,240,0,False,60.00,0.1000,0.005916,0.081085,0.332542,0.167999,0.041910,-0.015757,0.984770,1650
205.6432,inicio,False,104.2164,33.326,4.855,1.659,True,320,240,0,False,60.00,0.1000,0.005916,0.081085,0.332542,0.167999,0.041910,-0.015757,0.984770,1651
205.7769,inicio,False,104.2164,33.324,6.480,2.201,True,320,240,0,False,60.00,0.1000,0.005916,0.081085,0.332542,0.167999,0.041910,-0.015757,0.984770,1652
205.9096,inicio,False,104.2164,33.323,6.021,1.675,True,320,240,0,False,60.00,0.1000,0.005916,0.081085,0.332542,0.167999,0.041910,-0.015757,0.984770,1653
206.0429,inicio,False,104.2164,33.321,4.498,1.574,True,320,240,0,False,60.00,0.1000,0.005916,0.081085,0.332542,0.167999,0.041910,-0.015757,0.984770,1654
206.1433,inicio,False,104.2164,33.323,5.355,1.954,True,320,240,0,False,60.00,0.1000,0.005916,0.081085,0.332542,0.167999,0.041910,-0.015757,0.984770,1655
206.2762,inicio,False,104.2164,33.321,5.401,1.433,True,320,240,0,False,60.00,0.1000,0.005916,0.081085,0.332542,0.167999,0.041910,-0.015757,0.984770,1656
206.3767,inicio,False,104.2164,33.323,4.902,2.071,True,320,240,0,False,60.00,0.1000,0.005916,0.081085,0.332542,0.167999,0.041910,-0.015757,0.984770,1657
206.5094,inicio,False,104.2164,33.322,4.985,2.124,True,320,240,0,False,60.00,0.1000,0.005916,0.081085,0.332542,0.167999,0.041910,-0.015757,0.984770,1658
206.6099,inicio,False,104.2164,33.323,5.570,1.845,True,320,240,0,False,60.00,0.1000,0.005916,0.081085,0.332542,0.167999,0.041910,-0.015757,0.984770,1659
206.7429,inicio,False,104.2164,33.321,4.406,1.432,True,320,240,0,False,60.00,0.1000,0.005916,0.081085,0.332542,0.167999,0.041910,-0.015757,0.984770,1660
206.8434,inicio,False,104.2164,33.320,4.453,1.837,True,320,240,0,False,60.00,0.1000,0.005916,0.081085,0.332542,0.167999,0.041910,-0.015757,0.984770,1661
206.9762,inicio,False,104.2164,33.320,4.898,1.654,True,320,240,0,False,60.00,0.1000,0.005916,0.081085,0.332542,0.167999,0.041910,-0.015757,0.984770,1662
207.0765,inicio,False,104.2164,33.322,5.275,1.401,True,320,240,0,False,60.00,0.1000,0.005916,0.081085,0.332542,0.167999,0.041910,-0.015757,0.984770,1664
207.2113,inicio,False,104.2164,33.321,5.265,1.822,True,320,240,0,False,60.00,0.1000,0.005916,0.081085,0.332542,0.167999,0.041910,-0.015757,0.984770,1666
207.3430,inicio,False,104.2164,33.324,5.984,1.945,True,320,240,0,False,60.00,0.1000,0.005916,0.081085,0.332542,0.167999,0.041910,-0.015757,0.984770,1667
207.4757,inicio,False,104.2164,33.322,4.695,1.677,True,320,240,0,False,60.00,0.1000,0.005916,0.081085,0.332542,0.167999,0.041910,-0.015757,0.984770,1668
207.5758,inicio,False,104.2164,33.322,5.180,2.102,True,320,240,0,False,60.00,0.1000,0.005916,0.081085,0.332542,0.167999,0.041910,-0.015757,0.984770,1669
207.6760,inicio,False,104.2164,33.323,6.191,2.035,True,320,240,0,False,60.00,0.1000,0.005916,0.081085,0.332542,0.167999,0.041910,-0.015757,0.984770,1670
207.8106,inicio,False,104.2164,33.322,5.525,2.346,True,320,240,0,False,60.00,0.1000,0.005916,0.081085,0.332542,0.167999,0.041910,-0.015757,0.984770,1671
207.9427,inicio,False,104.2164,33.321,5.343,1.706,True,320,240,0,False,60.00,0.1000,0.005916,0.081085,0.332542,0.167999,0.041910,-0.015757,0.984770,1672
208.0432,inicio,False,104.2164,33.323,5.343,1.706,True,320,240,0,False,60.00,0.1000,0.005916,0.081085,0.332542,0.167999,0.041910,-0.015757,0.984770,1672
208.1764,inicio,False,104.2164,33.323,4.223,1.743,True,320,240,0,False,60.00,0.1000,0.005916,0.081085,0.332542,0.167999,0.041910,-0.015757,0.984770,1673
208.3095,inicio,False,104.2164,33.322,5.331,2.112,True,320,240,0,False,60.00,0.1000,0.005916,0.081085,0.332542,0.167999,0.041910,-0.015757,0.984770,1674
208.4427,inicio,False,104.2164,33.322,5.785,1.954,True,320,240,0,False,60.00,0.1000,0.005916,0.081085,0.332542,0.167999,0.041910,-0.015757,0.984770,1676
208.5764,inicio,False,104.2164,33.321,4.784,1.881,True,320,240,0,False,60.00,0.1000,0.005916,0.081085,0.332542,0.167999,0.041910,-0.015757,0.984770,1677
208.7094,inicio,False,104.2164,33.322,5.913,1.552,True,320,240,0,False,60.00,0.1000,0.005916,0.081085,0.332542,0.167999,0.041910,-0.015757,0.984770,1678
208.8431,inicio,False,104.2164,33.322,5.416,1.957,True,320,240,0,False,60.00,0.1000,0.005916,0.081085,0.332542,0.167999,0.041910,-0.015757,0.984770,1679
208.9758,inicio,False,104.2164,33.322,4.512,1.910,True,320,240,0,False,60.00,0.1000,0.005916,0.081085,0.332542,0.167999,0.041910,-0.015757,0.984770,1681
209.1093,inicio,False,104.2164,33.322,4.900,1.543,True,320,240,0,False,60.00,0.1000,0.005916,0.081085,0.332542,0.167999,0.041910,-0.015757,0.984770,1682
209.2433,inicio,False,104.2164,33.322,5.531,1.711,True,320,240,0,False,60.00,0.1000,0.005916,0.081085,0.332542,0.167999,0.041910,-0.015757,0.984770,1683
209.3754,inicio,False,104.2164,33.322,6.288,2.096,True,320,240,0,False,60.00,0.1000,0.005916,0.081085,0.332542,0.167999,0.041910,-0.015757,0.984770,1684
209.5085,inicio,False,104.2164,33.322,5.469,2.008,True,320,240,0,False,60.00,0.1000,0.005916,0.081085,0.332542,0.167999,0.041910,-0.015757,0.984770,1685
209.6091,inicio,False,104.2164,33.323,4.760,1.410,True,320,240,0,False,60.00,0.1000,0.005916,0.081085,0.332542,0.167999,0.041910,-0.015757,0.984770,1686
209.7420,inicio,False,104.2164,33.323,5.024,1.635,True,320,240,0,False,60.00,0.1000,0.005916,0.081085,0.332542,0.167999,0.041910,-0.015757,0.984770,1687
209.8424,inicio,False,104.2164,33.322,5.230,1.966,True,320,240,0,False,60.00,0.1000,0.005916,0.081085,0.332542,0.167999,0.041910,-0.015757,0.984770,1688
209.9751,inicio,False,104.2164,33.322,4.960,1.477,True,320,240,0,False,60.00,0.1000,0.005916,0.081085,0.332542,0.167999,0.041910,-0.015757,0.984770,1690
210.0755,inicio,False,104.2164,33.325,4.960,1.477,True,320,240,0,False,60.00,0.1000,0.005916,0.081085,0.332542,0.167999,0.041910,-0.015757,0.984770,1690
210.2083,inicio,False,104.2164,33.323,3.228,2.060,True,320,240,0,False,60.00,0.1000,0.005916,0.081085,0.332542,0.167999,0.041910,-0.015757,0.984770,1692
210.3417,inicio,False,104.2164,33.322,5.805,1.504,True,320,240,0,False,60.00,0.1000,0.005916,0.081085,0.332542,0.167999,0.041910,-0.015757,0.984770,1693
210.4417,inicio,False,104.2164,33.322,4.952,1.924,True,320,240,0,False,60.00,0.1000,0.005916,0.081085,0.332542,0.167999,0.041910,-0.015757,0.984770,1694
210.5750,inicio,False,104.2164,33.322,5.036,1.538,True,320,240,0,False,60.00,0.1000,0.005916,0.081085,0.332542,0.167999,0.041910,-0.015757,0.984770,1695
210.6750,inicio,False,104.2164,33.322,4.459,1.430,True,320,240,0,False,60.00,0.1000,0.005916,0.081085,0.332542,0.167999,0.041910,-0.015757,0.984770,1697
210.8081,inicio,False,104.2164,33.323,6.162,1.997,True,320,240,0,False,60.00,0.1000,0.005916,0.081085,0.332542,0.167999,0.041910,-0.015757,0.984770,1698
210.9082,inicio,False,104.2164,33.322,5.172,1.531,True,320,240,0,False,60.00,0.1000,0.005916,0.081085,0.332542,0.167999,0.041910,-0.015757,0.984770,1699
211.0431,inicio,False,104.2164,33.322,5.240,1.915,True,320,240,0,False,60.00,0.1000,0.005916,0.081085,0.332542,0.167999,0.041910,-0.015757,0.984770,1700
211.1746,inicio,False,104.2164,33.322,5.048,1.743,True,320,240,0,False,60.00,0.1000,0.005916,0.081085,0.332542,0.167999,0.041910,-0.015757,0.984770,1701
211.2747,inicio,False,104.2164,33.322,4.818,2.218,True,320,240,0,False,60.00,0.1000,0.005916,0.081085,0.332542,0.167999,0.041910,-0.015757,0.984770,1702
211.4079,inicio,False,104.2164,33.323,5.331,1.875,True,320,240,0,False,60.00,0.1000,0.005916,0.081085,0.332542,0.167999,0.041910,-0.015757,0.984770,1703
211.5081,inicio,False,104.2164,33.323,6.611,1.415,True,320,240,0,False,60.00,0.1000,0.005916,0.081085,0.332542,0.167999,0.041910,-0.015757,0.984770,1704
211.6087,inicio,False,104.2164,33.322,5.602,1.825,True,320,240,0,False,60.00,0.1000,0.005916,0.081085,0.332542,0.167999,0.041910,-0.015757,0.984770,1706
211.7426,inicio,False,104.2164,33.322,5.371,1.708,True,320,240,0,False,60.00,0.1000,0.005916,0.081085,0.332542,0.167999,0.041910,-0.015757,0.984770,1707
211.8744,inicio,False,104.2164,33.322,4.656,1.635,True,320,240,0,False,60.00,0.1000,0.005916,0.081085,0.332542,0.167999,0.041910,-0.015757,0.984770,1708
211.9750,inicio,False,104.2164,33.322,6.364,1.497,True,320,240,0,False,60.00,0.1000,0.005916,0.081085,0.332542,0.167999,0.041910,-0.015757,0.984770,1709
212.1080,inicio,False,104.2164,33.321,7.996,2.204,True,320,240,0,False,60.00,0.1000,0.005916,0.081085,0.332542,0.167999,0.041910,-0.015757,0.984770,1710
212.2080,inicio,False,104.2164,33.321,5.455,2.151,True,320,240,0,False,60.00,0.1000,0.005916,0.081085,0.332542,0.167999,0.041910,-0.015757,0.984770,1711
212.3082,inicio,False,104.2164,33.322,5.455,2.151,True,320,240,0,False,60.00,0.1000,0.005916,0.081085,0.332542,0.167999,0.041910,-0.015757,0.984770,1711
212.4415,inicio,False,104.2164,33.321,4.811,1.462,True,320,240,0,False,60.00,0.1000,0.005916,0.081085,0.332542,0.167999,0.041910,-0.015757,0.984770,1713
212.5746,inicio,False,104.2164,33.324,4.896,1.743,True,320,240,0,False,60.00,0.1000,0.005916,0.081085,0.332542,0.167999,0.041910,-0.015757,0.984770,1714
212.7076,inicio,False,104.2164,33.324,5.023,1.756,True,320,240,0,False,60.00,0.1000,0.005916,0.081085,0.332542,0.167999,0.041910,-0.015757,0.984770,1715
212.8078,inicio,False,104.2164,33.322,5.249,1.989,True,320,240,0,False,60.00,0.1000,0.005916,0.081085,0.332542,0.167999,0.041910,-0.015757,0.984770,1717
212.9407,inicio,False,104.2164,33.323,5.353,1.750,True,320,240,0,False,60.00,0.1000,0.005916,0.081085,0.332542,0.167999,0.041910,-0.015757,0.984770,1718
213.0408,inicio,False,104.2164,33.321,5.353,1.750,True,320,240,0,False,60.00,0.1000,0.005916,0.081085,0.332542,0.167999,0.041910,-0.015757,0.984770,1718
213.1420,inicio,False,104.2164,33.321,5.400,1.981,True,320,240,0,False,60.00,0.1000,0.005916,0.081085,0.332542,0.167999,0.041910,-0.015757,0.984770,1720
213.2743,inicio,False,104.2164,33.322,5.220,1.884,True,320,240,0,False,60.00,0.1000,0.005916,0.081085,0.332542,0.167999,0.041910,-0.015757,0.984770,1721
213.4074,inicio,False,104.2164,33.323,4.816,2.103,True,320,240,0,False,60.00,0.1000,0.005916,0.081085,0.332542,0.167999,0.041910,-0.015757,0.984770,1722
213.5075,inicio,False,104.2164,33.323,5.490,1.569,True,320,240,0,False,60.00,0.1000,0.005916,0.081085,0.332542,0.167999,0.041910,-0.015757,0.984770,1723
213.6405,inicio,False,104.2164,33.322,4.939,1.585,True,320,240,0,False,60.00,0.1000,0.005916,0.081085,0.332542,0.167999,0.041910,-0.015757,0.984770,1724
213.7408,inicio,False,104.2164,33.322,5.578,1.702,True,320,240,0,False,60.00,0.1000,0.005916,0.081085,0.332542,0.167999,0.041910,-0.015757,0.984770,1725
213.8410,inicio,False,104.2164,33.322,5.208,1.871,True,320,240,0,False,60.00,0.1000,0.005916,0.081085,0.332542,0.167999,0.041910,-0.015757,0.984770,1726
213.9744,inicio,False,104.2164,33.322,5.088,1.619,True,320,240,0,False,60.00,0.1000,0.005916,0.081085,0.332542,0.167999,0.041910,-0.015757,0.984770,1728
214.1073,inicio,False,104.2164,33.322,5.615,1.771,True,320,240,0,False,60.00,0.1000,0.005916,0.081085,0.332542,0.167999,0.041910,-0.015757,0.984770,1729
214.2410,inicio,False,104.2164,33.323,4.777,1.840,True,320,240,0,False,60.00,0.1000,0.005916,0.081085,0.332542,0.167999,0.041910,-0.015757,0.984770,1730
214.3738,inicio,False,104.2164,33.322,4.982,2.003,True,320,240,0,False,60.00,0.1000,0.005916,0.081085,0.332542,0.167999,0.041910,-0.015757,0.984770,1732
214.5069,inicio,False,104.2164,33.322,4.796,1.714,True,320,240,0,False,60.00,0.1000,0.005916,0.081085,0.332542,0.167999,0.041910,-0.015757,0.984770,1733
214.6069,inicio,False,104.2164,33.322,5.609,1.783,True,320,240,0,False,60.00,0.1000,0.005916,0.081085,0.332542,0.167999,0.041910,-0.015757,0.984770,1734
214.7087,inicio,False,104.2164,33.322,5.102,1.403,True,320,240,0,False,60.00,0.1000,0.005916,0.081085,0.332542,0.167999,0.041910,-0.015757,0.984770,1735
214.8404,inicio,False,104.2164,33.323,5.838,2.034,True,320,240,0,False,60.00,0.1000,0.005916,0.081085,0.332542,0.167999,0.041910,-0.015757,0.984770,1737
214.9734,inicio,False,104.2164,33.322,5.240,1.932,True,320,240,0,False,60.00,0.1000,0.005916,0.081085,0.332542,0.167999,0.041910,-0.015757,0.984770,1738
215.1067,inicio,False,104.2164,33.322,5.187,1.680,True,320,240,0,False,60.00,0.1000,0.005916,0.081085,0.332542,0.167999,0.041910,-0.015757,0.984770,1739
215.2070,inicio,False,104.2164,33.323,5.323,1.982,True,320,240,0,False,60.00,0.1000,0.005916,0.081085,0.332542,0.167999,0.041910,-0.015757,0.984770,1740
215.3074,inicio,False,104.2164,33.323,5.406,1.616,True,320,240,0,False,60.00,0.1000,0.005916,0.081085,0.332542,0.167999,0.041910,-0.015757,0.984770,1741
215.4399,inicio,False,104.2164,33.324,4.797,1.994,True,320,240,0,False,60.00,0.1000,0.005916,0.081085,0.332542,0.167999,0.041910,-0.015757,0.984770,1742
215.5403,inicio,False,104.2164,33.323,5.426,1.561,True,320,240,0,False,60.00,0.1000,0.005916,0.081085,0.332542,0.167999,0.041910,-0.015757,0.984770,1743
215.6740,inicio,False,104.2164,33.322,5.271,1.640,True,320,240,0,False,60.00,0.1000,0.005916,0.081085,0.332542,0.167999,0.041910,-0.015757,0.984770,1744
215.8073,inicio,False,104.2164,33.321,5.126,1.702,True,320,240,0,False,60.00,0.1000,0.005916,0.081085,0.332542,0.167999,0.041910,-0.015757,0.984770,1746
215.9397,inicio,False,104.2164,33.322,5.806,1.515,True,320,240,0,False,60.00,0.1000,0.005916,0.081085,0.332542,0.167999,0.041910,-0.015757,0.984770,1747
216.0404,inicio,False,104.2164,33.321,5.548,1.946,True,320,240,0,False,60.00,0.1000,0.005916,0.081085,0.332542,0.167999,0.041910,-0.015757,0.984770,1748
216.1730,inicio,False,104.2164,33.322,5.341,2.012,True,320,240,0,False,60.00,0.1000,0.005916,0.081085,0.332542,0.167999,0.041910,-0.015757,0.984770,1749
216.2735,inicio,False,104.2164,33.322,5.209,1.435,True,320,240,0,False,60.00,0.1000,0.005916,0.081085,0.332542,0.167999,0.041910,-0.015757,0.984770,1750
216.4066,inicio,False,104.2164,33.322,5.509,1.510,True,320,240,0,False,60.00,0.1000,0.005916,0.081085,0.332542,0.167999,0.041910,-0.015757,0.984770,1751
216.5396,inicio,False,104.2164,33.322,4.802,1.472,True,320,240,0,False,60.00,0.1000,0.005916,0.081085,0.332542,0.167999,0.041910,-0.015757,0.984770,1753
216.6732,inicio,False,104.2164,33.324,5.638,1.595,True,320,240,0,False,60.00,0.1000,0.005916,0.081085,0.332542,0.167999,0.041910,-0.015757,0.984770,1755
216.8069,inicio,False,104.2164,33.323,5.662,1.488,True,320,240,0,False,60.00,0.1000,0.005916,0.081085,0.332542,0.167999,0.041910,-0.015757,0.984770,1756
216.9398,inicio,False,104.2164,33.324,5.369,2.190,True,320,240,0,False,60.00,0.1000,0.005916,0.081085,0.332542,0.167999,0.041910,-0.015757,0.984770,1757
217.0403,inicio,False,104.2164,33.323,5.369,2.190,True,320,240,0,False,60.00,0.1000,0.005916,0.081085,0.332542,0.167999,0.041910,-0.015757,0.984770,1757
217.1731,inicio,False,104.2164,33.323,4.951,2.094,True,320,240,0,False,60.00,0.1000,0.005916,0.081085,0.332542,0.167999,0.041910,-0.015757,0.984770,1758
217.3060,inicio,False,104.2164,33.321,4.401,1.564,True,320,240,0,False,60.00,0.1000,0.005916,0.081085,0.332542,0.167999,0.041910,-0.015757,0.984770,1759
217.4062,inicio,False,104.2164,33.322,5.027,2.055,True,320,240,0,False,60.00,0.1000,0.005916,0.081085,0.332542,0.167999,0.041910,-0.015757,0.984770,1760
217.5396,inicio,False,104.2164,33.322,5.977,1.800,True,320,240,0,False,60.00,0.1000,0.005916,0.081085,0.332542,0.167999,0.041910,-0.015757,0.984770,1761
217.6730,inicio,False,104.2164,33.322,5.099,1.701,True,320,240,0,False,60.00,0.1000,0.005916,0.081085,0.332542,0.167999,0.041910,-0.015757,0.984770,1762
217.8058,inicio,False,104.2164,33.322,5.164,1.439,True,320,240,0,False,60.00,0.1000,0.005916,0.081085,0.332542,0.167999,0.041910,-0.015757,0.984770,1763
217.9059,inicio,False,104.2164,33.323,4.639,1.421,True,320,240,0,False,60.00,0.1000,0.005916,0.081085,0.332542,0.167999,0.041910,-0.015757,0.984770,1764
218.0063,inicio,False,104.2164,33.323,5.378,1.608,True,320,240,0,False,60.00,0.1000,0.005916,0.081085,0.332542,0.167999,0.041910,-0.015757,0.984770,1765
218.1395,inicio,False,104.2164,33.322,5.268,1.731,True,320,240,0,False,60.00,0.1000,0.005916,0.081085,0.332542,0.167999,0.041910,-0.015757,0.984770,1766
218.2726,inicio,False,104.2164,33.322,5.974,1.517,True,320,240,0,False,60.00,0.1000,0.005916,0.081085,0.332542,0.167999,0.041910,-0.015757,0.984770,1768
218.4057,inicio,False,104.2164,33.322,5.817,1.522,True,320,240,0,False,60.00,0.1000,0.005916,0.081085,0.332542,0.167999,0.041910,-0.015757,0.984770,1769
218.5058,inicio,False,104.2164,33.322,5.581,1.812,True,320,240,0,False,60.00,0.1000,0.005916,0.081085,0.332542,0.167999,0.041910,-0.015757,0.984770,1770
218.6398,inicio,False,104.2164,33.324,4.336,1.582,True,320,240,0,False,60.00,0.1000,0.005916,0.081085,0.332542,0.167999,0.041910,-0.015757,0.984770,1771
218.7398,inicio,False,104.2164,33.322,5.632,1.932,True,320,240,0,False,60.00,0.1000,0.005916,0.081085,0.332542,0.167999,0.041910,-0.015757,0.984770,1773
218.8725,inicio,False,104.2164,33.322,5.240,1.670,True,320,240,0,False,60.00,0.1000,0.005916,0.081085,0.332542,0.167999,0.041910,-0.015757,0.984770,1774
218.9749,inicio,False,104.2164,33.322,5.240,1.670,True,320,240,0,False,60.00,0.1000,0.005916,0.081085,0.332542,0.167999,0.041910,-0.015757,0.984770,1774
219.1055,inicio,False,104.2164,33.323,5.298,1.651,True,320,240,0,False,60.00,0.1000,0.005916,0.081085,0.332542,0.167999,0.041910,-0.015757,0.984770,1775
219.2392,inicio,False,104.2164,33.323,5.622,2.013,True,320,240,0,False,60.00,0.1000,0.005916,0.081085,0.332542,0.167999,0.041910,-0.015757,0.984770,1777
219.3394,inicio,False,104.2164,33.322,4.989,1.506,True,320,240,0,False,60.00,0.1000,0.005916,0.081085,0.332542,0.167999,0.041910,-0.015757,0.984770,1779
219.4719,inicio,False,104.2164,33.323,4.604,1.660,True,320,240,0,False,60.00,0.1000,0.005916,0.081085,0.332542,0.167999,0.041910,-0.015757,0.984770,1780
219.6054,inicio,False,104.2164,33.322,5.475,1.930,True,320,240,0,False,60.00,0.1000,0.005916,0.081085,0.332542,0.167999,0.041910,-0.015757,0.984770,1781
219.7390,inicio,False,104.2164,33.323,5.351,1.868,True,320,240,0,False,60.00,0.1000,0.005916,0.081085,0.332542,0.167999,0.041910,-0.015757,0.984770,1783
219.8432,inicio,False,104.2164,33.324,5.351,1.868,True,320,240,0,False,60.00,0.1000,0.005916,0.081085,0.332542,0.167999,0.041910,-0.015757,0.984770,1783
219.9736,inicio,False,104.2164,33.325,6.793,1.676,True,320,240,0,False,60.00,0.1000,0.005916,0.081085,0.332542,0.167999,0.041910,-0.015757,0.984770,1784
220.1051,inicio,False,104.2164,33.323,5.727,1.531,True,320,240,0,False,60.00,0.1000,0.005916,0.081085,0.332542,0.167999,0.041910,-0.015757,0.984770,1785
220.2054,inicio,False,104.2164,33.323,5.669,15.999,True,320,240,0,False,60.00,0.1000,0.005916,0.081085,0.332542,0.167999,0.041910,-0.015757,0.984770,1787
220.3383,inicio,False,104.2164,33.321,5.690,17.016,True,320,240,0,False,60.00,0.1000,0.005916,0.081085,0.332542,0.167999,0.041910,-0.015757,0.984770,1788
220.4725,inicio,False,104.2164,33.320,2.669,12.756,True,320,240,0,False,60.00,0.1000,0.005916,0.081085,0.332542,0.167999,0.041910,-0.015757,0.984770,1790
220.6061,inicio,False,104.2164,33.324,5.267,12.118,True,320,240,0,False,60.00,0.1000,0.005916,0.081085,0.332542,0.167999,0.041910,-0.015757,0.984770,1791
220.7382,inicio,False,104.2164,33.322,5.506,11.137,True,320,240,0,False,60.00,0.1000,0.005916,0.081085,0.332542,0.167999,0.041910,-0.015757,0.984770,1792
220.8382,inicio,False,104.2164,33.322,2.945,8.583,True,320,240,0,False,60.00,0.1000,0.005916,0.081085,0.332542,0.167999,0.041910,-0.015757,0.984770,1793
220.9383,inicio,False,104.2164,33.323,5.647,11.384,True,320,240,0,False,60.00,0.1000,0.005916,0.081085,0.332542,0.167999,0.041910,-0.015757,0.984770,1794
221.0397,inicio,False,104.2164,33.323,6.899,10.233,True,320,240,0,False,60.00,0.1000,0.005916,0.081085,0.332542,0.167999,0.041910,-0.015757,0.984770,1795
221.1716,inicio,True,104.2830,33.322,5.207,16.222,True,320,240,0,False,60.00,0.1000,-0.014528,0.034421,0.328628,0.150029,0.001112,0.057246,0.987022,1796
221.3052,inicio,False,104.2830,33.322,5.944,10.058,True,320,240,0,False,60.00,0.1000,-0.014528,0.034421,0.328628,0.150029,0.001112,0.057246,0.987022,1797
221.4053,inicio,True,104.3830,33.322,6.085,13.768,True,320,240,0,False,60.00,0.1000,-0.018783,0.037253,0.320979,0.129098,-0.015326,0.042942,0.990583,1799
221.5385,inicio,True,104.5163,33.322,4.894,13.410,True,320,240,0,False,60.00,0.1000,-0.030273,0.031475,0.315578,0.118855,-0.025341,0.045656,0.991538,1800
221.6389,inicio,True,104.6163,33.323,4.894,13.410,True,320,240,0,False,60.00,0.1000,-0.030273,0.031475,0.315578,0.118855,-0.025341,0.045656,0.991538,1800
221.7716,inicio,True,104.7496,33.324,5.809,12.513,True,320,240,0,False,60.00,0.1000,-0.038297,0.012962,0.314569,0.123842,-0.042578,0.050724,0.990090,1802
221.8718,inicio,True,104.8495,33.323,5.198,13.918,True,320,240,0,False,60.00,0.1000,-0.041566,-0.001165,0.314771,0.167429,-0.041448,0.051604,0.983660,1803
222.0043,inicio,True,104.9828,33.323,1.905,10.715,True,320,240,0,False,60.00,0.1000,-0.042908,-0.011769,0.312283,0.184710,-0.042862,0.050867,0.980539,1804
222.1048,inicio,True,105.0828,33.322,5.663,12.856,True,320,240,0,False,60.00,0.1000,-0.037932,-0.012043,0.311540,0.203008,-0.053949,0.055851,0.976093,1805
222.2430,inicio,True,105.2161,33.322,5.093,12.446,True,320,240,0,False,60.00,0.1000,-0.029468,-0.008989,0.315512,0.194189,-0.030200,0.048767,0.979286,1806
222.3712,inicio,True,105.3494,33.323,5.360,14.011,True,320,240,0,False,60.00,0.1000,-0.029381,-0.003438,0.315312,0.189337,-0.034647,0.045969,0.980223,1807
222.4715,inicio,True,105.4493,33.323,2.642,13.840,True,320,240,0,False,60.00,0.1000,-0.031416,-0.003346,0.314090,0.183132,-0.030195,0.047131,0.981494,1808
222.6044,inicio,True,105.5826,33.322,5.701,16.041,True,320,240,0,False,60.00,0.1000,-0.042195,-0.004851,0.310435,0.186321,-0.046910,0.051064,0.980039,1809
222.7379,inicio,True,105.7159,33.323,5.320,9.065,True,320,240,0,False,60.00,0.1000,-0.036505,-0.007251,0.312987,0.185380,-0.038483,0.050486,0.980614,1811
222.8711,inicio,True,105.8492,33.322,5.083,13.628,True,320,240,0,False,60.00,0.1000,-0.035746,-0.008089,0.313928,0.189387,-0.038570,0.052661,0.979731,1812
223.0041,inicio,True,105.9825,33.322,4.716,11.360,True,320,240,0,False,60.00,0.1000,-0.034628,-0.010948,0.315021,0.186757,-0.037523,0.053223,0.980246,1813
223.1375,inicio,True,106.1158,33.322,5.495,13.321,True,320,240,0,False,60.00,0.1000,-0.028927,-0.011668,0.317609,0.192868,-0.026109,0.052461,0.979473,1814
223.2713,inicio,True,106.2490,33.322,2.772,13.002,True,320,240,0,False,60.00,0.1000,-0.037760,-0.012079,0.310525,0.194177,-0.038613,0.046449,0.979105,1816
223.4039,inicio,True,106.3824,33.323,6.212,13.206,True,320,240,0,False,60.00,0.1000,-0.038803,-0.016010,0.310545,0.197826,-0.039569,0.050302,0.978146,1817
223.5041,inicio,True,106.4823,33.322,5.047,13.632,True,320,240,0,False,60.00,0.1000,-0.040076,-0.017563,0.310291,0.197846,-0.039095,0.051203,0.978114,1818
223.6374,inicio,True,106.6156,33.322,5.175,11.272,True,320,240,0,False,60.00,0.1000,-0.042782,-0.017741,0.309015,0.199532,-0.042062,0.052407,0.977584,1819
223.7706,inicio,True,106.7489,33.323,4.994,11.399,True,320,240,0,False,60.00,0.1000,-0.046583,-0.017368,0.305386,0.202258,-0.046222,0.051539,0.976882,1821
223.8712,inicio,True,106.8489,33.322,6.381,12.376,True,320,240,0,False,60.00,0.1000,-0.049252,-0.016400,0.300275,0.203366,-0.051253,0.050711,0.976445,1823
224.0046,inicio,True,106.9822,33.322,5.164,12.476,True,320,240,0,False,60.00,0.1000,-0.049351,-0.016110,0.298099,0.198351,-0.055850,0.050550,0.977232,1824
224.1371,inicio,True,107.1155,33.323,6.323,13.426,True,320,240,0,False,60.00,0.1000,-0.049990,-0.016759,0.296829,0.198201,-0.051891,0.053173,0.977341,1826
224.2374,inicio,True,107.2154,33.323,5.119,11.531,True,320,240,0,False,60.00,0.1000,-0.049962,-0.016846,0.297326,0.200455,-0.051000,0.052552,0.976962,1827
224.3705,inicio,True,107.3487,33.323,4.912,15.027,True,320,240,0,False,60.00,0.1000,-0.050245,-0.015584,0.298629,0.194704,-0.054428,0.052361,0.977950,1828
224.5035,inicio,True,107.4820,33.322,4.960,17.061,True,320,240,0,False,60.00,0.1000,-0.052892,-0.015434,0.296923,0.196048,-0.052952,0.051576,0.977804,1830
224.6040,inicio,True,107.5819,33.322,5.355,11.519,True,320,240,0,False,60.00,0.1000,-0.053978,-0.014998,0.297373,0.198993,-0.058439,0.053189,0.976810,1831
224.7042,inicio,True,107.6819,33.321,5.355,11.519,True,320,240,0,False,60.00,0.1000,-0.053978,-0.014998,0.297373,0.198993,-0.058439,0.053189,0.976810,1831
224.8374,inicio,True,107.8152,33.321,5.475,11.750,True,320,240,0,False,60.00,0.1000,-0.052301,-0.011338,0.297236,0.195828,-0.053893,0.051887,0.977781,1832
224.9701,inicio,True,107.9485,33.321,2.675,13.220,True,320,240,0,False,60.00,0.1000,-0.053173,-0.010693,0.296051,0.195254,-0.057246,0.050529,0.977776,1833
225.0706,inicio,True,108.0485,33.324,5.572,14.493,True,320,240,0,False,60.00,0.1000,-0.052113,-0.010532,0.296499,0.197188,-0.055250,0.049235,0.977569,1835
225.1708,inicio,True,108.1484,33.323,5.572,14.493,True,320,240,0,False,60.00,0.1000,-0.052113,-0.010532,0.296499,0.197188,-0.055250,0.049235,0.977569,1835
225.3038,inicio,True,108.2817,33.323,2.932,10.953,True,320,240,0,False,60.00,0.1000,-0.052445,-0.010523,0.296702,0.194166,-0.057076,0.050837,0.977986,1837
225.4371,inicio,True,108.4150,33.322,2.376,11.195,True,320,240,0,False,60.00,0.1000,-0.052529,-0.010242,0.296619,0.194326,-0.056447,0.049587,0.978055,1838
225.5701,inicio,True,108.5483,33.322,2.387,10.514,True,320,240,0,False,60.00,0.1000,-0.053706,-0.010417,0.296293,0.193960,-0.057221,0.050100,0.978057,1840
225.6706,inicio,True,108.6483,33.323,5.163,12.727,True,320,240,0,False,60.00,0.1000,-0.053390,-0.009005,0.295941,0.191863,-0.062538,0.048806,0.978210,1841
225.8040,inicio,True,108.7816,33.322,5.862,15.809,True,320,240,0,False,60.00,0.1000,-0.054579,-0.008593,0.294973,0.194271,-0.055366,0.047841,0.978215,1842
225.9374,inicio,True,108.9149,33.322,2.807,11.455,True,320,240,0,False,60.00,0.1000,-0.051871,-0.011598,0.300215,0.190248,-0.058551,0.048742,0.978776,1843
226.0706,inicio,True,109.0481,33.322,6.113,13.565,True,320,240,0,False,60.00,0.1000,-0.047816,-0.020664,0.310241,0.194290,-0.053421,0.046071,0.978404,1844
226.2031,inicio,True,109.1814,33.322,5.673,14.469,True,320,240,0,False,60.00,0.1000,-0.031827,-0.030937,0.327642,0.210280,-0.043770,0.048091,0.975476,1845
226.3364,inicio,True,109.3147,33.322,5.262,12.169,True,320,240,0,False,60.00,0.1000,-0.019902,-0.035650,0.340688,0.211577,-0.030156,0.049006,0.975666,1846
226.4697,inicio,True,109.4480,33.322,4.894,14.402,True,320,240,0,False,60.00,0.1000,0.004264,-0.049854,0.365738,0.213341,0.001566,0.045407,0.975921,1847
226.5707,inicio,True,109.5480,33.322,5.023,12.292,True,320,240,0,False,60.00,0.1000,0.036362,-0.067546,0.392121,0.219652,0.031181,0.038097,0.974335,1848
226.7031,inicio,True,109.6818,33.348,2.558,14.731,True,320,240,0,False,60.00,0.1000,0.054606,-0.073466,0.404772,0.227500,0.053550,0.036041,0.971637,1849
226.8033,inicio,True,109.7814,33.327,4.583,15.672,True,320,240,0,False,60.00,0.1000,0.061788,-0.090237,0.420379,0.241153,0.078543,0.030027,0.966837,1851
226.9037,inicio,True,109.8813,33.326,4.583,15.672,True,320,240,0,False,60.00,0.1000,0.061788,-0.090237,0.420379,0.241153,0.078543,0.030027,0.966837,1851
227.0359,inicio,True,110.0145,33.320,2.616,9.206,True,320,240,0,False,60.00,0.1000,0.059162,-0.089474,0.423826,0.234858,0.079387,0.028436,0.968365,1852
227.1362,inicio,True,110.1144,33.317,2.305,12.759,True,320,240,0,False,60.00,0.1000,0.048749,-0.097288,0.425637,0.248039,0.060127,0.028115,0.966473,1853
227.2371,inicio,True,110.2143,33.317,4.731,11.593,True,320,240,0,False,60.00,0.1000,0.049777,-0.103093,0.429843,0.254271,0.063538,0.025655,0.964703,1854
227.3693,inicio,True,110.3477,33.321,6.944,6.842,True,320,240,0,False,60.00,0.1000,0.043068,-0.109679,0.436843,0.255490,0.059744,0.024320,0.964658,1855
227.5025,inicio,True,110.4810,33.321,6.185,10.223,True,320,240,0,False,60.00,0.1000,0.040640,-0.113369,0.442264,0.247636,0.040072,0.025545,0.967687,1856
227.6032,inicio,True,110.5810,33.323,4.829,12.304,True,320,240,0,False,60.00,0.1000,0.039167,-0.112201,0.442816,0.249960,0.044090,0.020557,0.967033,1857
227.7359,inicio,True,110.7143,33.322,4.141,9.528,True,320,240,0,False,60.00,0.1000,0.035173,-0.111344,0.439768,0.255555,0.048220,0.021510,0.965352,1858
227.8363,inicio,True,110.8142,33.323,4.141,9.528,True,320,240,0,False,60.00,0.1000,0.035173,-0.111344,0.439768,0.255555,0.048220,0.021510,0.965352,1858
227.9691,inicio,True,110.9475,33.322,5.333,9.970,True,320,240,0,False,60.00,0.1000,0.030804,-0.113929,0.436178,0.268235,0.046705,0.019953,0.962014,1859
228.0695,inicio,True,111.0475,33.322,2.521,8.995,True,320,240,0,False,60.00,0.1000,0.022974,-0.123905,0.433481,0.286549,0.037504,0.021806,0.957083,1861
228.2025,inicio,True,111.1808,33.323,2.650,10.699,True,320,240,0,False,60.00,0.1000,0.022662,-0.122955,0.436074,0.273513,0.033849,0.021331,0.961036,1862
228.3365,inicio,True,111.3141,33.324,4.871,8.992,True,320,240,0,False,60.00,0.1000,-0.002203,-0.123989,0.430762,0.253942,0.022569,0.026118,0.966603,1864
228.4367,inicio,True,111.4140,33.322,4.871,8.992,True,320,240,0,False,60.00,0.1000,-0.002203,-0.123989,0.430762,0.253942,0.022569,0.026118,0.966603,1864
228.5689,inicio,True,111.5473,33.322,5.606,8.361,True,320,240,0,False,60.00,0.1000,-0.011436,-0.120285,0.422870,0.287801,0.009174,0.025482,0.957307,1866
228.7055,inicio,True,111.6806,33.323,4.598,14.142,True,320,240,0,False,60.00,0.1000,-0.016242,-0.102547,0.423665,0.277446,-0.003137,0.025183,0.960406,1867
228.8356,inicio,True,111.8141,33.329,5.150,9.914,True,320,240,0,False,60.00,0.1000,-0.014519,-0.095636,0.426465,0.266730,-0.003818,0.022524,0.963501,1868
228.9364,inicio,True,111.9140,33.327,2.743,7.604,True,320,240,0,False,60.00,0.1000,-0.015075,-0.083742,0.429471,0.241637,0.000222,0.020339,0.970153,1870
229.0696,inicio,True,112.0472,33.323,5.114,8.452,True,320,240,0,False,60.00,0.1000,-0.022048,-0.079778,0.425045,0.241969,-0.013858,0.018600,0.970007,1871
229.2021,inicio,True,112.1804,33.318,5.511,13.243,True,320,240,0,False,60.00,0.1000,-0.022833,-0.078685,0.425997,0.230930,-0.010878,0.016739,0.972766,1872
229.3356,inicio,True,112.3137,33.317,5.597,11.241,True,320,240,0,False,60.00,0.1000,-0.028074,-0.077518,0.424774,0.233526,-0.018193,0.018496,0.972004,1874
229.4687,inicio,True,112.4470,33.319,4.682,9.767,True,320,240,0,False,60.00,0.1000,-0.029595,-0.072837,0.423840,0.244620,-0.019119,0.018936,0.969246,1875
229.5688,inicio,True,112.5470,33.322,4.682,9.767,True,320,240,0,False,60.00,0.1000,-0.029595,-0.072837,0.423840,0.244620,-0.019119,0.018936,0.969246,1875
229.6689,inicio,True,112.6470,33.322,5.004,12.151,True,320,240,0,False,60.00,0.1000,-0.033393,-0.065926,0.422642,0.221896,-0.028819,0.015832,0.974516,1876
229.8025,inicio,True,112.7803,33.322,2.507,8.983,True,320,240,0,False,60.00,0.1000,-0.028256,-0.062917,0.424709,0.223953,-0.014544,0.016145,0.974358,1877
229.9354,inicio,True,112.9136,33.322,5.187,10.925,True,320,240,0,False,60.00,0.1000,-0.026551,-0.061805,0.429332,0.221578,-0.017981,0.014278,0.974872,1878
230.0354,inicio,True,113.0135,33.322,5.330,11.424,True,320,240,0,False,60.00,0.1000,-0.028353,-0.061246,0.431798,0.223204,-0.004973,0.013545,0.974665,1879
230.1684,inicio,True,113.1468,33.321,2.545,14.093,True,320,240,0,False,60.00,0.1000,-0.032590,-0.059129,0.433705,0.223704,-0.014304,0.014423,0.974446,1880
230.2690,inicio,True,113.2468,33.323,2.529,7.874,True,320,240,0,False,60.00,0.1000,-0.036044,-0.058616,0.435122,0.215914,-0.039780,0.010643,0.975544,1881
230.4022,inicio,True,113.3801,33.322,2.701,7.536,True,320,240,0,False,60.00,0.1000,-0.031267,-0.059139,0.440996,0.218209,-0.029436,0.013109,0.975370,1883
230.5024,inicio,True,113.4801,33.324,2.701,7.536,True,320,240,0,False,60.00,0.1000,-0.031267,-0.059139,0.440996,0.218209,-0.029436,0.013109,0.975370,1883
230.6348,inicio,True,113.6133,33.322,5.257,9.088,True,320,240,0,False,60.00,0.1000,-0.032511,-0.057738,0.434717,0.220305,-0.019856,0.010993,0.975167,1885
230.7685,inicio,True,113.7466,33.322,5.328,9.785,True,320,240,0,False,60.00,0.1000,-0.031338,-0.057575,0.430749,0.222812,-0.020410,0.010749,0.974589,1886
230.9015,inicio,True,113.8799,33.323,4.802,12.141,True,320,240,0,False,60.00,0.1000,-0.031900,-0.056232,0.423404,0.222320,-0.021300,0.012192,0.974665,1888
231.0017,inicio,True,113.9799,33.322,6.601,10.241,True,320,240,0,False,60.00,0.1000,-0.034697,-0.053663,0.420047,0.214879,-0.044503,0.008511,0.975589,1889
231.1017,inicio,True,114.0798,33.323,6.601,10.241,True,320,240,0,False,60.00,0.1000,-0.034697,-0.053663,0.420047,0.214879,-0.044503,0.008511,0.975589,1889
231.2351,inicio,True,114.2132,33.327,5.559,9.366,True,320,240,0,False,60.00,0.1000,-0.032340,-0.053948,0.415380,0.218280,-0.032505,0.012761,0.975261,1890
231.3681,inicio,True,114.3465,33.323,5.391,10.522,True,320,240,0,False,60.00,0.1000,-0.033694,-0.055652,0.412865,0.223511,-0.032769,0.013283,0.974060,1891
231.4689,inicio,True,114.3797,33.322,5.721,10.745,True,320,240,0,False,60.00,0.1000,-0.036232,-0.059637,0.421010,0.217899,-0.028852,0.017465,0.975388,1893
231.6013,inicio,True,114.5130,33.322,5.352,11.358,True,320,240,0,False,60.00,0.1000,-0.040575,-0.062640,0.424747,0.211594,-0.019516,0.018747,0.976983,1894
231.7351,inicio,True,114.6463,33.321,5.395,12.678,True,320,240,0,False,60.00,0.1000,-0.030417,-0.065228,0.426829,0.220411,-0.017751,0.023984,0.974951,1896
231.8683,inicio,True,114.7796,33.320,5.584,10.704,True,320,240,0,False,60.00,0.1000,-0.033265,-0.063472,0.421168,0.232908,-0.025629,0.020189,0.971951,1897
232.0014,inicio,True,114.9131,33.330,5.228,9.475,True,320,240,0,False,60.00,0.1000,-0.030858,-0.060470,0.419874,0.226037,-0.020416,0.020593,0.973687,1898
232.1016,inicio,True,115.0129,33.323,5.228,9.475,True,320,240,0,False,60.00,0.1000,-0.030858,-0.060470,0.419874,0.226037,-0.020416,0.020593,0.973687,1898
232.2345,inicio,True,115.1462,33.323,5.116,13.278,True,320,240,0,False,60.00,0.1000,-0.032572,-0.061638,0.417980,0.224425,-0.023107,0.020058,0.974011,1899
232.3346,inicio,True,115.2461,33.321,5.752,9.485,True,320,240,0,False,60.00,0.1000,-0.027839,-0.061100,0.419851,0.221723,-0.016141,0.018605,0.974799,1900
232.4683,inicio,True,115.3794,33.320,5.343,8.710,True,320,240,0,False,60.00,0.1000,-0.032067,-0.056973,0.416106,0.223267,-0.024849,0.018601,0.974263,1902
232.5684,inicio,True,115.4794,33.321,5.343,8.710,True,320,240,0,False,60.00,0.1000,-0.032067,-0.056973,0.416106,0.223267,-0.024849,0.018601,0.974263,1902
232.7011,inicio,True,115.6127,33.323,5.628,12.795,True,320,240,0,False,60.00,0.1000,-0.040622,-0.054535,0.413477,0.215372,-0.022547,0.020714,0.976052,1904
232.8017,inicio,True,115.7126,33.323,5.554,10.833,True,320,240,0,False,60.00,0.1000,-0.042766,-0.052272,0.409415,0.221837,-0.034385,0.021547,0.974239,1905
232.9341,inicio,True,115.8459,33.322,2.812,12.061,True,320,240,0,False,60.00,0.1000,-0.042273,-0.052259,0.411301,0.212458,-0.033822,0.021280,0.976353,1906
233.0675,inicio,True,115.9792,33.321,4.187,12.965,True,320,240,0,False,60.00,0.1000,-0.036921,-0.051506,0.411463,0.214322,-0.038943,0.018076,0.975819,1907
233.2014,inicio,True,116.1125,33.322,5.282,9.711,True,320,240,0,False,60.00,0.1000,-0.032855,-0.052740,0.406414,0.226356,-0.032446,0.016181,0.973370,1909
233.3342,inicio,True,116.2458,33.321,4.755,11.475,True,320,240,0,False,60.00,0.1000,-0.033704,-0.053099,0.403218,0.224226,-0.046084,0.012929,0.973361,1910
233.4677,inicio,True,116.3791,33.321,5.505,10.149,True,320,240,0,False,60.00,0.1000,-0.034109,-0.054094,0.399452,0.225559,-0.030596,0.015557,0.973625,1911
233.5680,inicio,True,116.4791,33.322,5.505,10.149,True,320,240,0,False,60.00,0.1000,-0.034109,-0.054094,0.399452,0.225559,-0.030596,0.015557,0.973625,1911
233.6690,inicio,True,116.5790,33.323,5.215,9.900,True,320,240,0,False,60.00,0.1000,-0.034876,-0.053424,0.404263,0.224284,-0.031754,0.013908,0.973907,1913
233.8023,inicio,True,116.7123,33.322,5.670,14.601,True,320,240,0,False,60.00,0.1000,-0.035908,-0.052800,0.406808,0.224563,-0.035353,0.013894,0.973719,1914
233.9339,inicio,True,116.8456,33.323,4.839,12.255,True,320,240,0,False,60.00,0.1000,-0.038055,-0.052935,0.409112,0.226405,-0.037282,0.012715,0.973237,1915
234.0345,inicio,True,116.9456,33.323,5.646,9.693,True,320,240,0,False,60.00,0.1000,-0.039148,-0.052989,0.409689,0.222945,-0.044104,0.013276,0.973743,1916
234.1678,inicio,True,117.0788,33.321,4.901,11.513,True,320,240,0,False,60.00,0.1000,-0.037925,-0.053431,0.413650,0.223407,-0.043520,0.012214,0.973677,1917
234.3007,inicio,True,117.2121,33.320,5.397,14.863,True,320,240,0,False,60.00,0.1000,-0.038292,-0.053392,0.415620,0.225472,-0.040725,0.013861,0.973300,1919
234.4338,inicio,True,117.3454,33.320,5.490,11.145,True,320,240,0,False,60.00,0.1000,-0.038548,-0.051385,0.416480,0.228750,-0.037339,0.014371,0.972663,1920
234.5341,inicio,True,117.4455,33.325,5.557,11.025,True,320,240,0,False,60.00,0.1000,-0.039955,-0.043819,0.414110,0.228183,-0.033172,0.012081,0.972978,1921
234.6673,inicio,True,117.5787,33.322,5.567,10.482,True,320,240,0,False,60.00,0.1000,-0.044496,-0.037033,0.408767,0.214669,-0.038721,0.008638,0.975881,1922
234.8008,inicio,True,117.7120,33.322,4.784,9.868,True,320,240,0,False,60.00,0.1000,-0.043047,-0.038593,0.408039,0.210191,-0.039769,0.016128,0.976718,1924
234.9336,inicio,True,117.8453,33.321,6.037,10.909,True,320,240,0,False,60.00,0.1000,-0.036987,-0.037136,0.405392,0.214477,-0.042369,0.015098,0.975693,1925
235.0669,inicio,True,117.9786,33.323,5.060,9.739,True,320,240,0,False,60.00,0.1000,-0.034611,-0.035890,0.404179,0.215708,-0.027094,0.014429,0.975975,1926
235.1675,inicio,True,118.0785,33.322,6.154,9.619,True,320,240,0,False,60.00,0.1000,-0.037590,-0.035793,0.401630,0.220947,-0.033681,0.015179,0.974586,1927
235.3003,inicio,True,118.2118,33.322,5.550,11.658,True,320,240,0,False,60.00,0.1000,-0.034506,-0.032487,0.401849,0.219649,-0.037804,0.011238,0.974782,1928
235.4336,inicio,True,118.3451,33.322,6.231,12.701,True,320,240,0,False,60.00,0.1000,-0.034163,-0.034230,0.400497,0.221467,-0.029953,0.011772,0.974637,1929
235.5667,inicio,True,118.4784,33.322,5.147,12.785,True,320,240,0,False,60.00,0.1000,-0.032832,-0.027859,0.399586,0.219613,-0.035116,0.017514,0.974798,1930
235.7000,inicio,True,118.6117,33.323,4.919,10.701,True,320,240,0,False,60.00,0.1000,-0.027150,-0.026656,0.402740,0.201698,-0.035822,0.023963,0.978499,1931
235.8001,inicio,True,118.7117,33.323,5.004,10.761,True,320,240,0,False,60.00,0.1000,-0.018983,-0.032740,0.407543,0.220328,-0.011317,0.027544,0.974971,1933
235.9338,inicio,True,118.8449,33.322,4.953,14.547,True,320,240,0,False,60.00,0.1000,-0.016506,-0.044289,0.411791,0.230982,-0.016006,0.024053,0.972529,1934
236.0669,inicio,True,118.9782,33.323,5.257,13.293,True,320,240,0,False,60.00,0.1000,-0.001840,-0.059096,0.417611,0.236850,-0.005911,0.013634,0.971433,1935
236.1674,inicio,True,119.0782,33.322,5.257,13.293,True,320,240,0,False,60.00,0.1000,-0.001840,-0.059096,0.417611,0.236850,-0.005911,0.013634,0.971433,1935
236.3005,inicio,True,119.2115,33.322,2.563,13.598,True,320,240,0,False,60.00,0.1000,0.007799,-0.068183,0.414123,0.262077,0.009925,0.002622,0.964993,1936
236.4329,inicio,True,119.3448,33.322,5.465,9.949,True,320,240,0,False,60.00,0.1000,-0.003117,-0.061555,0.416257,0.253975,0.001765,0.007035,0.967184,1937
236.5331,inicio,True,119.4447,33.322,2.459,7.798,True,320,240,0,False,60.00,0.1000,-0.011501,-0.052662,0.416824,0.252934,-0.008623,0.016513,0.967304,1939
236.6333,inicio,True,119.5447,33.322,2.355,10.867,True,320,240,0,False,60.00,0.1000,-0.011731,-0.048618,0.415997,0.241687,-0.006000,0.018355,0.970162,1940
236.7665,inicio,True,119.6780,33.323,6.308,11.171,True,320,240,0,False,60.00,0.1000,-0.020303,-0.046346,0.416915,0.230001,-0.006969,0.022648,0.972902,1941
236.8669,inicio,True,119.7780,33.323,5.451,9.641,True,320,240,0,False,60.00,0.1000,-0.029066,-0.049306,0.413053,0.243015,-0.026248,0.025119,0.969342,1943
237.0005,inicio,True,119.9113,33.325,2.786,11.332,True,320,240,0,False,60.00,0.1000,-0.027644,-0.048579,0.411856,0.243885,-0.016183,0.025518,0.969334,1944
237.1328,inicio,True,120.0446,33.322,4.974,12.419,True,320,240,0,False,60.00,0.1000,-0.026038,-0.047757,0.412333,0.248216,-0.015064,0.025124,0.968262,1945
237.2666,inicio,True,120.1778,33.321,5.315,11.890,True,320,240,0,False,60.00,0.1000,-0.026532,-0.048371,0.413248,0.246632,-0.019172,0.024565,0.968608,1946
237.3995,inicio,True,120.3111,33.322,5.354,10.782,True,320,240,0,False,60.00,0.1000,-0.023753,-0.047758,0.414217,0.250349,-0.016061,0.023113,0.967746,1947
237.5007,inicio,True,120.4111,33.321,5.467,15.861,True,320,240,0,False,60.00,0.1000,-0.024519,-0.049100,0.419295,0.253728,-0.022666,0.020043,0.966802,1948
237.6325,inicio,True,120.5444,33.324,6.129,10.209,True,320,240,0,False,60.00,0.1000,-0.026321,-0.050085,0.419837,0.254479,-0.017626,0.019114,0.966729,1949
237.7661,inicio,True,120.6777,33.324,4.787,9.886,True,320,240,0,False,60.00,0.1000,-0.030132,-0.049463,0.418444,0.259502,-0.026139,0.023077,0.965113,1950
237.8994,inicio,True,120.8110,33.323,5.580,12.398,True,320,240,0,False,60.00,0.1000,-0.030717,-0.046905,0.418573,0.261163,-0.028559,0.023285,0.964591,1951
238.0325,inicio,True,120.9443,33.322,6.787,11.630,True,320,240,0,False,60.00,0.1000,-0.027799,-0.042850,0.418892,0.251388,-0.023138,0.022406,0.967350,1952
238.1327,inicio,True,121.0442,33.322,6.346,10.502,True,320,240,0,False,60.00,0.1000,-0.028544,-0.037803,0.419121,0.245055,-0.021597,0.022575,0.969006,1954
238.2659,inicio,True,121.1775,33.322,6.691,11.197,True,320,240,0,False,60.00,0.1000,-0.028083,-0.036411,0.418655,0.242434,-0.025105,0.021934,0.969595,1955
238.3993,inicio,True,121.3108,33.322,6.204,11.487,True,320,240,0,False,60.00,0.1000,-0.025729,-0.035431,0.419461,0.241203,-0.023699,0.020807,0.969962,1956
238.5326,inicio,True,121.4441,33.322,2.360,14.444,True,320,240,0,False,60.00,0.1000,-0.026630,-0.032866,0.418314,0.240964,-0.024216,0.019944,0.970027,1957
238.6657,inicio,True,121.5774,33.321,4.867,10.517,True,320,240,0,False,60.00,0.1000,-0.026894,-0.032066,0.418059,0.241804,-0.018859,0.022091,0.969890,1958
238.7989,inicio,True,121.7107,33.323,5.351,11.550,True,320,240,0,False,60.00,0.1000,-0.029071,-0.030007,0.417024,0.239345,-0.025518,0.023249,0.970321,1959
238.8991,inicio,True,121.8106,33.322,7.305,12.808,True,320,240,0,False,60.00,0.1000,-0.026685,-0.030092,0.418325,0.236742,-0.019185,0.022083,0.971132,1960
238.9993,inicio,True,121.9106,33.323,2.333,13.430,True,320,240,0,False,60.00,0.1000,-0.024979,-0.030419,0.418052,0.239741,-0.019402,0.020686,0.970423,1962
239.1321,inicio,True,122.0439,33.322,6.702,7.809,True,320,240,0,False,60.00,0.1000,-0.026705,-0.029181,0.419079,0.234816,-0.021165,0.019854,0.971607,1963
239.2661,inicio,True,122.1772,33.323,4.990,12.648,True,320,240,0,False,60.00,0.1000,-0.029987,-0.030407,0.418812,0.236220,-0.020050,0.020414,0.971278,1965
239.3988,inicio,True,122.3105,33.323,3.841,14.055,True,320,240,0,False,60.00,0.1000,-0.031633,-0.030134,0.419703,0.237525,-0.024405,0.019792,0.970873,1966
239.5324,inicio,True,122.4438,33.322,5.823,15.800,True,320,240,0,False,60.00,0.1000,-0.031869,-0.029922,0.420474,0.236543,-0.027845,0.018769,0.971041,1968
239.6653,inicio,True,122.5771,33.322,6.089,11.490,True,320,240,0,False,60.00,0.1000,-0.028039,-0.031788,0.422631,0.236350,-0.029256,0.017129,0.971076,1969
239.7985,inicio,True,122.7104,33.322,2.336,9.859,True,320,240,0,False,60.00,0.1000,-0.026438,-0.032234,0.423648,0.238589,-0.020649,0.018409,0.970727,1970
239.9321,inicio,True,122.8437,33.327,5.398,15.650,True,320,240,0,False,60.00,0.1000,-0.027401,-0.031979,0.421814,0.239523,-0.020050,0.018615,0.970505,1971
240.0326,inicio,True,122.9436,33.323,4.785,14.579,True,320,240,0,False,60.00,0.1000,-0.026571,-0.032096,0.420587,0.238718,-0.022764,0.019156,0.970633,1972
240.1658,inicio,True,123.0769,33.322,5.557,14.374,True,320,240,0,False,60.00,0.1000,-0.026459,-0.032450,0.418224,0.239770,-0.021808,0.018051,0.970417,1973
240.2988,inicio,True,123.2102,33.323,5.076,13.331,True,320,240,0,False,60.00,0.1000,-0.025727,-0.032529,0.423101,0.236346,-0.020238,0.018641,0.971279,1974
240.4321,inicio,True,123.3435,33.321,2.545,15.648,True,320,240,0,False,60.00,0.1000,-0.023625,-0.032822,0.424485,0.239087,-0.020664,0.017368,0.970623,1975
240.5326,inicio,True,123.4434,33.321,5.716,11.771,True,320,240,0,False,60.00,0.1000,-0.023565,-0.032356,0.427694,0.236889,-0.018744,0.018550,0.971179,1977
240.6653,inicio,True,123.5767,33.322,6.890,13.079,True,320,240,0,False,60.00,0.1000,-0.025235,-0.032616,0.429350,0.239243,-0.017650,0.017542,0.970641,1978
240.7983,inicio,True,123.7100,33.322,5.998,11.329,True,320,240,0,False,60.00,0.1000,-0.025884,-0.031513,0.425535,0.236449,-0.024928,0.017821,0.971161,1979
240.8986,inicio,True,123.8100,33.322,5.998,11.329,True,320,240,0,False,60.00,0.1000,-0.025884,-0.031513,0.425535,0.236449,-0.024928,0.017821,0.971161,1979
241.0316,inicio,True,123.9433,33.322,5.431,16.393,True,320,240,0,False,60.00,0.1000,-0.025768,-0.032090,0.425311,0.240035,-0.018736,0.018537,0.970406,1980
241.1321,inicio,True,124.0434,33.329,5.509,12.815,True,320,240,0,False,60.00,0.1000,-0.025512,-0.031541,0.425224,0.237635,-0.022288,0.017220,0.970946,1982
241.2650,inicio,True,124.1766,33.323,5.377,14.025,True,320,240,0,False,60.00,0.1000,-0.025999,-0.032234,0.425802,0.240591,-0.023343,0.018806,0.970164,1983
241.3982,inicio,True,124.3099,33.323,2.593,9.285,True,320,240,0,False,60.00,0.1000,-0.025152,-0.032413,0.426619,0.238850,-0.019554,0.019010,0.970674,1984
241.5321,inicio,True,124.4431,33.322,5.116,10.732,True,320,240,0,False,60.00,0.1000,-0.024884,-0.032837,0.426540,0.240543,-0.024117,0.018159,0.970169,1986
241.6647,inicio,True,124.5764,33.322,5.535,15.313,True,320,240,0,False,60.00,0.1000,-0.025175,-0.030410,0.425471,0.238752,-0.020678,0.020010,0.970654,1987
241.7983,inicio,True,124.7097,33.322,5.246,12.099,True,320,240,0,False,60.00,0.1000,-0.022891,-0.031240,0.426318,0.239163,-0.022187,0.018170,0.970556,1988
241.9315,inicio,True,124.8430,33.322,5.515,12.795,True,320,240,0,False,60.00,0.1000,-0.023254,-0.031448,0.426489,0.240517,-0.020774,0.019790,0.970221,1989
242.0650,inicio,True,124.9763,33.322,5.059,16.745,True,320,240,0,False,60.00,0.1000,-0.023531,-0.029916,0.425623,0.236252,-0.018123,0.019603,0.971325,1990
242.1986,inicio,True,125.1096,33.323,5.581,14.271,True,320,240,0,False,60.00,0.1000,-0.024008,-0.030272,0.425561,0.239327,-0.017735,0.019951,0.970572,1991
242.3316,inicio,True,125.2429,33.323,5.114,12.265,True,320,240,0,False,60.00,0.1000,-0.025470,-0.029681,0.426236,0.235918,-0.022049,0.019748,0.971322,1992
242.4646,inicio,True,125.3762,33.323,5.229,15.437,True,320,240,0,False,60.00,0.1000,-0.025403,-0.029591,0.426563,0.237537,-0.022524,0.020139,0.970909,1993
242.5652,inicio,True,125.4761,33.323,5.229,15.437,True,320,240,0,False,60.00,0.1000,-0.025403,-0.029591,0.426563,0.237537,-0.022524,0.020139,0.970909,1993
242.6980,inicio,True,125.6094,33.322,5.156,14.921,True,320,240,0,False,60.00,0.1000,-0.025351,-0.028866,0.427003,0.236629,-0.028039,0.018610,0.971017,1994
242.8310,inicio,True,125.7427,33.323,5.164,12.113,True,320,240,0,False,60.00,0.1000,-0.025972,-0.028963,0.426129,0.238800,-0.022888,0.018296,0.970627,1996
242.9311,inicio,True,125.8427,33.322,5.024,17.209,True,320,240,0,False,60.00,0.1000,-0.027456,-0.028983,0.425900,0.236612,-0.024986,0.018934,0.971098,1997
243.0312,inicio,True,125.9427,33.324,5.024,17.209,True,320,240,0,False,60.00,0.1000,-0.027456,-0.028983,0.425900,0.236612,-0.024986,0.018934,0.971098,1997
243.1651,inicio,True,126.0759,33.323,2.644,10.720,True,320,240,0,False,60.00,0.1000,-0.027380,-0.030253,0.425388,0.239304,-0.022118,0.019981,0.970487,1998
243.2975,inicio,True,126.2092,33.322,5.062,11.039,True,320,240,0,False,60.00,0.1000,-0.027971,-0.030498,0.424959,0.240784,-0.024373,0.019470,0.970077,1999
243.3978,inicio,True,126.3093,33.326,5.013,10.474,True,320,240,0,False,60.00,0.1000,-0.026172,-0.030349,0.425718,0.240644,-0.020724,0.020215,0.970182,2001
243.4979,inicio,True,126.4092,33.322,5.013,10.474,True,320,240,0,False,60.00,0.1000,-0.026172,-0.030349,0.425718,0.240644,-0.020724,0.020215,0.970182,2001
243.5980,inicio,True,126.5092,33.323,5.208,11.527,True,320,240,0,False,60.00,0.1000,-0.027486,-0.029043,0.424704,0.239256,-0.027876,0.019296,0.970365,2003
243.7310,inicio,True,126.6424,33.322,5.181,13.903,True,320,240,0,False,60.00,0.1000,-0.027203,-0.028837,0.425276,0.236891,-0.029502,0.020028,0.970882,2004
243.8643,inicio,True,126.7757,33.321,3.082,11.719,True,320,240,0,False,60.00,0.1000,-0.026345,-0.028812,0.425170,0.239795,-0.024530,0.019764,0.970312,2005
243.9972,inicio,True,126.9090,33.321,5.746,15.481,True,320,240,0,False,60.00,0.1000,-0.024672,-0.028320,0.426163,0.236464,-0.022019,0.020052,0.971184,2006
244.1306,inicio,True,127.0423,33.321,5.297,15.365,True,320,240,0,False,60.00,0.1000,-0.023695,-0.028756,0.426378,0.238209,-0.023173,0.018510,0.970761,2007
244.2641,inicio,True,127.1756,33.324,5.475,10.892,True,320,240,0,False,60.00,0.1000,-0.025104,-0.029315,0.427456,0.238230,-0.020951,0.019199,0.970793,2009
244.3643,inicio,True,127.2756,33.323,5.085,12.426,True,320,240,0,False,60.00,0.1000,-0.024931,-0.029713,0.427033,0.239885,-0.017957,0.020097,0.970427,2010
244.4971,inicio,True,127.4089,33.325,6.165,12.525,True,320,240,0,False,60.00,0.1000,-0.025257,-0.029861,0.427000,0.238871,-0.017751,0.019511,0.970693,2011
244.5973,inicio,True,127.5088,33.322,2.935,13.789,True,320,240,0,False,60.00,0.1000,-0.024932,-0.029147,0.426595,0.238221,-0.022062,0.019120,0.970772,2013
244.7307,inicio,True,127.6421,33.321,2.515,12.630,True,320,240,0,False,60.00,0.1000,-0.025046,-0.029429,0.426255,0.238631,-0.021153,0.019442,0.970685,2014
244.8635,inicio,True,127.7754,33.323,5.248,14.015,True,320,240,0,False,60.00,0.1000,-0.024759,-0.029173,0.426288,0.239520,-0.023025,0.019281,0.970427,2015
244.9637,inicio,True,127.8753,33.322,5.592,14.162,True,320,240,0,False,60.00,0.1000,-0.024363,-0.028956,0.426159,0.239672,-0.021202,0.019555,0.970425,2016
245.0968,inicio,True,128.0086,33.322,6.650,12.904,True,320,240,0,False,60.00,0.1000,-0.023811,-0.029575,0.426039,0.239885,-0.014635,0.020282,0.970479,2017
245.1969,inicio,True,128.1086,33.323,4.676,14.607,True,320,240,0,False,60.00,0.1000,-0.024242,-0.029513,0.426675,0.239400,-0.019330,0.020168,0.970519,2018
245.2970,inicio,True,128.2086,33.322,4.676,14.607,True,320,240,0,False,60.00,0.1000,-0.024242,-0.029513,0.426675,0.239400,-0.019330,0.020168,0.970519,2018
245.3976,inicio,True,128.3085,33.322,5.008,12.359,True,320,240,0,False,60.00,0.1000,-0.023407,-0.028881,0.426189,0.237720,-0.022825,0.019437,0.970871,2020
245.5301,inicio,True,128.4418,33.322,6.139,12.828,True,320,240,0,False,60.00,0.1000,-0.022759,-0.029583,0.426579,0.239047,-0.015591,0.019587,0.970685,2021
245.6641,inicio,True,128.5751,33.322,5.442,18.057,True,320,240,0,False,60.00,0.1000,-0.023045,-0.029704,0.426286,0.241004,-0.015476,0.020575,0.970183,2023
245.7969,inicio,True,128.7084,33.322,6.312,12.976,True,320,240,0,False,60.00,0.1000,-0.021830,-0.028436,0.425853,0.238102,-0.021853,0.018587,0.970817,2024
245.8976,inicio,True,128.8084,33.322,6.312,12.976,True,320,240,0,False,60.00,0.1000,-0.021830,-0.028436,0.425853,0.238102,-0.021853,0.018587,0.970817,2024
246.0300,inicio,True,128.9417,33.322,5.077,18.770,True,320,240,0,False,60.00,0.1000,-0.021799,-0.028410,0.425834,0.238286,-0.019331,0.018662,0.970823,2025
246.1300,inicio,True,129.0416,33.322,4.886,12.228,True,320,240,0,False,60.00,0.1000,-0.021606,-0.029444,0.426491,0.239495,-0.017132,0.019555,0.970550,2026
246.2301,inicio,True,129.1416,33.322,5.294,12.929,True,320,240,0,False,60.00,0.1000,-0.020664,-0.029989,0.427419,0.239082,-0.010704,0.019324,0.970748,2027
246.3303,inicio,True,129.2416,33.322,5.739,11.814,True,320,240,0,False,60.00,0.1000,-0.021275,-0.029470,0.427492,0.242543,-0.014985,0.020135,0.969816,2028
246.4630,inicio,True,129.3749,33.323,6.382,12.880,True,320,240,0,False,60.00,0.1000,-0.021043,-0.028547,0.427132,0.236402,-0.019477,0.018729,0.971280,2029
246.5631,inicio,True,129.4748,33.323,5.354,13.573,True,320,240,0,False,60.00,0.1000,-0.022311,-0.028021,0.426929,0.238586,-0.015787,0.020194,0.970783,2030
246.6631,inicio,True,129.5748,33.322,2.364,11.262,True,320,240,0,False,60.00,0.1000,-0.021239,-0.027190,0.426113,0.238540,-0.019614,0.020214,0.970724,2031
246.7638,inicio,True,129.6748,33.324,5.739,13.344,True,320,240,0,False,60.00,0.1000,-0.022533,-0.026242,0.425172,0.238744,-0.017987,0.019300,0.970724,2032
246.8962,inicio,True,129.8081,33.325,5.245,16.128,True,320,240,0,False,60.00,0.1000,-0.022282,-0.026496,0.425638,0.237569,-0.020255,0.018181,0.970989,2033
246.9963,inicio,True,129.9080,33.323,5.222,15.479,True,320,240,0,False,60.00,0.1000,-0.021713,-0.026371,0.425805,0.237024,-0.020967,0.018818,0.971095,2034
247.0965,inicio,True,130.0080,33.323,5.222,15.479,True,320,240,0,False,60.00,0.1000,-0.021713,-0.026371,0.425805,0.237024,-0.020967,0.018818,0.971095,2034
247.2299,inicio,True,130.1413,33.323,5.276,15.306,True,320,240,0,False,60.00,0.1000,-0.021581,-0.026214,0.426144,0.236178,-0.018656,0.018501,0.971354,2035
247.3632,inicio,True,130.2746,33.321,5.051,15.793,True,320,240,0,False,60.00,0.1000,-0.021551,-0.025970,0.426027,0.235470,-0.013388,0.018211,0.971619,2036
247.4962,inicio,True,130.4079,33.324,4.885,15.349,True,320,240,0,False,60.00,0.1000,-0.020670,-0.026060,0.426382,0.236626,-0.015455,0.018578,0.971300,2037
247.5963,inicio,True,130.5078,33.321,5.978,18.769,True,320,240,0,False,60.00,0.1000,-0.020091,-0.025399,0.425352,0.238336,-0.010734,0.018875,0.970940,2038
247.7296,inicio,True,130.6411,33.323,6.043,16.364,True,320,240,0,False,60.00,0.1000,-0.019815,-0.025677,0.425603,0.238392,-0.014918,0.018793,0.970873,2039
247.8632,inicio,True,130.7744,33.321,4.756,15.389,True,320,240,0,False,60.00,0.1000,-0.018499,-0.024878,0.425673,0.241271,-0.012867,0.017951,0.970206,2040
247.9966,inicio,True,130.9077,33.323,6.948,17.937,True,320,240,0,False,60.00,0.1000,-0.019904,-0.024404,0.425015,0.237210,-0.019828,0.017435,0.971100,2041
248.1294,inicio,True,131.0410,33.323,2.609,14.802,True,320,240,0,False,60.00,0.1000,-0.019119,-0.024321,0.425556,0.236383,-0.017129,0.017805,0.971346,2042
248.2295,inicio,True,131.1410,33.323,5.354,15.523,True,320,240,0,False,60.00,0.1000,-0.019682,-0.024319,0.425398,0.234943,-0.016268,0.018306,0.971701,2043
248.3296,inicio,True,131.2410,33.324,5.694,12.465,True,320,240,0,False,60.00,0.1000,-0.019349,-0.024742,0.425912,0.237476,-0.017389,0.018795,0.971056,2044
248.4623,inicio,True,131.3743,33.324,5.329,11.376,True,320,240,0,False,60.00,0.1000,-0.020224,-0.024206,0.425239,0.235925,-0.012634,0.018845,0.971506,2045
248.5626,inicio,True,131.4745,33.337,4.441,15.631,True,320,240,0,False,60.00,0.1000,-0.021295,-0.024184,0.424903,0.234883,-0.016094,0.019354,0.971698,2046
248.6968,inicio,True,131.6076,33.326,5.960,19.017,True,320,240,0,False,60.00,0.1000,-0.020832,-0.024171,0.425476,0.234791,-0.015922,0.019476,0.971720,2047
248.7968,inicio,True,131.7075,33.321,5.166,13.595,True,320,240,0,False,60.00,0.1000,-0.020616,-0.023249,0.424452,0.237955,-0.017422,0.019944,0.970915,2048
248.9289,inicio,True,131.8408,33.321,6.322,14.191,True,320,240,0,False,60.00,0.1000,-0.021354,-0.023867,0.425069,0.234761,-0.017858,0.019190,0.971700,2049
249.0290,inicio,True,131.9406,33.317,6.322,14.191,True,320,240,0,False,60.00,0.1000,-0.021354,-0.023867,0.425069,0.234761,-0.017858,0.019190,0.971700,2049
249.1625,inicio,True,132.0739,33.317,5.151,11.361,True,320,240,0,False,60.00,0.1000,-0.022919,-0.024201,0.425710,0.234002,-0.017104,0.019678,0.971887,2051
249.2625,inicio,True,132.1741,33.328,5.545,10.300,True,320,240,0,False,60.00,0.1000,-0.022681,-0.024196,0.425194,0.235663,-0.018516,0.019383,0.971465,2052
249.3625,inicio,True,132.2739,33.320,5.545,10.300,True,320,240,0,False,60.00,0.1000,-0.022681,-0.024196,0.425194,0.235663,-0.018516,0.019383,0.971465,2052
249.4955,inicio,True,132.4072,33.320,9.372,11.296,True,320,240,0,False,60.00,0.1000,-0.022784,-0.024255,0.425584,0.236076,-0.019066,0.019030,0.971361,2053
249.5958,inicio,True,132.5072,33.322,7.508,12.495,True,320,240,0,False,60.00,0.1000,-0.021735,-0.023229,0.424988,0.240574,-0.015119,0.019042,0.970326,2054
249.7289,inicio,True,132.6405,33.323,6.338,15.056,True,320,240,0,False,60.00,0.1000,-0.022622,-0.022428,0.424662,0.236056,-0.024090,0.019018,0.971255,2055
249.8620,inicio,True,132.7738,33.325,4.940,17.511,True,320,240,0,False,60.00,0.1000,-0.021553,-0.022465,0.424936,0.236633,-0.023487,0.017322,0.971161,2056
249.9953,inicio,True,132.9070,33.321,5.470,11.839,True,320,240,0,False,60.00,0.1000,-0.023430,-0.022057,0.424419,0.236131,-0.018718,0.019190,0.971351,2057
250.0956,inicio,True,133.0070,33.321,6.003,14.677,True,320,240,0,False,60.00,0.1000,-0.022993,-0.021442,0.424413,0.234308,-0.018574,0.020421,0.971771,2058
250.2283,inicio,True,133.1403,33.320,5.151,14.028,True,320,240,0,False,60.00,0.1000,-0.025530,-0.021248,0.423756,0.236656,-0.017957,0.020470,0.971212,2059
250.3285,inicio,True,133.2404,33.329,5.512,14.177,True,320,240,0,False,60.00,0.1000,-0.025923,-0.021566,0.423431,0.236704,-0.016236,0.020446,0.971231,2060
250.4285,inicio,True,133.3402,33.321,5.504,15.636,True,320,240,0,False,60.00,0.1000,-0.024981,-0.021844,0.424028,0.234168,-0.022277,0.020606,0.971722,2061
250.5618,inicio,True,133.4735,33.321,5.119,18.431,True,320,240,0,False,60.00,0.1000,-0.025637,-0.021805,0.423449,0.236954,-0.020310,0.020127,0.971100,2062
250.6620,inicio,True,133.5735,33.320,2.491,14.063,True,320,240,0,False,60.00,0.1000,-0.024474,-0.021844,0.424133,0.236025,-0.020618,0.019878,0.971325,2063
250.7620,inicio,True,133.6734,33.321,5.554,11.082,True,320,240,0,False,60.00,0.1000,-0.024772,-0.021836,0.423896,0.235541,-0.023924,0.020841,0.971346,2064
250.8949,inicio,True,133.8067,33.322,5.178,14.139,True,320,240,0,False,60.00,0.1000,-0.024161,-0.021333,0.423920,0.237176,-0.013516,0.020878,0.971148,2065
251.0282,inicio,True,133.9400,33.322,4.690,12.154,True,320,240,0,False,60.00,0.1000,-0.023989,-0.021575,0.424214,0.236518,-0.018323,0.020546,0.971237,2066
251.1284,inicio,True,134.0400,33.323,6.457,16.338,True,320,240,0,False,60.00,0.1000,-0.023743,-0.021915,0.424307,0.234494,-0.019304,0.019467,0.971731,2067
251.2616,inicio,True,134.1733,33.322,7.218,12.474,True,320,240,0,False,60.00,0.1000,-0.023107,-0.022415,0.424150,0.237291,-0.023725,0.020257,0.970938,2069
251.3616,inicio,True,134.2733,33.322,7.218,12.474,True,320,240,0,False,60.00,0.1000,-0.023107,-0.022415,0.424150,0.237291,-0.023725,0.020257,0.970938,2069
251.4616,inicio,True,134.3732,33.322,5.428,14.907,True,320,240,0,False,60.00,0.1000,-0.022856,-0.021689,0.424163,0.236820,-0.018705,0.020660,0.971154,2070
251.5950,inicio,True,134.5066,33.324,5.569,12.228,True,320,240,0,False,60.00,0.1000,-0.024400,-0.021974,0.424470,0.233238,-0.017175,0.019333,0.972076,2071
251.6952,inicio,True,134.6065,33.324,5.127,11.029,True,320,240,0,False,60.00,0.1000,-0.023997,-0.022563,0.424908,0.235818,-0.022478,0.018565,0.971360,2072
251.8282,inicio,True,134.7398,33.323,5.181,12.601,True,320,240,0,False,60.00,0.1000,-0.023280,-0.022821,0.424542,0.237976,-0.020563,0.019692,0.970854,2073
251.9617,inicio,True,134.8731,33.322,5.056,10.643,True,320,240,0,False,60.00,0.1000,-0.023845,-0.023217,0.424441,0.239036,-0.015940,0.019947,0.970675,2074
252.0948,inicio,True,135.0063,33.321,5.733,14.560,True,320,240,0,False,60.00,0.1000,-0.022812,-0.024334,0.424252,0.239483,-0.022646,0.018504,0.970460,2076
252.1952,inicio,True,135.1063,33.320,5.008,11.280,True,320,240,0,False,60.00,0.1000,-0.022719,-0.024169,0.424611,0.238040,-0.020096,0.019077,0.970860,2077
252.3284,inicio,True,135.2396,33.323,6.084,11.861,True,320,240,0,False,60.00,0.1000,-0.023458,-0.023945,0.423882,0.239066,-0.016324,0.019308,0.970674,2078
252.4617,inicio,True,135.3729,33.322,5.412,16.923,True,320,240,0,False,60.00,0.1000,-0.024340,-0.023928,0.424182,0.238501,-0.017434,0.019640,0.970787,2079
252.5947,inicio,True,135.5062,33.322,6.043,13.640,True,320,240,0,False,60.00,0.1000,-0.023691,-0.023762,0.424008,0.238380,-0.016067,0.019175,0.970850,2080
252.7278,inicio,True,135.6395,33.321,5.659,16.562,True,320,240,0,False,60.00,0.1000,-0.024371,-0.023937,0.424590,0.238434,-0.017942,0.019562,0.970796,2081
252.8282,inicio,True,135.7394,33.322,5.659,16.562,True,320,240,0,False,60.00,0.1000,-0.024371,-0.023937,0.424590,0.238434,-0.017942,0.019562,0.970796,2081
252.9282,inicio,True,135.8394,33.322,6.568,16.250,True,320,240,0,False,60.00,0.1000,-0.024084,-0.024316,0.424232,0.239274,-0.021540,0.019140,0.970524,2082
253.0609,inicio,True,135.9727,33.322,2.146,14.660,True,320,240,0,False,60.00,0.1000,-0.024374,-0.024860,0.424523,0.241186,-0.020226,0.019704,0.970068,2083
253.1946,inicio,True,136.1060,33.323,5.676,18.277,True,320,240,0,False,60.00,0.1000,-0.024450,-0.024316,0.424456,0.239318,-0.023858,0.018757,0.970467,2084
253.3278,inicio,True,136.2393,33.323,5.476,15.324,True,320,240,0,False,60.00,0.1000,-0.024750,-0.023497,0.424039,0.240329,-0.020000,0.020383,0.970272,2085
253.4608,inicio,True,136.3726,33.323,4.777,14.909,True,320,240,0,False,60.00,0.1000,-0.025300,-0.022932,0.423228,0.241467,-0.020247,0.020053,0.969991,2086
253.5609,inicio,True,136.4725,33.322,5.408,15.723,True,320,240,0,False,60.00,0.1000,-0.024850,-0.022760,0.423596,0.238091,-0.022369,0.020333,0.970772,2087
253.6940,inicio,True,136.6058,33.322,5.128,13.680,True,320,240,0,False,60.00,0.1000,-0.025010,-0.022010,0.423438,0.237420,-0.023615,0.020302,0.970908,2088
253.7942,inicio,True,136.7058,33.322,6.485,14.601,True,320,240,0,False,60.00,0.1000,-0.024864,-0.021283,0.423124,0.237954,-0.019436,0.021650,0.970841,2089
253.9280,inicio,True,136.8391,33.323,6.499,11.909,True,320,240,0,False,60.00,0.1000,-0.025722,-0.020273,0.422946,0.237931,-0.020122,0.019276,0.970882,2090
254.0608,inicio,True,136.9724,33.323,6.728,14.581,True,320,240,0,False,60.00,0.1000,-0.025809,-0.019910,0.422484,0.236333,-0.020072,0.019379,0.971272,2091
254.1939,inicio,True,137.1057,33.323,5.235,15.806,True,320,240,0,False,60.00,0.1000,-0.025532,-0.020144,0.422866,0.235981,-0.022065,0.019630,0.971309,2092
254.3273,inicio,True,137.2390,33.323,2.570,15.367,True,320,240,0,False,60.00,0.1000,-0.025092,-0.019809,0.422442,0.236450,-0.021142,0.020038,0.971207,2093
254.4273,inicio,True,137.3389,33.323,5.305,21.233,True,320,240,0,False,60.00,0.1000,-0.025721,-0.019698,0.422306,0.235644,-0.018318,0.019742,0.971466,2094
254.5278,inicio,True,137.4389,33.322,2.562,12.387,True,320,240,0,False,60.00,0.1000,-0.025308,-0.019754,0.422305,0.236793,-0.019036,0.019532,0.971177,2095
254.6607,inicio,True,137.5722,33.322,5.864,17.378,True,320,240,0,False,60.00,0.1000,-0.025280,-0.019011,0.421930,0.236478,-0.021220,0.020390,0.971191,2096
254.7942,inicio,True,137.7055,33.322,5.485,15.373,True,320,240,0,False,60.00,0.1000,-0.024401,-0.018691,0.422355,0.235142,-0.022415,0.019758,0.971502,2097
254.9270,inicio,True,137.8388,33.322,5.163,16.266,True,320,240,0,False,60.00,0.1000,-0.023949,-0.018568,0.422287,0.235573,-0.019009,0.019239,0.971480,2098
255.0609,inicio,True,137.9721,33.323,3.666,18.680,True,320,240,0,False,60.00,0.1000,-0.024629,-0.018917,0.422587,0.235079,-0.022133,0.020765,0.971502,2099
255.1940,inicio,True,138.1053,33.322,5.992,15.395,True,320,240,0,False,60.00,0.1000,-0.025173,-0.018826,0.422154,0.236359,-0.020320,0.020124,0.971245,2100
255.2941,inicio,True,138.2053,33.322,5.992,15.395,True,320,240,0,False,60.00,0.1000,-0.025173,-0.018826,0.422154,0.236359,-0.020320,0.020124,0.971245,2100
255.4270,inicio,True,138.3386,33.322,5.735,13.473,True,320,240,0,False,60.00,0.1000,-0.025225,-0.018297,0.421783,0.235843,-0.024990,0.018713,0.971290,2101
255.5605,inicio,True,138.4719,33.322,4.881,16.280,True,320,240,0,False,60.00,0.1000,-0.025771,-0.018362,0.422282,0.234378,-0.024599,0.018974,0.971649,2102
255.6936,inicio,True,138.6052,33.323,5.612,14.983,True,320,240,0,False,60.00,0.1000,-0.025896,-0.017984,0.422570,0.232402,-0.019305,0.019058,0.972241,2103
255.8271,inicio,True,138.7386,33.328,5.712,11.732,True,320,240,0,False,60.00,0.1000,-0.025882,-0.018787,0.422945,0.234526,-0.022299,0.019369,0.971661,2104
255.9603,inicio,True,138.8718,33.323,5.391,12.962,True,320,240,0,False,60.00,0.1000,-0.025992,-0.018404,0.422790,0.234045,-0.024911,0.018769,0.971725,2105
256.0932,inicio,True,139.0051,33.323,5.423,12.662,True,320,240,0,False,60.00,0.1000,-0.024607,-0.018940,0.422920,0.234441,-0.021897,0.020651,0.971664,2106
256.1935,inicio,True,139.1050,33.322,5.305,12.469,True,320,240,0,False,60.00,0.1000,-0.024536,-0.018898,0.422780,0.235463,-0.020886,0.020162,0.971450,2107
256.3266,inicio,True,139.2383,33.322,5.056,15.428,True,320,240,0,False,60.00,0.1000,-0.024491,-0.018653,0.422934,0.234125,-0.022871,0.019631,0.971739,2108
256.4267,inicio,True,139.3383,33.321,6.368,10.735,True,320,240,0,False,60.00,0.1000,-0.024751,-0.018536,0.422360,0.235228,-0.026498,0.018945,0.971394,2109
256.5602,inicio,True,139.4716,33.324,6.541,16.798,True,320,240,0,False,60.00,0.1000,-0.024419,-0.018450,0.422661,0.234124,-0.023181,0.019103,0.971743,2110
256.6605,inicio,True,139.5715,33.322,4.797,13.268,True,320,240,0,False,60.00,0.1000,-0.024404,-0.017953,0.422417,0.234871,-0.021545,0.019797,0.971586,2112
256.7931,inicio,True,139.7048,33.323,6.294,12.847,True,320,240,0,False,60.00,0.1000,-0.024655,-0.016549,0.421929,0.232951,-0.027337,0.019089,0.971917,2113
256.9265,inicio,True,139.8381,33.322,5.324,14.799,True,320,240,0,False,60.00,0.1000,-0.025105,-0.015802,0.421115,0.234618,-0.021403,0.019105,0.971664,2114
257.0598,inicio,True,139.9714,33.322,5.490,13.125,True,320,240,0,False,60.00,0.1000,-0.024398,-0.015960,0.421857,0.233205,-0.021636,0.019577,0.971990,2115
257.1930,inicio,True,140.1047,33.322,5.454,14.344,True,320,240,0,False,60.00,0.1000,-0.024643,-0.015910,0.421948,0.232165,-0.022207,0.020110,0.972215,2116
257.2931,inicio,True,140.2047,33.322,5.454,14.344,True,320,240,0,False,60.00,0.1000,-0.024643,-0.015910,0.421948,0.232165,-0.022207,0.020110,0.972215,2116
257.4266,inicio,True,140.3380,33.324,5.114,15.061,True,320,240,0,False,60.00,0.1000,-0.024602,-0.015549,0.422109,0.231686,-0.019800,0.021212,0.972358,2117
257.5596,inicio,True,140.4712,33.322,5.716,11.684,True,320,240,0,False,60.00,0.1000,-0.024710,-0.015423,0.421531,0.232399,-0.020317,0.020776,0.972186,2118
257.6601,inicio,True,140.5712,33.322,11.988,11.668,True,320,240,0,False,60.00,0.1000,-0.025001,-0.015119,0.420897,0.234351,-0.020707,0.019828,0.971729,2119
257.7928,inicio,True,140.7045,33.323,5.288,13.060,True,320,240,0,False,60.00,0.1000,-0.024298,-0.015263,0.421495,0.232443,-0.021145,0.020858,0.972156,2120
257.8944,inicio,True,140.8045,33.323,5.347,18.799,True,320,240,0,False,60.00,0.1000,-0.024395,-0.015727,0.421870,0.232105,-0.017665,0.020423,0.972316,2121
258.0259,inicio,True,140.9378,33.323,5.113,15.214,True,320,240,0,False,60.00,0.1000,-0.024207,-0.014539,0.421928,0.230740,-0.022518,0.019877,0.972552,2122
258.1262,inicio,True,141.0377,33.322,5.300,15.523,True,320,240,0,False,60.00,0.1000,-0.024514,-0.014884,0.421587,0.231865,-0.021697,0.021207,0.972275,2123
258.2598,inicio,True,141.1710,33.321,5.612,17.042,True,320,240,0,False,60.00,0.1000,-0.024184,-0.015196,0.422203,0.232248,-0.018478,0.019967,0.972276,2124
258.3931,inicio,True,141.3043,33.322,2.683,12.874,True,320,240,0,False,60.00,0.1000,-0.023254,-0.014489,0.421556,0.233039,-0.020588,0.018762,0.972069,2125
258.5283,inicio,True,141.4376,33.322,5.301,13.060,True,320,240,0,False,60.00,0.1000,-0.023080,-0.014059,0.421517,0.232385,-0.019136,0.018653,0.972257,2126
258.6591,inicio,True,141.5709,33.323,6.034,18.760,True,320,240,0,False,60.00,0.1000,-0.022792,-0.013277,0.421449,0.231595,-0.017535,0.019934,0.972450,2127
258.7600,inicio,True,141.6709,33.323,6.034,18.760,True,320,240,0,False,60.00,0.1000,-0.022792,-0.013277,0.421449,0.231595,-0.017535,0.019934,0.972450,2127
258.8926,inicio,True,141.8042,33.323,4.883,14.067,True,320,240,0,False,60.00,0.1000,-0.024067,-0.013531,0.421597,0.230235,-0.016717,0.020176,0.972782,2128
259.0259,inicio,True,141.9375,33.324,5.252,12.893,True,320,240,0,False,60.00,0.1000,-0.023941,-0.014096,0.422165,0.230531,-0.019910,0.018976,0.972676,2129
259.1591,inicio,True,142.0708,33.323,4.777,13.953,True,320,240,0,False,60.00,0.1000,-0.023679,-0.014092,0.421412,0.231603,-0.018829,0.018901,0.972445,2130
259.2925,inicio,True,142.2040,33.323,5.688,14.172,True,320,240,0,False,60.00,0.1000,-0.023907,-0.013700,0.421731,0.229462,-0.018674,0.019610,0.972941,2131
259.3931,inicio,True,142.3040,33.322,5.564,12.949,True,320,240,0,False,60.00,0.1000,-0.024113,-0.014183,0.422112,0.229619,-0.018339,0.019365,0.972915,2132
259.5255,inicio,True,142.4373,33.322,5.565,12.754,True,320,240,0,False,60.00,0.1000,-0.024322,-0.014544,0.422203,0.231965,-0.023784,0.019783,0.972232,2133
259.6595,inicio,True,142.5706,33.322,5.559,13.673,True,320,240,0,False,60.00,0.1000,-0.023597,-0.014034,0.421252,0.232507,-0.019008,0.018892,0.972225,2134
259.7921,inicio,True,142.7039,33.322,4.776,12.913,True,320,240,0,False,60.00,0.1000,-0.021609,-0.014077,0.421202,0.233186,-0.015951,0.018427,0.972127,2135
259.8925,inicio,True,142.8038,33.323,5.548,17.090,True,320,240,0,False,60.00,0.1000,-0.020200,-0.013830,0.421986,0.229404,-0.017544,0.018867,0.972990,2136
259.9929,inicio,True,142.9038,33.323,5.454,14.585,True,320,240,0,False,60.00,0.1000,-0.020460,-0.014863,0.422174,0.231969,-0.016774,0.019932,0.972374,2137
260.1259,inicio,True,143.0371,33.322,5.778,16.263,True,320,240,0,False,60.00,0.1000,-0.017549,-0.015419,0.421462,0.234467,-0.009766,0.018241,0.971904,2138
260.2591,inicio,True,143.1704,33.322,4.794,14.697,True,320,240,0,False,60.00,0.1000,-0.016194,-0.016429,0.423918,0.231388,-0.018067,0.017920,0.972529,2139
260.3927,inicio,True,143.3037,33.323,5.045,14.517,True,320,240,0,False,60.00,0.1000,-0.011774,-0.015693,0.424369,0.235195,-0.009306,0.015631,0.971778,2140
260.5251,inicio,True,143.4369,33.322,5.747,13.428,True,320,240,0,False,60.00,0.1000,-0.012296,-0.015622,0.423743,0.232965,-0.005071,0.015464,0.972349,2141
260.6252,inicio,True,143.5369,33.323,5.747,13.428,True,320,240,0,False,60.00,0.1000,-0.012296,-0.015622,0.423743,0.232965,-0.005071,0.015464,0.972349,2141
260.7257,inicio,True,143.6369,33.322,5.290,18.265,True,320,240,0,False,60.00,0.1000,-0.010436,-0.016011,0.423900,0.233901,-0.008812,0.016212,0.972085,2142
260.8587,inicio,True,143.7702,33.323,5.218,17.488,True,320,240,0,False,60.00,0.1000,-0.010637,-0.016101,0.423911,0.233291,-0.008997,0.015935,0.972235,2143
260.9919,inicio,True,143.9034,33.321,5.280,15.840,True,320,240,0,False,60.00,0.1000,-0.011104,-0.016878,0.424329,0.234834,-0.006091,0.015953,0.971885,2144
261.1250,inicio,True,144.0367,33.322,6.340,14.888,True,320,240,0,False,60.00,0.1000,-0.010433,-0.016545,0.424961,0.233020,-0.010955,0.015705,0.972283,2145
261.2250,inicio,True,144.1367,33.322,6.025,12.495,True,320,240,0,False,60.00,0.1000,-0.010590,-0.016889,0.424596,0.234405,-0.006632,0.015135,0.971999,2146
261.3251,inicio,True,144.2367,33.325,4.797,12.649,True,320,240,0,False,60.00,0.1000,-0.010016,-0.016838,0.424034,0.236851,-0.005067,0.015242,0.971413,2147
261.4251,inicio,True,144.3367,33.323,4.797,12.649,True,320,240,0,False,60.00,0.1000,-0.010016,-0.016838,0.424034,0.236851,-0.005067,0.015242,0.971413,2147
261.5585,inicio,True,144.4699,33.322,4.913,12.384,True,320,240,0,False,60.00,0.1000,-0.010530,-0.016726,0.423725,0.235537,-0.010900,0.016004,0.971673,2148
261.6918,inicio,True,144.6032,33.322,6.134,13.126,True,320,240,0,False,60.00,0.1000,-0.007979,-0.017652,0.424268,0.235181,-0.002954,0.014552,0.971838,2149
261.7920,inicio,True,144.7032,33.321,5.367,16.422,True,320,240,0,False,60.00,0.1000,-0.008304,-0.017659,0.423450,0.235525,-0.003631,0.015294,0.971741,2150
261.9248,inicio,True,144.8365,33.322,5.527,16.682,True,320,240,0,False,60.00,0.1000,-0.008537,-0.018285,0.424932,0.232917,-0.009309,0.016145,0.972318,2151
262.0249,inicio,True,144.9365,33.323,5.148,12.468,True,320,240,0,False,60.00,0.1000,-0.009151,-0.018449,0.424676,0.236424,-0.008729,0.016699,0.971467,2152
262.1253,inicio,True,145.0364,33.323,5.189,17.924,True,320,240,0,False,60.00,0.1000,-0.008946,-0.018936,0.424169,0.237999,-0.004951,0.017705,0.971091,2153
262.2582,inicio,True,145.1697,33.322,4.876,14.126,True,320,240,0,False,60.00,0.1000,-0.008513,-0.018937,0.424183,0.238660,-0.006260,0.016568,0.970942,2154
262.3916,inicio,True,145.3030,33.322,5.388,14.053,True,320,240,0,False,60.00,0.1000,-0.006260,-0.019053,0.424048,0.240588,-0.001359,0.015713,0.970499,2155
262.5243,inicio,True,145.4363,33.322,5.200,16.195,True,320,240,0,False,60.00,0.1000,-0.006132,-0.019976,0.424655,0.238237,-0.002289,0.015409,0.971082,2156
262.6247,inicio,True,145.5366,33.338,5.200,16.195,True,320,240,0,False,60.00,0.1000,-0.006132,-0.019976,0.424655,0.238237,-0.002289,0.015409,0.971082,2156
262.7250,inicio,True,145.6363,33.322,5.569,13.774,True,320,240,0,False,60.00,0.1000,-0.006998,-0.019627,0.424427,0.236684,-0.005168,0.016220,0.971438,2157
262.8253,inicio,True,145.7363,33.328,7.492,12.734,True,320,240,0,False,60.00,0.1000,-0.005920,-0.020176,0.424746,0.239904,-0.001011,0.015503,0.970672,2158
262.9580,inicio,True,145.8696,33.323,5.455,14.490,True,320,240,0,False,60.00,0.1000,-0.006686,-0.019225,0.423967,0.240051,-0.003001,0.016738,0.970611,2159
263.0909,inicio,True,146.0028,33.321,5.388,16.653,True,320,240,0,False,60.00,0.1000,-0.006290,-0.017781,0.422777,0.235902,-0.002566,0.015829,0.971645,2160
263.1910,inicio,True,146.1027,33.318,6.399,13.286,True,320,240,0,False,60.00,0.1000,-0.006684,-0.017810,0.422431,0.236518,-0.003743,0.016700,0.971476,2161
263.2911,inicio,True,146.2028,33.326,6.399,13.286,True,320,240,0,False,60.00,0.1000,-0.006684,-0.017810,0.422431,0.236518,-0.003743,0.016700,0.971476,2161
263.3913,inicio,True,146.3026,33.318,5.845,18.887,True,320,240,0,False,60.00,0.1000,-0.006330,-0.016952,0.422620,0.238701,-0.000712,0.015961,0.970962,2162
263.5246,inicio,True,146.4360,33.322,5.399,15.396,True,320,240,0,False,60.00,0.1000,-0.008449,-0.015656,0.422144,0.234068,-0.005439,0.016830,0.972059,2163
263.6248,inicio,True,146.5359,33.322,5.472,15.382,True,320,240,0,False,60.00,0.1000,-0.008887,-0.015356,0.421255,0.235223,-0.005110,0.017027,0.971779,2164
263.7576,inicio,True,146.6693,33.324,4.660,14.856,True,320,240,0,False,60.00,0.1000,-0.009153,-0.014741,0.421248,0.236570,-0.003194,0.016991,0.971461,2165
263.8578,inicio,True,146.7692,33.323,6.399,16.121,True,320,240,0,False,60.00,0.1000,-0.009607,-0.014503,0.421205,0.236675,-0.005053,0.015743,0.971448,2166
263.9907,inicio,True,146.9025,33.322,2.965,19.692,True,320,240,0,False,60.00,0.1000,-0.008057,-0.013919,0.421447,0.233494,-0.004968,0.016404,0.972207,2167
264.0913,inicio,True,147.0025,33.325,2.965,19.692,True,320,240,0,False,60.00,0.1000,-0.008057,-0.013919,0.421447,0.233494,-0.004968,0.016404,0.972207,2167
264.2239,inicio,True,147.1358,33.322,5.498,18.013,True,320,240,0,False,60.00,0.1000,-0.009064,-0.013173,0.420830,0.233417,-0.004406,0.016617,0.972225,2168
264.3241,inicio,True,147.2357,33.319,3.227,15.922,True,320,240,0,False,60.00,0.1000,-0.009413,-0.013158,0.420301,0.236716,-0.000756,0.016178,0.971444,2169
264.4243,inicio,True,147.3357,33.320,5.874,18.916,True,320,240,0,False,60.00,0.1000,-0.009489,-0.012915,0.420757,0.235258,-0.002906,0.016441,0.971790,2170
264.5574,inicio,True,147.4689,33.319,4.711,13.691,True,320,240,0,False,60.00,0.1000,-0.008913,-0.012202,0.420877,0.233099,-0.005670,0.017140,0.972285,2171
264.6908,inicio,True,147.6023,33.323,5.535,13.813,True,320,240,0,False,60.00,0.1000,-0.008724,-0.012205,0.421088,0.231461,-0.006743,0.016520,0.972681,2172
264.7910,inicio,True,147.7022,33.322,5.092,15.410,True,320,240,0,False,60.00,0.1000,-0.009648,-0.013202,0.421241,0.233523,-0.003073,0.016480,0.972207,2173
264.9239,inicio,True,147.8355,33.322,4.798,13.265,True,320,240,0,False,60.00,0.1000,-0.009168,-0.013294,0.421648,0.234760,-0.005379,0.016976,0.971890,2174
265.0241,inicio,True,147.9355,33.323,4.798,13.265,True,320,240,0,False,60.00,0.1000,-0.009168,-0.013294,0.421648,0.234760,-0.005379,0.016976,0.971890,2174
265.1571,inicio,True,148.0688,33.322,4.725,12.873,True,320,240,0,False,60.00,0.1000,-0.009858,-0.013487,0.421511,0.234728,-0.004235,0.016092,0.971919,2175
265.2571,inicio,True,148.1687,33.321,5.746,16.681,True,320,240,0,False,60.00,0.1000,-0.009135,-0.013793,0.421829,0.232911,-0.007361,0.016023,0.972338,2176
265.3903,inicio,True,148.3020,33.322,6.775,18.290,True,320,240,0,False,60.00,0.1000,-0.008257,-0.013902,0.422589,0.233021,-0.006190,0.015974,0.972321,2177
265.5241,inicio,True,148.4353,33.321,2.886,14.229,True,320,240,0,False,60.00,0.1000,-0.007091,-0.014071,0.422595,0.233394,-0.004640,0.015814,0.972243,2178
265.6574,inicio,True,148.5686,33.324,5.182,16.803,True,320,240,0,False,60.00,0.1000,-0.007630,-0.013935,0.422527,0.233738,-0.003137,0.014977,0.972179,2179
265.7903,inicio,True,148.7019,33.323,5.523,13.782,True,320,240,0,False,60.00,0.1000,-0.008580,-0.014863,0.423311,0.235425,-0.004877,0.016037,0.971748,2180
265.9235,inicio,True,148.8352,33.324,5.108,15.508,True,320,240,0,False,60.00,0.1000,-0.008754,-0.014314,0.422920,0.237168,-0.006803,0.016128,0.971311,2181
266.0567,inicio,True,148.9685,33.323,3.283,17.815,True,320,240,0,False,60.00,0.1000,-0.008227,-0.013414,0.422845,0.233237,-0.003386,0.016363,0.972276,2182
266.1570,inicio,True,149.0684,33.322,5.183,16.684,True,320,240,0,False,60.00,0.1000,-0.006520,-0.013994,0.423082,0.233424,-0.004222,0.015716,0.972239,2183
266.2571,inicio,True,149.1684,33.321,4.893,17.151,True,320,240,0,False,60.00,0.1000,-0.006595,-0.013647,0.423461,0.232662,-0.003633,0.014166,0.972448,2184
266.3901,inicio,True,149.3017,33.323,3.571,14.148,True,320,240,0,False,60.00,0.1000,-0.007488,-0.013637,0.422878,0.233932,-0.003259,0.014047,0.972146,2185
266.4902,inicio,True,149.4017,33.324,3.571,14.148,True,320,240,0,False,60.00,0.1000,-0.007488,-0.013637,0.422878,0.233932,-0.003259,0.014047,0.972146,2185
266.6232,inicio,True,149.5350,33.323,5.434,14.390,True,320,240,0,False,60.00,0.1000,-0.007627,-0.012822,0.422409,0.236746,-0.002961,0.014758,0.971455,2186
266.7232,inicio,True,149.6349,33.322,4.659,17.130,True,320,240,0,False,60.00,0.1000,-0.006448,-0.012750,0.422772,0.233591,-0.006510,0.015618,0.972188,2187
266.8572,inicio,True,149.7682,33.322,5.165,15.567,True,320,240,0,False,60.00,0.1000,-0.005251,-0.011864,0.422216,0.234737,-0.006215,0.014489,0.971931,2188
266.9896,inicio,True,149.9015,33.322,5.281,17.194,True,320,240,0,False,60.00,0.1000,-0.006687,-0.011180,0.422338,0.232301,-0.002371,0.014726,0.972530,2189
267.1231,inicio,True,150.0348,33.322,5.907,18.409,True,320,240,0,False,60.00,0.1000,-0.005629,-0.010732,0.421908,0.233668,-0.000518,0.014245,0.972212,2190
267.2566,inicio,True,150.1681,33.323,2.270,19.915,True,320,240,0,False,60.00,0.1000,-0.005913,-0.010060,0.421456,0.229817,-0.004858,0.014817,0.973109,2191
267.3898,inicio,True,150.3014,33.322,4.683,19.443,True,320,240,0,False,60.00,0.1000,-0.005803,-0.011367,0.422458,0.232248,0.000920,0.013402,0.972564,2192
267.5228,inicio,True,150.4347,33.322,4.962,13.230,True,320,240,0,False,60.00,0.1000,-0.007244,-0.011127,0.422081,0.232755,-0.002280,0.013939,0.972433,2193
267.6229,inicio,True,150.5346,33.322,6.907,13.323,True,320,240,0,False,60.00,0.1000,-0.008148,-0.011010,0.422332,0.233898,-0.003061,0.015308,0.972136,2194
267.7230,inicio,True,150.6346,33.322,6.234,17.175,True,320,240,0,False,60.00,0.1000,-0.008068,-0.009962,0.421947,0.231688,-0.008826,0.013959,0.972650,2195
267.8231,inicio,True,150.7346,33.322,6.234,17.175,True,320,240,0,False,60.00,0.1000,-0.008068,-0.009962,0.421947,0.231688,-0.008826,0.013959,0.972650,2195
267.9563,inicio,True,150.8683,33.345,4.849,13.486,True,320,240,0,False,60.00,0.1000,-0.006692,-0.010339,0.423025,0.231087,-0.011273,0.015699,0.972741,2196
268.0564,inicio,True,150.9679,33.325,6.346,17.024,True,320,240,0,False,60.00,0.1000,-0.005744,-0.009869,0.422743,0.231925,-0.006019,0.013717,0.972618,2197
268.1896,inicio,True,151.1012,33.324,5.076,11.960,True,320,240,0,False,60.00,0.1000,-0.007194,-0.010190,0.422383,0.234528,-0.008856,0.014705,0.971958,2198
268.3229,inicio,True,151.2344,33.321,5.142,11.900,True,320,240,0,False,60.00,0.1000,-0.007063,-0.010581,0.423028,0.233495,-0.005527,0.016345,0.972205,2199
268.4562,inicio,True,151.3676,33.318,5.569,12.686,True,320,240,0,False,60.00,0.1000,-0.006870,-0.010633,0.423115,0.233172,-0.008459,0.016370,0.972261,2200
268.5896,inicio,True,151.5010,33.322,5.676,17.936,True,320,240,0,False,60.00,0.1000,-0.007215,-0.010855,0.422666,0.234125,-0.004739,0.016192,0.972060,2201
268.7235,inicio,True,151.6343,33.322,5.547,16.173,True,320,240,0,False,60.00,0.1000,-0.006442,-0.009959,0.423147,0.229815,-0.004359,0.015569,0.973100,2202
268.8569,inicio,True,151.7676,33.318,5.892,15.210,True,320,240,0,False,60.00,0.1000,-0.008797,-0.010491,0.422843,0.232884,-0.011597,0.016893,0.972289,2203
268.9891,inicio,True,151.9008,33.314,5.465,18.740,True,320,240,0,False,60.00,0.1000,-0.006740,-0.011168,0.423392,0.233078,-0.006351,0.016204,0.972302,2204
269.1224,inicio,True,152.0340,33.312,4.331,17.312,True,320,240,0,False,60.00,0.1000,-0.006471,-0.009469,0.422815,0.232004,-0.007726,0.016195,0.972549,2205
269.2561,inicio,True,152.1674,33.322,6.032,20.049,True,320,240,0,False,60.00,0.1000,-0.006160,-0.009383,0.422672,0.232531,-0.001598,0.016105,0.972454,2206
269.3891,inicio,True,152.3008,33.324,4.960,18.369,True,320,240,0,False,60.00,0.1000,-0.006091,-0.009121,0.422582,0.233996,0.000199,0.015803,0.972109,2207
269.4898,inicio,True,152.4007,33.322,5.997,15.359,True,320,240,0,False,60.00,0.1000,-0.006278,-0.008784,0.423149,0.233444,-0.001729,0.016474,0.972229,2208
269.6223,inicio,True,152.5340,33.322,5.281,16.147,True,320,240,0,False,60.00,0.1000,-0.007026,-0.007803,0.422817,0.228922,-0.004861,0.016839,0.973287,2209
269.7224,inicio,True,152.6339,33.321,6.477,14.728,True,320,240,0,False,60.00,0.1000,-0.006576,-0.008815,0.422919,0.232783,-0.003226,0.017611,0.972364,2210
269.8565,inicio,True,152.7672,33.320,5.007,15.254,True,320,240,0,False,60.00,0.1000,-0.006697,-0.008579,0.422922,0.233277,-0.006402,0.017275,0.972236,2211
269.9888,inicio,True,152.9005,33.322,4.744,14.251,True,320,240,0,False,60.00,0.1000,-0.008082,-0.007776,0.422032,0.232557,-0.005543,0.016304,0.972430,2212
270.1222,inicio,True,153.0338,33.322,6.566,15.705,True,320,240,0,False,60.00,0.1000,-0.008214,-0.006703,0.421821,0.231475,-0.003998,0.016810,0.972687,2213
270.2564,inicio,True,153.1671,33.323,13.290,11.737,True,320,240,0,False,60.00,0.1000,-0.008948,-0.006289,0.421274,0.231827,-0.006264,0.017892,0.972572,2214
270.3890,inicio,True,153.3004,33.323,2.609,15.877,True,320,240,0,False,60.00,0.1000,-0.010482,-0.007655,0.422396,0.227878,-0.010144,0.017721,0.973476,2215
270.5220,inicio,True,153.4337,33.322,5.319,14.420,True,320,240,0,False,60.00,0.1000,-0.011498,-0.007589,0.421320,0.232259,-0.007147,0.018193,0.972458,2216
270.6555,inicio,True,153.5670,33.322,5.054,17.304,True,320,240,0,False,60.00,0.1000,-0.013894,-0.008960,0.421763,0.233185,-0.008694,0.020323,0.972181,2217
270.7556,inicio,True,153.6669,33.322,5.054,17.304,True,320,240,0,False,60.00,0.1000,-0.013894,-0.008960,0.421763,0.233185,-0.008694,0.020323,0.972181,2217
270.8558,inicio,True,153.7669,33.321,2.535,13.861,True,320,240,0,False,60.00,0.1000,-0.015257,-0.009557,0.420819,0.235920,-0.012328,0.021238,0.971462,2218
270.9890,inicio,True,153.9002,33.322,5.109,14.398,True,320,240,0,False,60.00,0.1000,-0.017432,-0.010656,0.421231,0.236221,-0.012371,0.021874,0.971374,2219
271.1217,inicio,True,154.0335,33.323,5.073,17.732,True,320,240,0,False,60.00,0.1000,-0.019747,-0.011044,0.420322,0.238971,-0.017164,0.024272,0.970572,2220
271.2552,inicio,True,154.1668,33.323,3.457,13.657,True,320,240,0,False,60.00,0.1000,-0.019669,-0.010978,0.420992,0.236397,-0.015180,0.023653,0.971250,2221
271.3886,inicio,True,154.3001,33.322,4.694,14.259,True,320,240,0,False,60.00,0.1000,-0.016771,-0.010640,0.420736,0.238763,-0.016685,0.023110,0.970660,2222
271.5221,inicio,True,154.4334,33.322,5.201,19.188,True,320,240,0,False,60.00,0.1000,-0.016118,-0.010510,0.421557,0.237944,-0.016562,0.022086,0.970886,2223
271.6554,inicio,True,154.5666,33.322,4.787,12.022,True,320,240,0,False,60.00,0.1000,-0.015079,-0.009049,0.421453,0.237036,-0.012258,0.020248,0.971212,2224
271.7889,inicio,True,154.6999,33.322,5.321,17.815,True,320,240,0,False,60.00,0.1000,-0.014792,-0.008721,0.422250,0.233206,-0.014303,0.021709,0.972080,2225
271.9215,inicio,True,154.8332,33.322,5.325,13.910,True,320,240,0,False,60.00,0.1000,-0.014893,-0.008461,0.421912,0.236174,-0.017317,0.019693,0.971357,2226
272.0215,inicio,True,154.9332,33.322,5.313,11.730,True,320,240,0,False,60.00,0.1000,-0.014230,-0.006998,0.422674,0.233838,-0.009492,0.019199,0.972040,2227
272.1550,inicio,True,155.0665,33.322,5.561,15.905,True,320,240,0,False,60.00,0.1000,-0.015714,-0.006560,0.422093,0.234462,-0.009144,0.017920,0.971917,2228
272.2555,inicio,True,155.1665,33.322,5.442,15.457,True,320,240,0,False,60.00,0.1000,-0.014957,-0.007586,0.423660,0.231832,-0.019909,0.017085,0.972402,2229
272.3882,inicio,True,155.2998,33.323,5.207,13.251,True,320,240,0,False,60.00,0.1000,-0.013991,-0.006817,0.423536,0.234681,-0.009228,0.017158,0.971877,2230
272.5219,inicio,True,155.4330,33.323,5.239,17.091,True,320,240,0,False,60.00,0.1000,-0.012656,-0.008042,0.424102,0.233065,-0.014834,0.016581,0.972207,2231
272.6554,inicio,True,155.5663,33.323,7.026,14.478,True,320,240,0,False,60.00,0.1000,-0.014095,-0.007907,0.423813,0.233233,-0.012035,0.016241,0.972211,2232
272.7882,inicio,True,155.6996,33.322,5.468,18.437,True,320,240,0,False,60.00,0.1000,-0.012672,-0.008290,0.423862,0.235175,-0.013107,0.017235,0.971712,2233
272.9210,inicio,True,155.8329,33.322,5.607,16.105,True,320,240,0,False,60.00,0.1000,-0.013335,-0.007854,0.423517,0.233418,-0.013001,0.016239,0.972154,2234
273.0212,inicio,True,155.9329,33.324,5.607,16.105,True,320,240,0,False,60.00,0.1000,-0.013335,-0.007854,0.423517,0.233418,-0.013001,0.016239,0.972154,2234
273.1551,inicio,True,156.0662,33.322,5.593,14.018,True,320,240,0,False,60.00,0.1000,-0.013452,-0.008059,0.423385,0.233734,-0.011069,0.016652,0.972095,2235
273.2882,inicio,True,156.1995,33.324,6.907,16.757,True,320,240,0,False,60.00,0.1000,-0.013247,-0.007667,0.423002,0.235478,-0.011722,0.017522,0.971651,2236
273.4211,inicio,True,156.3328,33.323,5.517,16.885,True,320,240,0,False,60.00,0.1000,-0.014419,-0.006649,0.422461,0.234278,-0.011265,0.019156,0.971916,2237
273.5213,inicio,True,156.4327,33.322,6.407,17.459,True,320,240,0,False,60.00,0.1000,-0.013415,-0.007282,0.422996,0.234500,-0.012680,0.017619,0.971874,2238
273.6545,inicio,True,156.5660,33.322,5.182,15.077,True,320,240,0,False,60.00,0.1000,-0.014175,-0.007169,0.422391,0.235358,-0.010187,0.018034,0.971688,2239
273.7878,inicio,True,156.6993,33.322,2.371,13.414,True,320,240,0,False,60.00,0.1000,-0.013480,-0.007015,0.422410,0.236217,-0.009698,0.018262,0.971480,2240
273.9212,inicio,True,156.8326,33.322,6.065,16.476,True,320,240,0,False,60.00,0.1000,-0.014063,-0.005549,0.421736,0.233152,-0.012559,0.017596,0.972200,2241
274.0542,inicio,True,156.9660,33.326,2.546,17.753,True,320,240,0,False,60.00,0.1000,-0.014288,-0.005669,0.421695,0.230998,-0.014113,0.018096,0.972684,2242
274.1543,inicio,True,157.0659,33.324,5.187,14.935,True,320,240,0,False,60.00,0.1000,-0.014604,-0.006573,0.422614,0.234154,-0.011504,0.018543,0.971955,2243
274.2544,inicio,True,157.1658,33.322,5.470,14.660,True,320,240,0,False,60.00,0.1000,-0.016893,-0.006383,0.422781,0.233389,-0.018761,0.019262,0.972012,2244
274.3547,inicio,True,157.2658,33.322,5.470,14.660,True,320,240,0,False,60.00,0.1000,-0.016893,-0.006383,0.422781,0.233389,-0.018761,0.019262,0.972012,2244
274.4878,inicio,True,157.3991,33.322,4.912,16.334,True,320,240,0,False,60.00,0.1000,-0.017270,-0.005392,0.422319,0.232278,-0.013729,0.019036,0.972366,2245
274.6207,inicio,True,157.5323,33.321,2.692,12.919,True,320,240,0,False,60.00,0.1000,-0.016848,-0.005133,0.423566,0.230851,-0.017355,0.019210,0.972645,2246
274.7211,inicio,True,157.6323,33.323,5.518,15.500,True,320,240,0,False,60.00,0.1000,-0.017986,-0.005733,0.423773,0.233449,-0.014265,0.018325,0.972092,2247
274.8212,inicio,True,157.7323,33.322,5.599,13.295,True,320,240,0,False,60.00,0.1000,-0.018897,-0.007492,0.425238,0.233089,-0.017913,0.018664,0.972111,2248
274.9541,inicio,True,157.8656,33.323,6.689,14.721,True,320,240,0,False,60.00,0.1000,-0.018964,-0.009524,0.427019,0.234920,-0.018915,0.017758,0.971668,2249
275.0871,inicio,True,157.9989,33.323,5.218,11.818,True,320,240,0,False,60.00,0.1000,-0.017455,-0.010130,0.427961,0.235362,-0.015178,0.017496,0.971632,2250
275.1873,inicio,True,158.0988,33.323,5.273,16.533,True,320,240,0,False,60.00,0.1000,-0.016919,-0.010855,0.428346,0.236656,-0.011413,0.017386,0.971371,2251
275.2876,inicio,True,158.1988,33.322,5.273,16.533,True,320,240,0,False,60.00,0.1000,-0.016919,-0.010855,0.428346,0.236656,-0.011413,0.017386,0.971371,2251
275.3878,inicio,True,158.2988,33.322,2.933,14.426,True,320,240,0,False,60.00,0.1000,-0.017511,-0.010965,0.428790,0.236859,-0.013106,0.016696,0.971312,2252
275.5209,inicio,True,158.4321,33.323,5.359,15.952,True,320,240,0,False,60.00,0.1000,-0.016713,-0.011390,0.429799,0.238064,-0.015945,0.016242,0.970983,2253
275.6539,inicio,True,158.5654,33.322,2.572,14.982,True,320,240,0,False,60.00,0.1000,-0.016170,-0.011579,0.429528,0.239966,-0.017836,0.016177,0.970483,2254
275.7872,inicio,True,158.6987,33.323,5.006,15.088,True,320,240,0,False,60.00,0.1000,-0.015751,-0.011894,0.430374,0.237731,-0.016491,0.017576,0.971032,2255
275.9203,inicio,True,158.8320,33.323,5.439,18.961,True,320,240,0,False,60.00,0.1000,-0.014709,-0.011487,0.429684,0.238639,-0.013920,0.015986,0.970877,2256
276.0538,inicio,True,158.9652,33.322,3.066,15.004,True,320,240,0,False,60.00,0.1000,-0.016466,-0.010909,0.429082,0.236013,-0.008961,0.016994,0.971560,2257
276.1574,inicio,True,159.0652,33.323,5.896,24.132,True,320,240,0,False,60.00,0.1000,-0.015958,-0.011165,0.429457,0.238287,-0.019987,0.016493,0.970849,2258
276.2866,inicio,True,159.1985,33.322,5.380,14.094,True,320,240,0,False,60.00,0.1000,-0.013888,-0.012326,0.429587,0.239180,-0.013414,0.016279,0.970746,2259
276.3867,inicio,True,159.2985,33.323,5.225,17.233,True,320,240,0,False,60.00,0.1000,-0.015905,-0.012610,0.428965,0.241426,-0.010903,0.016006,0.970226,2260
276.4867,inicio,True,159.3984,33.322,5.225,17.233,True,320,240,0,False,60.00,0.1000,-0.015905,-0.012610,0.428965,0.241426,-0.010903,0.016006,0.970226,2260
276.6206,inicio,True,159.5317,33.323,5.169,12.971,True,320,240,0,False,60.00,0.1000,-0.015537,-0.013460,0.430074,0.240120,-0.015291,0.015251,0.970503,2261
276.7537,inicio,True,159.6650,33.323,5.757,17.108,True,320,240,0,False,60.00,0.1000,-0.014791,-0.015290,0.430858,0.240444,-0.015205,0.014577,0.970435,2262
276.8870,inicio,True,159.7983,33.322,2.779,11.892,True,320,240,0,False,60.00,0.1000,-0.012260,-0.016586,0.430797,0.242156,-0.011419,0.014519,0.970062,2263
277.0203,inicio,True,159.9316,33.323,5.872,17.652,True,320,240,0,False,60.00,0.1000,-0.012694,-0.021167,0.431905,0.247081,-0.007538,0.012358,0.968887,2264
277.1533,inicio,True,160.0649,33.322,3.772,16.019,True,320,240,0,False,60.00,0.1000,-0.018286,-0.019911,0.430053,0.249959,-0.016987,0.015433,0.967984,2265
277.2864,inicio,True,160.1981,33.321,5.559,14.865,True,320,240,0,False,60.00,0.1000,-0.018806,-0.018580,0.429819,0.246952,-0.010025,0.015848,0.968846,2266
277.3867,inicio,True,160.2981,33.322,5.890,12.359,True,320,240,0,False,60.00,0.1000,-0.017534,-0.018145,0.430338,0.244523,-0.016991,0.015723,0.969367,2267
277.5204,inicio,True,160.4314,33.321,5.416,12.674,True,320,240,0,False,60.00,0.1000,-0.017165,-0.019066,0.429737,0.246322,-0.012791,0.014826,0.968990,2268
277.6531,inicio,True,160.5647,33.322,5.246,13.038,True,320,240,0,False,60.00,0.1000,-0.018635,-0.019960,0.430093,0.244677,-0.024684,0.012210,0.969214,2269
277.7863,inicio,True,160.6980,33.322,5.169,12.757,True,320,240,0,False,60.00,0.1000,-0.019031,-0.018676,0.428721,0.245995,-0.014386,0.013787,0.969066,2270
277.9197,inicio,True,160.8313,33.322,5.411,13.588,True,320,240,0,False,60.00,0.1000,-0.018531,-0.019986,0.429090,0.244641,-0.027556,0.011558,0.969153,2271
278.0202,inicio,True,160.9313,33.322,5.374,15.135,True,320,240,0,False,60.00,0.1000,-0.018947,-0.020333,0.429546,0.244282,-0.018159,0.012569,0.969453,2272
278.1527,inicio,True,161.0646,33.323,2.568,12.058,True,320,240,0,False,60.00,0.1000,-0.019159,-0.019944,0.429130,0.245209,-0.017459,0.013011,0.969226,2273
278.2529,inicio,True,161.1645,33.323,5.473,16.096,True,320,240,0,False,60.00,0.1000,-0.018952,-0.019706,0.429114,0.244294,-0.022265,0.012137,0.969370,2274
278.3529,inicio,True,161.2645,33.322,5.473,16.096,True,320,240,0,False,60.00,0.1000,-0.018952,-0.019706,0.429114,0.244294,-0.022265,0.012137,0.969370,2274
278.4863,inicio,True,161.3978,33.322,5.819,12.572,True,320,240,0,False,60.00,0.1000,-0.017852,-0.019464,0.428826,0.249041,-0.017249,0.012742,0.968256,2275
278.6196,inicio,True,161.5311,33.322,6.408,11.803,True,320,240,0,False,60.00,0.1000,-0.018929,-0.018851,0.429677,0.247131,-0.015997,0.013128,0.968761,2276
278.7196,inicio,True,161.6310,33.321,5.456,12.624,True,320,240,0,False,60.00,0.1000,-0.018096,-0.018118,0.429101,0.245254,-0.018709,0.012909,0.969192,2277
278.8536,inicio,True,161.7644,33.324,5.577,15.934,True,320,240,0,False,60.00,0.1000,-0.019034,-0.016322,0.429026,0.241922,-0.016905,0.010605,0.970090,2278
278.9861,inicio,True,161.8976,33.322,2.240,15.259,True,320,240,0,False,60.00,0.1000,-0.020704,-0.015509,0.427906,0.241504,-0.027349,0.011450,0.969947,2279
279.0863,inicio,True,161.9976,33.322,6.515,18.015,True,320,240,0,False,60.00,0.1000,-0.021006,-0.016599,0.427827,0.243594,-0.015423,0.013406,0.969662,2280
279.2190,inicio,True,162.1309,33.322,4.752,12.863,True,320,240,0,False,60.00,0.1000,-0.020928,-0.016548,0.427992,0.243638,-0.016667,0.013553,0.969628,2281
279.3215,inicio,True,162.2308,33.321,5.471,15.094,True,320,240,0,False,60.00,0.1000,-0.025926,-0.014838,0.427638,0.245140,-0.017769,0.013736,0.969228,2282
279.4524,inicio,True,162.3641,33.323,5.347,15.160,True,320,240,0,False,60.00,0.1000,-0.027249,-0.014101,0.427227,0.238979,-0.033740,0.011798,0.970367,2283
279.5525,inicio,True,162.4641,33.322,5.347,15.160,True,320,240,0,False,60.00,0.1000,-0.027249,-0.014101,0.427227,0.238979,-0.033740,0.011798,0.970367,2283
279.6857,inicio,True,162.5974,33.322,5.386,15.523,True,320,240,0,False,60.00,0.1000,-0.024708,-0.016825,0.429933,0.242225,-0.023376,0.014102,0.969836,2284
279.8193,inicio,True,162.7307,33.322,5.799,17.860,True,320,240,0,False,60.00,0.1000,-0.023316,-0.017412,0.430286,0.245125,-0.021826,0.013332,0.969154,2285
279.9193,inicio,True,162.8306,33.322,6.763,16.364,True,320,240,0,False,60.00,0.1000,-0.023196,-0.017235,0.431027,0.244581,-0.023795,0.013086,0.969249,2286
280.0526,inicio,True,162.9639,33.322,5.236,15.341,True,320,240,0,False,60.00,0.1000,-0.022968,-0.016118,0.432202,0.241964,-0.019478,0.014441,0.969982,2287
280.1861,inicio,True,163.0972,33.323,5.204,18.932,True,320,240,0,False,60.00,0.1000,-0.021657,-0.014893,0.433226,0.241791,-0.021941,0.012269,0.970003,2288
280.3187,inicio,True,163.2305,33.323,5.554,17.177,True,320,240,0,False,60.00,0.1000,-0.020780,-0.015389,0.433639,0.239590,-0.027129,0.009251,0.970451,2289
280.4187,inicio,True,163.3305,33.323,2.564,15.742,True,320,240,0,False,60.00,0.1000,-0.020923,-0.015530,0.433697,0.239609,-0.027236,0.009850,0.970437,2290
280.5193,inicio,True,163.4304,33.322,5.384,15.438,True,320,240,0,False,60.00,0.1000,-0.020420,-0.015588,0.434719,0.239273,-0.025993,0.009445,0.970559,2291
280.6521,inicio,True,163.5637,33.322,5.202,15.511,True,320,240,0,False,60.00,0.1000,-0.022007,-0.015404,0.434116,0.238816,-0.029808,0.010068,0.970555,2292
280.7524,inicio,True,163.6637,33.323,5.202,15.511,True,320,240,0,False,60.00,0.1000,-0.022007,-0.015404,0.434116,0.238816,-0.029808,0.010068,0.970555,2292
280.8857,inicio,True,163.7970,33.324,5.407,15.068,True,320,240,0,False,60.00,0.1000,-0.021707,-0.015422,0.434095,0.238670,-0.025383,0.010617,0.970711,2293
281.0191,inicio,True,163.9303,33.325,6.184,15.829,True,320,240,0,False,60.00,0.1000,-0.023656,-0.015531,0.433939,0.239405,-0.024296,0.012176,0.970540,2294
281.1523,inicio,True,164.0637,33.326,5.274,17.203,True,320,240,0,False,60.00,0.1000,-0.022498,-0.013104,0.434372,0.238614,-0.023737,0.011307,0.970759,2295
281.2851,inicio,True,164.1969,33.322,5.281,16.320,True,320,240,0,False,60.00,0.1000,-0.021519,-0.017122,0.434414,0.242726,-0.025904,0.008860,0.969708,2296
281.4184,inicio,True,164.3302,33.323,2.576,13.026,True,320,240,0,False,60.00,0.1000,-0.021854,-0.016624,0.433954,0.240926,-0.013138,0.009293,0.970410,2297
281.5525,inicio,True,164.4635,33.322,5.402,14.678,True,320,240,0,False,60.00,0.1000,-0.019775,-0.015271,0.434441,0.239781,-0.017262,0.010286,0.970619,2298
281.6851,inicio,True,164.5967,33.321,5.274,18.373,True,320,240,0,False,60.00,0.1000,-0.018133,-0.017289,0.434799,0.242827,-0.016585,0.009513,0.969881,2299
281.8182,inicio,True,164.7300,33.322,2.249,15.286,True,320,240,0,False,60.00,0.1000,-0.015798,-0.018091,0.435626,0.246027,-0.010428,0.012786,0.969123,2300
281.9515,inicio,True,164.8633,33.322,5.373,14.920,True,320,240,0,False,60.00,0.1000,-0.014673,-0.014901,0.432416,0.243954,-0.009192,0.011122,0.969680,2301
282.0522,inicio,True,164.9633,33.322,3.133,18.362,True,320,240,0,False,60.00,0.1000,-0.018340,-0.018725,0.431970,0.245771,-0.014169,0.012459,0.969144,2302
282.1852,inicio,True,165.0966,33.323,2.237,13.296,True,320,240,0,False,60.00,0.1000,-0.013849,-0.021543,0.434473,0.248572,-0.018793,0.010386,0.968375,2303
282.3183,inicio,True,165.2299,33.322,6.416,15.419,True,320,240,0,False,60.00,0.1000,-0.016295,-0.020858,0.433572,0.249838,-0.006148,0.012895,0.968182,2304
282.4195,inicio,True,165.3298,33.322,5.395,17.996,True,320,240,0,False,60.00,0.1000,-0.017757,-0.021600,0.433709,0.246245,-0.023172,0.010926,0.968869,2305
282.5521,inicio,True,165.4631,33.322,2.605,20.588,True,320,240,0,False,60.00,0.1000,-0.019549,-0.023057,0.433403,0.250715,-0.014724,0.014719,0.967837,2306
282.6847,inicio,True,165.5964,33.323,5.322,12.874,True,320,240,0,False,60.00,0.1000,-0.018395,-0.023662,0.435456,0.248720,-0.028980,0.011243,0.968077,2307
282.7863,inicio,True,165.6964,33.323,5.244,16.230,True,320,240,0,False,60.00,0.1000,-0.015445,-0.023507,0.435009,0.252295,-0.022286,0.011856,0.967321,2308
282.9182,inicio,True,165.8297,33.322,2.301,14.436,True,320,240,0,False,60.00,0.1000,-0.016898,-0.021623,0.434258,0.250417,-0.018437,0.011860,0.967890,2309
283.0182,inicio,True,165.9296,33.322,2.301,14.436,True,320,240,0,False,60.00,0.1000,-0.016898,-0.021623,0.434258,0.250417,-0.018437,0.011860,0.967890,2309
283.1184,inicio,True,166.0296,33.323,5.475,19.590,True,320,240,0,False,60.00,0.1000,-0.017472,-0.022771,0.434919,0.250953,-0.008161,0.015662,0.967838,2310
283.2512,inicio,True,166.1629,33.322,4.755,15.426,True,320,240,0,False,60.00,0.1000,-0.019310,-0.023088,0.434420,0.253270,-0.012961,0.014934,0.967194,2311
283.3845,inicio,True,166.2962,33.322,4.992,19.714,True,320,240,0,False,60.00,0.1000,-0.019556,-0.025768,0.434821,0.254827,-0.020920,0.014947,0.966645,2312
283.4848,inicio,True,166.3962,33.323,5.809,11.826,True,320,240,0,False,60.00,0.1000,-0.019124,-0.032250,0.434801,0.259557,-0.014245,0.015591,0.965497,2313
283.5854,inicio,True,166.4961,33.322,4.975,17.065,True,320,240,0,False,60.00,0.1000,-0.020044,-0.036227,0.436443,0.270681,-0.014782,0.016894,0.962407,2314
283.7185,inicio,True,166.6294,33.322,2.610,12.475,True,320,240,0,False,60.00,0.1000,-0.027206,-0.039641,0.435964,0.270256,-0.019435,0.016313,0.962454,2315
283.8510,inicio,True,166.7627,33.325,7.002,15.236,True,320,240,0,False,60.00,0.1000,-0.026859,-0.039061,0.436082,0.265233,-0.019376,0.018029,0.963821,2316
283.9514,inicio,True,166.8627,33.323,7.002,15.236,True,320,240,0,False,60.00,0.1000,-0.026859,-0.039061,0.436082,0.265233,-0.019376,0.018029,0.963821,2316
284.0844,inicio,True,166.9960,33.322,3.083,13.245,True,320,240,0,False,60.00,0.1000,-0.024659,-0.042342,0.437517,0.266388,-0.021947,0.019076,0.963427,2317
284.2178,inicio,True,167.1292,33.322,6.426,14.816,True,320,240,0,False,60.00,0.1000,-0.023970,-0.041786,0.436628,0.270585,-0.016617,0.021088,0.962322,2318
284.3510,inicio,True,167.2625,33.322,5.595,12.413,True,320,240,0,False,60.00,0.1000,-0.025926,-0.042724,0.437441,0.267024,-0.015829,0.021565,0.963318,2319
284.4515,inicio,True,167.3625,33.323,5.209,11.514,True,320,240,0,False,60.00,0.1000,-0.028259,-0.042498,0.437087,0.267816,-0.022032,0.021967,0.962968,2320
284.5842,inicio,True,167.4958,33.323,5.332,12.935,True,320,240,0,False,60.00,0.1000,-0.027998,-0.042173,0.435064,0.266256,-0.022768,0.023332,0.963351,2321
284.7178,inicio,True,167.6291,33.323,5.416,16.119,True,320,240,0,False,60.00,0.1000,-0.025301,-0.041827,0.431481,0.266873,-0.019020,0.023010,0.963269,2322
284.8511,inicio,True,167.7624,33.322,6.781,15.560,True,320,240,0,False,60.00,0.1000,-0.025024,-0.041083,0.438989,0.266302,-0.015709,0.023490,0.963476,2323
284.9842,inicio,True,167.8957,33.324,5.666,15.858,True,320,240,0,False,60.00,0.1000,-0.027180,-0.038675,0.440110,0.265747,-0.018811,0.023195,0.963580,2324
285.1175,inicio,True,168.0290,33.322,5.203,12.784,True,320,240,0,False,60.00,0.1000,-0.029064,-0.038754,0.442112,0.264336,-0.018097,0.023174,0.963982,2325
285.2505,inicio,True,168.1623,33.324,5.396,15.181,True,320,240,0,False,60.00,0.1000,-0.028508,-0.039252,0.445982,0.265482,-0.022051,0.022209,0.963608,2326
285.3506,inicio,True,168.2622,33.323,5.013,14.469,True,320,240,0,False,60.00,0.1000,-0.028336,-0.039185,0.449219,0.263878,-0.019399,0.022428,0.964100,2327
285.4510,inicio,True,168.3622,33.321,5.768,12.461,True,320,240,0,False,60.00,0.1000,-0.028100,-0.037951,0.441263,0.264345,-0.024615,0.022293,0.963856,2328
285.5510,inicio,True,168.4621,33.321,5.768,12.461,True,320,240,0,False,60.00,0.1000,-0.028100,-0.037951,0.441263,0.264345,-0.024615,0.022293,0.963856,2328
285.6838,inicio,True,168.5954,33.321,4.948,10.594,True,320,240,0,False,60.00,0.1000,-0.029134,-0.038192,0.441679,0.263874,-0.021042,0.022111,0.964074,2329
285.7843,inicio,True,168.6954,33.322,5.774,11.025,True,320,240,0,False,60.00,0.1000,-0.028565,-0.037562,0.441038,0.263970,-0.021764,0.022778,0.964016,2330
285.9172,inicio,True,168.8287,33.324,5.516,15.780,True,320,240,0,False,60.00,0.1000,-0.027440,-0.038139,0.442074,0.264209,-0.021630,0.022634,0.963957,2331
286.0174,inicio,True,168.9287,33.323,6.104,10.919,True,320,240,0,False,60.00,0.1000,-0.027418,-0.038159,0.442154,0.264636,-0.018160,0.022796,0.963908,2332
286.1176,inicio,True,169.0286,33.323,4.691,11.488,True,320,240,0,False,60.00,0.1000,-0.027361,-0.038638,0.442821,0.264163,-0.019576,0.022327,0.964021,2333
286.2508,inicio,True,169.1619,33.323,5.417,14.143,True,320,240,0,False,60.00,0.1000,-0.027375,-0.038681,0.442434,0.266197,-0.017605,0.023686,0.963467,2334
286.3845,inicio,True,169.2952,33.322,5.151,15.659,True,320,240,0,False,60.00,0.1000,-0.026896,-0.038682,0.442139,0.266200,-0.015441,0.023549,0.963507,2335
286.4847,inicio,True,169.3952,33.322,5.151,15.659,True,320,240,0,False,60.00,0.1000,-0.026896,-0.038682,0.442139,0.266200,-0.015441,0.023549,0.963507,2335
286.6167,inicio,True,169.5285,33.322,2.921,13.020,True,320,240,0,False,60.00,0.1000,-0.026888,-0.039060,0.442654,0.266485,-0.015992,0.024108,0.963405,2336
286.7167,inicio,True,169.6284,33.321,5.031,14.260,True,320,240,0,False,60.00,0.1000,-0.027889,-0.038947,0.442737,0.265203,-0.016958,0.024134,0.963742,2337
286.8170,inicio,True,169.7284,33.323,4.923,13.830,True,320,240,0,False,60.00,0.1000,-0.027866,-0.039361,0.443345,0.264711,-0.021413,0.023728,0.963798,2338
286.9500,inicio,True,169.8617,33.323,7.437,12.266,True,320,240,0,False,60.00,0.1000,-0.027525,-0.038990,0.443199,0.266721,-0.015624,0.024603,0.963333,2339
287.0505,inicio,True,169.9617,33.323,5.809,12.257,True,320,240,0,False,60.00,0.1000,-0.027317,-0.038729,0.443457,0.267117,-0.017839,0.023021,0.963224,2340
287.1833,inicio,True,170.0949,33.322,4.885,11.042,True,320,240,0,False,60.00,0.1000,-0.026587,-0.038504,0.443428,0.266200,-0.020023,0.023186,0.963431,2341
287.2836,inicio,True,170.1949,33.322,4.885,11.042,True,320,240,0,False,60.00,0.1000,-0.026587,-0.038504,0.443428,0.266200,-0.020023,0.023186,0.963431,2341
287.4172,inicio,True,170.3282,33.322,4.850,12.875,True,320,240,0,False,60.00,0.1000,-0.025841,-0.038909,0.444459,0.266490,-0.018257,0.023106,0.963388,2342
287.5496,inicio,True,170.4615,33.324,7.028,9.851,True,320,240,0,False,60.00,0.1000,-0.026020,-0.037774,0.444630,0.263883,-0.018001,0.022818,0.964117,2343
287.6501,inicio,True,170.5615,33.323,5.224,13.901,True,320,240,0,False,60.00,0.1000,-0.024313,-0.034983,0.445528,0.261389,-0.016834,0.021676,0.964843,2344
287.7830,inicio,True,170.6948,33.323,6.103,13.767,True,320,240,0,False,60.00,0.1000,-0.023324,-0.034198,0.445328,0.262653,-0.014085,0.020749,0.964564,2345
287.8832,inicio,True,170.7947,33.322,5.549,13.598,True,320,240,0,False,60.00,0.1000,-0.024255,-0.035244,0.445665,0.261911,-0.017382,0.020557,0.964717,2346
287.9833,inicio,True,170.8947,33.321,6.573,11.008,True,320,240,0,False,60.00,0.1000,-0.023961,-0.035435,0.445646,0.263565,-0.012926,0.020791,0.964331,2347
288.1163,inicio,True,171.0279,33.321,6.248,16.566,True,320,240,0,False,60.00,0.1000,-0.024542,-0.034893,0.445494,0.262922,-0.016181,0.020073,0.964473,2348
288.2165,inicio,True,171.1279,33.322,6.248,16.566,True,320,240,0,False,60.00,0.1000,-0.024542,-0.034893,0.445494,0.262922,-0.016181,0.020073,0.964473,2348
288.3495,inicio,True,171.2612,33.322,6.959,15.010,True,320,240,0,False,60.00,0.1000,-0.024763,-0.035175,0.445756,0.262666,-0.013521,0.020525,0.964574,2349
288.4495,inicio,True,171.3612,33.324,5.969,12.725,True,320,240,0,False,60.00,0.1000,-0.024727,-0.035387,0.445823,0.261910,-0.016527,0.020523,0.964733,2350
288.5828,inicio,True,171.4945,33.322,5.864,14.680,True,320,240,0,False,60.00,0.1000,-0.024598,-0.037716,0.446583,0.264259,-0.014275,0.020135,0.964136,2351
288.7165,inicio,True,171.6278,33.322,6.477,15.930,True,320,240,0,False,60.00,0.1000,-0.024377,-0.038673,0.446693,0.264605,-0.012328,0.019923,0.964072,2352
288.8497,inicio,True,171.7611,33.323,5.729,13.774,True,320,240,0,False,60.00,0.1000,-0.022547,-0.039430,0.447049,0.266591,-0.013053,0.020236,0.963509,2353
288.9827,inicio,True,171.8943,33.322,5.506,13.368,True,320,240,0,False,60.00,0.1000,-0.023258,-0.039286,0.446121,0.267257,-0.014129,0.020502,0.963304,2354
289.0829,inicio,True,171.9943,33.322,6.099,14.194,True,320,240,0,False,60.00,0.1000,-0.022657,-0.039738,0.446790,0.267559,-0.012119,0.020773,0.963241,2355
289.2163,inicio,True,172.1276,33.322,4.949,13.605,True,320,240,0,False,60.00,0.1000,-0.023078,-0.039657,0.446308,0.267813,-0.015165,0.020862,0.963126,2356
289.3494,inicio,True,172.2609,33.322,5.348,15.085,True,320,240,0,False,60.00,0.1000,-0.022741,-0.039172,0.447078,0.267841,-0.017764,0.020206,0.963087,2357
289.4496,inicio,True,172.3609,33.323,6.283,13.342,True,320,240,0,False,60.00,0.1000,-0.022696,-0.038949,0.446789,0.266812,-0.011213,0.021005,0.963454,2358
289.5499,inicio,True,172.4608,33.322,6.283,13.342,True,320,240,0,False,60.00,0.1000,-0.022696,-0.038949,0.446789,0.266812,-0.011213,0.021005,0.963454,2358
289.6828,inicio,True,172.5941,33.323,6.573,15.988,True,320,240,0,False,60.00,0.1000,-0.022309,-0.038926,0.446809,0.266232,-0.009817,0.020429,0.963643,2359
289.8160,inicio,True,172.7274,33.322,2.575,17.565,True,320,240,0,False,60.00,0.1000,-0.022236,-0.038905,0.447194,0.265704,-0.013845,0.021222,0.963722,2360
289.9167,inicio,True,172.8274,33.323,5.235,14.511,True,320,240,0,False,60.00,0.1000,-0.022378,-0.038711,0.447025,0.264467,-0.008949,0.021015,0.964124,2361
290.0499,inicio,True,172.9607,33.322,6.460,19.405,True,320,240,0,False,60.00,0.1000,-0.021964,-0.038871,0.447148,0.267400,-0.009307,0.020139,0.963330,2362
290.1823,inicio,True,173.0940,33.322,2.960,12.420,True,320,240,0,False,60.00,0.1000,-0.021856,-0.038068,0.446238,0.265550,-0.010188,0.021251,0.963809,2363
290.2830,inicio,True,173.1939,33.323,6.365,11.829,True,320,240,0,False,60.00,0.1000,-0.022057,-0.038836,0.447025,0.265735,-0.012828,0.020929,0.963734,2364
290.4154,inicio,True,173.3272,33.323,6.369,12.797,True,320,240,0,False,60.00,0.1000,-0.022462,-0.038689,0.446749,0.266610,-0.010912,0.021917,0.963494,2365
290.5155,inicio,True,173.4272,33.323,5.090,17.360,True,320,240,0,False,60.00,0.1000,-0.022366,-0.038941,0.447016,0.265914,-0.011948,0.021540,0.963682,2366
290.6160,inicio,True,173.5272,33.323,5.090,17.360,True,320,240,0,False,60.00,0.1000,-0.022366,-0.038941,0.447016,0.265914,-0.011948,0.021540,0.963682,2366
290.7492,inicio,True,173.6605,33.322,2.250,16.511,True,320,240,0,False,60.00,0.1000,-0.023665,-0.038840,0.446257,0.269044,-0.012161,0.022139,0.962797,2367
290.8492,inicio,True,173.7604,33.322,5.584,15.216,True,320,240,0,False,60.00,0.1000,-0.023260,-0.038925,0.446349,0.268941,-0.012740,0.022852,0.962801,2368
290.9820,inicio,True,173.8937,33.321,3.210,16.250,True,320,240,0,False,60.00,0.1000,-0.023892,-0.038476,0.446766,0.267967,-0.009239,0.023299,0.963102,2369
291.0822,inicio,True,173.9936,33.321,6.278,15.472,True,320,240,0,False,60.00,0.1000,-0.023589,-0.037160,0.446519,0.266009,-0.014225,0.021690,0.963622,2370
291.2157,inicio,True,174.1269,33.322,5.926,13.309,True,320,240,0,False,60.00,0.1000,-0.023620,-0.037011,0.446071,0.267734,-0.014795,0.022063,0.963127,2371
291.3486,inicio,True,174.2602,33.322,6.104,14.696,True,320,240,0,False,60.00,0.1000,-0.023760,-0.037321,0.446579,0.266509,-0.013971,0.021800,0.963485,2372
291.4488,inicio,True,174.3602,33.323,5.625,14.729,True,320,240,0,False,60.00,0.1000,-0.023959,-0.036651,0.446353,0.268014,-0.014471,0.022679,0.963039,2373
291.5825,inicio,True,174.4936,33.328,6.314,13.953,True,320,240,0,False,60.00,0.1000,-0.024552,-0.035283,0.446147,0.263194,-0.017728,0.023068,0.964304,2374
291.7156,inicio,True,174.6268,33.324,5.708,15.867,True,320,240,0,False,60.00,0.1000,-0.024921,-0.035784,0.446378,0.263318,-0.016754,0.024205,0.964260,2375
291.8487,inicio,True,174.7602,33.326,2.702,14.394,True,320,240,0,False,60.00,0.1000,-0.024606,-0.036340,0.446421,0.264306,-0.012747,0.024229,0.964050,2376
291.9825,inicio,True,174.8934,33.323,5.484,15.471,True,320,240,0,False,60.00,0.1000,-0.025093,-0.036193,0.446646,0.265274,-0.016280,0.024517,0.963724,2377
292.1158,inicio,True,175.0267,33.323,5.855,14.555,True,320,240,0,False,60.00,0.1000,-0.023256,-0.037094,0.447087,0.265277,-0.014619,0.022717,0.963794,2378
292.2484,inicio,True,175.1600,33.322,5.869,13.864,True,320,240,0,False,60.00,0.1000,-0.022316,-0.037859,0.448164,0.264557,-0.014195,0.022513,0.964003,2379
292.3822,inicio,True,175.2932,33.321,6.195,14.410,True,320,240,0,False,60.00,0.1000,-0.022836,-0.037015,0.447542,0.265366,-0.016904,0.022664,0.963733,2380
292.5152,inicio,True,175.4266,33.323,5.545,16.919,True,320,240,0,False,60.00,0.1000,-0.021898,-0.037399,0.447842,0.265454,-0.011924,0.021794,0.963803,2381
292.6487,inicio,True,175.5598,33.322,6.526,14.360,True,320,240,0,False,60.00,0.1000,-0.020986,-0.037557,0.448139,0.264431,-0.015724,0.022776,0.964007,2382
292.7812,inicio,True,175.6931,33.322,7.332,16.502,True,320,240,0,False,60.00,0.1000,-0.020028,-0.037591,0.447737,0.264031,-0.009651,0.021824,0.964219,2383
292.8816,inicio,True,175.7931,33.322,7.332,16.502,True,320,240,0,False,60.00,0.1000,-0.020028,-0.037591,0.447737,0.264031,-0.009651,0.021824,0.964219,2383
293.0146,inicio,True,175.9264,33.321,6.053,15.395,True,320,240,0,False,60.00,0.1000,-0.021983,-0.037745,0.447514,0.265338,-0.011405,0.023820,0.963794,2384
293.1149,inicio,True,176.0264,33.322,4.145,14.861,True,320,240,0,False,60.00,0.1000,-0.020312,-0.037556,0.447745,0.265622,-0.013077,0.022430,0.963728,2385
293.2489,inicio,True,176.1596,33.322,5.898,16.950,True,320,240,0,False,60.00,0.1000,-0.019871,-0.037216,0.447261,0.266339,-0.015452,0.022768,0.963487,2386
293.3813,inicio,True,176.2929,33.322,7.044,12.781,True,320,240,0,False,60.00,0.1000,-0.018358,-0.037039,0.447268,0.264877,-0.015023,0.023923,0.963868,2387
293.4814,inicio,True,176.3929,33.324,5.885,12.827,True,320,240,0,False,60.00,0.1000,-0.018578,-0.038958,0.448058,0.264995,-0.016152,0.024607,0.963801,2388
293.6144,inicio,True,176.5262,33.324,5.781,14.430,True,320,240,0,False,60.00,0.1000,-0.018479,-0.037544,0.448038,0.266591,-0.012250,0.022749,0.963464,2389
293.7144,inicio,True,176.6262,33.323,6.010,15.985,True,320,240,0,False,60.00,0.1000,-0.022628,-0.035669,0.445820,0.263301,-0.016548,0.024210,0.964268,2390
293.8153,inicio,True,176.7262,33.323,6.010,15.985,True,320,240,0,False,60.00,0.1000,-0.022628,-0.035669,0.445820,0.263301,-0.016548,0.024210,0.964268,2390
293.9479,inicio,True,176.8594,33.322,2.381,15.780,True,320,240,0,False,60.00,0.1000,-0.020885,-0.040899,0.446405,0.267654,-0.015704,0.024460,0.963077,2391
294.0814,inicio,True,176.9927,33.321,6.317,15.326,True,320,240,0,False,60.00,0.1000,-0.022654,-0.046237,0.447560,0.273593,-0.013970,0.024294,0.961437,2392
294.1815,inicio,True,177.0926,33.320,6.064,11.800,True,320,240,0,False,60.00,0.1000,-0.025224,-0.043266,0.447180,0.270388,-0.016549,0.025100,0.962282,2393
294.3143,inicio,True,177.2259,33.321,5.846,13.820,True,320,240,0,False,60.00,0.1000,-0.029021,-0.045439,0.447058,0.272718,-0.024741,0.025542,0.961437,2394
294.4146,inicio,True,177.3260,33.324,5.915,12.492,True,320,240,0,False,60.00,0.1000,-0.025775,-0.047376,0.448005,0.275389,-0.015065,0.025417,0.960879,2395
294.5476,inicio,True,177.4592,33.322,5.635,15.261,True,320,240,0,False,60.00,0.1000,-0.022315,-0.048324,0.448603,0.275097,-0.017222,0.023822,0.960967,2396
294.6477,inicio,True,177.5592,33.322,5.220,15.199,True,320,240,0,False,60.00,0.1000,-0.021792,-0.048739,0.448019,0.276436,-0.010381,0.023547,0.960688,2397
294.7478,inicio,True,177.6591,33.322,5.220,15.199,True,320,240,0,False,60.00,0.1000,-0.021792,-0.048739,0.448019,0.276436,-0.010381,0.023547,0.960688,2397
294.8811,inicio,True,177.7924,33.322,5.053,14.116,True,320,240,0,False,60.00,0.1000,-0.023388,-0.049084,0.448078,0.275713,-0.015951,0.023803,0.960813,2398
295.0142,inicio,True,177.9258,33.325,5.238,10.112,True,320,240,0,False,60.00,0.1000,-0.022980,-0.048254,0.448843,0.273487,-0.021257,0.023881,0.961344,2399
295.1146,inicio,True,178.0257,33.323,5.452,9.776,True,320,240,0,False,60.00,0.1000,-0.021778,-0.047386,0.448503,0.276502,-0.014541,0.023626,0.960613,2400
295.2149,inicio,True,178.1257,33.322,5.200,10.960,True,320,240,0,False,60.00,0.1000,-0.019738,-0.048186,0.448979,0.276371,-0.017342,0.021544,0.960653,2401
295.3475,inicio,True,178.2589,33.321,6.085,15.859,True,320,240,0,False,60.00,0.1000,-0.019405,-0.047740,0.449329,0.275082,-0.010502,0.022488,0.961100,2402
295.4805,inicio,True,178.3922,33.321,2.319,15.596,True,320,240,0,False,60.00,0.1000,-0.018917,-0.046268,0.450346,0.275209,-0.016569,0.022289,0.960983,2403
295.5807,inicio,True,178.4922,33.323,4.317,12.495,True,320,240,0,False,60.00,0.1000,-0.019403,-0.041727,0.449351,0.273264,-0.011991,0.022097,0.961611,2404
295.6810,inicio,True,178.5922,33.323,4.317,12.495,True,320,240,0,False,60.00,0.1000,-0.019403,-0.041727,0.449351,0.273264,-0.011991,0.022097,0.961611,2404
295.8141,inicio,True,178.7255,33.322,4.968,15.277,True,320,240,0,False,60.00,0.1000,-0.015956,-0.037229,0.453379,0.255633,-0.011212,0.025225,0.966380,2405
295.9476,inicio,True,178.8588,33.323,5.550,17.821,True,320,240,0,False,60.00,0.1000,0.000551,-0.048967,0.455677,0.273215,0.010026,0.022383,0.961640,2406
296.0807,inicio,True,178.9921,33.324,5.487,12.717,True,320,240,0,False,60.00,0.1000,-0.008892,-0.051019,0.452252,0.272649,0.009614,0.028524,0.961642,2407
296.2145,inicio,True,179.1253,33.322,7.871,13.883,True,320,240,0,False,60.00,0.1000,-0.016303,-0.050812,0.448113,0.271115,-0.007921,0.029565,0.962060,2408
296.3473,inicio,True,179.2586,33.323,2.833,14.957,True,320,240,0,False,60.00,0.1000,-0.018679,-0.058051,0.448670,0.276346,-0.005051,0.033635,0.960456,2409
296.4476,inicio,True,179.3586,33.322,5.450,13.903,True,320,240,0,False,60.00,0.1000,-0.012814,-0.060264,0.450384,0.280965,0.003719,0.032252,0.959169,2410
296.5808,inicio,True,179.4919,33.322,6.826,17.308,True,320,240,0,False,60.00,0.1000,-0.016683,-0.056272,0.449476,0.272566,-0.001927,0.030861,0.961640,2411
296.7137,inicio,True,179.6252,33.321,3.006,10.687,True,320,240,0,False,60.00,0.1000,-0.017365,-0.057121,0.447873,0.277945,-0.001891,0.033465,0.960012,2412
296.8467,inicio,True,179.7584,33.322,6.013,9.435,True,320,240,0,False,60.00,0.1000,-0.016136,-0.056689,0.445508,0.284204,-0.000463,0.032681,0.958207,2413
296.9805,inicio,True,179.8918,33.323,6.154,10.836,True,320,240,0,False,60.00,0.1000,-0.016389,-0.057344,0.447160,0.278087,-0.009188,0.032443,0.959964,2414
297.1136,inicio,True,180.0250,33.322,6.355,9.201,True,320,240,0,False,60.00,0.1000,-0.022180,-0.060055,0.444346,0.281938,-0.014561,0.034679,0.958695,2415
297.2470,inicio,True,180.1583,33.323,5.505,10.243,True,320,240,0,False,60.00,0.1000,-0.021318,-0.070274,0.448782,0.283117,-0.007041,0.037169,0.958339,2416
297.3801,inicio,True,180.2916,33.322,6.707,12.710,True,320,240,0,False,60.00,0.1000,-0.009804,-0.071123,0.447766,0.289006,0.012045,0.032694,0.956693,2417
297.5133,inicio,True,180.4249,33.322,6.131,15.658,True,320,240,0,False,60.00,0.1000,-0.017241,-0.070268,0.438903,0.297744,-0.003598,0.035426,0.953982,2418
297.6472,inicio,True,180.5582,33.322,4.721,12.778,True,320,240,0,False,60.00,0.1000,-0.015099,-0.067262,0.435095,0.299387,-0.000375,0.035245,0.953481,2419
297.7472,inicio,False,180.5915,33.322,6.179,7.916,True,320,240,0,False,60.00,0.1000,-0.015099,-0.067262,0.435095,0.299387,-0.000375,0.035245,0.953481,2420
297.8484,inicio,False,180.5915,33.322,6.425,7.642,True,320,240,0,False,60.00,0.1000,-0.015099,-0.067262,0.435095,0.299387,-0.000375,0.035245,0.953481,2421
297.9798,inicio,False,180.5915,33.324,8.135,6.332,True,320,240,0,False,60.00,0.1000,-0.015099,-0.067262,0.435095,0.299387,-0.000375,0.035245,0.953481,2422
298.0824,inicio,False,180.5915,33.322,8.135,6.332,True,320,240,0,False,60.00,0.1000,-0.015099,-0.067262,0.435095,0.299387,-0.000375,0.035245,0.953481,2422
298.2132,inicio,False,180.5915,33.322,5.439,8.268,True,320,240,0,False,60.00,0.1000,-0.015099,-0.067262,0.435095,0.299387,-0.000375,0.035245,0.953481,2423
298.3133,inicio,False,180.5915,33.322,5.491,15.231,True,320,240,0,False,60.00,0.1000,-0.015099,-0.067262,0.435095,0.299387,-0.000375,0.035245,0.953481,2424
298.4462,inicio,False,180.5915,33.322,6.085,11.967,True,320,240,0,False,60.00,0.1000,-0.015099,-0.067262,0.435095,0.299387,-0.000375,0.035245,0.953481,2425
298.5473,inicio,False,180.5915,33.324,6.340,13.292,True,320,240,0,False,60.00,0.1000,-0.015099,-0.067262,0.435095,0.299387,-0.000375,0.035245,0.953481,2426
298.6808,inicio,False,180.5915,33.325,5.934,19.227,True,320,240,0,False,60.00,0.1000,-0.015099,-0.067262,0.435095,0.299387,-0.000375,0.035245,0.953481,2427
298.8132,inicio,False,180.5915,33.323,6.215,19.369,True,320,240,0,False,60.00,0.1000,-0.015099,-0.067262,0.435095,0.299387,-0.000375,0.035245,0.953481,2428
298.9137,inicio,False,180.5915,33.322,3.258,13.993,True,320,240,0,False,60.00,0.1000,-0.015099,-0.067262,0.435095,0.299387,-0.000375,0.035245,0.953481,2429
299.0462,inicio,False,180.5915,33.322,6.189,1.379,True,320,240,0,False,60.00,0.1000,-0.015099,-0.067262,0.435095,0.299387,-0.000375,0.035245,0.953481,2430
299.1469,inicio,False,180.5915,33.325,6.189,1.379,True,320,240,0,False,60.00,0.1000,-0.015099,-0.067262,0.435095,0.299387,-0.000375,0.035245,0.953481,2430
299.2803,inicio,False,180.5915,33.321,4.098,1.759,True,320,240,0,False,60.00,0.1000,-0.015099,-0.067262,0.435095,0.299387,-0.000375,0.035245,0.953481,2431
299.4153,inicio,False,180.5915,33.325,5.494,1.414,True,320,240,0,False,60.00,0.1000,-0.015099,-0.067262,0.435095,0.299387,-0.000375,0.035245,0.953481,2432
299.5468,inicio,False,180.5915,33.326,5.660,1.714,True,320,240,0,False,60.00,0.1000,-0.015099,-0.067262,0.435095,0.299387,-0.000375,0.035245,0.953481,2433
299.6800,inicio,False,180.5915,33.322,5.883,1.632,True,320,240,0,False,60.00,0.1000,-0.015099,-0.067262,0.435095,0.299387,-0.000375,0.035245,0.953481,2434
299.8128,inicio,False,180.5915,33.321,2.687,3.693,True,320,240,0,False,60.00,0.1000,-0.015099,-0.067262,0.435095,0.299387,-0.000375,0.035245,0.953481,2435
299.9129,inicio,False,180.5915,33.321,6.145,1.683,True,320,240,0,False,60.00,0.1000,-0.015099,-0.067262,0.435095,0.299387,-0.000375,0.035245,0.953481,2436
300.0129,inicio,False,180.5915,33.323,5.814,1.813,True,320,240,0,False,60.00,0.1000,-0.015099,-0.067262,0.435095,0.299387,-0.000375,0.035245,0.953481,2437
300.1462,inicio,False,180.5915,33.321,6.644,1.624,True,320,240,0,False,60.00,0.1000,-0.015099,-0.067262,0.435095,0.299387,-0.000375,0.035245,0.953481,2438
300.2464,inicio,False,180.5915,33.321,13.416,2.129,True,320,240,0,False,60.00,0.1000,-0.015099,-0.067262,0.435095,0.299387,-0.000375,0.035245,0.953481,2439
300.3789,inicio,False,180.5915,33.320,5.722,1.432,True,320,240,0,False,60.00,0.1000,-0.015099,-0.067262,0.435095,0.299387,-0.000375,0.035245,0.953481,2440
300.4791,inicio,False,180.5915,33.321,5.722,1.432,True,320,240,0,False,60.00,0.1000,-0.015099,-0.067262,0.435095,0.299387,-0.000375,0.035245,0.953481,2440
300.6131,inicio,False,180.5915,33.322,5.578,1.631,True,320,240,0,False,60.00,0.1000,-0.015099,-0.067262,0.435095,0.299387,-0.000375,0.035245,0.953481,2441
300.7465,inicio,False,180.5915,33.322,5.811,1.518,True,320,240,0,False,60.00,0.1000,-0.015099,-0.067262,0.435095,0.299387,-0.000375,0.035245,0.953481,2442
300.8798,inicio,False,180.5915,33.322,6.138,1.724,True,320,240,0,False,60.00,0.1000,-0.015099,-0.067262,0.435095,0.299387,-0.000375,0.035245,0.953481,2443
301.0134,inicio,False,180.5915,33.322,5.985,2.569,True,320,240,0,False,60.00,0.1000,-0.015099,-0.067262,0.435095,0.299387,-0.000375,0.035245,0.953481,2444
301.1457,inicio,False,180.5915,33.322,5.941,1.435,True,320,240,0,False,60.00,0.1000,-0.015099,-0.067262,0.435095,0.299387,-0.000375,0.035245,0.953481,2445
301.2789,inicio,False,180.5915,33.322,7.754,1.620,True,320,240,0,False,60.00,0.1000,-0.015099,-0.067262,0.435095,0.299387,-0.000375,0.035245,0.953481,2446
301.4133,inicio,False,180.5915,33.322,6.321,1.712,True,320,240,0,False,60.00,0.1000,-0.015099,-0.067262,0.435095,0.299387,-0.000375,0.035245,0.953481,2447
301.5459,inicio,False,180.5915,33.323,6.045,1.675,True,320,240,0,False,60.00,0.1000,-0.015099,-0.067262,0.435095,0.299387,-0.000375,0.035245,0.953481,2448
301.6787,inicio,False,180.5915,33.322,12.475,2.005,True,320,240,0,False,60.00,0.1000,-0.015099,-0.067262,0.435095,0.299387,-0.000375,0.035245,0.953481,2449
301.7808,inicio,False,180.5915,33.324,5.297,1.595,True,320,240,0,False,60.00,0.1000,-0.015099,-0.067262,0.435095,0.299387,-0.000375,0.035245,0.953481,2450
301.9120,inicio,False,180.5915,33.321,5.564,1.780,True,320,240,0,False,60.00,0.1000,-0.015099,-0.067262,0.435095,0.299387,-0.000375,0.035245,0.953481,2451
302.0124,inicio,False,180.5915,33.323,6.911,1.491,True,320,240,0,False,60.00,0.1000,-0.015099,-0.067262,0.435095,0.299387,-0.000375,0.035245,0.953481,2452
302.1451,inicio,False,180.5915,33.322,6.387,1.464,True,320,240,0,False,60.00,0.1000,-0.015099,-0.067262,0.435095,0.299387,-0.000375,0.035245,0.953481,2453
302.2453,inicio,False,180.5915,33.321,5.364,1.520,True,320,240,0,False,60.00,0.1000,-0.015099,-0.067262,0.435095,0.299387,-0.000375,0.035245,0.953481,2454
302.3455,inicio,False,180.5915,33.323,5.364,1.520,True,320,240,0,False,60.00,0.1000,-0.015099,-0.067262,0.435095,0.299387,-0.000375,0.035245,0.953481,2454
302.4843,inicio,False,180.5915,33.322,6.982,1.992,True,320,240,0,False,60.00,0.1000,-0.015099,-0.067262,0.435095,0.299387,-0.000375,0.035245,0.953481,2455
302.6124,inicio,False,180.5915,33.325,6.184,3.668,True,320,240,0,False,60.00,0.1000,-0.015099,-0.067262,0.435095,0.299387,-0.000375,0.035245,0.953481,2456
302.7451,inicio,False,180.5915,33.324,5.635,1.535,True,320,240,0,False,60.00,0.1000,-0.015099,-0.067262,0.435095,0.299387,-0.000375,0.035245,0.953481,2457
302.8456,inicio,False,180.5915,33.322,5.900,1.717,True,320,240,0,False,60.00,0.1000,-0.015099,-0.067262,0.435095,0.299387,-0.000375,0.035245,0.953481,2458
302.9781,inicio,False,180.5915,33.320,5.772,1.384,True,320,240,0,False,60.00,0.1000,-0.015099,-0.067262,0.435095,0.299387,-0.000375,0.035245,0.953481,2459
303.0783,inicio,False,180.5915,33.320,7.009,1.674,True,320,240,0,False,60.00,0.1000,-0.015099,-0.067262,0.435095,0.299387,-0.000375,0.035245,0.953481,2460
303.2115,inicio,False,180.5915,33.320,5.434,1.445,True,320,240,0,False,60.00,0.1000,-0.015099,-0.067262,0.435095,0.299387,-0.000375,0.035245,0.953481,2461
303.3447,inicio,False,180.5915,33.322,5.575,2.422,True,320,240,0,False,60.00,0.1000,-0.015099,-0.067262,0.435095,0.299387,-0.000375,0.035245,0.953481,2462
303.4451,inicio,False,180.5915,33.321,5.526,1.665,True,320,240,0,False,60.00,0.1000,-0.015099,-0.067262,0.435095,0.299387,-0.000375,0.035245,0.953481,2463
303.5451,inicio,False,180.5915,33.321,5.526,1.665,True,320,240,0,False,60.00,0.1000,-0.015099,-0.067262,0.435095,0.299387,-0.000375,0.035245,0.953481,2463
303.6782,inicio,False,180.5915,33.321,4.683,1.926,True,320,240,0,False,60.00,0.1000,-0.015099,-0.067262,0.435095,0.299387,-0.000375,0.035245,0.953481,2464
303.8111,inicio,False,180.5915,33.322,5.535,3.586,True,320,240,0,False,60.00,0.1000,-0.015099,-0.067262,0.435095,0.299387,-0.000375,0.035245,0.953481,2465
303.9112,inicio,False,180.5915,33.322,6.487,1.668,True,320,240,0,False,60.00,0.1000,-0.015099,-0.067262,0.435095,0.299387,-0.000375,0.035245,0.953481,2466
304.0116,inicio,False,180.5915,33.322,7.513,1.997,True,320,240,0,False,60.00,0.1000,-0.015099,-0.067262,0.435095,0.299387,-0.000375,0.035245,0.953481,2467
304.1444,inicio,False,180.5915,33.322,6.004,1.459,True,320,240,0,False,60.00,0.1000,-0.015099,-0.067262,0.435095,0.299387,-0.000375,0.035245,0.953481,2468
304.2447,inicio,False,180.5915,33.323,5.746,1.732,True,320,240,0,False,60.00,0.1000,-0.015099,-0.067262,0.435095,0.299387,-0.000375,0.035245,0.953481,2469
304.3449,inicio,False,180.5915,33.323,5.746,1.732,True,320,240,0,False,60.00,0.1000,-0.015099,-0.067262,0.435095,0.299387,-0.000375,0.035245,0.953481,2469
304.4778,inicio,False,180.5915,33.323,5.498,1.811,True,320,240,0,False,60.00,0.1000,-0.015099,-0.067262,0.435095,0.299387,-0.000375,0.035245,0.953481,2470
304.5779,inicio,False,180.5915,33.323,2.756,3.161,True,320,240,0,False,60.00,0.1000,-0.015099,-0.067262,0.435095,0.299387,-0.000375,0.035245,0.953481,2471
304.6780,inicio,False,180.5915,33.322,5.128,1.447,True,320,240,0,False,60.00,0.1000,-0.015099,-0.067262,0.435095,0.299387,-0.000375,0.035245,0.953481,2472
304.8116,inicio,False,180.5915,33.323,7.242,2.299,True,320,240,0,False,60.00,0.1000,-0.015099,-0.067262,0.435095,0.299387,-0.000375,0.035245,0.953481,2473
304.9132,inicio,False,180.5915,33.323,4.609,1.748,True,320,240,0,False,60.00,0.1000,-0.015099,-0.067262,0.435095,0.299387,-0.000375,0.035245,0.953481,2474
305.0442,inicio,False,180.5915,33.321,5.281,1.568,True,320,240,0,False,60.00,0.1000,-0.015099,-0.067262,0.435095,0.299387,-0.000375,0.035245,0.953481,2475
305.1789,inicio,False,180.5915,33.321,4.842,1.656,True,320,240,0,False,60.00,0.1000,-0.015099,-0.067262,0.435095,0.299387,-0.000375,0.035245,0.953481,2476
305.3129,inicio,False,180.5915,33.322,4.969,2.087,True,320,240,0,False,60.00,0.1000,-0.015099,-0.067262,0.435095,0.299387,-0.000375,0.035245,0.953481,2477
305.4445,inicio,False,180.5915,33.323,5.752,1.983,True,320,240,0,False,60.00,0.1000,-0.015099,-0.067262,0.435095,0.299387,-0.000375,0.035245,0.953481,2478
305.5773,inicio,False,180.5915,33.324,5.663,1.779,True,320,240,0,False,60.00,0.1000,-0.015099,-0.067262,0.435095,0.299387,-0.000375,0.035245,0.953481,2479
305.6777,inicio,False,180.5915,33.323,5.116,1.509,True,320,240,0,False,60.00,0.1000,-0.015099,-0.067262,0.435095,0.299387,-0.000375,0.035245,0.953481,2480
305.7799,inicio,False,180.5915,33.322,4.659,1.453,True,320,240,0,False,60.00,0.1000,-0.015099,-0.067262,0.435095,0.299387,-0.000375,0.035245,0.953481,2481
305.9106,inicio,False,180.5915,33.322,5.671,1.472,True,320,240,0,False,60.00,0.1000,-0.015099,-0.067262,0.435095,0.299387,-0.000375,0.035245,0.953481,2482
306.0454,inicio,False,180.5915,33.321,5.455,1.951,True,320,240,0,False,60.00,0.1000,-0.015099,-0.067262,0.435095,0.299387,-0.000375,0.035245,0.953481,2483
306.1772,inicio,False,180.5915,33.322,6.420,1.977,True,320,240,0,False,60.00,0.1000,-0.015099,-0.067262,0.435095,0.299387,-0.000375,0.035245,0.953481,2484
306.3108,inicio,False,180.5915,33.323,5.752,2.754,True,320,240,0,False,60.00,0.1000,-0.015099,-0.067262,0.435095,0.299387,-0.000375,0.035245,0.953481,2485
306.4443,inicio,False,180.5915,33.322,7.662,1.923,True,320,240,0,False,60.00,0.1000,-0.015099,-0.067262,0.435095,0.299387,-0.000375,0.035245,0.953481,2486
306.5773,inicio,False,180.5915,33.322,4.875,1.951,True,320,240,0,False,60.00,0.1000,-0.015099,-0.067262,0.435095,0.299387,-0.000375,0.035245,0.953481,2487
306.7120,inicio,False,180.5915,33.321,5.113,1.367,True,320,240,0,False,60.00,0.1000,-0.015099,-0.067262,0.435095,0.299387,-0.000375,0.035245,0.953481,2488
306.8438,inicio,False,180.5915,33.321,7.400,1.585,True,320,240,0,False,60.00,0.1000,-0.015099,-0.067262,0.435095,0.299387,-0.000375,0.035245,0.953481,2489
306.9772,inicio,False,180.5915,33.323,5.256,1.692,True,320,240,0,False,60.00,0.1000,-0.015099,-0.067262,0.435095,0.299387,-0.000375,0.035245,0.953481,2490
307.1103,inicio,False,180.5915,33.322,4.938,1.443,True,320,240,0,False,60.00,0.1000,-0.015099,-0.067262,0.435095,0.299387,-0.000375,0.035245,0.953481,2491
307.2439,inicio,False,180.5915,33.322,5.074,1.615,True,320,240,0,False,60.00,0.1000,-0.015099,-0.067262,0.435095,0.299387,-0.000375,0.035245,0.953481,2492
307.3781,inicio,False,180.5915,33.328,9.957,1.989,True,320,240,0,False,60.00,0.1000,-0.015099,-0.067262,0.435095,0.299387,-0.000375,0.035245,0.953481,2493
307.5103,inicio,False,180.5915,33.322,8.596,1.458,True,320,240,0,False,60.00,0.1000,-0.015099,-0.067262,0.435095,0.299387,-0.000375,0.035245,0.953481,2494
307.6434,inicio,False,180.5915,33.322,6.304,1.904,True,320,240,0,False,60.00,0.1000,-0.015099,-0.067262,0.435095,0.299387,-0.000375,0.035245,0.953481,2495
307.7768,inicio,False,180.5915,33.321,6.091,2.568,True,320,240,0,False,60.00,0.1000,-0.015099,-0.067262,0.435095,0.299387,-0.000375,0.035245,0.953481,2496
307.9107,inicio,False,180.5915,33.320,5.181,2.377,True,320,240,0,False,60.00,0.1000,-0.015099,-0.067262,0.435095,0.299387,-0.000375,0.035245,0.953481,2497
308.0446,inicio,False,180.5915,33.324,4.416,1.501,True,320,240,0,False,60.00,0.1000,-0.015099,-0.067262,0.435095,0.299387,-0.000375,0.035245,0.953481,2498
308.1767,inicio,False,180.5915,33.322,4.629,1.465,True,320,240,0,False,60.00,0.1000,-0.015099,-0.067262,0.435095,0.299387,-0.000375,0.035245,0.953481,2499
308.3102,inicio,False,180.5915,33.322,4.778,2.108,True,320,240,0,False,60.00,0.1000,-0.015099,-0.067262,0.435095,0.299387,-0.000375,0.035245,0.953481,2500
308.4439,inicio,False,180.5915,33.322,4.937,1.651,True,320,240,0,False,60.00,0.1000,-0.015099,-0.067262,0.435095,0.299387,-0.000375,0.035245,0.953481,2501
308.5769,inicio,False,180.5915,33.324,5.202,2.189,True,320,240,0,False,60.00,0.1000,-0.015099,-0.067262,0.435095,0.299387,-0.000375,0.035245,0.953481,2502
308.7105,inicio,False,180.5915,33.322,5.242,1.815,True,320,240,0,False,60.00,0.1000,-0.015099,-0.067262,0.435095,0.299387,-0.000375,0.035245,0.953481,2503
308.8432,inicio,False,180.5915,33.322,4.895,2.224,True,320,240,0,False,60.00,0.1000,-0.015099,-0.067262,0.435095,0.299387,-0.000375,0.035245,0.953481,2504
308.9771,inicio,False,180.5915,33.323,5.396,1.764,True,320,240,0,False,60.00,0.1000,-0.015099,-0.067262,0.435095,0.299387,-0.000375,0.035245,0.953481,2505
309.1098,inicio,False,180.5915,33.322,4.768,1.928,True,320,240,0,False,60.00,0.1000,-0.015099,-0.067262,0.435095,0.299387,-0.000375,0.035245,0.953481,2506
309.2440,inicio,False,180.5915,33.322,5.978,1.997,True,320,240,0,False,60.00,0.1000,-0.015099,-0.067262,0.435095,0.299387,-0.000375,0.035245,0.953481,2507
309.3767,inicio,False,180.5915,33.321,6.765,2.124,True,320,240,0,False,60.00,0.1000,-0.015099,-0.067262,0.435095,0.299387,-0.000375,0.035245,0.953481,2508
309.5104,inicio,False,180.5915,33.321,4.608,1.374,True,320,240,0,False,60.00,0.1000,-0.015099,-0.067262,0.435095,0.299387,-0.000375,0.035245,0.953481,2509
309.6442,inicio,False,180.5915,33.361,3.825,1.355,True,320,240,0,False,60.00,0.1000,-0.015099,-0.067262,0.435095,0.299387,-0.000375,0.035245,0.953481,2511
309.7763,inicio,False,180.5915,33.329,7.092,1.596,True,320,240,0,False,60.00,0.1000,-0.015099,-0.067262,0.435095,0.299387,-0.000375,0.035245,0.953481,2512
309.9095,inicio,False,180.5915,33.322,11.133,1.966,True,320,240,0,False,60.00,0.1000,-0.015099,-0.067262,0.435095,0.299387,-0.000375,0.035245,0.953481,2513
310.0429,inicio,False,180.5915,33.318,6.758,2.015,True,320,240,0,False,60.00,0.1000,-0.015099,-0.067262,0.435095,0.299387,-0.000375,0.035245,0.953481,2514
310.1763,inicio,False,180.5915,33.316,6.778,1.898,True,320,240,0,False,60.00,0.1000,-0.015099,-0.067262,0.435095,0.299387,-0.000375,0.035245,0.953481,2515
310.3113,inicio,False,180.5915,33.337,5.159,1.857,True,320,240,0,False,60.00,0.1000,-0.015099,-0.067262,0.435095,0.299387,-0.000375,0.035245,0.953481,2516
310.4439,inicio,False,180.5915,33.320,5.333,2.096,True,320,240,0,False,60.00,0.1000,-0.015099,-0.067262,0.435095,0.299387,-0.000375,0.035245,0.953481,2517
310.5778,inicio,False,180.5915,33.320,4.913,2.004,True,320,240,0,False,60.00,0.1000,-0.015099,-0.067262,0.435095,0.299387,-0.000375,0.035245,0.953481,2518
310.7094,inicio,False,180.5915,33.321,9.202,2.056,True,320,240,0,False,60.00,0.1000,-0.015099,-0.067262,0.435095,0.299387,-0.000375,0.035245,0.953481,2519
310.8432,inicio,False,180.5915,33.321,4.807,1.584,True,320,240,0,False,60.00,0.1000,-0.015099,-0.067262,0.435095,0.299387,-0.000375,0.035245,0.953481,2520
310.9768,inicio,False,180.5915,33.321,2.681,1.891,True,320,240,0,False,60.00,0.1000,-0.015099,-0.067262,0.435095,0.299387,-0.000375,0.035245,0.953481,2521
311.1152,inicio,False,180.5915,33.322,6.757,3.161,True,320,240,0,False,60.00,0.1000,-0.015099,-0.067262,0.435095,0.299387,-0.000375,0.035245,0.953481,2522
311.2419,inicio,False,180.5915,33.322,5.031,1.623,True,320,240,0,False,60.00,0.1000,-0.015099,-0.067262,0.435095,0.299387,-0.000375,0.035245,0.953481,2523
311.3421,inicio,False,180.5915,33.322,4.740,1.630,True,320,240,0,False,60.00,0.1000,-0.015099,-0.067262,0.435095,0.299387,-0.000375,0.035245,0.953481,2524
311.4444,inicio,False,180.5915,33.322,4.813,1.492,True,320,240,0,False,60.00,0.1000,-0.015099,-0.067262,0.435095,0.299387,-0.000375,0.035245,0.953481,2525
311.5800,inicio,False,180.5915,33.322,4.221,3.395,True,320,240,0,False,60.00,0.1000,-0.015099,-0.067262,0.435095,0.299387,-0.000375,0.035245,0.953481,2526
311.7103,inicio,False,180.5915,33.322,2.975,3.030,True,320,240,0,False,60.00,0.1000,-0.015099,-0.067262,0.435095,0.299387,-0.000375,0.035245,0.953481,2527
311.8449,inicio,False,180.5915,33.322,4.506,1.437,True,320,240,0,False,60.00,0.1000,-0.015099,-0.067262,0.435095,0.299387,-0.000375,0.035245,0.953481,2528
311.9754,inicio,False,180.5915,33.322,4.836,1.897,True,320,240,0,False,60.00,0.1000,-0.015099,-0.067262,0.435095,0.299387,-0.000375,0.035245,0.953481,2529
312.0761,inicio,False,180.5915,33.322,4.606,1.540,True,320,240,0,False,60.00,0.1000,-0.015099,-0.067262,0.435095,0.299387,-0.000375,0.035245,0.953481,2530
312.2083,inicio,False,180.5915,33.324,5.139,2.580,True,320,240,0,False,60.00,0.1000,-0.015099,-0.067262,0.435095,0.299387,-0.000375,0.035245,0.953481,2531
312.3153,inicio,False,180.5915,33.323,5.342,1.531,True,320,240,0,False,60.00,0.1000,-0.015099,-0.067262,0.435095,0.299387,-0.000375,0.035245,0.953481,2532
312.4417,inicio,False,180.5915,33.323,5.689,1.670,True,320,240,0,False,60.00,0.1000,-0.015099,-0.067262,0.435095,0.299387,-0.000375,0.035245,0.953481,2533
312.5752,inicio,False,180.5915,33.322,4.643,2.486,True,320,240,0,False,60.00,0.1000,-0.015099,-0.067262,0.435095,0.299387,-0.000375,0.035245,0.953481,2534
312.7083,inicio,False,180.5915,33.322,5.568,1.661,True,320,240,0,False,60.00,0.1000,-0.015099,-0.067262,0.435095,0.299387,-0.000375,0.035245,0.953481,2535
312.8416,inicio,False,180.5915,33.322,6.200,2.095,True,320,240,0,False,60.00,0.1000,-0.015099,-0.067262,0.435095,0.299387,-0.000375,0.035245,0.953481,2536
312.9427,inicio,False,180.5915,33.323,6.200,2.095,True,320,240,0,False,60.00,0.1000,-0.015099,-0.067262,0.435095,0.299387,-0.000375,0.035245,0.953481,2536
313.0747,inicio,False,180.5915,33.324,5.328,1.611,True,320,240,0,False,60.00,0.1000,-0.015099,-0.067262,0.435095,0.299387,-0.000375,0.035245,0.953481,2537
313.1754,inicio,False,180.5915,33.322,5.549,1.726,True,320,240,0,False,60.00,0.1000,-0.015099,-0.067262,0.435095,0.299387,-0.000375,0.035245,0.953481,2538
313.3082,inicio,False,180.5915,33.323,6.894,1.694,True,320,240,0,False,60.00,0.1000,-0.015099,-0.067262,0.435095,0.299387,-0.000375,0.035245,0.953481,2540
313.4419,inicio,False,180.5915,33.323,5.154,1.794,True,320,240,0,False,60.00,0.1000,-0.015099,-0.067262,0.435095,0.299387,-0.000375,0.035245,0.953481,2541
313.5753,inicio,False,180.5915,33.322,4.783,2.162,True,320,240,0,False,60.00,0.1000,-0.015099,-0.067262,0.435095,0.299387,-0.000375,0.035245,0.953481,2542
313.7079,inicio,False,180.5915,33.321,4.693,1.653,True,320,240,0,False,60.00,0.1000,-0.015099,-0.067262,0.435095,0.299387,-0.000375,0.035245,0.953481,2543
313.8082,inicio,False,180.5915,33.323,4.693,1.653,True,320,240,0,False,60.00,0.1000,-0.015099,-0.067262,0.435095,0.299387,-0.000375,0.035245,0.953481,2543
313.9095,inicio,False,180.5915,33.322,5.216,1.764,True,320,240,0,False,60.00,0.1000,-0.015099,-0.067262,0.435095,0.299387,-0.000375,0.035245,0.953481,2544
314.0412,inicio,False,180.5915,33.322,6.351,1.920,True,320,240,0,False,60.00,0.1000,-0.015099,-0.067262,0.435095,0.299387,-0.000375,0.035245,0.953481,2546
314.1745,inicio,False,180.5915,33.322,4.356,1.509,True,320,240,0,False,60.00,0.1000,-0.015099,-0.067262,0.435095,0.299387,-0.000375,0.035245,0.953481,2547
314.3080,inicio,False,180.5915,33.330,4.301,1.857,True,320,240,0,False,60.00,0.1000,-0.015099,-0.067262,0.435095,0.299387,-0.000375,0.035245,0.953481,2548
314.4080,inicio,False,180.5915,33.324,4.507,1.670,True,320,240,0,False,60.00,0.1000,-0.015099,-0.067262,0.435095,0.299387,-0.000375,0.035245,0.953481,2549
314.5415,inicio,False,180.5915,33.322,4.898,1.702,True,320,240,0,False,60.00,0.1000,-0.015099,-0.067262,0.435095,0.299387,-0.000375,0.035245,0.953481,2550
314.6742,inicio,False,180.5915,33.323,5.011,2.230,True,320,240,0,False,60.00,0.1000,-0.015099,-0.067262,0.435095,0.299387,-0.000375,0.035245,0.953481,2551
314.7749,inicio,False,180.5915,33.321,4.588,1.384,True,320,240,0,False,60.00,0.1000,-0.015099,-0.067262,0.435095,0.299387,-0.000375,0.035245,0.953481,2552
314.9075,inicio,False,180.5915,33.320,5.393,1.794,True,320,240,0,False,60.00,0.1000,-0.015099,-0.067262,0.435095,0.299387,-0.000375,0.035245,0.953481,2554
315.0080,inicio,False,180.5915,33.322,4.360,1.996,True,320,240,0,False,60.00,0.1000,-0.015099,-0.067262,0.435095,0.299387,-0.000375,0.035245,0.953481,2555
315.1080,inicio,False,180.5915,33.325,4.360,1.996,True,320,240,0,False,60.00,0.1000,-0.015099,-0.067262,0.435095,0.299387,-0.000375,0.035245,0.953481,2555
315.2413,inicio,False,180.5915,33.322,6.459,2.091,True,320,240,0,False,60.00,0.1000,-0.015099,-0.067262,0.435095,0.299387,-0.000375,0.035245,0.953481,2557
315.3742,inicio,False,180.5915,33.322,4.994,1.449,True,320,240,0,False,60.00,0.1000,-0.015099,-0.067262,0.435095,0.299387,-0.000375,0.035245,0.953481,2558
315.4747,inicio,False,180.5915,33.322,4.994,1.449,True,320,240,0,False,60.00,0.1000,-0.015099,-0.067262,0.435095,0.299387,-0.000375,0.035245,0.953481,2558
315.6072,inicio,False,180.5915,33.322,5.095,1.930,True,320,240,0,False,60.00,0.1000,-0.015099,-0.067262,0.435095,0.299387,-0.000375,0.035245,0.953481,2559
315.7404,inicio,False,180.5915,33.321,4.658,2.042,True,320,240,0,False,60.00,0.1000,-0.015099,-0.067262,0.435095,0.299387,-0.000375,0.035245,0.953481,2561
315.8421,inicio,False,180.5915,33.322,6.004,2.088,True,320,240,0,False,60.00,0.1000,-0.015099,-0.067262,0.435095,0.299387,-0.000375,0.035245,0.953481,2562
315.9744,inicio,False,180.5915,33.322,4.365,2.029,True,320,240,0,False,60.00,0.1000,-0.015099,-0.067262,0.435095,0.299387,-0.000375,0.035245,0.953481,2563
316.1076,inicio,False,180.5915,33.323,4.919,1.577,True,320,240,0,False,60.00,0.1000,-0.015099,-0.067262,0.435095,0.299387,-0.000375,0.035245,0.953481,2564
316.2415,inicio,False,180.5915,33.324,6.479,1.695,True,320,240,0,False,60.00,0.1000,-0.015099,-0.067262,0.435095,0.299387,-0.000375,0.035245,0.953481,2566
316.3739,inicio,False,180.5915,33.322,6.092,1.553,True,320,240,0,False,60.00,0.1000,-0.015099,-0.067262,0.435095,0.299387,-0.000375,0.035245,0.953481,2567
316.5078,inicio,False,180.5915,33.322,4.692,1.826,True,320,240,0,False,60.00,0.1000,-0.015099,-0.067262,0.435095,0.299387,-0.000375,0.035245,0.953481,2568
316.6404,inicio,False,180.5915,33.322,4.774,2.001,True,320,240,0,False,60.00,0.1000,-0.015099,-0.067262,0.435095,0.299387,-0.000375,0.035245,0.953481,2569
316.7742,inicio,False,180.5915,33.321,4.491,1.966,True,320,240,0,False,60.00,0.1000,-0.015099,-0.067262,0.435095,0.299387,-0.000375,0.035245,0.953481,2570
316.9069,inicio,False,180.5915,33.323,4.716,1.831,True,320,240,0,False,60.00,0.1000,-0.015099,-0.067262,0.435095,0.299387,-0.000375,0.035245,0.953481,2572
317.0404,inicio,False,180.5915,33.322,4.964,1.872,True,320,240,0,False,60.00,0.1000,-0.015099,-0.067262,0.435095,0.299387,-0.000375,0.035245,0.953481,2573
317.1734,inicio,False,180.5915,33.324,5.503,2.197,True,320,240,0,False,60.00,0.1000,-0.015099,-0.067262,0.435095,0.299387,-0.000375,0.035245,0.953481,2574
317.3068,inicio,False,180.5915,33.322,5.047,1.619,True,320,240,0,False,60.00,0.1000,-0.015099,-0.067262,0.435095,0.299387,-0.000375,0.035245,0.953481,2575
317.4404,inicio,False,180.5915,33.321,4.920,1.670,True,320,240,0,False,60.00,0.1000,-0.015099,-0.067262,0.435095,0.299387,-0.000375,0.035245,0.953481,2576
317.5736,inicio,False,180.5915,33.321,5.641,1.396,True,320,240,0,False,60.00,0.1000,-0.015099,-0.067262,0.435095,0.299387,-0.000375,0.035245,0.953481,2578
317.7069,inicio,False,180.5915,33.320,3.713,1.886,True,320,240,0,False,60.00,0.1000,-0.015099,-0.067262,0.435095,0.299387,-0.000375,0.035245,0.953481,2579
317.8403,inicio,False,180.5915,33.321,5.845,1.578,True,320,240,0,False,60.00,0.1000,-0.015099,-0.067262,0.435095,0.299387,-0.000375,0.035245,0.953481,2580
317.9417,inicio,False,180.5915,33.321,4.676,1.682,True,320,240,0,False,60.00,0.1000,-0.015099,-0.067262,0.435095,0.299387,-0.000375,0.035245,0.953481,2581
318.0734,inicio,False,180.5915,33.321,5.556,1.530,True,320,240,0,False,60.00,0.1000,-0.015099,-0.067262,0.435095,0.299387,-0.000375,0.035245,0.953481,2582
318.1746,inicio,False,180.5915,33.322,5.556,1.530,True,320,240,0,False,60.00,0.1000,-0.015099,-0.067262,0.435095,0.299387,-0.000375,0.035245,0.953481,2582
318.3072,inicio,False,180.5915,33.323,4.775,1.457,True,320,240,0,False,60.00,0.1000,-0.015099,-0.067262,0.435095,0.299387,-0.000375,0.035245,0.953481,2584
318.4402,inicio,False,180.5915,33.323,4.467,2.041,True,320,240,0,False,60.00,0.1000,-0.015099,-0.067262,0.435095,0.299387,-0.000375,0.035245,0.953481,2585
318.5728,inicio,False,180.5915,33.321,5.256,1.994,True,320,240,0,False,60.00,0.1000,-0.015099,-0.067262,0.435095,0.299387,-0.000375,0.035245,0.953481,2586
318.6730,inicio,False,180.5915,33.322,4.605,1.585,True,320,240,0,False,60.00,0.1000,-0.015099,-0.067262,0.435095,0.299387,-0.000375,0.035245,0.953481,2587
318.7737,inicio,False,180.5915,33.326,5.590,2.180,True,320,240,0,False,60.00,0.1000,-0.015099,-0.067262,0.435095,0.299387,-0.000375,0.035245,0.953481,2588
318.9063,inicio,False,180.5915,33.324,5.792,1.800,True,320,240,0,False,60.00,0.1000,-0.015099,-0.067262,0.435095,0.299387,-0.000375,0.035245,0.953481,2589
319.0065,inicio,False,180.5915,33.321,4.645,2.093,True,320,240,0,False,60.00,0.1000,-0.015099,-0.067262,0.435095,0.299387,-0.000375,0.035245,0.953481,2590
319.1068,inicio,False,180.5915,33.321,4.415,1.716,True,320,240,0,False,60.00,0.1000,-0.015099,-0.067262,0.435095,0.299387,-0.000375,0.035245,0.953481,2591
319.2431,inicio,False,180.5915,33.319,5.169,1.875,True,320,240,0,False,60.00,0.1000,-0.015099,-0.067262,0.435095,0.299387,-0.000375,0.035245,0.953481,2592
319.3727,inicio,False,180.5915,33.330,4.644,1.896,True,320,240,0,False,60.00,0.1000,-0.015099,-0.067262,0.435095,0.299387,-0.000375,0.035245,0.953481,2593
319.4728,inicio,False,180.5915,33.323,4.644,1.896,True,320,240,0,False,60.00,0.1000,-0.015099,-0.067262,0.435095,0.299387,-0.000375,0.035245,0.953481,2593
319.5730,inicio,False,180.5915,33.321,8.823,1.861,True,320,240,0,False,60.00,0.1000,-0.015099,-0.067262,0.435095,0.299387,-0.000375,0.035245,0.953481,2594
319.6746,inicio,False,180.5915,33.322,4.543,1.586,True,320,240,0,False,60.00,0.1000,-0.015099,-0.067262,0.435095,0.299387,-0.000375,0.035245,0.953481,2595
319.8067,inicio,False,180.5915,33.322,3.659,2.174,True,320,240,0,False,60.00,0.1000,-0.015099,-0.067262,0.435095,0.299387,-0.000375,0.035245,0.953481,2597
319.9391,inicio,False,180.5915,33.321,4.548,1.392,True,320,240,0,False,60.00,0.1000,-0.015099,-0.067262,0.435095,0.299387,-0.000375,0.035245,0.953481,2598
320.0421,inicio,False,180.5915,33.321,5.295,2.106,True,320,240,0,False,60.00,0.1000,-0.015099,-0.067262,0.435095,0.299387,-0.000375,0.035245,0.953481,2599
320.1728,inicio,False,180.5915,33.321,5.560,2.025,True,320,240,0,False,60.00,0.1000,-0.015099,-0.067262,0.435095,0.299387,-0.000375,0.035245,0.953481,2600
320.2728,inicio,False,180.5915,33.323,5.655,1.970,True,320,240,0,False,60.00,0.1000,-0.015099,-0.067262,0.435095,0.299387,-0.000375,0.035245,0.953481,2601
320.3730,inicio,False,180.5915,33.323,5.655,1.970,True,320,240,0,False,60.00,0.1000,-0.015099,-0.067262,0.435095,0.299387,-0.000375,0.035245,0.953481,2601
320.5057,inicio,False,180.5915,33.326,7.111,1.908,True,320,240,0,False,60.00,0.1000,-0.015099,-0.067262,0.435095,0.299387,-0.000375,0.035245,0.953481,2602
320.6061,inicio,False,180.5915,33.322,5.164,1.395,True,320,240,0,False,60.00,0.1000,-0.015099,-0.067262,0.435095,0.299387,-0.000375,0.035245,0.953481,2603
320.7090,inicio,False,180.5915,33.322,5.457,1.887,True,320,240,0,False,60.00,0.1000,-0.015099,-0.067262,0.435095,0.299387,-0.000375,0.035245,0.953481,2604
320.8396,inicio,False,180.5915,33.321,4.571,2.296,True,320,240,0,False,60.00,0.1000,-0.015099,-0.067262,0.435095,0.299387,-0.000375,0.035245,0.953481,2605
320.9723,inicio,False,180.5915,33.322,7.364,1.950,True,320,240,0,False,60.00,0.1000,-0.015099,-0.067262,0.435095,0.299387,-0.000375,0.035245,0.953481,2606
321.1056,inicio,False,180.5915,33.327,3.392,1.949,True,320,240,0,False,60.00,0.1000,-0.015099,-0.067262,0.435095,0.299387,-0.000375,0.035245,0.953481,2608
321.2397,inicio,False,180.5915,33.322,5.514,1.533,True,320,240,0,False,60.00,0.1000,-0.015099,-0.067262,0.435095,0.299387,-0.000375,0.035245,0.953481,2609
321.3723,inicio,False,180.5915,33.321,4.994,2.254,True,320,240,0,False,60.00,0.1000,-0.015099,-0.067262,0.435095,0.299387,-0.000375,0.035245,0.953481,2611
321.5059,inicio,False,180.5915,33.321,5.250,1.846,True,320,240,0,False,60.00,0.1000,-0.015099,-0.067262,0.435095,0.299387,-0.000375,0.035245,0.953481,2612
321.6386,inicio,False,180.5915,33.322,4.728,1.877,True,320,240,0,False,60.00,0.1000,-0.015099,-0.067262,0.435095,0.299387,-0.000375,0.035245,0.953481,2613
321.7390,inicio,False,180.5915,33.322,5.275,2.158,True,320,240,0,False,60.00,0.1000,-0.015099,-0.067262,0.435095,0.299387,-0.000375,0.035245,0.953481,2615
321.8728,inicio,False,180.5915,33.322,4.805,1.497,True,320,240,0,False,60.00,0.1000,-0.015099,-0.067262,0.435095,0.299387,-0.000375,0.035245,0.953481,2616
322.0057,inicio,False,180.5915,33.322,3.445,1.569,True,320,240,0,False,60.00,0.1000,-0.015099,-0.067262,0.435095,0.299387,-0.000375,0.035245,0.953481,2617
322.1384,inicio,False,180.5915,33.322,5.950,1.984,True,320,240,0,False,60.00,0.1000,-0.015099,-0.067262,0.435095,0.299387,-0.000375,0.035245,0.953481,2618
322.2392,inicio,False,180.5915,33.323,4.306,1.692,True,320,240,0,False,60.00,0.1000,-0.015099,-0.067262,0.435095,0.299387,-0.000375,0.035245,0.953481,2619
322.3395,inicio,False,180.5915,33.323,5.011,2.137,True,320,240,0,False,60.00,0.1000,-0.015099,-0.067262,0.435095,0.299387,-0.000375,0.035245,0.953481,2620
322.4718,inicio,False,180.5915,33.323,6.574,1.706,True,320,240,0,False,60.00,0.1000,-0.015099,-0.067262,0.435095,0.299387,-0.000375,0.035245,0.953481,2621
322.5718,inicio,False,180.5915,33.322,4.161,1.575,True,320,240,0,False,60.00,0.1000,-0.015099,-0.067262,0.435095,0.299387,-0.000375,0.035245,0.953481,2622
322.6719,inicio,False,180.5915,33.322,2.738,2.041,True,320,240,0,False,60.00,0.1000,-0.015099,-0.067262,0.435095,0.299387,-0.000375,0.035245,0.953481,2623
322.8112,inicio,False,180.5915,33.321,5.546,1.591,True,320,240,0,False,60.00,0.1000,-0.015099,-0.067262,0.435095,0.299387,-0.000375,0.035245,0.953481,2624
322.9383,inicio,False,180.5915,33.326,4.854,2.116,True,320,240,0,False,60.00,0.1000,-0.015099,-0.067262,0.435095,0.299387,-0.000375,0.035245,0.953481,2625
323.0385,inicio,False,180.5915,33.323,5.071,2.164,True,320,240,0,False,60.00,0.1000,-0.015099,-0.067262,0.435095,0.299387,-0.000375,0.035245,0.953481,2626
323.1719,inicio,False,180.5915,33.322,6.773,1.947,True,320,240,0,False,60.00,0.1000,-0.015099,-0.067262,0.435095,0.299387,-0.000375,0.035245,0.953481,2627
323.2723,inicio,False,180.5915,33.329,4.518,1.752,True,320,240,0,False,60.00,0.1000,-0.015099,-0.067262,0.435095,0.299387,-0.000375,0.035245,0.953481,2629
323.4049,inicio,False,180.5915,33.324,5.315,2.107,True,320,240,0,False,60.00,0.1000,-0.015099,-0.067262,0.435095,0.299387,-0.000375,0.035245,0.953481,2630
323.5051,inicio,False,180.5915,33.323,6.509,1.705,True,320,240,0,False,60.00,0.1000,-0.015099,-0.067262,0.435095,0.299387,-0.000375,0.035245,0.953481,2631
323.6381,inicio,False,180.5915,33.322,5.242,1.968,True,320,240,0,False,60.00,0.1000,-0.015099,-0.067262,0.435095,0.299387,-0.000375,0.035245,0.953481,2632
323.7384,inicio,False,180.5915,33.323,5.562,1.972,True,320,240,0,False,60.00,0.1000,-0.015099,-0.067262,0.435095,0.299387,-0.000375,0.035245,0.953481,2633
323.8715,inicio,False,180.5915,33.320,5.847,1.937,True,320,240,0,False,60.00,0.1000,-0.015099,-0.067262,0.435095,0.299387,-0.000375,0.035245,0.953481,2634
323.9716,inicio,False,180.5915,33.324,4.655,1.464,True,320,240,0,False,60.00,0.1000,-0.015099,-0.067262,0.435095,0.299387,-0.000375,0.035245,0.953481,2635
324.1045,inicio,False,180.5915,33.323,4.867,1.770,True,320,240,0,False,60.00,0.1000,-0.015099,-0.067262,0.435095,0.299387,-0.000375,0.035245,0.953481,2636
324.2385,inicio,False,180.5915,33.321,5.456,1.623,True,320,240,0,False,60.00,0.1000,-0.015099,-0.067262,0.435095,0.299387,-0.000375,0.035245,0.953481,2637
324.3714,inicio,False,180.5915,33.323,4.901,2.032,True,320,240,0,False,60.00,0.1000,-0.015099,-0.067262,0.435095,0.299387,-0.000375,0.035245,0.953481,2639
324.4714,inicio,False,180.5915,33.323,5.310,1.753,True,320,240,0,False,60.00,0.1000,-0.015099,-0.067262,0.435095,0.299387,-0.000375,0.035245,0.953481,2640
324.6046,inicio,False,180.5915,33.322,6.759,1.635,True,320,240,0,False,60.00,0.1000,-0.015099,-0.067262,0.435095,0.299387,-0.000375,0.035245,0.953481,2641
324.7378,inicio,False,180.5915,33.323,4.908,1.902,True,320,240,0,False,60.00,0.1000,-0.015099,-0.067262,0.435095,0.299387,-0.000375,0.035245,0.953481,2642
324.8394,inicio,False,180.5915,33.322,5.669,1.759,True,320,240,0,False,60.00,0.1000,-0.015099,-0.067262,0.435095,0.299387,-0.000375,0.035245,0.953481,2643
324.9710,inicio,False,180.5915,33.322,4.970,1.944,True,320,240,0,False,60.00,0.1000,-0.015099,-0.067262,0.435095,0.299387,-0.000375,0.035245,0.953481,2645
325.0714,inicio,False,180.5915,33.324,9.124,1.558,True,320,240,0,False,60.00,0.1000,-0.015099,-0.067262,0.435095,0.299387,-0.000375,0.035245,0.953481,2647
325.1721,inicio,False,180.5915,33.322,9.124,1.558,True,320,240,0,False,60.00,0.1000,-0.015099,-0.067262,0.435095,0.299387,-0.000375,0.035245,0.953481,2647
325.3047,inicio,False,180.5915,33.321,5.372,1.923,True,320,240,0,False,60.00,0.1000,-0.015099,-0.067262,0.435095,0.299387,-0.000375,0.035245,0.953481,2649
325.4380,inicio,False,180.5915,33.322,5.536,1.847,True,320,240,0,False,60.00,0.1000,-0.015099,-0.067262,0.435095,0.299387,-0.000375,0.035245,0.953481,2650
325.5385,inicio,False,180.5915,33.322,5.406,1.868,True,320,240,0,False,60.00,0.1000,-0.015099,-0.067262,0.435095,0.299387,-0.000375,0.035245,0.953481,2651
325.6708,inicio,False,180.5915,33.322,5.395,1.703,True,320,240,0,False,60.00,0.1000,-0.015099,-0.067262,0.435095,0.299387,-0.000375,0.035245,0.953481,2652
325.8042,inicio,False,180.5915,33.322,5.288,1.895,True,320,240,0,False,60.00,0.1000,-0.015099,-0.067262,0.435095,0.299387,-0.000375,0.035245,0.953481,2653
325.9376,inicio,False,180.5915,33.322,5.849,1.752,True,320,240,0,False,60.00,0.1000,-0.015099,-0.067262,0.435095,0.299387,-0.000375,0.035245,0.953481,2654
326.0706,inicio,False,180.5915,33.323,4.608,1.433,True,320,240,0,False,60.00,0.1000,-0.015099,-0.067262,0.435095,0.299387,-0.000375,0.035245,0.953481,2655
326.2043,inicio,False,180.5915,33.324,5.780,1.467,True,320,240,0,False,60.00,0.1000,-0.015099,-0.067262,0.435095,0.299387,-0.000375,0.035245,0.953481,2657
326.3058,inicio,False,180.5915,33.323,4.632,20.753,True,320,240,0,False,60.00,0.1000,-0.015099,-0.067262,0.435095,0.299387,-0.000375,0.035245,0.953481,2658
326.4383,inicio,False,180.5915,33.323,3.904,15.390,True,320,240,0,False,60.00,0.1000,-0.015099,-0.067262,0.435095,0.299387,-0.000375,0.035245,0.953481,2659
326.5704,inicio,False,180.5915,33.325,5.473,11.795,True,320,240,0,False,60.00,0.1000,-0.015099,-0.067262,0.435095,0.299387,-0.000375,0.035245,0.953481,2660
326.6704,inicio,False,180.5915,33.322,5.101,12.238,True,320,240,0,False,60.00,0.1000,-0.015099,-0.067262,0.435095,0.299387,-0.000375,0.035245,0.953481,2661
326.7705,inicio,False,180.5915,33.324,5.017,12.696,True,320,240,0,False,60.00,0.1000,-0.015099,-0.067262,0.435095,0.299387,-0.000375,0.035245,0.953481,2662
326.8718,inicio,False,180.5915,33.329,5.087,10.092,True,320,240,0,False,60.00,0.1000,-0.015099,-0.067262,0.435095,0.299387,-0.000375,0.035245,0.953481,2664
327.0041,inicio,True,180.6248,33.324,5.195,17.795,True,320,240,0,False,60.00,0.1000,-0.007639,0.079063,0.263605,0.160023,-0.052054,0.044965,0.984714,2665
327.1045,inicio,True,180.7248,33.323,5.195,17.795,True,320,240,0,False,60.00,0.1000,-0.007639,0.079063,0.263605,0.160023,-0.052054,0.044965,0.984714,2665
327.2371,inicio,False,180.7248,33.322,2.087,8.793,True,320,240,0,False,60.00,0.1000,-0.007639,0.079063,0.263605,0.160023,-0.052054,0.044965,0.984714,2666
327.3702,inicio,True,180.8580,33.321,5.137,19.072,True,320,240,0,False,60.00,0.1000,0.030307,0.011234,0.315318,0.235832,-0.041100,0.036999,0.970219,2667
327.5039,inicio,True,180.9913,33.320,2.679,11.767,True,320,240,0,False,60.00,0.1000,0.037651,-0.029565,0.336729,0.270641,-0.006745,0.022840,0.962386,2668
327.6042,inicio,True,181.0913,33.320,2.186,12.851,True,320,240,0,False,60.00,0.1000,0.034623,-0.081482,0.350285,0.339075,-0.013517,0.011469,0.940592,2670
327.7366,inicio,True,181.2246,33.321,5.217,18.184,True,320,240,0,False,60.00,0.1000,0.038297,-0.107024,0.356899,0.398640,-0.005299,0.006918,0.917066,2671
327.8700,inicio,True,181.3579,33.321,4.403,12.614,True,320,240,0,False,60.00,0.1000,0.038000,-0.110863,0.359633,0.406009,0.001537,0.008433,0.913829,2672
328.0046,inicio,True,181.4912,33.325,2.436,20.027,True,320,240,0,False,60.00,0.1000,0.035398,-0.105300,0.369975,0.401281,-0.001343,0.012346,0.915871,2674
328.1373,inicio,True,181.6245,33.323,2.778,13.584,True,320,240,0,False,60.00,0.1000,0.024568,-0.100158,0.374144,0.394053,-0.009794,0.015204,0.918910,2675
328.2701,inicio,True,181.7578,33.322,5.407,14.442,True,320,240,0,False,60.00,0.1000,0.015654,-0.100781,0.366093,0.400709,-0.016158,0.021421,0.915813,2676
328.4039,inicio,True,181.8911,33.323,2.788,10.624,True,320,240,0,False,60.00,0.1000,-0.000665,-0.093128,0.353519,0.403231,-0.036590,0.031054,0.913839,2678
328.5368,inicio,True,182.0243,33.321,4.822,14.938,True,320,240,0,False,60.00,0.1000,-0.021014,-0.078983,0.327660,0.437531,-0.065825,0.046194,0.895600,2679
328.6382,inicio,True,182.1243,33.321,2.410,13.045,True,320,240,0,False,60.00,0.1000,-0.024152,-0.068538,0.316019,0.432841,-0.073498,0.047507,0.897212,2680
328.7697,inicio,True,182.2576,33.322,5.213,17.540,True,320,240,0,False,60.00,0.1000,-0.017153,-0.064285,0.304592,0.443345,-0.070547,0.042156,0.892576,2681
328.8703,inicio,True,182.3576,33.323,4.687,15.597,True,320,240,0,False,60.00,0.1000,-0.013681,-0.054747,0.295081,0.454800,-0.056288,0.040564,0.887887,2682
329.0030,inicio,True,182.4909,33.322,5.506,13.951,True,320,240,0,False,60.00,0.1000,-0.009041,-0.044783,0.291480,0.454858,-0.047280,0.039122,0.888447,2683
329.1200,inicio,True,182.6075,32.581,5.506,13.951,True,320,240,0,False,60.00,0.1000,-0.009041,-0.044783,0.291480,0.454858,-0.047280,0.039122,0.888447,2683
329.2530,inicio,True,182.7408,32.718,23.502,15.447,True,320,240,0,False,60.00,0.1000,-0.010059,-0.036709,0.286314,0.447331,-0.044562,0.040016,0.892361,2684
329.3864,inicio,True,182.8741,32.830,22.650,17.453,True,320,240,0,False,60.00,0.1000,-0.020806,-0.026585,0.274432,0.447708,-0.066016,0.042308,0.890735,2685
329.5194,inicio,True,183.0074,32.925,20.206,16.269,True,320,240,0,False,60.00,0.1000,-0.018521,-0.017909,0.265959,0.443703,-0.068796,0.039661,0.892649,2686
329.6196,inicio,True,183.1073,32.978,21.141,13.878,True,320,240,0,False,60.00,0.1000,-0.017100,-0.015016,0.260323,0.447305,-0.065757,0.042274,0.890958,2687
329.7255,inicio,True,183.2073,33.028,21.775,11.595,True,320,240,0,False,60.00,0.1000,-0.016400,-0.011204,0.255190,0.441943,-0.062027,0.045416,0.893743,2688
329.8612,inicio,True,183.3406,33.082,22.484,12.215,True,320,240,0,False,60.00,0.1000,-0.018876,-0.010767,0.246988,0.443266,-0.067449,0.051904,0.892341,2689
329.9973,inicio,True,183.4739,33.128,21.112,16.342,True,320,240,0,False,60.00,0.1000,-0.021881,-0.009233,0.236805,0.449000,-0.074180,0.054038,0.888806,2690
330.1286,inicio,True,183.6072,33.164,22.450,13.725,True,320,240,0,False,60.00,0.1000,-0.031080,-0.004421,0.225414,0.444120,-0.087810,0.063886,0.889362,2691
330.2695,inicio,True,183.7571,34.025,24.893,15.978,True,320,240,0,False,60.00,0.1000,-0.036711,-0.001341,0.216661,0.437562,-0.102366,0.076075,0.890097,2692
330.4029,inicio,True,183.8904,33.894,5.097,12.936,True,320,240,0,False,60.00,0.1000,-0.043529,-0.001777,0.203272,0.431101,-0.108250,0.096570,0.890566,2694
330.5357,inicio,True,184.0237,33.788,4.770,16.609,True,320,240,0,False,60.00,0.1000,-0.035659,0.004625,0.191057,0.423700,-0.101563,0.087156,0.895861,2695
330.6360,inicio,True,184.1236,33.722,4.759,13.707,True,320,240,0,False,60.00,0.1000,-0.030153,0.007960,0.186053,0.419057,-0.091978,0.080683,0.899679,2696
330.7693,inicio,True,184.2569,33.648,4.950,11.812,True,320,240,0,False,60.00,0.1000,-0.023980,0.010583,0.180468,0.417490,-0.079300,0.074662,0.902131,2697
330.9026,inicio,True,184.3902,33.588,3.291,13.512,True,320,240,0,False,60.00,0.1000,-0.014848,0.004729,0.169997,0.433776,-0.054660,0.072354,0.896446,2699
331.0026,inicio,True,184.4902,33.551,2.066,14.504,True,320,240,0,False,60.00,0.1000,-0.012239,0.001158,0.167943,0.440140,-0.048134,0.072252,0.893722,2700
331.1355,inicio,True,184.6235,33.509,4.884,15.572,True,320,240,0,False,60.00,0.1000,-0.010154,-0.005085,0.165432,0.460905,-0.046596,0.068959,0.883538,2701
331.2362,inicio,True,184.7235,33.482,4.346,13.387,True,320,240,0,False,60.00,0.1000,-0.013273,-0.003833,0.159510,0.463764,-0.058826,0.073346,0.880956,2702
331.3697,inicio,True,184.8568,33.453,7.141,16.665,True,320,240,0,False,60.00,0.1000,-0.013869,-0.007563,0.154997,0.467687,-0.065744,0.078194,0.877971,2703
331.5023,inicio,False,184.9234,33.428,8.232,10.176,True,320,240,0,False,60.00,0.1000,-0.013869,-0.007563,0.154997,0.467687,-0.065744,0.078194,0.877971,2704
331.6023,inicio,False,184.9234,33.412,5.405,10.832,True,320,240,0,False,60.00,0.1000,-0.013869,-0.007563,0.154997,0.467687,-0.065744,0.078194,0.877971,2705
331.7353,inicio,False,184.9234,33.398,5.222,11.578,True,320,240,0,False,60.00,0.1000,-0.013869,-0.007563,0.154997,0.467687,-0.065744,0.078194,0.877971,2706
331.8356,inicio,False,184.9234,33.385,4.393,9.484,True,320,240,0,False,60.00,0.1000,-0.013869,-0.007563,0.154997,0.467687,-0.065744,0.078194,0.877971,2707
331.9687,inicio,False,184.9234,33.373,5.165,10.118,True,320,240,0,False,60.00,0.1000,-0.013869,-0.007563,0.154997,0.467687,-0.065744,0.078194,0.877971,2708
332.0693,inicio,False,184.9234,33.366,5.638,12.258,True,320,240,0,False,60.00,0.1000,-0.013869,-0.007563,0.154997,0.467687,-0.065744,0.078194,0.877971,2710
332.2026,inicio,False,184.9234,33.358,5.716,10.240,True,320,240,0,False,60.00,0.1000,-0.013869,-0.007563,0.154997,0.467687,-0.065744,0.078194,0.877971,2711
332.3355,inicio,False,184.9234,33.356,5.187,10.429,True,320,240,0,False,60.00,0.1000,-0.013869,-0.007563,0.154997,0.467687,-0.065744,0.078194,0.877971,2712
332.4693,inicio,True,185.0234,33.347,2.600,13.369,True,320,240,0,False,60.00,0.1000,-0.022764,-0.011560,0.168639,0.426593,-0.165314,0.171219,0.872568,2714
332.6019,inicio,True,185.1567,33.343,5.283,18.331,True,320,240,0,False,60.00,0.1000,-0.027430,-0.007075,0.175368,0.418877,-0.175079,0.170441,0.874551,2715
332.7020,inicio,True,185.2566,33.338,2.954,16.519,True,320,240,0,False,60.00,0.1000,-0.028433,-0.003988,0.175721,0.412859,-0.177136,0.172152,0.876661,2716
332.8356,inicio,True,185.3899,33.333,4.065,17.960,True,320,240,0,False,60.00,0.1000,-0.032655,-0.002094,0.179283,0.406475,-0.187105,0.182040,0.875575,2717
332.9684,inicio,True,185.5232,33.336,2.595,14.408,True,320,240,0,False,60.00,0.1000,-0.034059,-0.001370,0.179410,0.402648,-0.192577,0.187424,0.875021,2718
333.0684,inicio,False,185.5898,33.331,4.986,10.315,True,320,240,0,False,60.00,0.1000,-0.035949,0.000773,0.178232,0.397192,-0.191452,0.193142,0.876517,2720
333.1691,inicio,True,185.6565,33.330,5.542,16.236,True,320,240,0,False,60.00,0.1000,-0.043494,-0.002050,0.174655,0.390928,-0.205670,0.206630,0.873029,2721
333.3032,inicio,False,185.6565,33.329,2.437,8.970,True,320,240,0,False,60.00,0.1000,-0.043494,-0.002050,0.174655,0.390928,-0.205670,0.206630,0.873029,2722
333.4351,inicio,False,185.6565,33.328,5.127,11.565,True,320,240,0,False,60.00,0.1000,-0.043494,-0.002050,0.174655,0.390928,-0.205670,0.206630,0.873029,2724
333.5355,inicio,True,185.7565,33.328,2.079,14.376,True,320,240,0,False,60.00,0.1000,-0.049949,-0.003589,0.172839,0.375289,-0.253626,0.241021,0.858336,2726
333.6680,inicio,False,185.8564,33.327,4.990,10.455,True,320,240,0,False,60.00,0.1000,-0.049949,-0.003589,0.172839,0.375289,-0.253626,0.241021,0.858336,2727
333.7681,inicio,False,185.8564,33.328,5.973,11.940,True,320,240,0,False,60.00,0.1000,-0.049949,-0.003589,0.172839,0.375289,-0.253626,0.241021,0.858336,2728
333.8690,inicio,False,185.8564,33.326,5.149,10.291,True,320,240,0,False,60.00,0.1000,-0.049949,-0.003589,0.172839,0.375289,-0.253626,0.241021,0.858336,2729
334.0014,inicio,True,185.8897,33.324,5.418,17.816,True,320,240,0,False,60.00,0.1000,-0.036072,-0.002260,0.186847,0.372684,-0.232193,0.256003,0.861194,2730
334.1019,inicio,True,185.9897,33.325,5.418,17.816,True,320,240,0,False,60.00,0.1000,-0.036072,-0.002260,0.186847,0.372684,-0.232193,0.256003,0.861194,2730
334.2349,inicio,False,186.0563,33.324,5.920,10.730,True,320,240,0,False,60.00,0.1000,-0.038530,-0.004730,0.187529,0.371819,-0.236077,0.260570,0.859140,2732
334.3354,inicio,False,186.0563,33.323,4.933,11.175,True,320,240,0,False,60.00,0.1000,-0.038530,-0.004730,0.187529,0.371819,-0.236077,0.260570,0.859140,2734
334.4681,inicio,False,186.0563,33.328,6.237,11.421,True,320,240,0,False,60.00,0.1000,-0.038530,-0.004730,0.187529,0.371819,-0.236077,0.260570,0.859140,2735
334.6012,inicio,False,186.0563,33.323,5.614,10.207,True,320,240,0,False,60.00,0.1000,-0.038530,-0.004730,0.187529,0.371819,-0.236077,0.260570,0.859140,2736
334.7013,inicio,False,186.0563,33.324,5.416,11.615,True,320,240,0,False,60.00,0.1000,-0.038530,-0.004730,0.187529,0.371819,-0.236077,0.260570,0.859140,2737
334.8021,inicio,False,186.0563,33.323,5.362,11.920,True,320,240,0,False,60.00,0.1000,-0.038530,-0.004730,0.187529,0.371819,-0.236077,0.260570,0.859140,2739
334.9347,inicio,False,186.0563,33.323,5.475,11.286,True,320,240,0,False,60.00,0.1000,-0.038530,-0.004730,0.187529,0.371819,-0.236077,0.260570,0.859140,2740
335.0351,inicio,False,186.0563,33.322,5.475,11.286,True,320,240,0,False,60.00,0.1000,-0.038530,-0.004730,0.187529,0.371819,-0.236077,0.260570,0.859140,2740
335.1676,inicio,False,186.0563,33.323,5.406,10.211,True,320,240,0,False,60.00,0.1000,-0.038530,-0.004730,0.187529,0.371819,-0.236077,0.260570,0.859140,2742
335.2684,inicio,False,186.0563,33.322,5.238,10.737,True,320,240,0,False,60.00,0.1000,-0.038530,-0.004730,0.187529,0.371819,-0.236077,0.260570,0.859140,2743
335.4009,inicio,False,186.0563,33.328,5.834,11.493,True,320,240,0,False,60.00,0.1000,-0.038530,-0.004730,0.187529,0.371819,-0.236077,0.260570,0.859140,2744
335.5342,inicio,False,186.0563,33.322,5.205,10.863,True,320,240,0,False,60.00,0.1000,-0.038530,-0.004730,0.187529,0.371819,-0.236077,0.260570,0.859140,2745
335.6344,inicio,False,186.0563,33.322,5.403,10.353,True,320,240,0,False,60.00,0.1000,-0.038530,-0.004730,0.187529,0.371819,-0.236077,0.260570,0.859140,2746
335.7682,inicio,False,186.0563,33.323,5.577,10.382,True,320,240,0,False,60.00,0.1000,-0.038530,-0.004730,0.187529,0.371819,-0.236077,0.260570,0.859140,2747
335.9010,inicio,False,186.0563,33.321,5.339,9.783,True,320,240,0,False,60.00,0.1000,-0.038530,-0.004730,0.187529,0.371819,-0.236077,0.260570,0.859140,2748
336.0341,inicio,False,186.0563,33.321,5.429,11.129,True,320,240,0,False,60.00,0.1000,-0.038530,-0.004730,0.187529,0.371819,-0.236077,0.260570,0.859140,2749
336.1348,inicio,False,186.0563,33.323,5.746,10.892,True,320,240,0,False,60.00,0.1000,-0.038530,-0.004730,0.187529,0.371819,-0.236077,0.260570,0.859140,2751
336.2680,inicio,False,186.0563,33.329,5.768,10.637,True,320,240,0,False,60.00,0.1000,-0.038530,-0.004730,0.187529,0.371819,-0.236077,0.260570,0.859140,2752
336.4009,inicio,True,186.0897,33.324,6.808,18.487,True,320,240,0,False,60.00,0.1000,-0.045958,-0.008185,0.196528,0.323470,-0.319255,0.351838,0.818324,2753
336.5012,inicio,True,186.1896,33.322,6.808,18.487,True,320,240,0,False,60.00,0.1000,-0.045958,-0.008185,0.196528,0.323470,-0.319255,0.351838,0.818324,2753
336.6337,inicio,True,186.3229,33.322,6.179,13.485,True,320,240,0,False,60.00,0.1000,-0.037862,-0.020249,0.202246,0.333918,-0.317357,0.357006,0.812607,2755
336.7341,inicio,True,186.4228,33.321,5.146,11.472,True,320,240,0,False,60.00,0.1000,-0.036175,-0.021893,0.203615,0.338122,-0.313597,0.357496,0.812113,2756
336.8680,inicio,True,186.5561,33.320,2.503,11.158,True,320,240,0,False,60.00,0.1000,-0.026160,-0.014508,0.216212,0.317574,-0.280076,0.343646,0.838220,2758
337.0006,inicio,True,186.6894,33.322,4.920,13.157,True,320,240,0,False,60.00,0.1000,-0.026582,-0.029181,0.220648,0.326996,-0.244466,0.333284,0.849843,2759
337.1337,inicio,True,186.8227,33.322,6.664,15.729,True,320,240,0,False,60.00,0.1000,-0.033358,-0.031185,0.225113,0.327227,-0.262982,0.329099,0.845847,2760
337.2674,inicio,True,186.9560,33.322,2.493,14.018,True,320,240,0,False,60.00,0.1000,-0.036381,-0.030763,0.225504,0.325511,-0.268123,0.331057,0.844129,2761
337.4002,inicio,True,187.0893,33.322,5.178,15.398,True,320,240,0,False,60.00,0.1000,-0.034031,-0.029409,0.226789,0.326306,-0.272109,0.334635,0.841131,2762
337.5003,inicio,True,187.1893,33.322,5.106,15.382,True,320,240,0,False,60.00,0.1000,-0.030854,-0.030998,0.229667,0.331430,-0.270208,0.331287,0.841066,2763
337.6333,inicio,True,187.3226,33.322,5.077,15.116,True,320,240,0,False,60.00,0.1000,-0.029992,-0.034953,0.230785,0.335996,-0.274652,0.334294,0.836613,2764
337.7333,inicio,True,187.4225,33.323,2.468,13.678,True,320,240,0,False,60.00,0.1000,-0.029303,-0.034516,0.231438,0.342451,-0.275444,0.335071,0.833418,2765
337.8671,inicio,True,187.5558,33.323,5.667,15.854,True,320,240,0,False,60.00,0.1000,-0.030451,-0.029628,0.229437,0.338983,-0.283326,0.334663,0.832357,2766
338.0005,inicio,True,187.6891,33.323,6.046,12.139,True,320,240,0,False,60.00,0.1000,-0.029626,-0.025208,0.229672,0.337695,-0.288433,0.337063,0.830155,2768
338.1009,inicio,True,187.7891,33.322,6.046,12.139,True,320,240,0,False,60.00,0.1000,-0.029626,-0.025208,0.229672,0.337695,-0.288433,0.337063,0.830155,2768
338.2334,inicio,True,187.9224,33.322,3.347,11.712,True,320,240,0,False,60.00,0.1000,-0.028322,-0.022637,0.230961,0.333839,-0.288117,0.337784,0.831530,2769
338.3337,inicio,True,188.0224,33.323,5.528,13.313,True,320,240,0,False,60.00,0.1000,-0.027530,-0.020108,0.231830,0.327802,-0.293574,0.340578,0.830883,2771
338.4337,inicio,True,188.1223,33.322,5.528,13.313,True,320,240,0,False,60.00,0.1000,-0.027530,-0.020108,0.231830,0.327802,-0.293574,0.340578,0.830883,2771
338.5339,inicio,True,188.2223,33.323,5.516,15.727,True,320,240,0,False,60.00,0.1000,-0.026753,-0.021131,0.230904,0.329115,-0.295566,0.339620,0.830050,2772
338.6669,inicio,True,188.3556,33.323,2.406,13.763,True,320,240,0,False,60.00,0.1000,-0.026790,-0.024249,0.230360,0.334026,-0.301285,0.340047,0.825846,2773
338.8003,inicio,True,188.4889,33.322,2.342,13.355,True,320,240,0,False,60.00,0.1000,-0.025865,-0.023381,0.230789,0.335925,-0.304492,0.339503,0.824122,2775
338.9333,inicio,True,188.6221,33.322,7.025,10.280,True,320,240,0,False,60.00,0.1000,-0.026360,-0.023006,0.231447,0.334670,-0.304059,0.338364,0.825260,2776
339.0672,inicio,True,188.7554,33.321,5.391,13.320,True,320,240,0,False,60.00,0.1000,-0.030009,-0.023379,0.231410,0.330664,-0.296622,0.338588,0.829479,2778
339.2005,inicio,True,188.8887,33.321,4.756,11.095,True,320,240,0,False,60.00,0.1000,-0.030236,-0.028083,0.238369,0.303816,-0.275219,0.343684,0.844886,2779
339.3331,inicio,True,189.0220,33.322,5.479,7.445,True,320,240,0,False,60.00,0.1000,-0.019256,-0.056212,0.253679,0.303336,-0.185201,0.330762,0.874234,2780
339.4665,inicio,False,189.0553,33.326,5.516,10.541,True,320,240,0,False,60.00,0.1000,-0.019256,-0.056212,0.253679,0.303336,-0.185201,0.330762,0.874234,2782
339.5666,inicio,False,189.0553,33.323,5.670,12.258,True,320,240,0,False,60.00,0.1000,-0.019256,-0.056212,0.253679,0.303336,-0.185201,0.330762,0.874234,2783
339.7008,inicio,False,189.0553,33.324,5.831,12.370,True,320,240,0,False,60.00,0.1000,-0.019256,-0.056212,0.253679,0.303336,-0.185201,0.330762,0.874234,2784
339.8327,inicio,False,189.0553,33.324,5.347,14.208,True,320,240,0,False,60.00,0.1000,-0.019256,-0.056212,0.253679,0.303336,-0.185201,0.330762,0.874234,2785
339.9330,inicio,False,189.0553,33.322,5.418,11.880,True,320,240,0,False,60.00,0.1000,-0.019256,-0.056212,0.253679,0.303336,-0.185201,0.330762,0.874234,2786
340.0666,inicio,False,189.0553,33.321,5.543,10.047,True,320,240,0,False,60.00,0.1000,-0.019256,-0.056212,0.253679,0.303336,-0.185201,0.330762,0.874234,2788
340.2003,inicio,False,189.0553,33.322,3.185,7.123,True,320,240,0,False,60.00,0.1000,-0.019256,-0.056212,0.253679,0.303336,-0.185201,0.330762,0.874234,2790
340.3333,inicio,False,189.0553,33.322,4.795,8.808,True,320,240,0,False,60.00,0.1000,-0.019256,-0.056212,0.253679,0.303336,-0.185201,0.330762,0.874234,2791
340.4660,inicio,False,189.0553,33.321,5.252,8.925,True,320,240,0,False,60.00,0.1000,-0.019256,-0.056212,0.253679,0.303336,-0.185201,0.330762,0.874234,2792
340.5992,inicio,False,189.0553,33.322,5.506,8.846,True,320,240,0,False,60.00,0.1000,-0.019256,-0.056212,0.253679,0.303336,-0.185201,0.330762,0.874234,2793
340.6994,inicio,False,189.0553,33.323,5.360,6.748,True,320,240,0,False,60.00,0.1000,-0.019256,-0.056212,0.253679,0.303336,-0.185201,0.330762,0.874234,2794
340.8328,inicio,False,189.0553,33.323,7.875,8.673,True,320,240,0,False,60.00,0.1000,-0.019256,-0.056212,0.253679,0.303336,-0.185201,0.330762,0.874234,2795
340.9658,inicio,False,189.0553,33.324,5.380,8.485,True,320,240,0,False,60.00,0.1000,-0.019256,-0.056212,0.253679,0.303336,-0.185201,0.330762,0.874234,2796
341.0665,inicio,False,189.0553,33.323,5.579,8.277,True,320,240,0,False,60.00,0.1000,-0.019256,-0.056212,0.253679,0.303336,-0.185201,0.330762,0.874234,2797
341.2010,inicio,False,189.0553,33.322,5.295,8.740,True,320,240,0,False,60.00,0.1000,-0.019256,-0.056212,0.253679,0.303336,-0.185201,0.330762,0.874234,2798
341.3323,inicio,False,189.0553,33.322,5.487,8.519,True,320,240,0,False,60.00,0.1000,-0.019256,-0.056212,0.253679,0.303336,-0.185201,0.330762,0.874234,2799
341.4325,inicio,False,189.0553,33.322,5.393,8.501,True,320,240,0,False,60.00,0.1000,-0.019256,-0.056212,0.253679,0.303336,-0.185201,0.330762,0.874234,2800
341.5658,inicio,False,189.0553,33.322,4.978,8.409,True,320,240,0,False,60.00,0.1000,-0.019256,-0.056212,0.253679,0.303336,-0.185201,0.330762,0.874234,2801
341.6659,inicio,False,189.0553,33.325,5.156,7.788,True,320,240,0,False,60.00,0.1000,-0.019256,-0.056212,0.253679,0.303336,-0.185201,0.330762,0.874234,2802
341.7994,inicio,False,189.0553,33.323,5.199,9.894,True,320,240,0,False,60.00,0.1000,-0.019256,-0.056212,0.253679,0.303336,-0.185201,0.330762,0.874234,2804
341.9323,inicio,False,189.0553,33.324,5.673,8.723,True,320,240,0,False,60.00,0.1000,-0.019256,-0.056212,0.253679,0.303336,-0.185201,0.330762,0.874234,2805
342.0661,inicio,False,189.0553,33.321,5.414,8.102,True,320,240,0,False,60.00,0.1000,-0.019256,-0.056212,0.253679,0.303336,-0.185201,0.330762,0.874234,2806
342.1989,inicio,False,189.0553,33.321,5.887,8.370,True,320,240,0,False,60.00,0.1000,-0.019256,-0.056212,0.253679,0.303336,-0.185201,0.330762,0.874234,2807
342.3001,inicio,True,189.1220,33.321,5.804,14.754,True,320,240,0,False,60.00,0.1000,0.058900,-0.090040,0.339133,0.419318,0.023273,0.025218,0.907191,2808
342.4321,inicio,True,189.2553,33.324,5.142,16.692,True,320,240,0,False,60.00,0.1000,0.065504,-0.089722,0.338659,0.423765,0.032017,0.023386,0.904904,2809
342.5324,inicio,True,189.3552,33.322,2.505,17.022,True,320,240,0,False,60.00,0.1000,0.063288,-0.089816,0.338699,0.422571,0.031140,0.023400,0.905493,2811
342.6654,inicio,True,189.4886,33.323,5.378,12.832,True,320,240,0,False,60.00,0.1000,0.065469,-0.087952,0.338489,0.422159,0.035084,0.023780,0.905530,2812
342.7659,inicio,True,189.5885,33.323,5.378,12.832,True,320,240,0,False,60.00,0.1000,0.065469,-0.087952,0.338489,0.422159,0.035084,0.023780,0.905530,2812
342.8988,inicio,True,189.7218,33.323,4.772,12.526,True,320,240,0,False,60.00,0.1000,0.064301,-0.087583,0.337917,0.423154,0.026343,0.023137,0.905379,2813
342.9991,inicio,True,189.8218,33.323,6.305,11.513,True,320,240,0,False,60.00,0.1000,0.064963,-0.085935,0.337748,0.423672,0.036326,0.021769,0.904825,2815
343.1320,inicio,True,189.9551,33.326,5.265,12.584,True,320,240,0,False,60.00,0.1000,0.056692,-0.081849,0.334660,0.419610,0.024110,0.019289,0.907179,2816
343.2649,inicio,True,190.0883,33.322,4.428,14.755,True,320,240,0,False,60.00,0.1000,0.047567,-0.082753,0.331713,0.414980,0.016341,0.022838,0.909397,2817
343.3652,inicio,True,190.1883,33.322,2.737,11.365,True,320,240,0,False,60.00,0.1000,0.042641,-0.084707,0.329504,0.417545,0.013448,0.026334,0.908175,2818
343.4985,inicio,True,190.3216,33.322,5.725,14.668,True,320,240,0,False,60.00,0.1000,0.039214,-0.085137,0.327560,0.418884,0.007781,0.025941,0.907636,2819
343.6314,inicio,True,190.4549,33.322,5.287,16.193,True,320,240,0,False,60.00,0.1000,0.038125,-0.082095,0.325686,0.422592,0.004382,0.023888,0.905995,2820
343.7318,inicio,True,190.5548,33.321,2.259,10.753,True,320,240,0,False,60.00,0.1000,0.038091,-0.080838,0.324757,0.421679,0.002173,0.021332,0.906492,2821
343.8319,inicio,True,190.6548,33.322,5.036,14.826,True,320,240,0,False,60.00,0.1000,0.037246,-0.078841,0.324004,0.418227,0.000138,0.020241,0.908117,2822
343.9648,inicio,True,190.7881,33.322,6.065,12.533,True,320,240,0,False,60.00,0.1000,0.036741,-0.078722,0.324148,0.418178,0.000368,0.020969,0.908123,2823
344.0983,inicio,True,190.9214,33.323,5.543,15.429,True,320,240,0,False,60.00,0.1000,0.036440,-0.078571,0.324693,0.416872,0.000755,0.020984,0.908722,2824
344.1985,inicio,True,191.0214,33.322,2.237,11.932,True,320,240,0,False,60.00,0.1000,0.031479,-0.075751,0.318883,0.418097,-0.001427,0.019314,0.908196,2826
344.3313,inicio,True,191.1547,33.322,6.795,13.179,True,320,240,0,False,60.00,0.1000,0.030603,-0.074085,0.315122,0.419089,-0.002640,0.020156,0.907718,2827
344.4324,inicio,True,191.2546,33.323,4.875,12.975,True,320,240,0,False,60.00,0.1000,0.030592,-0.073632,0.315413,0.417951,-0.000009,0.020454,0.908239,2828
344.5646,inicio,True,191.3879,33.323,2.892,13.092,True,320,240,0,False,60.00,0.1000,0.028442,-0.072884,0.313849,0.417724,-0.007831,0.021949,0.908275,2830
344.6986,inicio,True,191.5212,33.323,5.114,17.997,True,320,240,0,False,60.00,0.1000,0.026420,-0.073454,0.311472,0.422828,-0.008689,0.019598,0.905956,2831
344.8320,inicio,True,191.6545,33.322,5.062,12.111,True,320,240,0,False,60.00,0.1000,0.027712,-0.074929,0.311848,0.423454,-0.007527,0.021134,0.905640,2832
344.9647,inicio,True,191.7878,33.322,5.387,13.655,True,320,240,0,False,60.00,0.1000,0.028047,-0.077369,0.310917,0.430103,-0.007159,0.020736,0.902513,2833
345.0647,inicio,True,191.8877,33.322,4.825,9.075,True,320,240,0,False,60.00,0.1000,0.027963,-0.080662,0.309074,0.434758,-0.006637,0.019364,0.900315,2835
345.1647,inicio,True,191.9877,33.322,4.825,9.075,True,320,240,0,False,60.00,0.1000,0.027963,-0.080662,0.309074,0.434758,-0.006637,0.019364,0.900315,2835
345.2983,inicio,True,192.1210,33.322,5.236,15.939,True,320,240,0,False,60.00,0.1000,0.026584,-0.081056,0.307616,0.436524,-0.006058,0.017833,0.899495,2837
345.4309,inicio,True,192.2543,33.324,5.173,11.327,True,320,240,0,False,60.00,0.1000,0.028634,-0.081673,0.307865,0.438820,0.000619,0.013409,0.898475,2838
345.5312,inicio,True,192.3543,33.324,6.716,18.232,True,320,240,0,False,60.00,0.1000,0.031362,-0.088690,0.307043,0.448605,0.008625,0.005936,0.893669,2840
345.6314,inicio,True,192.4542,33.322,6.716,18.232,True,320,240,0,False,60.00,0.1000,0.031362,-0.088690,0.307043,0.448605,0.008625,0.005936,0.893669,2840
345.7646,inicio,True,192.5875,33.322,5.202,15.223,True,320,240,0,False,60.00,0.1000,0.003135,-0.081701,0.296450,0.450731,-0.017952,0.014116,0.892368,2842
345.8977,inicio,True,192.7209,33.325,2.588,11.296,True,320,240,0,False,60.00,0.1000,0.007542,-0.079996,0.296060,0.444012,-0.026424,0.014634,0.895511,2843
346.0309,inicio,True,192.8542,33.328,5.751,12.984,True,320,240,0,False,60.00,0.1000,0.009042,-0.075348,0.290085,0.456363,-0.002503,0.019388,0.889579,2844
346.1313,inicio,True,192.9541,33.323,2.654,12.381,True,320,240,0,False,60.00,0.1000,-0.000457,-0.058743,0.285833,0.450060,-0.018952,0.021674,0.892534,2846
346.2641,inicio,True,193.0874,33.322,2.379,11.421,True,320,240,0,False,60.00,0.1000,-0.004834,-0.051238,0.282811,0.448985,-0.022967,0.022806,0.892953,2847
346.3978,inicio,True,193.2207,33.322,6.352,14.431,True,320,240,0,False,60.00,0.1000,-0.014299,-0.031635,0.274813,0.438544,-0.036215,0.029178,0.897506,2849
346.5312,inicio,True,193.3539,33.321,4.777,16.789,True,320,240,0,False,60.00,0.1000,-0.020847,-0.021948,0.269711,0.443095,-0.048286,0.029070,0.894701,2850
346.6639,inicio,True,193.4872,33.322,6.065,16.905,True,320,240,0,False,60.00,0.1000,-0.024752,-0.009503,0.267097,0.439331,-0.054915,0.026751,0.896246,2851
346.7640,inicio,True,193.5872,33.323,6.065,16.905,True,320,240,0,False,60.00,0.1000,-0.024752,-0.009503,0.267097,0.439331,-0.054915,0.026751,0.896246,2851
346.8974,inicio,True,193.7205,33.324,5.197,14.020,True,320,240,0,False,60.00,0.1000,-0.025338,-0.004640,0.266422,0.438532,-0.060959,0.019570,0.896432,2852
346.9982,inicio,True,193.8205,33.322,2.617,11.571,True,320,240,0,False,60.00,0.1000,-0.028095,-0.000137,0.264832,0.438189,-0.064490,0.027336,0.896150,2854
347.1304,inicio,True,193.9538,33.323,2.901,14.757,True,320,240,0,False,60.00,0.1000,-0.025031,0.000300,0.264386,0.438741,-0.058494,0.029472,0.896224,2855
347.2311,inicio,True,194.0537,33.322,8.789,13.103,True,320,240,0,False,60.00,0.1000,-0.024127,-0.000990,0.264373,0.440860,-0.055283,0.032185,0.895293,2856
347.3639,inicio,True,194.1870,33.323,2.469,10.766,True,320,240,0,False,60.00,0.1000,-0.021682,-0.002478,0.263411,0.449839,-0.049217,0.033129,0.891137,2857
347.4640,inicio,True,194.2871,33.327,5.433,13.117,True,320,240,0,False,60.00,0.1000,-0.020345,-0.002205,0.262510,0.455432,-0.047227,0.030441,0.888496,2858
347.5969,inicio,True,194.4203,33.324,5.197,10.305,True,320,240,0,False,60.00,0.1000,-0.019175,-0.001965,0.262592,0.458511,-0.048463,0.026572,0.886968,2859
347.6969,inicio,True,194.5203,33.322,5.197,10.305,True,320,240,0,False,60.00,0.1000,-0.019175,-0.001965,0.262592,0.458511,-0.048463,0.026572,0.886968,2859
347.8303,inicio,True,194.6535,33.321,6.241,17.194,True,320,240,0,False,60.00,0.1000,-0.018359,-0.005624,0.262451,0.468063,-0.045654,0.026774,0.882109,2860
347.9305,inicio,True,194.7535,33.320,2.570,11.861,True,320,240,0,False,60.00,0.1000,-0.019030,-0.003548,0.262399,0.465264,-0.049323,0.025578,0.883426,2861
348.0633,inicio,True,194.8868,33.320,5.003,16.059,True,320,240,0,False,60.00,0.1000,-0.017927,-0.005614,0.263162,0.470716,-0.048538,0.025021,0.880594,2862
348.1635,inicio,True,194.9867,33.322,5.273,17.494,True,320,240,0,False,60.00,0.1000,-0.018159,-0.008294,0.262820,0.475649,-0.048640,0.027115,0.877871,2863
348.2639,inicio,True,195.0868,33.325,2.797,11.200,True,320,240,0,False,60.00,0.1000,-0.017921,-0.008027,0.262038,0.476949,-0.046981,0.029185,0.877189,2864
348.3968,inicio,True,195.2200,33.323,5.176,11.852,True,320,240,0,False,60.00,0.1000,-0.018091,-0.007782,0.261083,0.478816,-0.047281,0.029753,0.876136,2865
348.5301,inicio,True,195.3533,33.323,5.269,15.324,True,320,240,0,False,60.00,0.1000,-0.017308,-0.005422,0.258380,0.474981,-0.046729,0.031549,0.878188,2866
348.6637,inicio,True,195.4866,33.322,5.449,10.537,True,320,240,0,False,60.00,0.1000,-0.015924,-0.006529,0.261028,0.476405,-0.043035,0.032599,0.877567,2868
348.7971,inicio,True,195.6199,33.320,6.371,11.193,True,320,240,0,False,60.00,0.1000,-0.015422,-0.007645,0.261338,0.478196,-0.042242,0.033055,0.876614,2869
348.9299,inicio,True,195.7532,33.323,5.080,11.605,True,320,240,0,False,60.00,0.1000,-0.014849,-0.007449,0.261313,0.478648,-0.040163,0.033397,0.876452,2870
349.0631,inicio,True,195.8864,33.322,4.976,16.107,True,320,240,0,False,60.00,0.1000,-0.014202,-0.008309,0.261568,0.480320,-0.039130,0.032846,0.875604,2871
349.1965,inicio,True,196.0198,33.323,7.246,13.707,True,320,240,0,False,60.00,0.1000,-0.013340,-0.005431,0.261724,0.476771,-0.041394,0.025672,0.877677,2873
349.3299,inicio,True,196.1530,33.322,6.521,16.077,True,320,240,0,False,60.00,0.1000,-0.012850,0.002126,0.261043,0.465523,-0.039820,0.021510,0.883878,2874
349.4633,inicio,True,196.2863,33.322,5.216,12.696,True,320,240,0,False,60.00,0.1000,-0.012642,0.039842,0.256031,0.395417,-0.048242,0.005552,0.917217,2876
349.5963,inicio,True,196.4197,33.324,5.260,12.992,True,320,240,0,False,60.00,0.1000,-0.013653,0.046470,0.255341,0.372187,-0.053511,0.005158,0.926600,2877
349.7301,inicio,True,196.5529,33.323,2.931,13.458,True,320,240,0,False,60.00,0.1000,-0.010584,0.030805,0.269807,0.381888,-0.074347,-0.018587,0.921026,2879
349.8635,inicio,True,196.6862,33.322,5.448,17.099,True,320,240,0,False,60.00,0.1000,-0.000027,0.034818,0.277635,0.367031,-0.062144,-0.023039,0.927845,2880
349.9967,inicio,True,196.8195,33.320,5.648,15.758,True,320,240,0,False,60.00,0.1000,0.005584,0.059165,0.289132,0.342998,-0.039662,0.002563,0.938495,2881
350.1297,inicio,True,196.9527,33.319,6.445,16.562,True,320,240,0,False,60.00,0.1000,0.001425,0.064372,0.295215,0.337694,-0.058054,0.004256,0.939455,2882
350.2625,inicio,True,197.0860,33.321,2.476,15.257,True,320,240,0,False,60.00,0.1000,0.007809,0.063684,0.298833,0.331397,-0.048922,0.003424,0.942216,2883
350.3629,inicio,True,197.1860,33.322,6.232,15.095,True,320,240,0,False,60.00,0.1000,0.007307,0.060344,0.300800,0.339538,-0.039545,0.004043,0.939752,2884
350.4630,inicio,True,197.2860,33.322,5.342,16.117,True,320,240,0,False,60.00,0.1000,-0.000554,0.056887,0.298415,0.345978,-0.044407,0.011036,0.937126,2885
350.5961,inicio,True,197.4193,33.322,2.811,15.469,True,320,240,0,False,60.00,0.1000,-0.012667,0.048211,0.309758,0.354072,-0.060598,0.013753,0.933152,2887
350.7291,inicio,True,197.5526,33.323,2.823,14.551,True,320,240,0,False,60.00,0.1000,-0.016529,0.041734,0.312203,0.345610,-0.065840,0.015663,0.935935,2888
350.8626,inicio,False,197.5859,33.323,9.330,9.455,True,320,240,0,False,60.00,0.1000,-0.016529,0.041734,0.312203,0.345610,-0.065840,0.015663,0.935935,2889
350.9958,inicio,False,197.5859,33.322,5.784,13.536,True,320,240,0,False,60.00,0.1000,-0.016529,0.041734,0.312203,0.345610,-0.065840,0.015663,0.935935,2891
351.1290,inicio,False,197.5859,33.322,4.781,10.012,True,320,240,0,False,60.00,0.1000,-0.016529,0.041734,0.312203,0.345610,-0.065840,0.015663,0.935935,2892
351.2290,inicio,False,197.5859,33.322,5.111,11.136,True,320,240,0,False,60.00,0.1000,-0.016529,0.041734,0.312203,0.345610,-0.065840,0.015663,0.935935,2893
351.3291,inicio,False,197.5859,33.322,5.006,10.576,True,320,240,0,False,60.00,0.1000,-0.016529,0.041734,0.312203,0.345610,-0.065840,0.015663,0.935935,2894
351.4291,inicio,False,197.5859,33.323,5.342,10.683,True,320,240,0,False,60.00,0.1000,-0.016529,0.041734,0.312203,0.345610,-0.065840,0.015663,0.935935,2895
351.5294,inicio,False,197.5859,33.323,2.821,8.225,True,320,240,0,False,60.00,0.1000,-0.016529,0.041734,0.312203,0.345610,-0.065840,0.015663,0.935935,2896
351.6625,inicio,False,197.5859,33.322,6.384,11.375,True,320,240,0,False,60.00,0.1000,-0.016529,0.041734,0.312203,0.345610,-0.065840,0.015663,0.935935,2897
351.7958,inicio,False,197.5859,33.322,4.697,10.567,True,320,240,0,False,60.00,0.1000,-0.016529,0.041734,0.312203,0.345610,-0.065840,0.015663,0.935935,2899
351.9288,inicio,False,197.5859,33.322,2.619,15.407,True,320,240,0,False,60.00,0.1000,-0.016529,0.041734,0.312203,0.345610,-0.065840,0.015663,0.935935,2900
352.0337,inicio,True,197.6525,33.322,5.317,20.831,True,320,240,0,False,60.00,0.1000,0.013568,-0.036137,0.213565,0.489585,-0.066282,0.034558,0.868746,2901
352.1624,inicio,True,197.7858,33.322,2.169,13.192,True,320,240,0,False,60.00,0.1000,0.002696,-0.048103,0.212831,0.488001,-0.069147,0.039439,0.869206,2902
352.2954,inicio,False,197.8525,33.323,5.305,10.270,True,320,240,0,False,60.00,0.1000,0.002696,-0.048103,0.212831,0.488001,-0.069147,0.039439,0.869206,2903
352.3955,inicio,False,197.8525,33.322,5.963,13.358,True,320,240,0,False,60.00,0.1000,0.002696,-0.048103,0.212831,0.488001,-0.069147,0.039439,0.869206,2904
352.4959,inicio,False,197.8525,33.323,5.995,9.572,True,320,240,0,False,60.00,0.1000,0.002696,-0.048103,0.212831,0.488001,-0.069147,0.039439,0.869206,2905
352.6286,inicio,False,197.8525,33.324,5.165,10.962,True,320,240,0,False,60.00,0.1000,0.002696,-0.048103,0.212831,0.488001,-0.069147,0.039439,0.869206,2907
352.7619,inicio,False,197.8525,33.324,5.623,9.526,True,320,240,0,False,60.00,0.1000,0.002696,-0.048103,0.212831,0.488001,-0.069147,0.039439,0.869206,2908
352.8619,inicio,False,197.8525,33.323,6.704,11.496,True,320,240,0,False,60.00,0.1000,0.002696,-0.048103,0.212831,0.488001,-0.069147,0.039439,0.869206,2909
352.9952,inicio,True,197.9524,33.322,5.562,15.526,True,320,240,0,False,60.00,0.1000,-0.031541,-0.045516,0.223181,0.514379,-0.106591,0.056980,0.849003,2910
353.0956,inicio,True,198.0524,33.322,4.720,19.537,True,320,240,0,False,60.00,0.1000,-0.030579,-0.025335,0.226510,0.483421,-0.092286,0.062232,0.868283,2911
353.2283,inicio,True,198.1857,33.321,5.687,13.178,True,320,240,0,False,60.00,0.1000,-0.027928,-0.008066,0.230095,0.452221,-0.077363,0.065973,0.886092,2913
353.3292,inicio,True,198.2856,33.321,6.285,13.922,True,320,240,0,False,60.00,0.1000,-0.025684,-0.000827,0.234909,0.446839,-0.068148,0.061229,0.889911,2914
353.4618,inicio,True,198.4189,33.322,5.326,12.836,True,320,240,0,False,60.00,0.1000,-0.028103,0.004138,0.233315,0.445850,-0.067882,0.063657,0.890257,2915
353.5955,inicio,True,198.5522,33.322,4.979,11.869,True,320,240,0,False,60.00,0.1000,-0.029512,0.004396,0.233107,0.445221,-0.070378,0.064863,0.890291,2916
353.7286,inicio,True,198.6855,33.323,6.490,18.864,True,320,240,0,False,60.00,0.1000,-0.032274,0.006972,0.232674,0.439751,-0.070515,0.064334,0.893033,2918
353.8290,inicio,True,198.7855,33.322,6.490,18.864,True,320,240,0,False,60.00,0.1000,-0.032274,0.006972,0.232674,0.439751,-0.070515,0.064334,0.893033,2918
353.9616,inicio,True,198.9188,33.322,6.709,13.281,True,320,240,0,False,60.00,0.1000,-0.033729,0.014096,0.234247,0.424177,-0.069626,0.055525,0.901190,2920
354.0616,inicio,True,199.0188,33.323,5.265,11.245,True,320,240,0,False,60.00,0.1000,-0.035531,0.019008,0.231213,0.415584,-0.068877,0.053189,0.905382,2921
354.1950,inicio,True,199.1520,33.321,4.966,17.808,True,320,240,0,False,60.00,0.1000,-0.040434,0.025259,0.232089,0.409305,-0.068860,0.054781,0.908145,2922
354.3283,inicio,True,199.2853,33.322,5.280,13.361,True,320,240,0,False,60.00,0.1000,-0.045032,0.022479,0.233396,0.410918,-0.067032,0.051778,0.907729,2924
354.4619,inicio,True,199.4186,33.322,4.851,12.495,True,320,240,0,False,60.00,0.1000,-0.042841,0.020295,0.236150,0.421879,-0.056446,0.043758,0.903835,2925
354.5946,inicio,True,199.5519,33.323,5.118,16.395,True,320,240,0,False,60.00,0.1000,-0.044860,0.018624,0.234889,0.428447,-0.052930,0.039730,0.901140,2926
354.6948,inicio,True,199.6519,33.323,5.118,16.395,True,320,240,0,False,60.00,0.1000,-0.044860,0.018624,0.234889,0.428447,-0.052930,0.039730,0.901140,2926
354.8282,inicio,True,199.7852,33.323,5.574,11.939,True,320,240,0,False,60.00,0.1000,-0.047093,0.016284,0.233551,0.440419,-0.051936,0.035298,0.895594,2927
354.9617,inicio,True,199.9185,33.323,5.416,13.885,True,320,240,0,False,60.00,0.1000,-0.048155,0.018656,0.231477,0.446007,-0.044672,0.027432,0.893493,2929
355.0949,inicio,True,200.0517,33.322,5.200,11.951,True,320,240,0,False,60.00,0.1000,-0.047790,0.017414,0.231279,0.449428,-0.041296,0.022957,0.892066,2930
355.2280,inicio,True,200.1851,33.324,2.641,18.606,True,320,240,0,False,60.00,0.1000,-0.048557,0.017128,0.229696,0.460178,-0.036001,0.017141,0.886931,2931
355.3612,inicio,True,200.3183,33.322,5.437,15.569,True,320,240,0,False,60.00,0.1000,-0.051155,0.019693,0.227037,0.460879,-0.034808,0.014657,0.886659,2932
355.4943,inicio,True,200.4516,33.321,6.247,15.001,True,320,240,0,False,60.00,0.1000,-0.053239,0.022036,0.224881,0.461333,-0.032087,0.013399,0.886546,2933
355.6279,inicio,True,200.5849,33.320,5.368,13.228,True,320,240,0,False,60.00,0.1000,-0.052424,0.021050,0.224101,0.464898,-0.027618,0.010294,0.884874,2934
355.7608,inicio,True,200.7182,33.322,4.675,15.348,True,320,240,0,False,60.00,0.1000,-0.052945,0.019951,0.221917,0.469023,-0.021823,0.005703,0.882898,2936
355.8609,inicio,True,200.8181,33.322,3.136,13.416,True,320,240,0,False,60.00,0.1000,-0.052089,0.017922,0.220766,0.470476,-0.019562,0.005333,0.882180,2937
355.9611,inicio,True,200.9181,33.322,4.843,12.788,True,320,240,0,False,60.00,0.1000,-0.050829,0.016377,0.220404,0.473325,-0.016307,0.004519,0.880725,2938
356.0940,inicio,True,201.0514,33.322,4.373,17.798,True,320,240,0,False,60.00,0.1000,-0.049508,0.015062,0.226507,0.478689,-0.012388,0.001869,0.877895,2939
356.1950,inicio,True,201.1514,33.322,5.364,17.582,True,320,240,0,False,60.00,0.1000,-0.050216,0.015023,0.226188,0.478812,-0.015773,0.002836,0.877771,2940
356.3274,inicio,True,201.2847,33.322,2.695,16.061,True,320,240,0,False,60.00,0.1000,-0.051865,0.016437,0.225117,0.476266,-0.017519,0.003291,0.879121,2941
356.4279,inicio,True,201.3846,33.322,2.695,16.061,True,320,240,0,False,60.00,0.1000,-0.051865,0.016437,0.225117,0.476266,-0.017519,0.003291,0.879121,2941
356.5607,inicio,True,201.5179,33.323,5.870,20.245,True,320,240,0,False,60.00,0.1000,-0.051739,0.016737,0.224774,0.475390,-0.017078,0.003870,0.879601,2942
356.6940,inicio,True,201.6513,33.324,2.940,14.059,True,320,240,0,False,60.00,0.1000,-0.050990,0.016662,0.224950,0.475920,-0.016826,0.002250,0.879325,2943
356.7940,inicio,True,201.7512,33.323,6.087,13.801,True,320,240,0,False,60.00,0.1000,-0.051133,0.016537,0.225042,0.477828,-0.018188,0.001160,0.878265,2945
356.8942,inicio,True,201.8511,33.322,6.087,13.801,True,320,240,0,False,60.00,0.1000,-0.051133,0.016537,0.225042,0.477828,-0.018188,0.001160,0.878265,2945
356.9947,inicio,True,201.9511,33.321,5.536,17.656,True,320,240,0,False,60.00,0.1000,-0.049659,0.015777,0.224904,0.479264,-0.015902,-0.001323,0.877526,2946
357.1270,inicio,True,202.0844,33.325,2.217,11.959,True,320,240,0,False,60.00,0.1000,-0.045985,0.011682,0.226196,0.483920,-0.006178,-0.009565,0.875038,2947
357.2271,inicio,True,202.1844,33.323,6.130,19.206,True,320,240,0,False,60.00,0.1000,-0.049049,0.006227,0.223160,0.492795,-0.003919,-0.014622,0.870014,2948
357.3273,inicio,True,202.2843,33.323,5.367,14.135,True,320,240,0,False,60.00,0.1000,-0.058556,-0.001580,0.225313,0.500125,-0.008504,-0.024295,0.865571,2949
357.4601,inicio,True,202.4176,33.322,4.736,13.840,True,320,240,0,False,60.00,0.1000,-0.065495,-0.005715,0.222778,0.511571,-0.006379,-0.037212,0.858411,2950
357.5609,inicio,True,202.5176,33.322,5.384,13.328,True,320,240,0,False,60.00,0.1000,-0.069466,-0.007097,0.222663,0.510935,-0.002680,-0.043865,0.858495,2951
357.6946,inicio,True,202.6509,33.322,5.285,13.348,True,320,240,0,False,60.00,0.1000,-0.072684,-0.008760,0.220403,0.517888,-0.002840,-0.049067,0.854036,2952
357.8273,inicio,False,202.6509,33.328,6.160,8.932,True,320,240,0,False,60.00,0.1000,-0.072684,-0.008760,0.220403,0.517888,-0.002840,-0.049067,0.854036,2953
357.9604,inicio,False,202.6509,33.322,5.671,15.090,True,320,240,0,False,60.00,0.1000,-0.072684,-0.008760,0.220403,0.517888,-0.002840,-0.049067,0.854036,2954
358.0937,inicio,False,202.6509,33.320,4.696,13.952,True,320,240,0,False,60.00,0.1000,-0.072684,-0.008760,0.220403,0.517888,-0.002840,-0.049067,0.854036,2955
358.1942,inicio,False,202.6509,33.320,5.627,11.939,True,320,240,0,False,60.00,0.1000,-0.072684,-0.008760,0.220403,0.517888,-0.002840,-0.049067,0.854036,2956
358.3268,inicio,False,202.6509,33.320,5.469,10.355,True,320,240,0,False,60.00,0.1000,-0.072684,-0.008760,0.220403,0.517888,-0.002840,-0.049067,0.854036,2957
358.4603,inicio,False,202.6509,33.322,5.349,14.977,True,320,240,0,False,60.00,0.1000,-0.072684,-0.008760,0.220403,0.517888,-0.002840,-0.049067,0.854036,2959
358.5934,inicio,False,202.6509,33.320,5.660,11.388,True,320,240,0,False,60.00,0.1000,-0.072684,-0.008760,0.220403,0.517888,-0.002840,-0.049067,0.854036,2960
358.7274,inicio,False,202.6509,33.322,5.487,10.238,True,320,240,0,False,60.00,0.1000,-0.072684,-0.008760,0.220403,0.517888,-0.002840,-0.049067,0.854036,2962
358.8600,inicio,True,202.6842,33.322,6.810,18.259,True,320,240,0,False,60.00,0.1000,-0.072752,0.016939,0.219383,0.481298,0.047127,-0.113197,0.867939,2963
358.9605,inicio,True,202.7845,33.333,6.810,18.259,True,320,240,0,False,60.00,0.1000,-0.072752,0.016939,0.219383,0.481298,0.047127,-0.113197,0.867939,2963
359.0943,inicio,True,202.9177,33.329,5.398,15.051,True,320,240,0,False,60.00,0.1000,-0.068333,0.016252,0.220238,0.482036,0.054123,-0.120124,0.866188,2964
359.2269,inicio,True,203.0509,33.322,4.866,14.623,True,320,240,0,False,60.00,0.1000,-0.063015,0.014282,0.221056,0.487308,0.061438,-0.127970,0.861615,2965
359.3273,inicio,True,203.1507,33.317,5.611,16.891,True,320,240,0,False,60.00,0.1000,-0.057092,0.017386,0.222579,0.483083,0.073860,-0.142455,0.860745,2966
359.4596,inicio,True,203.2839,33.312,4.851,16.249,True,320,240,0,False,60.00,0.1000,-0.060876,0.017311,0.222800,0.480904,0.068398,-0.141159,0.862628,2967
359.5598,inicio,True,203.3838,33.310,2.742,14.757,True,320,240,0,False,60.00,0.1000,-0.060632,0.015549,0.223962,0.483528,0.070709,-0.141904,0.860851,2968
359.6601,inicio,True,203.4839,33.318,5.915,12.308,True,320,240,0,False,60.00,0.1000,-0.060227,0.014076,0.224453,0.485710,0.074078,-0.144780,0.858858,2969
359.7931,inicio,True,203.6173,33.324,5.028,13.798,True,320,240,0,False,60.00,0.1000,-0.059150,0.011524,0.225562,0.491078,0.077035,-0.148562,0.854890,2970
359.9263,inicio,True,203.7506,33.322,2.581,16.744,True,320,240,0,False,60.00,0.1000,-0.058662,0.010622,0.227041,0.494219,0.080719,-0.153010,0.851951,2971
360.0596,inicio,True,203.8839,33.322,4.665,20.465,True,320,240,0,False,60.00,0.1000,-0.060195,0.013367,0.225773,0.492603,0.079449,-0.156192,0.852428,2972
360.1599,inicio,True,203.9838,33.321,5.110,18.914,True,320,240,0,False,60.00,0.1000,-0.063549,0.016130,0.226418,0.488835,0.077502,-0.157532,0.854528,2973
360.2928,inicio,True,204.1170,33.319,2.791,14.571,True,320,240,0,False,60.00,0.1000,-0.066630,0.017755,0.224908,0.488735,0.074394,-0.156949,0.854969,2974
360.3930,inicio,True,204.2170,33.320,2.420,12.504,True,320,240,0,False,60.00,0.1000,-0.068952,0.018046,0.225017,0.487612,0.073017,-0.156187,0.855867,2975
360.5264,inicio,True,204.3508,33.345,5.281,18.320,True,320,240,0,False,60.00,0.1000,-0.068636,0.017035,0.225196,0.489333,0.073277,-0.158462,0.854443,2976
360.6606,inicio,True,204.4837,33.323,2.888,18.742,True,320,240,0,False,60.00,0.1000,-0.067511,0.016186,0.223730,0.490395,0.078486,-0.160590,0.852973,2977
360.7928,inicio,True,204.6169,33.321,3.020,12.882,True,320,240,0,False,60.00,0.1000,-0.068897,0.015389,0.221023,0.492905,0.079407,-0.160982,0.851366,2978
360.9261,inicio,True,204.7502,33.319,5.923,17.418,True,320,240,0,False,60.00,0.1000,-0.071713,0.014511,0.223132,0.498473,0.076379,-0.160089,0.848565,2979
361.0590,inicio,True,204.8834,33.317,5.855,15.592,True,320,240,0,False,60.00,0.1000,-0.072355,0.015686,0.221471,0.500521,0.075733,-0.161968,0.847059,2980
361.1596,inicio,True,204.9834,33.317,5.671,13.161,True,320,240,0,False,60.00,0.1000,-0.073314,0.015956,0.220054,0.502071,0.072005,-0.163040,0.846261,2981
361.2925,inicio,True,205.1168,33.322,5.122,13.926,True,320,240,0,False,60.00,0.1000,-0.074372,0.015382,0.219147,0.503475,0.070136,-0.161737,0.845834,2982
361.3926,inicio,True,205.2168,33.324,5.102,14.173,True,320,240,0,False,60.00,0.1000,-0.073340,0.014301,0.220431,0.505904,0.071203,-0.163163,0.844020,2983
361.5260,inicio,True,205.3500,33.321,5.082,12.954,True,320,240,0,False,60.00,0.1000,-0.071194,0.015546,0.219847,0.505382,0.074199,-0.165963,0.843528,2985
361.6591,inicio,True,205.4833,33.321,5.671,12.529,True,320,240,0,False,60.00,0.1000,-0.069774,0.016054,0.220581,0.505622,0.076897,-0.168978,0.842543,2986
361.7593,inicio,True,205.5833,33.322,5.357,20.887,True,320,240,0,False,60.00,0.1000,-0.068778,0.015755,0.219603,0.507636,0.078065,-0.171480,0.840718,2987
361.8923,inicio,True,205.7166,33.322,2.246,14.723,True,320,240,0,False,60.00,0.1000,-0.069287,0.015938,0.219303,0.507706,0.077588,-0.170330,0.840953,2988
361.9926,inicio,True,205.8165,33.322,5.451,16.461,True,320,240,0,False,60.00,0.1000,-0.068660,0.016435,0.220222,0.506404,0.077540,-0.172552,0.841289,2989
362.1259,inicio,True,205.9498,33.322,6.658,14.426,True,320,240,0,False,60.00,0.1000,-0.068879,0.016594,0.218734,0.507103,0.077058,-0.172354,0.840953,2990
362.2588,inicio,True,206.0831,33.322,5.160,17.724,True,320,240,0,False,60.00,0.1000,-0.068771,0.016952,0.218764,0.507288,0.076359,-0.172104,0.840957,2991
362.3925,inicio,True,206.2164,33.321,5.465,13.739,True,320,240,0,False,60.00,0.1000,-0.069129,0.017000,0.218466,0.508412,0.075511,-0.173187,0.840132,2992
362.5254,inicio,True,206.3497,33.323,6.047,14.113,True,320,240,0,False,60.00,0.1000,-0.067714,0.016475,0.218306,0.508411,0.076620,-0.174513,0.839757,2993
362.6587,inicio,True,206.4830,33.323,6.420,19.517,True,320,240,0,False,60.00,0.1000,-0.067758,0.016553,0.217688,0.509069,0.077149,-0.175286,0.839150,2994
362.7931,inicio,True,206.6163,33.323,5.231,16.689,True,320,240,0,False,60.00,0.1000,-0.069018,0.016791,0.217944,0.508634,0.074739,-0.173516,0.839999,2996
362.9251,inicio,True,206.7496,33.322,5.974,14.811,True,320,240,0,False,60.00,0.1000,-0.068613,0.016679,0.217949,0.509436,0.075114,-0.174382,0.839300,2997
363.0254,inicio,True,206.8495,33.323,5.327,13.528,True,320,240,0,False,60.00,0.1000,-0.068673,0.016867,0.217442,0.509839,0.075499,-0.174127,0.839073,2998
363.1585,inicio,True,206.9828,33.323,5.897,17.987,True,320,240,0,False,60.00,0.1000,-0.067812,0.017011,0.217817,0.510033,0.076554,-0.175300,0.838615,2999
363.2924,inicio,True,207.1161,33.324,6.540,16.170,True,320,240,0,False,60.00,0.1000,-0.069641,0.016908,0.217418,0.511556,0.072803,-0.173874,0.838318,3000
363.4248,inicio,True,207.2494,33.323,6.009,17.832,True,320,240,0,False,60.00,0.1000,-0.069644,0.018759,0.215510,0.510835,0.073142,-0.174710,0.838555,3001
363.5259,inicio,True,207.3493,33.321,2.683,13.405,True,320,240,0,False,60.00,0.1000,-0.069431,0.019052,0.216474,0.510938,0.073807,-0.175436,0.838283,3002
363.6582,inicio,True,207.4826,33.321,5.018,12.006,True,320,240,0,False,60.00,0.1000,-0.070041,0.018302,0.215818,0.513307,0.073548,-0.173142,0.837334,3003
363.7585,inicio,True,207.5826,33.322,6.372,15.729,True,320,240,0,False,60.00,0.1000,-0.069513,0.018146,0.216170,0.513763,0.075877,-0.174944,0.836472,3004
363.8920,inicio,True,207.7159,33.323,5.410,16.563,True,320,240,0,False,60.00,0.1000,-0.069561,0.018716,0.215080,0.514750,0.074611,-0.172577,0.836471,3005
364.0248,inicio,True,207.8492,33.322,5.457,15.892,True,320,240,0,False,60.00,0.1000,-0.069367,0.019287,0.215699,0.513204,0.074983,-0.174522,0.836984,3006
364.1249,inicio,True,207.9492,33.322,5.137,13.251,True,320,240,0,False,60.00,0.1000,-0.069616,0.019908,0.214343,0.513988,0.074490,-0.173742,0.836709,3007
364.2580,inicio,True,208.0825,33.323,4.931,16.864,True,320,240,0,False,60.00,0.1000,-0.069516,0.020558,0.214198,0.513857,0.074540,-0.174038,0.836723,3008
364.3583,inicio,True,208.1824,33.322,4.931,16.864,True,320,240,0,False,60.00,0.1000,-0.069516,0.020558,0.214198,0.513857,0.074540,-0.174038,0.836723,3008
364.4586,inicio,True,208.2824,33.322,4.914,16.263,True,320,240,0,False,60.00,0.1000,-0.068429,0.020965,0.214591,0.514354,0.076784,-0.174890,0.836037,3009
364.5923,inicio,True,208.4157,33.322,6.456,14.021,True,320,240,0,False,60.00,0.1000,-0.068856,0.021708,0.214815,0.513904,0.075248,-0.175803,0.836262,3010
364.7250,inicio,True,208.5490,33.323,5.276,14.821,True,320,240,0,False,60.00,0.1000,-0.069548,0.022294,0.213889,0.514881,0.074447,-0.173224,0.836270,3011
364.8251,inicio,True,208.6489,33.322,5.147,13.761,True,320,240,0,False,60.00,0.1000,-0.070104,0.023011,0.214588,0.514402,0.075045,-0.175095,0.836122,3012
364.9580,inicio,True,208.7822,33.322,5.255,18.221,True,320,240,0,False,60.00,0.1000,-0.070924,0.022981,0.214738,0.515726,0.073623,-0.174220,0.835616,3013
365.0588,inicio,True,208.8822,33.322,3.151,15.722,True,320,240,0,False,60.00,0.1000,-0.070430,0.023022,0.215166,0.516889,0.074345,-0.173684,0.834945,3014
365.1913,inicio,True,209.0155,33.322,5.701,16.982,True,320,240,0,False,60.00,0.1000,-0.069448,0.023484,0.214495,0.515727,0.075516,-0.174163,0.835458,3015
365.3250,inicio,True,209.1488,33.322,6.696,17.858,True,320,240,0,False,60.00,0.1000,-0.070043,0.024981,0.212806,0.514466,0.074519,-0.173160,0.836533,3016
365.4577,inicio,True,209.2821,33.323,2.605,11.532,True,320,240,0,False,60.00,0.1000,-0.069912,0.026655,0.210523,0.512944,0.073703,-0.173623,0.837443,3017
365.5578,inicio,True,209.3820,33.323,4.807,16.130,True,320,240,0,False,60.00,0.1000,-0.070567,0.028360,0.209131,0.509698,0.071330,-0.173132,0.839729,3018
365.6579,inicio,True,209.4820,33.322,5.692,11.524,True,320,240,0,False,60.00,0.1000,-0.070340,0.029098,0.207452,0.508060,0.071137,-0.172547,0.840858,3019
365.7909,inicio,True,209.6153,33.323,2.931,17.510,True,320,240,0,False,60.00,0.1000,-0.070609,0.029706,0.206188,0.507198,0.070248,-0.172019,0.841561,3020
365.8913,inicio,True,209.7153,33.323,5.643,12.614,True,320,240,0,False,60.00,0.1000,-0.070499,0.031582,0.211478,0.507220,0.071755,-0.175025,0.840800,3021
366.0243,inicio,True,209.8485,33.322,3.723,16.507,True,320,240,0,False,60.00,0.1000,-0.070949,0.033546,0.210835,0.504059,0.068813,-0.173689,0.843221,3022
366.1245,inicio,True,209.9485,33.323,6.366,13.536,True,320,240,0,False,60.00,0.1000,-0.071294,0.034991,0.211448,0.500752,0.067917,-0.175835,0.844818,3023
366.2576,inicio,True,210.0818,33.321,5.789,12.685,True,320,240,0,False,60.00,0.1000,-0.070941,0.036957,0.210549,0.497751,0.067089,-0.176738,0.846468,3024
366.3909,inicio,True,210.2151,33.321,5.592,14.847,True,320,240,0,False,60.00,0.1000,-0.070715,0.038300,0.211232,0.495215,0.065952,-0.177156,0.847956,3025
366.4916,inicio,True,210.3151,33.323,6.199,14.253,True,320,240,0,False,60.00,0.1000,-0.070247,0.037493,0.211224,0.496294,0.066907,-0.177392,0.847200,3026
366.6242,inicio,True,210.4483,33.322,5.650,15.696,True,320,240,0,False,60.00,0.1000,-0.070084,0.037988,0.211224,0.495569,0.067282,-0.176458,0.847790,3027
366.7572,inicio,True,210.5816,33.322,2.671,12.412,True,320,240,0,False,60.00,0.1000,-0.069503,0.037283,0.211214,0.496547,0.069117,-0.178320,0.846679,3028
366.8576,inicio,True,210.6816,33.322,5.491,15.590,True,320,240,0,False,60.00,0.1000,-0.070012,0.036803,0.211804,0.497104,0.069303,-0.177745,0.846458,3029
366.9909,inicio,True,210.8149,33.323,6.398,14.973,True,320,240,0,False,60.00,0.1000,-0.069866,0.036622,0.212257,0.497271,0.069677,-0.178039,0.846267,3030
367.1239,inicio,True,210.9482,33.323,5.217,12.406,True,320,240,0,False,60.00,0.1000,-0.069451,0.036463,0.211490,0.497859,0.070269,-0.178365,0.845804,3031
367.2573,inicio,True,211.0815,33.323,5.404,14.868,True,320,240,0,False,60.00,0.1000,-0.069394,0.035821,0.212456,0.499048,0.070621,-0.178367,0.845073,3032
367.3905,inicio,True,211.2148,33.322,4.523,11.373,True,320,240,0,False,60.00,0.1000,-0.069185,0.035894,0.212402,0.499455,0.070770,-0.178515,0.844789,3033
367.4906,inicio,True,211.3147,33.322,4.681,14.067,True,320,240,0,False,60.00,0.1000,-0.069355,0.035085,0.211312,0.501333,0.070031,-0.176975,0.844062,3034
367.5909,inicio,True,211.4147,33.322,5.304,14.561,True,320,240,0,False,60.00,0.1000,-0.069091,0.034754,0.213038,0.501187,0.072102,-0.178953,0.843557,3035
367.7241,inicio,True,211.5480,33.322,5.222,14.635,True,320,240,0,False,60.00,0.1000,-0.069351,0.034693,0.212869,0.501154,0.071486,-0.178449,0.843736,3036
367.8243,inicio,True,211.6480,33.323,5.222,14.635,True,320,240,0,False,60.00,0.1000,-0.069351,0.034693,0.212869,0.501154,0.071486,-0.178449,0.843736,3036
367.9570,inicio,True,211.7813,33.323,5.598,16.270,True,320,240,0,False,60.00,0.1000,-0.068847,0.035106,0.212136,0.501976,0.071432,-0.177539,0.843444,3037
368.0904,inicio,True,211.9146,33.323,5.056,16.068,True,320,240,0,False,60.00,0.1000,-0.068291,0.035143,0.211244,0.502475,0.073572,-0.177882,0.842890,3038
368.1905,inicio,True,212.0145,33.321,5.324,14.161,True,320,240,0,False,60.00,0.1000,-0.068807,0.034849,0.211951,0.502123,0.072414,-0.177873,0.843202,3039
368.3242,inicio,True,212.1478,33.322,5.597,12.846,True,320,240,0,False,60.00,0.1000,-0.069366,0.034361,0.210662,0.501763,0.074002,-0.176438,0.843580,3041
368.4568,inicio,False,212.2478,33.322,5.264,8.411,True,320,240,0,False,60.00,0.1000,-0.069366,0.034361,0.210662,0.501763,0.074002,-0.176438,0.843580,3042
368.5569,inicio,False,212.2478,33.324,6.251,10.788,True,320,240,0,False,60.00,0.1000,-0.069366,0.034361,0.210662,0.501763,0.074002,-0.176438,0.843580,3043
368.6902,inicio,False,212.2478,33.323,5.599,12.027,True,320,240,0,False,60.00,0.1000,-0.069366,0.034361,0.210662,0.501763,0.074002,-0.176438,0.843580,3044
368.8237,inicio,False,212.2478,33.322,5.180,12.483,True,320,240,0,False,60.00,0.1000,-0.069366,0.034361,0.210662,0.501763,0.074002,-0.176438,0.843580,3045
368.9238,inicio,False,212.2478,33.322,6.137,11.314,True,320,240,0,False,60.00,0.1000,-0.069366,0.034361,0.210662,0.501763,0.074002,-0.176438,0.843580,3046
369.0564,inicio,False,212.2478,33.321,5.730,12.746,True,320,240,0,False,60.00,0.1000,-0.069366,0.034361,0.210662,0.501763,0.074002,-0.176438,0.843580,3047
369.1899,inicio,False,212.2478,33.324,4.175,9.033,True,320,240,0,False,60.00,0.1000,-0.069366,0.034361,0.210662,0.501763,0.074002,-0.176438,0.843580,3048
369.4132,inicio,False,212.2478,40.820,6.738,27.981,True,320,240,0,False,60.00,0.1000,-0.069366,0.034361,0.210662,0.501763,0.074002,-0.176438,0.843580,3049
369.6361,inicio,False,212.2478,45.600,4.567,15.726,True,320,240,0,False,60.00,0.1000,-0.069366,0.034361,0.210662,0.501763,0.074002,-0.176438,0.843580,3050
369.7869,inicio,True,212.3976,50.814,301.571,25.406,True,320,240,90,False,60.00,0.1000,-0.058762,-0.007213,0.232781,0.475748,0.088530,-0.261164,0.835236,3051
370.1381,inicio,True,212.7478,65.783,0.902,26.184,True,320,240,90,False,60.00,0.1000,-0.058762,-0.007213,0.232781,0.475748,0.088530,-0.261164,0.835236,3052
370.2566,inicio,True,212.8810,59.755,17.268,16.943,True,320,240,90,False,60.00,0.1000,-0.037158,-0.035763,0.232798,0.488087,0.119654,-0.210303,0.838586,3053
370.3566,inicio,True,212.9809,55.983,17.268,16.943,True,320,240,90,False,60.00,0.1000,-0.037158,-0.035763,0.232798,0.488087,0.119654,-0.210303,0.838586,3053
370.4567,inicio,True,213.0808,52.749,16.382,21.423,True,320,240,90,False,60.00,0.1000,-0.036486,-0.042925,0.223936,0.508716,0.139719,-0.172354,0.831854,3054
370.5726,inicio,True,213.1808,49.978,21.584,19.725,True,320,240,90,False,60.00,0.1000,-0.027533,-0.057595,0.235218,0.531177,0.129241,-0.163965,0.821136,3055
370.7096,inicio,True,213.3308,47.723,18.624,20.850,True,320,240,90,False,60.00,0.1000,-0.014188,-0.056835,0.234591,0.520546,0.138788,-0.162455,0.826667,3056
370.8397,inicio,True,213.4641,45.053,2.898,16.472,True,320,240,90,False,60.00,0.1000,-0.015652,-0.043643,0.232537,0.507840,0.120680,-0.155366,0.838688,3057
370.9422,inicio,True,213.5640,43.379,4.632,23.340,True,320,240,90,False,60.00,0.1000,-0.022094,-0.042277,0.229168,0.517979,0.108823,-0.131206,0.838237,3058
371.0730,inicio,True,213.6973,41.514,2.208,17.786,True,320,240,90,False,60.00,0.1000,-0.037287,-0.042941,0.216961,0.526590,0.075993,-0.100766,0.840699,3059
371.2062,inicio,False,213.7306,39.995,2.782,12.289,True,320,240,90,False,60.00,0.1000,-0.037287,-0.042941,0.216961,0.526590,0.075993,-0.100766,0.840699,3060
371.3064,inicio,False,213.7306,39.041,4.914,9.372,True,320,240,90,False,60.00,0.1000,-0.037287,-0.042941,0.216961,0.526590,0.075993,-0.100766,0.840699,3061
371.4396,inicio,False,213.7306,37.981,6.771,9.482,True,320,240,90,False,60.00,0.1000,-0.037287,-0.042941,0.216961,0.526590,0.075993,-0.100766,0.840699,3062
371.5428,inicio,False,213.7306,37.316,5.050,9.865,True,320,240,90,False,60.00,0.1000,-0.037287,-0.042941,0.216961,0.526590,0.075993,-0.100766,0.840699,3063
371.6735,inicio,False,213.7306,36.575,6.976,13.080,True,320,240,90,False,60.00,0.1000,-0.037287,-0.042941,0.216961,0.526590,0.075993,-0.100766,0.840699,3064
371.8069,inicio,False,213.7306,35.974,6.798,14.083,True,320,240,90,False,60.00,0.1000,-0.037287,-0.042941,0.216961,0.526590,0.075993,-0.100766,0.840699,3065
371.9404,inicio,False,213.7306,35.481,4.962,12.300,True,320,240,90,False,60.00,0.1000,-0.037287,-0.042941,0.216961,0.526590,0.075993,-0.100766,0.840699,3066
372.0727,inicio,False,213.7306,35.081,4.917,9.372,True,320,240,90,False,60.00,0.1000,-0.037287,-0.042941,0.216961,0.526590,0.075993,-0.100766,0.840699,3068
372.2061,inicio,False,213.7306,34.753,4.559,9.571,True,320,240,90,False,60.00,0.1000,-0.037287,-0.042941,0.216961,0.526590,0.075993,-0.100766,0.840699,3069
372.3400,inicio,False,213.7306,34.487,5.103,11.324,True,320,240,90,False,60.00,0.1000,-0.037287,-0.042941,0.216961,0.526590,0.075993,-0.100766,0.840699,3070
372.4563,inicio,True,213.8473,35.114,11.931,28.044,True,320,240,90,False,60.00,0.1000,-0.016878,0.003762,0.192352,0.512995,0.082763,-0.134392,0.843756,3071
372.5649,inicio,True,213.9472,34.857,6.663,24.607,True,320,240,90,False,60.00,0.1000,-0.020927,0.010369,0.184183,0.518791,0.073789,-0.126715,0.842232,3072
372.7057,inicio,False,214.0139,34.574,24.259,13.211,True,320,240,90,False,60.00,0.1000,-0.020927,0.010369,0.184183,0.518791,0.073789,-0.126715,0.842232,3073
372.8414,inicio,True,214.0973,35.178,21.340,19.229,True,320,240,90,False,60.00,0.1000,-0.018949,0.011664,0.184661,0.528676,0.082435,-0.131032,0.834588,3074
372.9723,inicio,True,214.2305,34.833,5.537,15.577,True,320,240,90,False,60.00,0.1000,-0.018784,0.004254,0.190869,0.547843,0.086663,-0.131126,0.821683,3075
373.0733,inicio,True,214.3305,34.615,5.830,19.835,True,320,240,90,False,60.00,0.1000,-0.019877,0.002378,0.192340,0.552750,0.085213,-0.129455,0.818808,3076
373.2055,inicio,True,214.4637,34.374,2.466,14.460,True,320,240,90,False,60.00,0.1000,-0.021418,-0.000590,0.192935,0.563391,0.082689,-0.128279,0.811971,3077
373.3388,inicio,True,214.5970,34.178,2.945,15.492,True,320,240,90,False,60.00,0.1000,-0.022959,0.003328,0.189588,0.557933,0.076267,-0.131904,0.815779,3078
373.4721,inicio,True,214.7303,34.019,3.041,16.058,True,320,240,90,False,60.00,0.1000,-0.022929,0.006679,0.190253,0.552174,0.076425,-0.129744,0.820018,3079
373.6057,inicio,True,214.8636,33.891,5.241,14.297,True,320,240,90,False,60.00,0.1000,-0.024176,0.003995,0.190655,0.558849,0.077422,-0.127367,0.815764,3080
373.7387,inicio,True,214.9969,33.786,3.233,16.951,True,320,240,90,False,60.00,0.1000,-0.024627,0.004620,0.190205,0.560646,0.074078,-0.130485,0.814348,3081
373.8390,inicio,True,215.0302,33.720,2.920,15.659,True,320,240,90,False,60.00,0.1000,-0.024034,0.007691,0.188315,0.555899,0.075991,-0.134156,0.816826,3083
373.9407,inicio,True,215.1302,33.664,2.920,15.659,True,320,240,90,False,60.00,0.1000,-0.024034,0.007691,0.188315,0.555899,0.075991,-0.134156,0.816826,3083
374.0731,inicio,True,215.2635,33.599,4.379,16.099,True,320,240,90,False,60.00,0.1000,-0.023883,0.008379,0.187269,0.553022,0.081846,-0.138141,0.817548,3084
374.2055,inicio,False,215.2635,33.547,5.586,10.751,True,320,240,90,False,60.00,0.1000,-0.023883,0.008379,0.187269,0.553022,0.081846,-0.138141,0.817548,3085
374.3056,inicio,False,215.2635,33.516,5.229,10.204,True,320,240,90,False,60.00,0.1000,-0.023883,0.008379,0.187269,0.553022,0.081846,-0.138141,0.817548,3087
374.4074,inicio,False,215.2635,33.491,5.442,9.159,True,320,240,90,False,60.00,0.1000,-0.023883,0.008379,0.187269,0.553022,0.081846,-0.138141,0.817548,3088
374.5399,inicio,False,215.2635,33.458,4.777,10.344,True,320,240,90,False,60.00,0.1000,-0.023883,0.008379,0.187269,0.553022,0.081846,-0.138141,0.817548,3089
374.6719,inicio,False,215.2635,33.433,5.786,12.656,True,320,240,90,False,60.00,0.1000,-0.023883,0.008379,0.187269,0.553022,0.081846,-0.138141,0.817548,3090
374.7720,inicio,False,215.2635,33.417,6.813,12.260,True,320,240,90,False,60.00,0.1000,-0.023883,0.008379,0.187269,0.553022,0.081846,-0.138141,0.817548,3091
374.9051,inicio,False,215.2635,33.399,6.027,12.597,True,320,240,90,False,60.00,0.1000,-0.023883,0.008379,0.187269,0.553022,0.081846,-0.138141,0.817548,3092
375.0052,inicio,False,215.2635,33.388,5.707,11.860,True,320,240,90,False,60.00,0.1000,-0.023883,0.008379,0.187269,0.553022,0.081846,-0.138141,0.817548,3093
375.1389,inicio,False,215.2635,33.376,4.777,9.859,True,320,240,90,False,60.00,0.1000,-0.023883,0.008379,0.187269,0.553022,0.081846,-0.138141,0.817548,3094
375.2716,inicio,True,215.3301,33.366,5.324,18.095,True,320,240,90,False,60.00,0.1000,-0.029892,0.015959,0.186728,0.528146,0.108815,-0.178052,0.823115,3095
375.3720,inicio,True,215.4301,33.360,4.849,14.637,True,320,240,90,False,60.00,0.1000,-0.026410,0.017670,0.186297,0.522059,0.112596,-0.192363,0.823270,3097
375.5049,inicio,True,215.5634,33.352,5.905,16.735,True,320,240,90,False,60.00,0.1000,-0.024855,0.021552,0.184827,0.510645,0.113414,-0.199677,0.828558,3098
375.6383,inicio,True,215.6967,33.348,2.980,11.881,True,320,240,90,False,60.00,0.1000,-0.025050,0.022470,0.184946,0.508629,0.113043,-0.199071,0.829993,3099
375.7389,inicio,True,215.7967,33.345,5.408,20.102,True,320,240,90,False,60.00,0.1000,-0.026381,0.020153,0.186307,0.510764,0.112968,-0.196548,0.829294,3100
375.8716,inicio,True,215.9300,33.342,2.650,12.215,True,320,240,90,False,60.00,0.1000,-0.026161,0.018928,0.187534,0.513142,0.111925,-0.198439,0.827514,3101
376.0048,inicio,True,216.0632,33.336,6.529,12.701,True,320,240,90,False,60.00,0.1000,-0.027343,0.020829,0.186433,0.510139,0.107505,-0.199345,0.829736,3103
376.1384,inicio,True,216.1965,33.333,5.374,13.740,True,320,240,90,False,60.00,0.1000,-0.027834,0.021753,0.186247,0.507862,0.107675,-0.199909,0.830975,3104
376.2715,inicio,True,216.3298,33.331,4.612,13.965,True,320,240,90,False,60.00,0.1000,-0.027677,0.022304,0.186466,0.506148,0.108295,-0.200830,0.831717,3105
376.3721,inicio,True,216.4298,33.330,2.611,13.937,True,320,240,90,False,60.00,0.1000,-0.027539,0.022466,0.186083,0.506350,0.110172,-0.200963,0.831316,3107
376.4722,inicio,True,216.5297,33.329,2.611,13.937,True,320,240,90,False,60.00,0.1000,-0.027539,0.022466,0.186083,0.506350,0.110172,-0.200963,0.831316,3107
376.6054,inicio,True,216.6630,33.328,5.376,13.923,True,320,240,90,False,60.00,0.1000,-0.028468,0.022973,0.185962,0.505931,0.107001,-0.198886,0.832483,3109
376.7377,inicio,True,216.7963,33.327,5.218,14.600,True,320,240,90,False,60.00,0.1000,-0.029015,0.022420,0.186218,0.507104,0.107373,-0.198913,0.831715,3110
376.8381,inicio,True,216.8963,33.326,2.731,12.510,True,320,240,90,False,60.00,0.1000,-0.029551,0.022262,0.186266,0.507233,0.107040,-0.197541,0.832006,3111
376.9714,inicio,True,217.0296,33.327,5.136,11.040,True,320,240,90,False,60.00,0.1000,-0.029940,0.021531,0.186981,0.508974,0.106477,-0.196703,0.831214,3112
377.0716,inicio,True,217.1296,33.327,5.136,11.040,True,320,240,90,False,60.00,0.1000,-0.029940,0.021531,0.186981,0.508974,0.106477,-0.196703,0.831214,3112
377.2052,inicio,True,217.2629,33.326,2.805,17.318,True,320,240,90,False,60.00,0.1000,-0.030636,0.021009,0.187563,0.510670,0.105381,-0.195235,0.830659,3114
377.3378,inicio,True,217.3961,33.324,4.155,16.376,True,320,240,90,False,60.00,0.1000,-0.030299,0.021520,0.187079,0.509718,0.106180,-0.196094,0.830940,3115
377.4712,inicio,True,217.5294,33.323,6.364,11.356,True,320,240,90,False,60.00,0.1000,-0.030185,0.021796,0.187067,0.509041,0.107473,-0.195853,0.831245,3116
377.5714,inicio,True,217.6293,33.322,2.171,16.538,True,320,240,90,False,60.00,0.1000,-0.030171,0.021114,0.187984,0.510957,0.107894,-0.195845,0.830016,3118
377.7046,inicio,True,217.7627,33.323,2.827,15.492,True,320,240,90,False,60.00,0.1000,-0.030124,0.020217,0.188428,0.513065,0.109166,-0.195100,0.828724,3119
377.8375,inicio,True,217.8960,33.325,7.031,16.199,True,320,240,90,False,60.00,0.1000,-0.032422,0.016874,0.189335,0.519577,0.111891,-0.188409,0.825846,3120
377.9376,inicio,False,217.9293,33.324,2.515,8.981,True,320,240,90,False,60.00,0.1000,-0.032422,0.016874,0.189335,0.519577,0.111891,-0.188409,0.825846,3121
378.0376,inicio,False,217.9293,33.323,2.257,13.479,True,320,240,90,False,60.00,0.1000,-0.032422,0.016874,0.189335,0.519577,0.111891,-0.188409,0.825846,3122
378.1381,inicio,False,217.9293,33.324,5.143,8.761,True,320,240,90,False,60.00,0.1000,-0.032422,0.016874,0.189335,0.519577,0.111891,-0.188409,0.825846,3123
378.2382,inicio,False,217.9293,33.323,5.159,11.214,True,320,240,90,False,60.00,0.1000,-0.032422,0.016874,0.189335,0.519577,0.111891,-0.188409,0.825846,3124
378.3707,inicio,False,217.9293,33.322,5.666,9.517,True,320,240,90,False,60.00,0.1000,-0.032422,0.016874,0.189335,0.519577,0.111891,-0.188409,0.825846,3125
378.4714,inicio,False,217.9293,33.322,5.087,8.588,True,320,240,90,False,60.00,0.1000,-0.032422,0.016874,0.189335,0.519577,0.111891,-0.188409,0.825846,3126
378.6043,inicio,False,217.9293,33.321,5.536,11.609,True,320,240,90,False,60.00,0.1000,-0.032422,0.016874,0.189335,0.519577,0.111891,-0.188409,0.825846,3127
378.7045,inicio,False,217.9293,33.322,4.994,11.850,True,320,240,90,False,60.00,0.1000,-0.032422,0.016874,0.189335,0.519577,0.111891,-0.188409,0.825846,3128
378.8045,inicio,False,217.9293,33.323,5.392,11.392,True,320,240,90,False,60.00,0.1000,-0.032422,0.016874,0.189335,0.519577,0.111891,-0.188409,0.825846,3129
378.9372,inicio,False,217.9293,33.323,6.702,8.337,True,320,240,90,False,60.00,0.1000,-0.032422,0.016874,0.189335,0.519577,0.111891,-0.188409,0.825846,3130
379.0383,inicio,False,217.9293,33.324,5.351,12.153,True,320,240,90,False,60.00,0.1000,-0.032422,0.016874,0.189335,0.519577,0.111891,-0.188409,0.825846,3131
379.1708,inicio,False,217.9293,33.322,4.762,12.048,True,320,240,90,False,60.00,0.1000,-0.032422,0.016874,0.189335,0.519577,0.111891,-0.188409,0.825846,3132
379.2710,inicio,False,217.9293,33.322,5.190,10.436,True,320,240,90,False,60.00,0.1000,-0.032422,0.016874,0.189335,0.519577,0.111891,-0.188409,0.825846,3133
379.4036,inicio,False,217.9293,33.321,7.011,10.943,True,320,240,90,False,60.00,0.1000,-0.032422,0.016874,0.189335,0.519577,0.111891,-0.188409,0.825846,3134
379.5370,inicio,False,217.9293,33.320,5.388,10.858,True,320,240,90,False,60.00,0.1000,-0.032422,0.016874,0.189335,0.519577,0.111891,-0.188409,0.825846,3135
379.6381,inicio,False,217.9293,33.321,5.297,11.209,True,320,240,90,False,60.00,0.1000,-0.032422,0.016874,0.189335,0.519577,0.111891,-0.188409,0.825846,3137
379.7712,inicio,True,217.9626,33.323,5.350,19.724,True,320,240,90,False,60.00,0.1000,-0.022252,-0.008914,0.193678,0.538114,-0.017112,-0.210176,0.816068,3138
379.9038,inicio,True,218.0959,33.322,4.805,10.007,True,320,240,90,False,60.00,0.1000,-0.007417,-0.034316,0.209058,0.543351,-0.028526,-0.239499,0.804112,3139
380.0369,inicio,True,218.2292,33.322,5.154,18.697,True,320,240,90,False,60.00,0.1000,-0.010976,-0.047468,0.208666,0.536370,-0.028001,-0.240395,0.808538,3140
380.1703,inicio,True,218.3625,33.322,4.947,14.108,True,320,240,90,False,60.00,0.1000,-0.015465,-0.055849,0.214241,0.551772,-0.064861,-0.235883,0.797308,3141
380.3034,inicio,True,218.4958,33.322,4.912,14.566,True,320,240,90,False,60.00,0.1000,-0.021867,-0.058637,0.212306,0.547795,-0.084485,-0.231723,0.799429,3142
380.4374,inicio,True,218.6291,33.323,2.367,14.901,True,320,240,90,False,60.00,0.1000,-0.025309,-0.060300,0.208638,0.537868,-0.099446,-0.229366,0.805108,3144
380.5701,inicio,True,218.7624,33.322,5.252,14.338,True,320,240,90,False,60.00,0.1000,-0.026684,-0.059514,0.209275,0.527813,-0.110992,-0.221602,0.812396,3145
380.6702,inicio,True,218.8623,33.323,6.401,15.147,True,320,240,90,False,60.00,0.1000,-0.022846,-0.053869,0.209728,0.509871,-0.104542,-0.221548,0.824633,3146
380.7707,inicio,True,218.9623,33.322,5.334,13.658,True,320,240,90,False,60.00,0.1000,-0.018286,-0.043314,0.209827,0.497281,-0.098124,-0.217609,0.834104,3147
380.9033,inicio,True,219.0956,33.322,2.430,17.146,True,320,240,90,False,60.00,0.1000,-0.018125,-0.030160,0.203166,0.493267,-0.099290,-0.207120,0.839006,3148
381.0034,inicio,True,219.1955,33.322,4.827,15.889,True,320,240,90,False,60.00,0.1000,-0.019685,-0.019764,0.204308,0.484407,-0.081222,-0.191663,0.849717,3149
381.1371,inicio,True,219.3288,33.322,4.747,12.471,True,320,240,90,False,60.00,0.1000,-0.023792,-0.016527,0.204211,0.474568,-0.080470,-0.183887,0.857027,3150
381.2384,inicio,True,219.4288,33.322,5.567,16.105,True,320,240,90,False,60.00,0.1000,-0.023182,-0.016593,0.202968,0.475632,-0.071758,-0.187791,0.856364,3151
381.3702,inicio,False,219.5288,33.323,5.522,9.113,True,320,240,90,False,60.00,0.1000,-0.023182,-0.016593,0.202968,0.475632,-0.071758,-0.187791,0.856364,3152
381.5035,inicio,False,219.5288,33.322,6.441,11.523,True,320,240,90,False,60.00,0.1000,-0.023182,-0.016593,0.202968,0.475632,-0.071758,-0.187791,0.856364,3153
381.6040,inicio,False,219.5288,33.322,5.860,13.835,True,320,240,90,False,60.00,0.1000,-0.023182,-0.016593,0.202968,0.475632,-0.071758,-0.187791,0.856364,3154
381.7376,inicio,False,219.5288,33.323,2.777,10.376,True,320,240,90,False,60.00,0.1000,-0.023182,-0.016593,0.202968,0.475632,-0.071758,-0.187791,0.856364,3155
381.8697,inicio,False,219.5288,33.324,5.122,9.709,True,320,240,90,False,60.00,0.1000,-0.023182,-0.016593,0.202968,0.475632,-0.071758,-0.187791,0.856364,3156
381.9705,inicio,False,219.5288,33.325,5.726,10.489,True,320,240,90,False,60.00,0.1000,-0.023182,-0.016593,0.202968,0.475632,-0.071758,-0.187791,0.856364,3158
382.1036,inicio,False,219.5288,33.323,5.453,14.093,True,320,240,90,False,60.00,0.1000,-0.023182,-0.016593,0.202968,0.475632,-0.071758,-0.187791,0.856364,3159
382.2373,inicio,False,219.5288,33.324,5.150,11.708,True,320,240,90,False,60.00,0.1000,-0.023182,-0.016593,0.202968,0.475632,-0.071758,-0.187791,0.856364,3161
382.3701,inicio,False,219.5288,33.325,5.839,10.531,True,320,240,90,False,60.00,0.1000,-0.023182,-0.016593,0.202968,0.475632,-0.071758,-0.187791,0.856364,3162
382.5033,inicio,False,219.5288,33.323,5.326,11.072,True,320,240,90,False,60.00,0.1000,-0.023182,-0.016593,0.202968,0.475632,-0.071758,-0.187791,0.856364,3163
382.6362,inicio,False,219.5288,33.321,7.545,13.877,True,320,240,90,False,60.00,0.1000,-0.023182,-0.016593,0.202968,0.475632,-0.071758,-0.187791,0.856364,3164
382.7692,inicio,False,219.5288,33.321,5.407,11.591,True,320,240,90,False,60.00,0.1000,-0.023182,-0.016593,0.202968,0.475632,-0.071758,-0.187791,0.856364,3165
382.8693,inicio,False,219.5288,33.322,5.676,13.451,True,320,240,90,False,60.00,0.1000,-0.023182,-0.016593,0.202968,0.475632,-0.071758,-0.187791,0.856364,3166
382.9695,inicio,False,219.5288,33.321,5.687,10.830,True,320,240,90,False,60.00,0.1000,-0.023182,-0.016593,0.202968,0.475632,-0.071758,-0.187791,0.856364,3167
383.1025,inicio,False,219.5288,33.322,5.305,10.852,True,320,240,90,False,60.00,0.1000,-0.023182,-0.016593,0.202968,0.475632,-0.071758,-0.187791,0.856364,3168
383.2361,inicio,False,219.5288,33.324,5.593,10.341,True,320,240,90,False,60.00,0.1000,-0.023182,-0.016593,0.202968,0.475632,-0.071758,-0.187791,0.856364,3170
383.3362,inicio,False,219.5288,33.323,5.593,10.341,True,320,240,90,False,60.00,0.1000,-0.023182,-0.016593,0.202968,0.475632,-0.071758,-0.187791,0.856364,3170
383.4363,inicio,False,219.5288,33.323,5.249,11.258,True,320,240,90,False,60.00,0.1000,-0.023182,-0.016593,0.202968,0.475632,-0.071758,-0.187791,0.856364,3172
383.5690,inicio,False,219.5288,33.322,5.928,10.858,True,320,240,90,False,60.00,0.1000,-0.023182,-0.016593,0.202968,0.475632,-0.071758,-0.187791,0.856364,3173
383.6690,inicio,False,219.5288,33.322,7.732,13.762,True,320,240,90,False,60.00,0.1000,-0.023182,-0.016593,0.202968,0.475632,-0.071758,-0.187791,0.856364,3174
383.8022,inicio,False,219.5288,33.321,5.832,11.044,True,320,240,90,False,60.00,0.1000,-0.023182,-0.016593,0.202968,0.475632,-0.071758,-0.187791,0.856364,3175
383.9356,inicio,False,219.5288,33.322,4.932,8.885,True,320,240,90,False,60.00,0.1000,-0.023182,-0.016593,0.202968,0.475632,-0.071758,-0.187791,0.856364,3176
384.0358,inicio,False,219.5288,33.322,5.606,13.651,True,320,240,90,False,60.00,0.1000,-0.023182,-0.016593,0.202968,0.475632,-0.071758,-0.187791,0.856364,3178
384.1691,inicio,False,219.5288,33.323,2.824,9.013,True,320,240,90,False,60.00,0.1000,-0.023182,-0.016593,0.202968,0.475632,-0.071758,-0.187791,0.856364,3179
384.2696,inicio,False,219.5288,33.323,5.378,10.445,True,320,240,90,False,60.00,0.1000,-0.023182,-0.016593,0.202968,0.475632,-0.071758,-0.187791,0.856364,3180
384.3696,inicio,False,219.5288,33.322,5.058,10.277,True,320,240,90,False,60.00,0.1000,-0.023182,-0.016593,0.202968,0.475632,-0.071758,-0.187791,0.856364,3181
384.5022,inicio,False,219.5288,33.322,5.573,11.723,True,320,240,90,False,60.00,0.1000,-0.023182,-0.016593,0.202968,0.475632,-0.071758,-0.187791,0.856364,3182
384.6353,inicio,False,219.5288,33.322,5.412,13.719,True,320,240,90,False,60.00,0.1000,-0.023182,-0.016593,0.202968,0.475632,-0.071758,-0.187791,0.856364,3183
384.7361,inicio,False,219.5288,33.322,5.434,11.626,True,320,240,90,False,60.00,0.1000,-0.023182,-0.016593,0.202968,0.475632,-0.071758,-0.187791,0.856364,3184
384.8692,inicio,False,219.5288,33.322,5.340,12.248,True,320,240,90,False,60.00,0.1000,-0.023182,-0.016593,0.202968,0.475632,-0.071758,-0.187791,0.856364,3185
385.0018,inicio,False,219.5288,33.324,5.214,11.181,True,320,240,90,False,60.00,0.1000,-0.023182,-0.016593,0.202968,0.475632,-0.071758,-0.187791,0.856364,3186
385.1354,inicio,False,219.5288,33.323,5.527,12.140,True,320,240,90,False,60.00,0.1000,-0.023182,-0.016593,0.202968,0.475632,-0.071758,-0.187791,0.856364,3187
385.2358,inicio,True,219.6287,33.322,2.349,12.540,True,320,240,90,False,60.00,0.1000,-0.028163,-0.029846,0.210333,0.494563,-0.077892,-0.186113,0.845401,3189
385.3686,inicio,True,219.7620,33.322,2.235,12.281,True,320,240,90,False,60.00,0.1000,-0.029495,-0.030591,0.211454,0.492458,-0.076399,-0.184165,0.847190,3190
385.5018,inicio,True,219.8953,33.321,4.657,12.810,True,320,240,90,False,60.00,0.1000,-0.028270,-0.033881,0.213121,0.497999,-0.074807,-0.185703,0.843751,3191
385.6358,inicio,True,220.0286,33.322,2.806,17.701,True,320,240,90,False,60.00,0.1000,-0.027574,-0.030007,0.210245,0.492977,-0.080442,-0.186135,0.846083,3193
385.7686,inicio,True,220.1619,33.322,2.243,15.002,True,320,240,90,False,60.00,0.1000,-0.026628,-0.030360,0.210001,0.492233,-0.079313,-0.185236,0.846820,3194
385.9016,inicio,True,220.2952,33.322,4.503,13.471,True,320,240,90,False,60.00,0.1000,-0.024673,-0.029974,0.210076,0.491068,-0.081624,-0.187939,0.846681,3195
386.0355,inicio,True,220.4285,33.322,3.354,11.742,True,320,240,90,False,60.00,0.1000,-0.022887,-0.030298,0.210231,0.496146,-0.078348,-0.191777,0.843163,3197
386.1684,inicio,True,220.5618,33.323,4.187,15.783,True,320,240,90,False,60.00,0.1000,-0.025212,-0.028921,0.209812,0.493630,-0.076291,-0.188880,0.845479,3198
386.3017,inicio,True,220.6950,33.322,4.822,14.370,True,320,240,90,False,60.00,0.1000,-0.029486,-0.027843,0.207243,0.494055,-0.079605,-0.183823,0.846039,3199
386.4351,inicio,False,220.7950,33.323,5.303,11.923,True,320,240,90,False,60.00,0.1000,-0.029486,-0.027843,0.207243,0.494055,-0.079605,-0.183823,0.846039,3200
386.5355,inicio,False,220.7950,33.323,5.303,11.923,True,320,240,90,False,60.00,0.1000,-0.029486,-0.027843,0.207243,0.494055,-0.079605,-0.183823,0.846039,3200
386.6686,inicio,False,220.7950,33.322,4.954,8.779,True,320,240,90,False,60.00,0.1000,-0.029486,-0.027843,0.207243,0.494055,-0.079605,-0.183823,0.846039,3202
386.8013,inicio,False,220.7950,33.323,5.865,11.314,True,320,240,90,False,60.00,0.1000,-0.029486,-0.027843,0.207243,0.494055,-0.079605,-0.183823,0.846039,3203
386.9014,inicio,False,220.7950,33.323,5.184,10.973,True,320,240,90,False,60.00,0.1000,-0.029486,-0.027843,0.207243,0.494055,-0.079605,-0.183823,0.846039,3204
387.0019,inicio,False,220.7950,33.323,5.679,8.906,True,320,240,90,False,60.00,0.1000,-0.029486,-0.027843,0.207243,0.494055,-0.079605,-0.183823,0.846039,3205
387.1345,inicio,False,220.7950,33.323,5.745,11.415,True,320,240,90,False,60.00,0.1000,-0.029486,-0.027843,0.207243,0.494055,-0.079605,-0.183823,0.846039,3206
387.2347,inicio,False,220.7950,33.324,5.377,12.444,True,320,240,90,False,60.00,0.1000,-0.029486,-0.027843,0.207243,0.494055,-0.079605,-0.183823,0.846039,3207
387.3352,inicio,False,220.7950,33.323,4.666,13.122,True,320,240,90,False,60.00,0.1000,-0.029486,-0.027843,0.207243,0.494055,-0.079605,-0.183823,0.846039,3208
387.4679,inicio,False,220.7950,33.322,5.987,15.004,True,320,240,90,False,60.00,0.1000,-0.029486,-0.027843,0.207243,0.494055,-0.079605,-0.183823,0.846039,3209
387.5680,inicio,False,220.7950,33.322,5.253,15.194,True,320,240,90,False,60.00,0.1000,-0.029486,-0.027843,0.207243,0.494055,-0.079605,-0.183823,0.846039,3210
387.7015,inicio,False,220.7950,33.322,2.115,11.898,True,320,240,90,False,60.00,0.1000,-0.029486,-0.027843,0.207243,0.494055,-0.079605,-0.183823,0.846039,3212
387.8355,inicio,False,220.7950,33.322,5.578,14.365,True,320,240,90,False,60.00,0.1000,-0.029486,-0.027843,0.207243,0.494055,-0.079605,-0.183823,0.846039,3213
387.9679,inicio,False,220.7950,33.324,6.060,15.933,True,320,240,90,False,60.00,0.1000,-0.029486,-0.027843,0.207243,0.494055,-0.079605,-0.183823,0.846039,3214
388.0682,inicio,False,220.7950,33.323,2.859,12.932,True,320,240,90,False,60.00,0.1000,-0.029486,-0.027843,0.207243,0.494055,-0.079605,-0.183823,0.846039,3215
388.1686,inicio,False,220.7950,33.322,5.121,20.669,True,320,240,90,False,60.00,0.1000,-0.029486,-0.027843,0.207243,0.494055,-0.079605,-0.183823,0.846039,3216
388.3011,inicio,False,220.7950,33.326,4.228,12.144,True,320,240,90,False,60.00,0.1000,-0.029486,-0.027843,0.207243,0.494055,-0.079605,-0.183823,0.846039,3217
388.4344,inicio,False,220.7950,33.322,5.155,12.111,True,320,240,90,False,60.00,0.1000,-0.029486,-0.027843,0.207243,0.494055,-0.079605,-0.183823,0.846039,3218
388.5346,inicio,False,220.7950,33.322,8.674,1.559,True,320,240,90,False,60.00,0.1000,-0.029486,-0.027843,0.207243,0.494055,-0.079605,-0.183823,0.846039,3219
388.6694,inicio,False,220.7950,33.321,4.942,1.612,True,320,240,90,False,60.00,0.1000,-0.029486,-0.027843,0.207243,0.494055,-0.079605,-0.183823,0.846039,3221
388.8006,inicio,False,220.7950,33.321,5.479,1.714,True,320,240,90,False,60.00,0.1000,-0.029486,-0.027843,0.207243,0.494055,-0.079605,-0.183823,0.846039,3222
388.9009,inicio,False,220.7950,33.324,5.215,1.697,True,320,240,90,False,60.00,0.1000,-0.029486,-0.027843,0.207243,0.494055,-0.079605,-0.183823,0.846039,3223
389.0014,inicio,False,220.7950,33.323,5.594,2.069,True,320,240,90,False,60.00,0.1000,-0.029486,-0.027843,0.207243,0.494055,-0.079605,-0.183823,0.846039,3224
389.1339,inicio,False,220.7950,33.322,5.570,2.228,True,320,240,90,False,60.00,0.1000,-0.029486,-0.027843,0.207243,0.494055,-0.079605,-0.183823,0.846039,3225
389.2674,inicio,False,220.7950,33.322,6.509,2.052,True,320,240,90,False,60.00,0.1000,-0.029486,-0.027843,0.207243,0.494055,-0.079605,-0.183823,0.846039,3226
389.4006,inicio,False,220.7950,33.322,7.379,1.783,True,320,240,90,False,60.00,0.1000,-0.029486,-0.027843,0.207243,0.494055,-0.079605,-0.183823,0.846039,3227
389.5007,inicio,False,220.7950,33.323,6.007,2.248,True,320,240,90,False,60.00,0.1000,-0.029486,-0.027843,0.207243,0.494055,-0.079605,-0.183823,0.846039,3228
389.6008,inicio,False,220.7950,33.322,5.478,1.798,True,320,240,90,False,60.00,0.1000,-0.029486,-0.027843,0.207243,0.494055,-0.079605,-0.183823,0.846039,3229
389.7012,inicio,False,220.7950,33.322,5.613,2.282,True,320,240,90,False,60.00,0.1000,-0.029486,-0.027843,0.207243,0.494055,-0.079605,-0.183823,0.846039,3231
389.8339,inicio,False,220.7950,33.321,6.099,1.643,True,320,240,90,False,60.00,0.1000,-0.029486,-0.027843,0.207243,0.494055,-0.079605,-0.183823,0.846039,3232
389.9341,inicio,False,220.7950,33.321,6.099,1.643,True,320,240,90,False,60.00,0.1000,-0.029486,-0.027843,0.207243,0.494055,-0.079605,-0.183823,0.846039,3232
390.0670,inicio,False,220.7950,33.321,5.488,1.875,True,320,240,90,False,60.00,0.1000,-0.029486,-0.027843,0.207243,0.494055,-0.079605,-0.183823,0.846039,3234
390.1670,inicio,False,220.7950,33.322,5.973,1.526,True,320,240,90,False,60.00,0.1000,-0.029486,-0.027843,0.207243,0.494055,-0.079605,-0.183823,0.846039,3235
390.3003,inicio,False,220.7950,33.323,5.728,1.753,True,320,240,90,False,60.00,0.1000,-0.029486,-0.027843,0.207243,0.494055,-0.079605,-0.183823,0.846039,3236
390.4004,inicio,False,220.7950,33.323,3.814,2.014,True,320,240,90,False,60.00,0.1000,-0.029486,-0.027843,0.207243,0.494055,-0.079605,-0.183823,0.846039,3237
390.5005,inicio,False,220.7950,33.323,5.638,1.832,True,320,240,90,False,60.00,0.1000,-0.029486,-0.027843,0.207243,0.494055,-0.079605,-0.183823,0.846039,3238
390.6334,inicio,False,220.7950,33.322,5.375,1.853,True,320,240,90,False,60.00,0.1000,-0.029486,-0.027843,0.207243,0.494055,-0.079605,-0.183823,0.846039,3239
390.7334,inicio,False,220.7950,33.322,6.461,2.369,True,320,240,90,False,60.00,0.1000,-0.029486,-0.027843,0.207243,0.494055,-0.079605,-0.183823,0.846039,3240
390.8340,inicio,False,220.7950,33.321,5.710,2.022,True,320,240,90,False,60.00,0.1000,-0.029486,-0.027843,0.207243,0.494055,-0.079605,-0.183823,0.846039,3242
390.9671,inicio,False,220.7950,33.321,6.755,1.527,True,320,240,90,False,60.00,0.1000,-0.029486,-0.027843,0.207243,0.494055,-0.079605,-0.183823,0.846039,3243
391.0674,inicio,False,220.7950,33.321,6.047,1.806,True,320,240,90,False,60.00,0.1000,-0.029486,-0.027843,0.207243,0.494055,-0.079605,-0.183823,0.846039,3244
391.2003,inicio,False,220.7950,33.323,5.360,1.995,True,320,240,90,False,60.00,0.1000,-0.029486,-0.027843,0.207243,0.494055,-0.079605,-0.183823,0.846039,3245
391.3331,inicio,False,220.7950,33.322,5.474,1.695,True,320,240,90,False,60.00,0.1000,-0.029486,-0.027843,0.207243,0.494055,-0.079605,-0.183823,0.846039,3246
391.4665,inicio,False,220.7950,33.324,5.646,1.908,True,320,240,90,False,60.00,0.1000,-0.029486,-0.027843,0.207243,0.494055,-0.079605,-0.183823,0.846039,3247
391.5666,inicio,False,220.7950,33.324,4.958,1.467,True,320,240,90,False,60.00,0.1000,-0.029486,-0.027843,0.207243,0.494055,-0.079605,-0.183823,0.846039,3249
391.7004,inicio,False,220.7950,33.323,5.723,1.767,True,320,240,90,False,60.00,0.1000,-0.029486,-0.027843,0.207243,0.494055,-0.079605,-0.183823,0.846039,3251
391.8332,inicio,False,220.7950,33.326,5.779,1.766,True,320,240,90,False,60.00,0.1000,-0.029486,-0.027843,0.207243,0.494055,-0.079605,-0.183823,0.846039,3252
391.9663,inicio,False,220.7950,33.322,5.723,1.925,True,320,240,90,False,60.00,0.1000,-0.029486,-0.027843,0.207243,0.494055,-0.079605,-0.183823,0.846039,3253
392.0675,inicio,False,220.7950,33.321,5.933,1.586,True,320,240,90,False,60.00,0.1000,-0.029486,-0.027843,0.207243,0.494055,-0.079605,-0.183823,0.846039,3254
392.2000,inicio,False,220.7950,33.325,5.921,2.121,True,320,240,90,False,60.00,0.1000,-0.029486,-0.027843,0.207243,0.494055,-0.079605,-0.183823,0.846039,3255
392.3331,inicio,False,220.7950,33.321,5.477,1.708,True,320,240,90,False,60.00,0.1000,-0.029486,-0.027843,0.207243,0.494055,-0.079605,-0.183823,0.846039,3256
392.4665,inicio,False,220.7950,33.321,5.888,1.981,True,320,240,90,False,60.00,0.1000,-0.029486,-0.027843,0.207243,0.494055,-0.079605,-0.183823,0.846039,3257
392.6000,inicio,False,220.7950,33.323,5.070,1.545,True,320,240,90,False,60.00,0.1000,-0.029486,-0.027843,0.207243,0.494055,-0.079605,-0.183823,0.846039,3258
392.7327,inicio,False,220.7950,33.322,5.244,2.122,True,320,240,90,False,60.00,0.1000,-0.029486,-0.027843,0.207243,0.494055,-0.079605,-0.183823,0.846039,3260
392.8673,inicio,False,220.7950,33.323,5.667,2.280,True,320,240,90,False,60.00,0.1000,-0.029486,-0.027843,0.207243,0.494055,-0.079605,-0.183823,0.846039,3261
393.0001,inicio,False,220.7950,33.321,5.688,2.126,True,320,240,90,False,60.00,0.1000,-0.029486,-0.027843,0.207243,0.494055,-0.079605,-0.183823,0.846039,3262
393.1004,inicio,False,220.7950,33.322,5.299,1.978,True,320,240,90,False,60.00,0.1000,-0.029486,-0.027843,0.207243,0.494055,-0.079605,-0.183823,0.846039,3264
393.2327,inicio,False,220.7950,33.322,6.017,1.721,True,320,240,90,False,60.00,0.1000,-0.029486,-0.027843,0.207243,0.494055,-0.079605,-0.183823,0.846039,3265
393.3327,inicio,False,220.7950,33.322,5.530,1.726,True,320,240,90,False,60.00,0.1000,-0.029486,-0.027843,0.207243,0.494055,-0.079605,-0.183823,0.846039,3266
393.4329,inicio,False,220.7950,33.323,5.710,1.821,True,320,240,90,False,60.00,0.1000,-0.029486,-0.027843,0.207243,0.494055,-0.079605,-0.183823,0.846039,3267
393.5657,inicio,False,220.7950,33.326,5.196,20.511,True,320,240,90,False,60.00,0.1000,-0.029486,-0.027843,0.207243,0.494055,-0.079605,-0.183823,0.846039,3268
393.6991,inicio,False,220.7950,33.323,5.089,9.179,True,320,240,90,False,60.00,0.1000,-0.029486,-0.027843,0.207243,0.494055,-0.079605,-0.183823,0.846039,3270
393.8271,inicio,False,220.7950,35.821,12.256,32.277,True,320,240,90,False,60.00,0.1000,-0.029486,-0.027843,0.207243,0.494055,-0.079605,-0.183823,0.846039,3271
393.9589,inicio,False,220.7950,38.833,1.156,18.233,True,320,240,90,False,60.00,0.1000,-0.029486,-0.027843,0.207243,0.494055,-0.079605,-0.183823,0.846039,3272
394.3101,inicio,True,221.0783,48.764,4.696,14.321,True,320,240,0,False,60.00,0.1000,0.035377,-0.043070,0.225192,0.502481,-0.006507,0.048104,0.863225,3274
394.4321,inicio,True,221.2117,45.904,1.890,10.052,True,320,240,0,False,60.00,0.1000,0.024659,-0.037536,0.237724,0.485118,-0.034986,0.054778,0.872030,3275
394.5653,inicio,True,221.3449,43.566,4.900,8.822,True,320,240,0,False,60.00,0.1000,0.022225,-0.028654,0.237197,0.480088,-0.039684,0.052708,0.874736,3276
394.6985,inicio,True,221.4782,41.666,5.105,9.959,True,320,240,0,False,60.00,0.1000,0.023054,-0.029631,0.236399,0.479613,-0.040410,0.051671,0.875025,3277
394.8318,inicio,True,221.6115,40.117,3.831,11.597,True,320,240,0,False,60.00,0.1000,0.025517,-0.026417,0.236420,0.480063,-0.035555,0.048271,0.875183,3279
394.9651,inicio,True,221.7447,38.857,3.783,13.299,True,320,240,0,False,60.00,0.1000,0.027191,-0.023275,0.236829,0.475490,-0.033192,0.046177,0.877881,3280
395.0666,inicio,True,221.8447,38.068,6.066,18.052,True,320,240,0,False,60.00,0.1000,0.026700,-0.012634,0.236046,0.459668,-0.029693,0.047289,0.886334,3281
395.1986,inicio,True,221.9780,37.188,2.834,17.432,True,320,240,0,False,60.00,0.1000,0.020903,-0.010515,0.233628,0.458179,-0.039632,0.048415,0.886655,3282
395.2988,inicio,True,222.0780,36.637,6.216,15.322,True,320,240,0,False,60.00,0.1000,0.019599,-0.010959,0.233352,0.460150,-0.043534,0.047571,0.885496,3283
395.3989,inicio,True,222.1780,36.165,5.083,17.166,True,320,240,0,False,60.00,0.1000,0.017625,-0.010164,0.232212,0.460390,-0.046141,0.047323,0.885253,3284
395.5321,inicio,True,222.3113,35.638,5.503,13.190,True,320,240,0,False,60.00,0.1000,0.015886,-0.009083,0.231141,0.458932,-0.048455,0.047495,0.885877,3286
395.6324,inicio,True,222.4112,35.307,5.712,13.267,True,320,240,0,False,60.00,0.1000,0.014544,-0.009299,0.230817,0.459242,-0.049632,0.048936,0.885573,3287
395.7655,inicio,True,222.5445,34.939,6.055,13.311,True,320,240,0,False,60.00,0.1000,0.013488,-0.008889,0.228628,0.459160,-0.051446,0.049506,0.885480,3288
395.8988,inicio,True,222.6778,34.638,4.970,13.865,True,320,240,0,False,60.00,0.1000,0.013068,-0.008285,0.226628,0.458434,-0.050463,0.050004,0.885885,3289
396.0008,inicio,True,222.7778,34.452,4.718,12.674,True,320,240,0,False,60.00,0.1000,0.012053,-0.007832,0.223339,0.457813,-0.052977,0.050314,0.886042,3290
396.1378,inicio,True,222.9111,34.241,3.918,26.894,True,320,240,0,False,60.00,0.1000,0.011319,-0.006775,0.224207,0.455915,-0.055044,0.051111,0.886848,3291
396.2672,inicio,True,223.0443,34.071,5.782,18.873,True,320,240,0,False,60.00,0.1000,0.010272,-0.006299,0.224614,0.455682,-0.055849,0.051751,0.886880,3292
396.3981,inicio,True,223.1777,33.934,5.482,18.254,True,320,240,0,False,60.00,0.1000,0.009865,-0.006344,0.224934,0.455994,-0.056733,0.051672,0.886669,3293
396.4982,inicio,True,223.2776,33.846,5.251,19.072,True,320,240,0,False,60.00,0.1000,0.009513,-0.006076,0.224906,0.455723,-0.058288,0.052143,0.886679,3294
396.5984,inicio,True,223.3776,33.771,2.607,13.411,True,320,240,0,False,60.00,0.1000,0.008543,-0.005779,0.225471,0.454967,-0.059042,0.052525,0.886995,3295
396.7317,inicio,True,223.5109,33.687,5.072,14.040,True,320,240,0,False,60.00,0.1000,0.008032,-0.004901,0.224759,0.453292,-0.059271,0.053318,0.887790,3296
396.8319,inicio,True,223.6108,33.634,4.793,17.254,True,320,240,0,False,60.00,0.1000,0.007517,-0.004148,0.223562,0.451804,-0.059831,0.054490,0.888439,3298
396.9648,inicio,True,223.7441,33.577,3.245,13.760,True,320,240,0,False,60.00,0.1000,0.007080,-0.003665,0.221712,0.451205,-0.061349,0.053951,0.888673,3299
397.0981,inicio,True,223.8774,33.531,5.732,12.618,True,320,240,0,False,60.00,0.1000,0.007264,-0.003374,0.223118,0.451244,-0.061767,0.054875,0.888568,3300
397.2314,inicio,True,224.0107,33.493,5.824,16.659,True,320,240,0,False,60.00,0.1000,0.007506,-0.003383,0.223320,0.450929,-0.061753,0.054508,0.888751,3301
397.3645,inicio,True,224.1440,33.460,2.420,16.558,True,320,240,0,False,60.00,0.1000,0.007999,-0.003168,0.223456,0.451306,-0.058575,0.054001,0.888806,3303
397.4645,inicio,True,224.2440,33.441,2.276,14.910,True,320,240,0,False,60.00,0.1000,0.007886,-0.003356,0.223379,0.450952,-0.060165,0.053703,0.888898,3304
397.5650,inicio,True,224.3439,33.423,5.333,15.237,True,320,240,0,False,60.00,0.1000,0.007413,-0.003207,0.223340,0.451861,-0.060807,0.053763,0.888388,3306
397.6980,inicio,True,224.4772,33.404,5.260,17.468,True,320,240,0,False,60.00,0.1000,0.007913,-0.002977,0.223386,0.451309,-0.059526,0.053484,0.888772,3307
397.7985,inicio,True,224.5772,33.392,5.260,17.468,True,320,240,0,False,60.00,0.1000,0.007913,-0.002977,0.223386,0.451309,-0.059526,0.053484,0.888772,3307
397.9315,inicio,True,224.7105,33.381,2.483,13.362,True,320,240,0,False,60.00,0.1000,0.007731,-0.002993,0.223403,0.451021,-0.059213,0.054400,0.888884,3308
398.0643,inicio,True,224.8438,33.371,5.855,16.655,True,320,240,0,False,60.00,0.1000,0.007265,-0.002772,0.223335,0.450832,-0.059823,0.054865,0.888911,3310
398.1645,inicio,True,224.9437,33.363,2.342,13.188,True,320,240,0,False,60.00,0.1000,0.007008,-0.002378,0.223286,0.450356,-0.061126,0.053798,0.889128,3311
398.2651,inicio,True,225.0437,33.356,4.855,18.966,True,320,240,0,False,60.00,0.1000,0.007067,-0.002245,0.223415,0.450520,-0.060462,0.054231,0.889064,3312
398.3977,inicio,True,225.1770,33.349,5.976,12.399,True,320,240,0,False,60.00,0.1000,0.007836,-0.002024,0.223658,0.449985,-0.058371,0.053905,0.889495,3313
398.5310,inicio,True,225.3103,33.345,5.069,18.673,True,320,240,0,False,60.00,0.1000,0.009327,-0.001686,0.223135,0.449468,-0.056373,0.053850,0.889888,3314
398.6650,inicio,True,225.4436,33.341,2.813,12.704,True,320,240,0,False,60.00,0.1000,0.011091,-0.001278,0.222925,0.448559,-0.055894,0.052523,0.890456,3315
398.7976,inicio,True,225.5769,33.339,5.595,14.463,True,320,240,0,False,60.00,0.1000,0.011802,-0.000122,0.223525,0.447074,-0.053937,0.053219,0.891282,3317
398.8980,inicio,True,225.6768,33.335,2.562,15.802,True,320,240,0,False,60.00,0.1000,0.012368,0.000918,0.223584,0.444152,-0.052351,0.053312,0.892830,3319
399.0307,inicio,True,225.8101,33.332,5.220,12.019,True,320,240,0,False,60.00,0.1000,0.013143,0.001410,0.223449,0.443255,-0.050141,0.054410,0.893337,3320
399.1642,inicio,True,225.9434,33.329,4.636,11.991,True,320,240,0,False,60.00,0.1000,0.013789,0.001346,0.223948,0.442877,-0.049540,0.054304,0.893564,3322
399.2980,inicio,True,226.0766,33.327,6.508,16.977,True,320,240,0,False,60.00,0.1000,0.014427,0.000784,0.224097,0.442936,-0.048017,0.054162,0.893627,3323
399.3984,inicio,True,226.1767,33.331,6.508,16.977,True,320,240,0,False,60.00,0.1000,0.014427,0.000784,0.224097,0.442936,-0.048017,0.054162,0.893627,3323
399.5306,inicio,True,226.3100,33.327,4.816,14.656,True,320,240,0,False,60.00,0.1000,0.016650,-0.002225,0.224846,0.446637,-0.046252,0.052383,0.891982,3325
399.6646,inicio,True,226.4433,33.328,5.336,11.170,True,320,240,0,False,60.00,0.1000,0.017728,-0.003152,0.225232,0.448302,-0.045203,0.051298,0.891264,3326
399.7972,inicio,True,226.5766,33.327,3.043,12.390,True,320,240,0,False,60.00,0.1000,0.020936,-0.005726,0.226561,0.452311,-0.040689,0.049266,0.889569,3328
399.9306,inicio,True,226.7098,33.325,2.463,15.026,True,320,240,0,False,60.00,0.1000,0.021293,-0.006048,0.226738,0.453228,-0.040498,0.047893,0.889185,3329
400.0306,inicio,True,226.8098,33.324,5.788,16.549,True,320,240,0,False,60.00,0.1000,0.022092,-0.008808,0.227417,0.454857,-0.043227,0.045631,0.888344,3331
400.1310,inicio,True,226.9098,33.324,5.788,16.549,True,320,240,0,False,60.00,0.1000,0.022092,-0.008808,0.227417,0.454857,-0.043227,0.045631,0.888344,3331
400.2644,inicio,True,227.0430,33.324,2.734,12.282,True,320,240,0,False,60.00,0.1000,0.025883,-0.012787,0.229672,0.464477,-0.038361,0.041414,0.883784,3332
400.3644,inicio,True,227.1430,33.323,5.280,14.937,True,320,240,0,False,60.00,0.1000,0.027465,-0.013643,0.232352,0.465603,-0.033965,0.039645,0.883453,3334
400.4970,inicio,True,227.2763,33.324,6.024,11.749,True,320,240,0,False,60.00,0.1000,0.026434,-0.012485,0.231947,0.463890,-0.034679,0.040103,0.884305,3335
400.6304,inicio,True,227.4096,33.323,5.674,13.861,True,320,240,0,False,60.00,0.1000,0.025790,-0.011891,0.231748,0.463572,-0.035654,0.039596,0.884456,3336
400.7638,inicio,True,227.5429,33.322,5.620,15.955,True,320,240,0,False,60.00,0.1000,0.024006,-0.012605,0.233011,0.464875,-0.036886,0.041607,0.883629,3338
400.8638,inicio,True,227.6428,33.322,5.620,15.955,True,320,240,0,False,60.00,0.1000,0.024006,-0.012605,0.233011,0.464875,-0.036886,0.041607,0.883629,3338
400.9639,inicio,True,227.7428,33.323,4.138,13.089,True,320,240,0,False,60.00,0.1000,0.025337,-0.012448,0.233119,0.464710,-0.034407,0.040489,0.883867,3340
401.0642,inicio,True,227.8428,33.325,4.138,13.089,True,320,240,0,False,60.00,0.1000,0.025337,-0.012448,0.233119,0.464710,-0.034407,0.040489,0.883867,3340
401.1966,inicio,True,227.9761,33.323,5.478,15.380,True,320,240,0,False,60.00,0.1000,0.025979,-0.011560,0.233704,0.463871,-0.034200,0.039283,0.884370,3342
401.2970,inicio,True,228.0760,33.323,5.125,16.020,True,320,240,0,False,60.00,0.1000,0.025801,-0.010693,0.233557,0.463221,-0.036159,0.039426,0.884627,3343
401.4304,inicio,True,228.2093,33.323,2.441,13.269,True,320,240,0,False,60.00,0.1000,0.025972,-0.010137,0.234083,0.462070,-0.032180,0.039553,0.885377,3344
401.5634,inicio,True,228.3427,33.324,5.471,15.601,True,320,240,0,False,60.00,0.1000,0.025566,-0.009924,0.234091,0.461676,-0.033723,0.039876,0.885510,3345
401.6966,inicio,True,228.4759,33.323,5.538,17.860,True,320,240,0,False,60.00,0.1000,0.026575,-0.009334,0.234240,0.461260,-0.032446,0.038919,0.885817,3346
401.8298,inicio,True,228.6092,33.322,5.221,14.113,True,320,240,0,False,60.00,0.1000,0.026388,-0.009315,0.234143,0.460970,-0.032656,0.039278,0.885945,3347
401.9302,inicio,True,228.7092,33.322,5.716,17.873,True,320,240,0,False,60.00,0.1000,0.026660,-0.010015,0.234408,0.461379,-0.031792,0.039754,0.885742,3348
402.0304,inicio,True,228.8091,33.322,2.854,16.840,True,320,240,0,False,60.00,0.1000,0.026584,-0.010092,0.234216,0.461982,-0.031349,0.039556,0.885452,3349
402.1630,inicio,True,228.9424,33.321,5.581,19.736,True,320,240,0,False,60.00,0.1000,0.026808,-0.010419,0.234231,0.463032,-0.031621,0.037875,0.884968,3350
402.2631,inicio,True,229.0424,33.322,5.581,19.736,True,320,240,0,False,60.00,0.1000,0.026808,-0.010419,0.234231,0.463032,-0.031621,0.037875,0.884968,3350
402.3632,inicio,True,229.1424,33.322,5.336,14.333,True,320,240,0,False,60.00,0.1000,0.027514,-0.011188,0.234783,0.463653,-0.030565,0.037960,0.884676,3352
402.4971,inicio,True,229.2756,33.321,5.099,15.874,True,320,240,0,False,60.00,0.1000,0.027923,-0.011384,0.234801,0.463857,-0.029232,0.037423,0.884637,3354
402.6295,inicio,True,229.4089,33.321,2.373,17.219,True,320,240,0,False,60.00,0.1000,0.028365,-0.013128,0.234753,0.465159,-0.030285,0.038701,0.883862,3355
402.7295,inicio,True,229.5089,33.322,2.373,17.219,True,320,240,0,False,60.00,0.1000,0.028365,-0.013128,0.234753,0.465159,-0.030285,0.038701,0.883862,3355
402.8296,inicio,True,229.6089,33.322,5.250,16.716,True,320,240,0,False,60.00,0.1000,0.030141,-0.013687,0.234649,0.465745,-0.025061,0.038366,0.883732,3356
402.9628,inicio,True,229.7422,33.322,6.132,17.270,True,320,240,0,False,60.00,0.1000,0.028711,-0.016662,0.234279,0.462492,-0.024790,0.047338,0.885012,3357
403.0651,inicio,True,229.8421,33.323,7.609,14.750,True,320,240,0,False,60.00,0.1000,0.028062,-0.022989,0.235399,0.469130,-0.022693,0.055683,0.881080,3358
403.1962,inicio,True,229.9754,33.322,4.883,12.278,True,320,240,0,False,60.00,0.1000,0.028834,-0.028447,0.237410,0.479422,-0.018724,0.059013,0.875398,3359
403.2962,inicio,True,230.0754,33.322,5.158,13.889,True,320,240,0,False,60.00,0.1000,0.029941,-0.029192,0.237987,0.483118,-0.015432,0.059243,0.873412,3360
403.4292,inicio,True,230.2087,33.323,5.072,16.548,True,320,240,0,False,60.00,0.1000,0.028731,-0.029640,0.237934,0.482337,-0.018698,0.062616,0.873545,3361
403.5631,inicio,True,230.3420,33.323,5.083,13.508,True,320,240,0,False,60.00,0.1000,0.027214,-0.031742,0.237143,0.483576,-0.022026,0.065157,0.872596,3363
403.6958,inicio,True,230.4753,33.323,4.887,20.042,True,320,240,0,False,60.00,0.1000,0.027297,-0.034511,0.238017,0.487341,-0.022455,0.065404,0.870470,3364
403.7959,inicio,True,230.5752,33.322,4.887,20.042,True,320,240,0,False,60.00,0.1000,0.027297,-0.034511,0.238017,0.487341,-0.022455,0.065404,0.870470,3364
403.9291,inicio,True,230.7085,33.322,2.424,17.422,True,320,240,0,False,60.00,0.1000,0.028233,-0.037735,0.238126,0.491940,-0.022270,0.065621,0.867867,3365
404.0295,inicio,True,230.8085,33.322,6.336,20.958,True,320,240,0,False,60.00,0.1000,0.028542,-0.040030,0.237891,0.495225,-0.019461,0.065794,0.866051,3366
404.1297,inicio,True,230.9085,33.322,5.155,19.113,True,320,240,0,False,60.00,0.1000,0.029300,-0.042608,0.236886,0.498085,-0.019045,0.065197,0.864464,3367
