seconds,phase,visible,playback_s,frame_ms,image_ms,detect_ms,rt,width,height,rotation,mirrored,sensor_fov,tag_m,x,y,z,qx,qy,qz,qw
3.2009,inicio,False,0.0000,104.661,0.000,0.000,True,0,0,0,False,60.00,0.1000,0.000000,0.000000,0.000000,0.000000,0.000000,0.000000,1.000000
6.8646,inicio,False,0.0000,337.419,0.000,0.000,True,0,0,0,False,60.00,0.1000,0.000000,0.000000,0.000000,0.000000,0.000000,0.000000,1.000000
9.3880,inicio,False,0.0000,447.192,0.000,0.000,True,0,0,0,False,60.00,0.1000,0.000000,0.000000,0.000000,0.000000,0.000000,0.000000,1.000000
9.5196,inicio,False,0.0000,370.417,0.000,0.000,True,0,0,0,False,60.00,0.1000,0.000000,0.000000,0.000000,0.000000,0.000000,0.000000,1.000000
9.6197,inicio,False,0.0000,322.336,0.000,0.000,True,0,0,0,False,60.00,0.1000,0.000000,0.000000,0.000000,0.000000,0.000000,0.000000,1.000000
9.7531,inicio,False,0.0000,282.784,0.000,0.000,True,0,0,0,False,60.00,0.1000,0.000000,0.000000,0.000000,0.000000,0.000000,0.000000,1.000000
10.4260,inicio,False,0.0000,288.449,17.184,2.183,True,640,480,0,False,60.00,0.1000,0.000000,0.000000,0.000000,0.000000,0.000000,0.000000,1.000000
10.5530,inicio,False,0.0000,241.144,25.184,4.144,True,640,480,0,False,60.00,0.1000,0.000000,0.000000,0.000000,0.000000,0.000000,0.000000,1.000000
10.6537,inicio,False,0.0000,211.493,25.184,4.144,True,640,480,0,False,60.00,0.1000,0.000000,0.000000,0.000000,0.000000,0.000000,0.000000,1.000000
10.7542,inicio,False,0.0000,186.077,15.955,3.134,True,640,480,0,False,60.00,0.1000,0.000000,0.000000,0.000000,0.000000,0.000000,0.000000,1.000000
10.8859,inicio,False,0.0000,157.738,15.171,7.410,True,640,480,0,False,60.00,0.1000,0.000000,0.000000,0.000000,0.000000,0.000000,0.000000,1.000000
10.9861,inicio,False,0.0000,139.994,16.238,5.782,True,640,480,0,False,60.00,0.1000,0.000000,0.000000,0.000000,0.000000,0.000000,0.000000,1.000000
11.0903,inicio,False,0.0000,124.779,15.758,6.593,True,640,480,0,False,60.00,0.1000,0.000000,0.000000,0.000000,0.000000,0.000000,0.000000,1.000000
11.2217,inicio,False,0.0000,107.819,19.360,3.287,True,640,480,0,False,60.00,0.1000,0.000000,0.000000,0.000000,0.000000,0.000000,0.000000,1.000000
11.3220,inicio,False,0.0000,97.193,19.360,3.287,True,640,480,0,False,60.00,0.1000,0.000000,0.000000,0.000000,0.000000,0.000000,0.000000,1.000000
11.4251,inicio,False,0.0000,88.081,16.117,4.331,True,640,480,0,False,60.00,0.1000,0.000000,0.000000,0.000000,0.000000,0.000000,0.000000,1.000000
11.5548,inicio,False,0.0000,77.926,17.085,2.795,True,640,480,0,False,60.00,0.1000,0.000000,0.000000,0.000000,0.000000,0.000000,0.000000,1.000000
11.6551,inicio,False,0.0000,71.563,18.449,2.556,True,640,480,0,False,60.00,0.1000,0.000000,0.000000,0.000000,0.000000,0.000000,0.000000,1.000000
11.7552,inicio,False,0.0000,66.108,17.863,2.917,True,640,480,0,False,60.00,0.1000,0.000000,0.000000,0.000000,0.000000,0.000000,0.000000,1.000000
11.8574,inicio,False,0.0000,61.430,16.534,6.340,True,640,480,0,False,60.00,0.1000,0.000000,0.000000,0.000000,0.000000,0.000000,0.000000,1.000000
11.9884,inicio,False,0.0000,56.216,15.884,4.230,True,640,480,0,False,60.00,0.1000,0.000000,0.000000,0.000000,0.000000,0.000000,0.000000,1.000000
12.1226,inicio,False,0.0000,51.971,20.538,3.591,True,640,480,0,False,60.00,0.1000,0.000000,0.000000,0.000000,0.000000,0.000000,0.000000,1.000000
12.2544,inicio,False,0.0000,48.514,19.703,4.459,True,640,480,0,False,60.00,0.1000,0.000000,0.000000,0.000000,0.000000,0.000000,0.000000,1.000000
12.3925,inicio,False,0.0000,45.694,19.729,2.235,True,640,480,0,False,60.00,0.1000,0.000000,0.000000,0.000000,0.000000,0.000000,0.000000,1.000000
12.5220,inicio,False,0.0000,43.398,19.721,2.157,True,640,480,0,False,60.00,0.1000,0.000000,0.000000,0.000000,0.000000,0.000000,0.000000,1.000000
12.6563,inicio,False,0.0000,41.530,19.328,2.257,True,640,480,0,False,60.00,0.1000,0.000000,0.000000,0.000000,0.000000,0.000000,0.000000,1.000000
12.7877,inicio,False,0.0000,40.007,22.250,2.668,True,640,480,0,False,60.00,0.1000,0.000000,0.000000,0.000000,0.000000,0.000000,0.000000,1.000000
12.8896,inicio,False,0.0000,39.054,22.058,11.803,True,640,480,0,False,60.00,0.1000,0.000000,0.000000,0.000000,0.000000,0.000000,0.000000,1.000000
13.0245,inicio,False,0.0000,37.996,36.225,3.332,True,640,480,0,False,60.00,0.1000,0.000000,0.000000,0.000000,0.000000,0.000000,0.000000,1.000000
13.1566,inicio,False,0.0000,37.127,34.516,4.046,True,640,480,0,False,60.00,0.1000,0.000000,0.000000,0.000000,0.000000,0.000000,0.000000,1.000000
13.2717,inicio,False,0.0000,37.371,34.516,4.046,True,640,480,0,False,60.00,0.1000,0.000000,0.000000,0.000000,0.000000,0.000000,0.000000,1.000000
13.3727,inicio,False,0.0000,36.777,22.315,9.056,True,640,480,0,False,60.00,0.1000,0.000000,0.000000,0.000000,0.000000,0.000000,0.000000,1.000000
13.5045,inicio,False,0.0000,36.097,20.475,3.008,True,640,480,0,False,60.00,0.1000,0.000000,0.000000,0.000000,0.000000,0.000000,0.000000,1.000000
13.6048,inicio,False,0.0000,35.704,22.581,2.479,True,640,480,0,False,60.00,0.1000,0.000000,0.000000,0.000000,0.000000,0.000000,0.000000,1.000000
13.7377,inicio,False,0.0000,35.295,20.005,2.204,True,640,480,0,False,60.00,0.1000,0.000000,0.000000,0.000000,0.000000,0.000000,0.000000,1.000000
13.8382,inicio,False,0.0000,34.998,26.657,24.777,True,640,480,0,False,60.00,0.1000,0.000000,0.000000,0.000000,0.000000,0.000000,0.000000,1.000000
13.9552,inicio,False,0.0000,35.507,26.657,24.777,True,640,480,0,False,60.00,0.1000,0.000000,0.000000,0.000000,0.000000,0.000000,0.000000,1.000000
14.0566,inicio,False,0.0000,35.213,20.969,17.591,True,640,480,0,False,60.00,0.1000,0.000000,0.000000,0.000000,0.000000,0.000000,0.000000,1.000000
14.2023,inicio,False,0.0000,36.524,22.218,17.106,True,640,480,0,False,60.00,0.1000,0.000000,0.000000,0.000000,0.000000,0.000000,0.000000,1.000000
14.3526,inicio,False,0.0000,36.737,34.830,18.935,True,640,480,0,False,60.00,0.1000,0.000000,0.000000,0.000000,0.000000,0.000000,0.000000,1.000000
14.5095,inicio,False,0.0000,37.778,26.786,29.383,True,640,480,0,False,60.00,0.1000,0.000000,0.000000,0.000000,0.000000,0.000000,0.000000,1.000000
14.6385,inicio,False,0.0000,38.641,23.224,33.329,True,640,480,0,False,60.00,0.1000,0.000000,0.000000,0.000000,0.000000,0.000000,0.000000,1.000000
14.7706,inicio,False,0.0000,39.397,26.444,15.090,True,640,480,0,False,60.00,0.1000,0.000000,0.000000,0.000000,0.000000,0.000000,0.000000,1.000000
14.8869,inicio,False,0.0000,39.278,18.761,24.443,True,640,480,0,False,60.00,0.1000,0.000000,0.000000,0.000000,0.000000,0.000000,0.000000,1.000000
15.0037,inicio,False,0.0000,39.183,18.761,24.443,True,640,480,0,False,60.00,0.1000,0.000000,0.000000,0.000000,0.000000,0.000000,0.000000,1.000000
15.1238,inicio,False,0.0000,39.151,24.621,23.706,True,640,480,0,False,60.00,0.1000,0.000000,0.000000,0.000000,0.000000,0.000000,0.000000,1.000000
15.2372,inicio,False,0.0000,39.115,23.042,20.696,True,640,480,0,False,60.00,0.1000,0.000000,0.000000,0.000000,0.000000,0.000000,0.000000,1.000000
15.3433,inicio,False,0.0000,38.269,30.218,13.451,True,640,480,0,False,60.00,0.1000,0.000000,0.000000,0.000000,0.000000,0.000000,0.000000,1.000000
15.4878,inicio,False,0.0000,38.184,22.674,18.446,True,640,480,0,False,60.00,0.1000,0.000000,0.000000,0.000000,0.000000,0.000000,0.000000,1.000000
15.6063,inicio,False,0.0000,38.335,21.999,20.580,True,640,480,0,False,60.00,0.1000,0.000000,0.000000,0.000000,0.000000,0.000000,0.000000,1.000000
15.7576,inicio,False,0.0000,38.230,24.945,19.468,True,640,480,0,False,60.00,0.1000,0.000000,0.000000,0.000000,0.000000,0.000000,0.000000,1.000000
15.8733,inicio,False,0.0000,38.358,19.116,22.735,True,640,480,0,False,60.00,0.1000,0.000000,0.000000,0.000000,0.000000,0.000000,0.000000,1.000000
16.0166,inicio,False,0.0000,37.428,20.876,17.236,True,640,480,0,False,60.00,0.1000,0.000000,0.000000,0.000000,0.000000,0.000000,0.000000,1.000000
16.1716,inicio,False,0.0000,38.330,42.595,28.387,True,640,480,0,False,60.00,0.1000,0.000000,0.000000,0.000000,0.000000,0.000000,0.000000,1.000000
16.3148,inicio,False,0.0000,41.090,26.867,24.126,True,640,480,0,False,60.00,0.1000,0.000000,0.000000,0.000000,0.000000,0.000000,0.000000,1.000000
16.4646,inicio,False,0.0000,42.401,34.236,19.262,True,640,480,0,False,60.00,0.1000,0.000000,0.000000,0.000000,0.000000,0.000000,0.000000,1.000000
16.6071,inicio,False,0.0000,41.549,24.980,17.123,True,640,480,0,False,60.00,0.1000,0.000000,0.000000,0.000000,0.000000,0.000000,0.000000,1.000000
16.7642,inicio,False,0.0000,40.866,23.059,29.716,True,640,480,0,False,60.00,0.1000,0.000000,0.000000,0.000000,0.000000,0.000000,0.000000,1.000000
16.8731,inicio,False,0.0000,40.619,22.738,21.735,True,640,480,0,False,60.00,0.1000,0.000000,0.000000,0.000000,0.000000,0.000000,0.000000,1.000000
17.0166,inicio,False,0.0000,39.265,20.606,13.859,True,640,480,0,False,60.00,0.1000,0.000000,0.000000,0.000000,0.000000,0.000000,0.000000,1.000000
17.1761,inicio,False,0.0000,39.826,27.266,23.883,True,640,480,0,False,60.00,0.1000,0.000000,0.000000,0.000000,0.000000,0.000000,0.000000,1.000000
17.3029,inicio,False,0.0000,40.400,25.117,25.367,True,640,480,0,False,60.00,0.1000,0.000000,0.000000,0.000000,0.000000,0.000000,0.000000,1.000000
17.4201,inicio,False,0.0000,40.138,20.707,23.336,True,640,480,0,False,60.00,0.1000,0.000000,0.000000,0.000000,0.000000,0.000000,0.000000,1.000000
17.5363,inicio,False,0.0000,39.922,20.707,23.336,True,640,480,0,False,60.00,0.1000,0.000000,0.000000,0.000000,0.000000,0.000000,0.000000,1.000000
17.6535,inicio,False,0.0000,39.773,22.941,17.337,True,640,480,0,False,60.00,0.1000,0.000000,0.000000,0.000000,0.000000,0.000000,0.000000,1.000000
17.7868,inicio,False,0.0000,38.584,19.606,17.690,True,640,480,0,False,60.00,0.1000,0.000000,0.000000,0.000000,0.000000,0.000000,0.000000,1.000000
17.9026,inicio,False,0.0000,38.620,32.993,23.494,True,640,480,0,False,60.00,0.1000,0.000000,0.000000,0.000000,0.000000,0.000000,0.000000,1.000000
18.0510,inicio,False,0.0000,39.536,30.434,22.683,True,640,480,0,False,60.00,0.1000,0.000000,0.000000,0.000000,0.000000,0.000000,0.000000,1.000000
18.1694,inicio,False,0.0000,40.151,45.012,18.453,True,640,480,0,False,60.00,0.1000,0.000000,0.000000,0.000000,0.000000,0.000000,0.000000,1.000000
18.2986,inicio,False,0.0000,41.902,25.772,22.523,True,640,480,0,False,60.00,0.1000,0.000000,0.000000,0.000000,0.000000,0.000000,0.000000,1.000000
18.4018,inicio,False,0.0000,40.673,21.379,18.420,True,640,480,0,False,60.00,0.1000,0.000000,0.000000,0.000000,0.000000,0.000000,0.000000,1.000000
18.7614,inicio,True,0.3000,50.975,21.798,23.699,True,640,480,0,False,60.00,0.1000,0.027823,0.042035,0.235596,0.088578,0.011923,0.003459,0.995992
18.8866,inicio,True,0.4332,49.959,21.611,20.674,True,640,480,0,False,60.00,0.1000,0.011916,0.003758,0.240113,0.114282,-0.014750,0.017399,0.993187
19.0026,inicio,True,0.5499,48.337,21.611,20.674,True,640,480,0,False,60.00,0.1000,0.011916,0.003758,0.240113,0.114282,-0.014750,0.017399,0.993187
19.1200,inicio,True,0.6665,46.986,19.902,24.423,True,640,480,0,False,60.00,0.1000,0.010561,-0.008144,0.246145,0.132827,-0.011917,0.018025,0.990904
19.2357,inicio,True,0.7833,45.842,20.336,22.133,True,640,480,0,False,60.00,0.1000,0.007143,-0.012595,0.250254,0.144841,-0.008485,0.014374,0.989314
19.3683,inicio,True,0.9001,44.893,23.757,29.100,True,640,480,0,False,60.00,0.1000,0.003718,-0.010058,0.251095,0.142964,-0.013696,0.014076,0.989533
19.4898,inicio,True,1.0335,44.918,25.041,24.060,True,640,480,0,False,60.00,0.1000,-0.000481,-0.001317,0.248953,0.131041,-0.021719,0.010868,0.991080
19.6024,inicio,True,1.1501,44.012,25.041,24.060,True,640,480,0,False,60.00,0.1000,-0.000481,-0.001317,0.248953,0.131041,-0.021719,0.010868,0.991080
19.7055,inicio,True,1.2496,44.617,24.617,19.342,True,640,480,0,False,60.00,0.1000,-0.000085,0.002650,0.248827,0.126271,-0.018735,0.008152,0.991785
19.8185,inicio,True,1.3662,43.754,29.142,22.541,True,640,480,0,False,60.00,0.1000,0.003832,0.006227,0.248333,0.121052,-0.013005,0.009830,0.992512
19.9353,inicio,True,1.4827,43.011,29.142,22.541,True,640,480,0,False,60.00,0.1000,0.003832,0.006227,0.248333,0.121052,-0.013005,0.009830,0.992512
20.0495,inicio,True,1.5828,43.743,25.651,19.715,True,640,480,0,False,60.00,0.1000,0.000115,0.008217,0.249863,0.117121,-0.018343,0.003821,0.992941
20.1688,inicio,True,1.7163,43.768,23.043,28.328,True,640,480,0,False,60.00,0.1000,0.006640,0.007344,0.251660,0.112632,-0.005001,0.005042,0.993611
20.2855,inicio,True,1.8329,43.028,38.315,18.113,True,640,480,0,False,60.00,0.1000,0.009801,-0.002776,0.254299,0.126820,0.005587,0.006917,0.991886
20.4076,inicio,True,1.9499,44.518,20.403,19.229,True,640,480,0,False,60.00,0.1000,0.009113,-0.003356,0.254838,0.138772,0.011152,0.007112,0.990236
20.5655,inicio,True,2.0996,43.259,19.881,33.073,True,640,480,0,False,60.00,0.1000,0.012303,0.011697,0.250386,0.113961,0.003234,0.011529,0.993413
20.6770,inicio,True,2.2160,42.666,19.942,25.905,True,640,480,0,False,60.00,0.1000,0.015933,0.007237,0.253977,0.100500,0.010518,0.010453,0.994827
20.8229,inicio,True,2.3655,41.744,22.244,22.164,True,640,480,0,False,60.00,0.1000,0.008563,-0.000699,0.254143,0.138930,0.012823,0.007921,0.990188
20.9384,inicio,True,2.4825,41.393,20.926,21.247,True,640,480,0,False,60.00,0.1000,-0.000755,0.003767,0.253206,0.127803,-0.004750,0.008946,0.991748
21.0892,inicio,True,2.6325,40.729,21.432,23.157,True,640,480,0,False,60.00,0.1000,-0.000242,0.012842,0.251546,0.108570,-0.009243,0.011067,0.993984
21.2019,inicio,True,2.7491,40.505,20.574,18.398,True,640,480,0,False,60.00,0.1000,0.000967,0.000092,0.253749,0.115960,-0.014853,0.004466,0.993133
21.3499,inicio,True,2.8824,39.172,20.141,18.346,True,640,480,0,False,60.00,0.1000,-0.000559,-0.009660,0.251948,0.121394,-0.002062,-0.001224,0.992602
21.5118,inicio,True,3.0491,39.756,24.897,20.783,True,640,480,0,False,60.00,0.1000,-0.005368,-0.021339,0.258392,0.172362,0.004997,-0.001691,0.985020
21.6352,inicio,True,3.1824,40.342,21.576,24.576,True,640,480,0,False,60.00,0.1000,-0.009142,-0.013923,0.258065,0.160882,-0.005522,0.001604,0.986957
21.7517,inicio,True,3.2989,40.090,22.648,26.276,True,640,480,0,False,60.00,0.1000,-0.008597,-0.011107,0.256490,0.157316,-0.006119,0.003620,0.987523
21.8682,inicio,True,3.4156,39.877,22.648,26.276,True,640,480,0,False,60.00,0.1000,-0.008597,-0.011107,0.256490,0.157316,-0.006119,0.003620,0.987523
22.0304,inicio,True,3.5655,41.358,28.202,23.080,True,640,480,0,False,60.00,0.1000,-0.012331,-0.007506,0.254141,0.151183,-0.012972,0.006163,0.988402
22.1590,inicio,True,3.6990,41.886,21.890,17.359,True,640,480,0,False,60.00,0.1000,-0.014164,-0.002944,0.253943,0.144511,-0.013718,0.005051,0.989395
22.2689,inicio,True,3.8156,41.416,21.890,17.359,True,640,480,0,False,60.00,0.1000,-0.014164,-0.002944,0.253943,0.144511,-0.013718,0.005051,0.989395
22.3847,inicio,True,3.9322,41.052,27.137,21.439,True,640,480,0,False,60.00,0.1000,-0.015006,-0.001361,0.254444,0.141834,-0.017316,0.004448,0.989729
22.5011,inicio,True,4.0487,40.733,21.124,20.515,True,640,480,0,False,60.00,0.1000,-0.015812,0.001370,0.251756,0.137410,-0.017143,0.004904,0.990354
22.6212,inicio,True,4.1653,40.509,19.453,24.013,True,640,480,0,False,60.00,0.1000,-0.016062,0.001828,0.249692,0.134003,-0.019923,0.004942,0.990768
22.7579,inicio,True,4.2986,41.152,25.171,30.863,True,640,480,0,False,60.00,0.1000,-0.015312,0.001690,0.250451,0.132754,-0.016599,0.005844,0.990993
22.8904,inicio,True,4.4323,43.659,28.973,22.572,True,640,480,0,False,60.00,0.1000,-0.015329,0.001599,0.250356,0.134208,-0.015503,0.005926,0.990814
23.0094,inicio,True,4.5488,43.009,19.035,26.182,True,640,480,0,False,60.00,0.1000,-0.015741,0.001903,0.250392,0.134326,-0.018181,0.006588,0.990749
23.1593,inicio,True,4.6987,42.042,20.652,25.925,True,640,480,0,False,60.00,0.1000,-0.016043,0.002410,0.249494,0.131418,-0.016473,0.006120,0.991171
23.2709,inicio,True,4.8151,41.621,22.061,21.688,True,640,480,0,False,60.00,0.1000,-0.016773,0.001957,0.248675,0.136728,-0.017015,0.006732,0.990440
23.4216,inicio,True,4.9651,40.917,22.806,20.509,True,640,480,0,False,60.00,0.1000,-0.017934,0.003917,0.248262,0.134162,-0.016652,0.006815,0.990796
23.5498,inicio,True,5.0816,40.662,19.503,27.007,True,640,480,0,False,60.00,0.1000,-0.018240,0.006069,0.248093,0.127465,-0.017468,0.006917,0.991665
23.7143,inicio,True,5.2486,40.984,21.087,26.286,True,640,480,0,False,60.00,0.1000,-0.023293,0.010476,0.245225,0.126419,-0.020670,0.006461,0.991741
23.8342,inicio,True,5.3818,41.393,20.536,24.723,True,640,480,0,False,60.00,0.1000,-0.020119,0.006849,0.243811,0.121848,-0.031714,0.008373,0.992007
23.9518,inicio,True,5.4984,40.989,21.899,20.391,True,640,480,0,False,60.00,0.1000,-0.012675,0.007230,0.245869,0.123274,-0.014901,0.013601,0.992168
24.0673,inicio,True,5.6149,40.645,21.899,20.391,True,640,480,0,False,60.00,0.1000,-0.012675,0.007230,0.245869,0.123274,-0.014901,0.013601,0.992168
24.1674,inicio,True,5.7148,39.597,19.540,18.450,True,640,480,0,False,60.00,0.1000,-0.009436,-0.000802,0.248775,0.139923,-0.001646,0.015317,0.990043
24.3015,inicio,True,5.8481,40.370,21.033,19.243,True,640,480,0,False,60.00,0.1000,-0.006260,-0.002938,0.247558,0.120298,0.011561,0.009862,0.992622
24.4212,inicio,True,5.9648,40.117,20.082,34.720,True,640,480,0,False,60.00,0.1000,-0.005485,-0.007979,0.252937,0.154359,0.006715,0.002910,0.987988
24.5475,inicio,True,6.0817,41.885,26.624,22.477,True,640,480,0,False,60.00,0.1000,-0.006023,-0.006431,0.253628,0.151583,0.005768,0.002573,0.988425
24.7057,inicio,True,6.2481,41.952,33.568,18.263,True,640,480,0,False,60.00,0.1000,-0.008043,-0.007078,0.255719,0.148802,0.004098,0.005216,0.988845
24.8337,inicio,True,6.3813,42.223,21.191,21.879,True,640,480,0,False,60.00,0.1000,-0.008202,-0.009805,0.257253,0.155945,0.005544,0.005824,0.987733
24.9542,inicio,True,6.4979,41.700,20.523,24.711,True,640,480,0,False,60.00,0.1000,-0.009919,-0.012308,0.259937,0.157275,0.004167,0.005975,0.987528
25.0670,inicio,True,6.6146,41.261,20.523,24.711,True,640,480,0,False,60.00,0.1000,-0.009919,-0.012308,0.259937,0.157275,0.004167,0.005975,0.987528
25.1695,inicio,True,6.7145,42.152,23.093,18.505,True,640,480,0,False,60.00,0.1000,0.010492,-0.015408,0.259927,0.163015,0.028974,0.002768,0.986194
25.2845,inicio,True,6.8311,41.644,20.164,26.385,True,640,480,0,False,60.00,0.1000,0.016572,-0.021826,0.261439,0.177068,0.043588,-0.002958,0.983229
25.4013,inicio,True,6.9478,41.210,20.164,26.385,True,640,480,0,False,60.00,0.1000,0.016572,-0.021826,0.261439,0.177068,0.043588,-0.002958,0.983229
25.5341,inicio,True,7.0811,39.746,20.378,17.192,True,640,480,0,False,60.00,0.1000,0.014345,-0.023515,0.261885,0.182900,0.035096,-0.007714,0.982475
25.6402,inicio,True,7.1810,40.786,28.017,19.386,True,640,480,0,False,60.00,0.1000,0.012071,-0.023839,0.261150,0.182162,0.030890,-0.008929,0.982743
25.7502,inicio,True,7.2977,40.474,36.492,32.182,True,640,480,0,False,60.00,0.1000,0.011430,-0.025502,0.262233,0.189815,0.034495,-0.007413,0.981186
25.8920,inicio,True,7.4310,43.030,27.682,22.346,True,640,480,0,False,60.00,0.1000,0.010570,-0.026308,0.263136,0.190139,0.035201,-0.002730,0.981122
26.0426,inicio,True,7.5810,42.061,19.781,25.756,True,640,480,0,False,60.00,0.1000,0.007753,-0.026502,0.263194,0.192030,0.033709,-0.003715,0.980803
26.1506,inicio,True,7.6976,41.604,24.550,22.553,True,640,480,0,False,60.00,0.1000,0.007523,-0.025711,0.262785,0.190954,0.030760,-0.004067,0.981109
26.2755,inicio,True,7.8181,41.452,21.223,26.188,True,640,480,0,False,60.00,0.1000,0.009367,-0.025662,0.263091,0.189366,0.035618,-0.006632,0.981238
26.4311,inicio,True,7.9641,40.675,19.176,30.695,True,640,480,0,False,60.00,0.1000,0.007797,-0.024546,0.263990,0.187159,0.033720,-0.008786,0.981712
26.5687,inicio,True,8.1141,42.127,25.610,21.568,True,640,480,0,False,60.00,0.1000,0.007372,-0.023379,0.264875,0.185456,0.032362,-0.007931,0.982088
26.6831,inicio,True,8.2307,41.623,19.576,24.877,True,640,480,0,False,60.00,0.1000,0.009563,-0.021394,0.265084,0.182942,0.031429,-0.009464,0.982576
26.8019,inicio,True,8.3473,41.189,19.576,24.877,True,640,480,0,False,60.00,0.1000,0.009563,-0.021394,0.265084,0.182942,0.031429,-0.009464,0.982576
26.9165,inicio,True,8.4639,40.858,20.443,20.551,True,640,480,0,False,60.00,0.1000,0.011978,-0.021299,0.264933,0.182474,0.038003,-0.011891,0.982404
27.0333,inicio,True,8.5806,40.576,23.201,23.226,True,640,480,0,False,60.00,0.1000,0.012138,-0.020060,0.264781,0.180796,0.040125,-0.013416,0.982610
27.1594,inicio,True,8.6972,40.374,21.674,28.863,True,640,480,0,False,60.00,0.1000,0.008330,-0.017351,0.265353,0.179211,0.035624,-0.012420,0.983087
27.2680,inicio,True,8.8138,40.200,20.949,20.094,True,640,480,0,False,60.00,0.1000,0.006992,-0.017585,0.266246,0.176033,0.033890,-0.011394,0.983735
27.4257,inicio,True,8.9638,39.759,26.001,23.441,True,640,480,0,False,60.00,0.1000,0.007087,-0.017164,0.266516,0.175912,0.030781,-0.013035,0.983838
27.5469,inicio,True,9.0804,39.674,35.722,19.109,True,640,480,0,False,60.00,0.1000,0.007158,-0.016424,0.266039,0.174172,0.030272,-0.012595,0.984169
27.7122,inicio,True,9.2470,40.161,23.501,24.655,True,640,480,0,False,60.00,0.1000,0.006882,-0.012164,0.264867,0.169005,0.030927,-0.015440,0.985009
27.8375,inicio,True,9.3804,42.747,22.859,23.507,True,640,480,0,False,60.00,0.1000,0.005870,-0.011345,0.264697,0.167871,0.028258,-0.017694,0.985245
27.9555,inicio,True,9.4971,42.239,20.885,23.162,True,640,480,0,False,60.00,0.1000,0.005692,-0.011265,0.265343,0.164703,0.027754,-0.016146,0.985821
28.0752,inicio,True,9.6137,41.801,19.905,26.839,True,640,480,0,False,60.00,0.1000,0.005654,-0.011388,0.266076,0.165260,0.026315,-0.016444,0.985762
28.2330,inicio,True,9.7801,41.886,20.542,35.177,True,640,480,0,False,60.00,0.1000,0.005580,-0.010574,0.266111,0.164485,0.026194,-0.016268,0.985898
28.3608,inicio,True,9.8968,41.498,23.007,26.834,True,640,480,0,False,60.00,0.1000,0.005414,-0.008808,0.266023,0.163435,0.028953,-0.016748,0.985987
28.6067,inicio,True,10.1467,47.831,35.406,35.668,True,640,480,0,False,60.00,0.1000,0.006233,-0.008640,0.267839,0.162602,0.029980,-0.015640,0.986112
28.7783,inicio,True,10.3133,51.291,27.424,25.516,True,640,480,0,False,60.00,0.1000,0.006725,-0.008703,0.267197,0.161022,0.031910,-0.014874,0.986323
28.8991,inicio,True,10.4466,50.232,49.418,52.245,True,640,480,0,False,60.00,0.1000,0.005848,-0.008255,0.264362,0.164858,0.032138,-0.015501,0.985672
29.0143,inicio,True,10.5466,52.718,26.765,29.267,True,640,480,0,False,60.00,0.1000,0.002537,-0.006057,0.266461,0.163239,0.029041,-0.016193,0.986026
29.1727,inicio,True,10.7133,55.706,29.555,24.199,True,640,480,0,False,60.00,0.1000,0.004879,-0.004432,0.265285,0.160822,0.027390,-0.011931,0.986531
29.3289,inicio,True,10.8632,57.602,25.414,28.025,True,640,480,0,False,60.00,0.1000,0.008225,-0.004653,0.265354,0.161223,0.033378,-0.012901,0.986269
29.4369,inicio,True,10.9798,57.650,5.049,22.704,True,640,480,0,False,60.00,0.1000,0.008225,-0.004653,0.265354,0.161223,0.033378,-0.012901,0.986269
29.5724,inicio,True,11.1133,55.851,31.429,46.173,True,640,480,0,False,60.00,0.1000,0.007492,-0.005825,0.267296,0.160842,0.031128,-0.021182,0.986262
29.6736,inicio,True,11.2133,58.057,29.894,29.105,True,640,480,0,False,60.00,0.1000,0.010367,-0.004582,0.267378,0.163011,0.031046,-0.017908,0.985973
29.8179,inicio,True,11.3632,59.725,31.723,20.449,True,640,480,0,False,60.00,0.1000,0.015234,-0.004583,0.266799,0.159753,0.035719,-0.019660,0.986315
29.9492,inicio,True,11.4965,57.466,26.971,25.976,True,640,480,0,False,60.00,0.1000,0.017267,-0.005683,0.265633,0.158339,0.037465,-0.023472,0.986395
30.0808,inicio,True,11.6128,57.512,25.197,25.475,True,640,480,0,False,60.00,0.1000,0.017489,-0.006156,0.265843,0.158382,0.038635,-0.025069,0.986303
30.2500,inicio,True,11.7965,55.544,30.673,22.470,True,640,480,0,False,60.00,0.1000,0.016646,-0.006171,0.266077,0.160585,0.036151,-0.023738,0.986074
30.3540,inicio,True,11.8964,54.959,24.793,32.510,True,640,480,0,False,60.00,0.1000,0.015976,-0.006529,0.265618,0.162385,0.038751,-0.025679,0.985632
30.4872,inicio,True,12.0296,56.094,21.607,29.371,True,640,480,0,False,60.00,0.1000,0.014055,-0.006381,0.266573,0.160994,0.034260,-0.025947,0.986019
30.6230,inicio,True,12.1630,54.516,25.636,21.421,True,640,480,0,False,60.00,0.1000,0.006308,-0.004904,0.268661,0.160101,0.027691,-0.022537,0.986455
30.7323,inicio,True,12.2796,52.244,25.636,21.421,True,640,480,0,False,60.00,0.1000,0.006308,-0.004904,0.268661,0.160101,0.027691,-0.022537,0.986455
30.8328,inicio,True,12.3793,52.054,25.798,24.548,True,640,480,0,False,60.00,0.1000,0.003545,-0.005085,0.271797,0.160600,0.024649,-0.014305,0.986608
30.9483,inicio,True,12.4958,50.127,19.867,20.388,True,640,480,0,False,60.00,0.1000,0.004917,-0.011758,0.271537,0.158348,0.027115,-0.010274,0.986958
31.0648,inicio,True,12.6124,48.478,19.867,20.388,True,640,480,0,False,60.00,0.1000,0.004917,-0.011758,0.271537,0.158348,0.027115,-0.010274,0.986958
31.1818,inicio,True,12.7293,47.123,22.445,22.430,True,640,480,0,False,60.00,0.1000,0.002132,-0.012267,0.273729,0.177174,0.035562,-0.005871,0.983519
31.2983,inicio,True,12.8459,45.944,21.117,25.235,True,640,480,0,False,60.00,0.1000,-0.001368,-0.004600,0.271806,0.165189,0.026654,-0.012854,0.985818
31.4417,inicio,True,12.9791,45.808,22.377,30.220,True,640,480,0,False,60.00,0.1000,-0.003504,-0.014148,0.278119,0.175043,0.019222,-0.008889,0.984333
31.5648,inicio,True,13.1124,45.529,37.163,21.258,True,640,480,0,False,60.00,0.1000,-0.014758,-0.002129,0.275919,0.156825,0.009435,-0.016691,0.987440
31.6983,inicio,True,13.2457,47.589,28.656,23.922,True,640,480,0,False,60.00,0.1000,-0.018925,0.001805,0.276180,0.149554,0.000364,-0.014612,0.988646
31.8274,inicio,True,13.3623,46.387,21.051,29.979,True,640,480,0,False,60.00,0.1000,-0.005600,-0.000659,0.276619,0.152549,0.023584,-0.011634,0.987946
31.9361,inicio,True,13.4790,45.357,21.997,21.867,True,640,480,0,False,60.00,0.1000,-0.013070,0.006420,0.270793,0.144566,0.016337,-0.006378,0.989340
32.0824,inicio,True,13.6289,43.958,20.613,19.259,True,640,480,0,False,60.00,0.1000,-0.026930,0.003006,0.267353,0.156475,-0.011073,-0.006539,0.987598
32.2201,inicio,True,13.7622,44.107,24.826,27.969,True,640,480,0,False,60.00,0.1000,-0.026335,0.007941,0.263103,0.148352,-0.024714,0.011620,0.988558
32.3480,inicio,True,13.8955,44.072,20.932,22.342,True,640,480,0,False,60.00,0.1000,-0.029042,0.005694,0.261534,0.142056,-0.000786,0.009364,0.989814
32.4688,inicio,True,14.0131,43.340,20.932,22.342,True,640,480,0,False,60.00,0.1000,-0.029042,0.005694,0.261534,0.142056,-0.000786,0.009364,0.989814
32.5815,inicio,True,14.1291,42.677,20.347,23.093,True,640,480,0,False,60.00,0.1000,-0.029770,0.004538,0.270131,0.138547,-0.008456,0.014210,0.990218
32.6981,inicio,True,14.2456,42.123,26.105,22.860,True,640,480,0,False,60.00,0.1000,-0.028714,0.004885,0.270656,0.145047,-0.014629,0.014998,0.989203
32.8345,inicio,True,14.3787,42.527,26.414,18.954,True,640,480,0,False,60.00,0.1000,-0.017435,-0.001784,0.279421,0.117224,0.005867,0.005396,0.993074
32.9476,inicio,True,14.4952,41.961,35.990,17.366,True,640,480,0,False,60.00,0.1000,-0.014503,-0.004035,0.289257,0.162178,-0.006275,0.003325,0.986736
33.0643,inicio,True,14.6119,41.484,35.990,17.366,True,640,480,0,False,60.00,0.1000,-0.014503,-0.004035,0.289257,0.162178,-0.006275,0.003325,0.986736
33.1742,inicio,True,14.7119,42.357,27.954,21.108,True,640,480,0,False,60.00,0.1000,-0.003888,0.022278,0.285682,0.164179,0.012917,-0.007857,0.986315
33.2979,inicio,True,14.8452,42.572,20.073,22.172,True,640,480,0,False,60.00,0.1000,-0.025925,0.010136,0.273195,0.220253,-0.020958,0.003445,0.975211
33.4144,inicio,True,14.9618,42.003,21.103,23.542,True,640,480,0,False,60.00,0.1000,-0.023435,0.035033,0.264587,0.202114,-0.024114,-0.006077,0.979046
33.5312,inicio,True,15.0784,41.517,21.103,23.542,True,640,480,0,False,60.00,0.1000,-0.023435,0.035033,0.264587,0.202114,-0.024114,-0.006077,0.979046
33.6478,inicio,True,15.1952,41.143,24.153,26.263,True,640,480,0,False,60.00,0.1000,-0.021347,0.048986,0.262266,0.190546,-0.023061,-0.008575,0.981370
33.7647,inicio,True,15.3117,40.815,20.181,23.005,True,640,480,0,False,60.00,0.1000,-0.031664,0.038825,0.257715,0.191097,-0.015726,-0.005062,0.981432
33.9006,inicio,True,15.4283,40.577,20.617,21.293,True,640,480,0,False,60.00,0.1000,-0.036966,0.030590,0.268474,0.238410,-0.030133,0.002937,0.970693
34.0149,inicio,True,15.5616,41.048,18.811,29.158,True,640,480,0,False,60.00,0.1000,-0.044316,0.027978,0.265295,0.233572,-0.041488,0.004635,0.971443
34.1307,inicio,True,15.6782,40.698,18.811,29.158,True,640,480,0,False,60.00,0.1000,-0.044316,0.027978,0.265295,0.233572,-0.041488,0.004635,0.971443
34.2341,inicio,True,15.7782,41.646,24.754,23.806,True,640,480,0,False,60.00,0.1000,-0.036448,0.017645,0.264466,0.227252,-0.049572,0.005370,0.972559
34.3473,inicio,True,15.8949,41.211,21.333,29.913,True,640,480,0,False,60.00,0.1000,-0.030910,0.017867,0.272455,0.280874,-0.032614,-0.003946,0.959182
34.4639,inicio,True,16.0115,40.838,21.333,29.913,True,640,480,0,False,60.00,0.1000,-0.030910,0.017867,0.272455,0.280874,-0.032614,-0.003946,0.959182
34.5741,inicio,True,16.1115,41.773,20.890,27.812,True,640,480,0,False,60.00,0.1000,-0.025286,0.034807,0.265512,0.270160,-0.036174,-0.012948,0.962049
34.7048,inicio,True,16.2449,44.202,20.054,30.236,True,640,480,0,False,60.00,0.1000,-0.024269,0.037395,0.262883,0.277049,-0.041804,-0.013722,0.959848
34.8141,inicio,True,16.3614,43.439,21.542,27.208,True,640,480,0,False,60.00,0.1000,-0.021285,0.022132,0.264808,0.291335,-0.040326,-0.015776,0.955641
34.9546,inicio,True,16.4947,43.659,20.291,23.970,True,640,480,0,False,60.00,0.1000,-0.019431,0.012231,0.271059,0.323823,-0.031893,-0.017141,0.945425
35.0646,inicio,True,16.6119,42.966,20.291,23.970,True,640,480,0,False,60.00,0.1000,-0.019431,0.012231,0.271059,0.323823,-0.031893,-0.017141,0.945425
35.1705,inicio,True,16.7115,43.670,23.730,31.694,True,640,480,0,False,60.00,0.1000,-0.016514,-0.002187,0.272494,0.354274,-0.028959,-0.015292,0.934568
35.2983,inicio,True,16.8445,43.687,20.728,25.357,True,640,480,0,False,60.00,0.1000,-0.022521,-0.004587,0.270914,0.330734,-0.022826,-0.019709,0.943242
35.4138,inicio,True,16.9610,42.952,36.849,32.003,True,640,480,0,False,60.00,0.1000,-0.025670,-0.002999,0.269188,0.354859,-0.034829,-0.019053,0.934077
35.5620,inicio,True,17.0945,45.273,26.957,41.991,True,640,480,0,False,60.00,0.1000,-0.021789,0.001503,0.272137,0.343458,-0.033855,-0.018576,0.938374
35.7023,inicio,True,17.2445,48.150,25.684,21.590,True,640,480,0,False,60.00,0.1000,-0.021899,0.002541,0.271136,0.337658,-0.034282,-0.020595,0.940419
35.8217,inicio,True,17.3611,46.867,19.604,27.439,True,640,480,0,False,60.00,0.1000,-0.015587,0.038814,0.263214,0.242299,-0.034150,-0.029773,0.969143
35.9400,inicio,True,17.4777,45.768,23.239,26.837,True,640,480,0,False,60.00,0.1000,-0.027513,0.037952,0.253996,0.238517,-0.055553,-0.037617,0.968818
36.0900,inicio,True,17.6276,44.291,19.844,23.124,True,640,480,0,False,60.00,0.1000,-0.044032,0.046290,0.246051,0.189892,-0.118614,-0.037382,0.973897
36.2018,inicio,True,17.7442,43.560,20.433,21.478,True,640,480,0,False,60.00,0.1000,-0.042695,0.044736,0.238166,0.156352,-0.155533,-0.034545,0.974767
36.3466,inicio,True,17.8775,41.661,20.911,19.625,True,640,480,0,False,60.00,0.1000,-0.033028,0.021037,0.242113,0.152198,-0.192311,-0.042876,0.968511
36.5101,inicio,True,18.0443,41.786,23.721,28.209,True,640,480,0,False,60.00,0.1000,-0.016187,0.001979,0.246833,0.147020,-0.224500,-0.043343,0.962344
36.6307,inicio,True,18.1775,42.082,22.344,19.593,True,640,480,0,False,60.00,0.1000,-0.012171,-0.013670,0.252147,0.182569,-0.220369,-0.039883,0.957348
36.7471,inicio,True,18.2941,41.580,24.549,18.466,True,640,480,0,False,60.00,0.1000,-0.005732,-0.028987,0.254516,0.187281,-0.229869,-0.039756,0.954204
36.8634,inicio,True,18.4107,41.155,24.549,18.466,True,640,480,0,False,60.00,0.1000,-0.005732,-0.028987,0.254516,0.187281,-0.229869,-0.039756,0.954204
36.9797,inicio,True,18.5274,40.830,22.597,30.119,True,640,480,0,False,60.00,0.1000,-0.005580,-0.033276,0.254410,0.192183,-0.239322,-0.038831,0.950938
37.0824,inicio,True,18.6273,41.762,21.325,18.171,True,640,480,0,False,60.00,0.1000,-0.003769,-0.038135,0.253026,0.184982,-0.239654,-0.033231,0.952493
37.1970,inicio,True,18.7439,41.308,21.325,18.171,True,640,480,0,False,60.00,0.1000,-0.003769,-0.038135,0.253026,0.184982,-0.239654,-0.033231,0.952493
37.3139,inicio,True,18.8605,40.962,23.577,22.522,True,640,480,0,False,60.00,0.1000,-0.009109,-0.036426,0.251999,0.182695,-0.237404,-0.027010,0.953694
37.4297,inicio,True,18.9772,40.664,19.635,25.453,True,640,480,0,False,60.00,0.1000,-0.012950,-0.033572,0.253734,0.177471,-0.218313,-0.015169,0.959486
37.5577,inicio,True,19.0938,40.450,21.327,28.751,True,640,480,0,False,60.00,0.1000,-0.013563,-0.036561,0.258983,0.175699,-0.179039,-0.008702,0.967987
37.6806,inicio,True,19.2271,41.102,19.479,26.578,True,640,480,0,False,60.00,0.1000,-0.020345,-0.033312,0.267392,0.154027,-0.102263,0.013580,0.982667
37.7962,inicio,True,19.3438,40.744,19.479,26.578,True,640,480,0,False,60.00,0.1000,-0.020345,-0.033312,0.267392,0.154027,-0.102263,0.013580,0.982667
37.9130,inicio,True,19.4604,40.475,22.108,17.670,True,640,480,0,False,60.00,0.1000,-0.017831,-0.034764,0.278981,0.189785,-0.047342,0.025202,0.980360
38.0303,inicio,True,19.5770,40.247,19.226,26.603,True,640,480,0,False,60.00,0.1000,-0.011539,-0.028052,0.286908,0.173397,0.004446,0.012644,0.984761
38.1552,inicio,True,19.6936,40.092,22.614,24.714,True,640,480,0,False,60.00,0.1000,-0.027859,-0.035621,0.293040,0.212732,0.001550,0.030313,0.976639
38.2667,inicio,True,19.8104,39.964,22.731,20.074,True,640,480,0,False,60.00,0.1000,-0.042331,-0.031277,0.289408,0.215878,-0.005736,0.039427,0.975607
38.4304,inicio,True,19.9769,40.394,22.545,27.813,True,640,480,0,False,60.00,0.1000,-0.050139,-0.011918,0.284613,0.188934,-0.021558,0.030157,0.981290
38.5462,inicio,True,20.0937,40.145,39.681,34.626,True,640,480,0,False,60.00,0.1000,-0.050494,-0.004863,0.283001,0.172546,-0.021524,0.024965,0.984450
38.7007,inicio,True,20.2435,43.512,28.470,21.538,True,640,480,0,False,60.00,0.1000,-0.051728,-0.004179,0.285672,0.183368,-0.027848,0.028837,0.982227
38.8125,inicio,True,20.3601,42.812,40.447,26.335,True,640,480,0,False,60.00,0.1000,-0.050468,-0.001931,0.286559,0.176322,-0.026313,0.028608,0.983565
38.9502,inicio,True,20.4933,45.131,21.948,27.851,True,640,480,0,False,60.00,0.1000,-0.049406,-0.003717,0.287881,0.179181,-0.027186,0.029186,0.983007
39.0778,inicio,True,20.6099,44.278,20.748,22.790,True,640,480,0,False,60.00,0.1000,-0.046210,-0.005338,0.289992,0.185019,-0.024071,0.029709,0.981991
39.2465,inicio,True,20.7933,44.751,30.188,23.423,True,640,480,0,False,60.00,0.1000,-0.042565,-0.004955,0.289962,0.186092,-0.023211,0.023235,0.981983
39.4047,inicio,True,20.9432,45.539,28.747,30.001,True,640,480,0,False,60.00,0.1000,-0.043412,-0.004470,0.288416,0.186060,-0.023603,0.024757,0.981943
39.5435,inicio,True,21.0768,47.611,28.201,28.399,True,640,480,0,False,60.00,0.1000,-0.043488,-0.003506,0.287418,0.183122,-0.025979,0.025085,0.982427
39.7167,inicio,True,21.2432,46.615,25.550,20.701,True,640,480,0,False,60.00,0.1000,-0.040641,-0.004323,0.283240,0.182044,-0.022339,0.022816,0.982772
39.8538,inicio,True,21.3933,47.063,21.821,20.671,True,640,480,0,False,60.00,0.1000,-0.038857,-0.002189,0.277416,0.180218,-0.023900,0.020861,0.983115
40.0098,inicio,True,21.5430,45.334,24.631,28.445,True,640,480,0,False,60.00,0.1000,-0.038352,-0.005086,0.285490,0.182604,-0.020095,0.022417,0.982726
40.1680,inicio,True,21.7095,44.767,27.667,23.609,True,640,480,0,False,60.00,0.1000,-0.038438,-0.006814,0.285064,0.185118,-0.021299,0.024794,0.982173
40.2954,inicio,True,21.8426,44.630,20.509,26.657,True,640,480,0,False,60.00,0.1000,-0.036599,-0.005227,0.284765,0.188386,-0.022827,0.023335,0.981552
40.4122,inicio,True,21.9596,43.784,21.650,21.606,True,640,480,0,False,60.00,0.1000,-0.036056,-0.005627,0.285312,0.187474,-0.022774,0.023608,0.981722
40.5364,inicio,True,22.0762,43.043,21.650,21.606,True,640,480,0,False,60.00,0.1000,-0.036056,-0.005627,0.285312,0.187474,-0.022774,0.023608,0.981722
40.7015,inicio,True,22.2429,44.908,34.774,24.464,True,640,480,0,False,60.00,0.1000,-0.035666,-0.006388,0.287230,0.187548,-0.017296,0.025170,0.981781
40.8442,inicio,True,22.3763,47.033,32.887,34.056,True,640,480,0,False,60.00,0.1000,-0.034198,-0.006496,0.288469,0.186696,-0.016602,0.023979,0.981985
40.9655,inicio,True,22.5095,48.902,4.023,28.434,True,640,480,0,False,60.00,0.1000,-0.034198,-0.006496,0.288469,0.186696,-0.016602,0.023979,0.981985
41.0789,inicio,True,22.6261,47.466,19.805,23.317,True,640,480,0,False,60.00,0.1000,-0.032406,-0.006230,0.289504,0.189727,-0.015558,0.022975,0.981445
41.2193,inicio,True,22.7593,47.113,29.058,25.619,True,640,480,0,False,60.00,0.1000,-0.033976,-0.007038,0.289584,0.189588,-0.014005,0.024807,0.981450
41.3444,inicio,True,22.8759,48.183,30.133,18.682,True,640,480,0,False,60.00,0.1000,-0.034705,-0.007285,0.290303,0.189753,-0.014780,0.026287,0.981369
41.4947,inicio,True,23.0259,46.261,36.577,18.770,True,640,480,0,False,60.00,0.1000,-0.035211,-0.007296,0.291011,0.188521,-0.014866,0.026988,0.981586
41.6175,inicio,True,23.1592,46.081,22.930,23.733,True,640,480,0,False,60.00,0.1000,-0.034929,-0.006697,0.289357,0.188225,-0.014648,0.026242,0.981666
41.7317,inicio,True,23.2758,45.013,22.930,23.733,True,640,480,0,False,60.00,0.1000,-0.034929,-0.006697,0.289357,0.188225,-0.014648,0.026242,0.981666
41.8354,inicio,True,23.3758,45.540,27.317,34.266,True,640,480,0,False,60.00,0.1000,-0.035679,-0.007913,0.287924,0.189040,-0.014138,0.027885,0.981472
41.9617,inicio,True,23.5090,47.597,23.570,21.557,True,640,480,0,False,60.00,0.1000,-0.035752,-0.008017,0.289664,0.188750,-0.013974,0.027644,0.981537
42.0896,inicio,True,23.6257,46.394,20.801,30.051,True,640,480,0,False,60.00,0.1000,-0.035774,-0.008151,0.290227,0.189941,-0.014947,0.027467,0.981298
42.1996,inicio,True,23.7423,45.362,19.955,24.687,True,640,480,0,False,60.00,0.1000,-0.036453,-0.008485,0.290112,0.190260,-0.014992,0.027878,0.981223
42.3623,inicio,True,23.9089,44.798,25.222,24.346,True,640,480,0,False,60.00,0.1000,-0.037054,-0.009188,0.290467,0.191759,-0.016027,0.027895,0.980915
42.4783,inicio,True,24.0256,43.913,38.689,26.212,True,640,480,0,False,60.00,0.1000,-0.037143,-0.009236,0.290673,0.191593,-0.016362,0.028309,0.980930
42.6246,inicio,True,24.1591,46.143,34.021,26.205,True,640,480,0,False,60.00,0.1000,-0.036691,-0.008739,0.290807,0.191368,-0.015486,0.027446,0.981012
42.7696,inicio,True,24.3091,48.932,27.737,25.333,True,640,480,0,False,60.00,0.1000,-0.036323,-0.008216,0.291006,0.189309,-0.016281,0.027421,0.981400
42.9042,inicio,True,24.4290,49.947,23.426,23.980,True,640,480,0,False,60.00,0.1000,-0.036317,-0.008466,0.291094,0.190314,-0.015009,0.027146,0.981233
43.0147,inicio,True,24.5591,51.438,23.248,33.069,True,640,480,0,False,60.00,0.1000,-0.037693,-0.009483,0.291455,0.191849,-0.015588,0.028622,0.980883
43.1544,inicio,True,24.6922,52.910,21.341,23.721,True,640,480,0,False,60.00,0.1000,-0.037728,-0.009355,0.291780,0.191166,-0.015785,0.028479,0.981018
43.2632,inicio,True,24.8088,50.865,21.341,23.721,True,640,480,0,False,60.00,0.1000,-0.037728,-0.009355,0.291780,0.191166,-0.015785,0.028479,0.981018
43.3778,inicio,True,24.9256,49.166,37.224,19.616,True,640,480,0,False,60.00,0.1000,-0.037843,-0.009523,0.291864,0.191815,-0.015612,0.028448,0.980895
43.4903,inicio,True,25.0253,49.275,24.493,22.375,True,640,480,0,False,60.00,0.1000,-0.038973,-0.009505,0.291680,0.191705,-0.018109,0.029734,0.980835
43.6110,inicio,True,25.1587,48.508,22.070,23.839,True,640,480,0,False,60.00,0.1000,-0.038611,-0.008966,0.291577,0.188787,-0.017160,0.030191,0.981404
43.7285,inicio,True,25.2753,47.090,22.070,23.839,True,640,480,0,False,60.00,0.1000,-0.038611,-0.008966,0.291577,0.188787,-0.017160,0.030191,0.981404
43.8347,inicio,True,25.3752,47.411,27.073,24.021,True,640,480,0,False,60.00,0.1000,-0.038137,-0.008662,0.291898,0.191089,-0.017085,0.029037,0.980994
43.9612,inicio,True,25.5085,46.906,24.034,26.413,True,640,480,0,False,60.00,0.1000,-0.038142,-0.008475,0.292039,0.188996,-0.018055,0.029013,0.981383
44.0778,inicio,True,25.6252,45.723,23.889,20.204,True,640,480,0,False,60.00,0.1000,-0.038625,-0.009816,0.292680,0.189629,-0.017200,0.029725,0.981255
44.1952,inicio,True,25.7418,44.708,23.889,20.204,True,640,480,0,False,60.00,0.1000,-0.038625,-0.009816,0.292680,0.189629,-0.017200,0.029725,0.981255
44.3279,inicio,True,25.8749,42.584,20.610,17.554,True,640,480,0,False,60.00,0.1000,-0.038809,-0.009547,0.292752,0.190805,-0.016601,0.030251,0.981021
44.4609,inicio,True,26.0085,42.866,37.457,18.876,True,640,480,0,False,60.00,0.1000,-0.038282,-0.008717,0.292763,0.190179,-0.017374,0.029375,0.981156
44.5773,inicio,True,26.1248,42.280,20.529,27.552,True,640,480,0,False,60.00,0.1000,-0.038178,-0.009093,0.292790,0.190664,-0.018145,0.029071,0.981057
44.6941,inicio,True,26.2415,41.797,26.093,22.409,True,640,480,0,False,60.00,0.1000,-0.038451,-0.009791,0.293070,0.191773,-0.017544,0.029162,0.980849
44.8201,inicio,True,26.3581,41.416,20.982,26.692,True,640,480,0,False,60.00,0.1000,-0.038804,-0.008451,0.292212,0.190546,-0.017590,0.028885,0.981096
44.9368,inicio,True,26.4748,41.096,27.366,22.805,True,640,480,0,False,60.00,0.1000,-0.038410,-0.008775,0.292350,0.189625,-0.017837,0.027101,0.981320
45.0902,inicio,True,26.6250,40.499,25.043,24.495,True,640,480,0,False,60.00,0.1000,-0.038176,-0.007908,0.291993,0.191670,-0.018893,0.025659,0.980942
45.2150,inicio,True,26.7581,41.128,22.763,18.666,True,640,480,0,False,60.00,0.1000,-0.037350,-0.007140,0.292046,0.188709,-0.018478,0.024042,0.981565
45.3273,inicio,True,26.8750,40.780,22.763,18.666,True,640,480,0,False,60.00,0.1000,-0.037350,-0.007140,0.292046,0.188709,-0.018478,0.024042,0.981565
45.4436,inicio,True,26.9912,40.490,21.284,25.376,True,640,480,0,False,60.00,0.1000,-0.040569,-0.008324,0.291214,0.193321,-0.023916,0.024327,0.980542
45.5602,inicio,True,27.1079,40.261,18.706,24.146,True,640,480,0,False,60.00,0.1000,-0.040891,-0.007968,0.290921,0.193004,-0.026282,0.023393,0.980567
45.6851,inicio,True,27.2248,40.117,21.950,25.468,True,640,480,0,False,60.00,0.1000,-0.041403,-0.006750,0.290098,0.190564,-0.027641,0.022415,0.981030
45.7965,inicio,True,27.3414,39.979,19.891,20.348,True,640,480,0,False,60.00,0.1000,-0.041234,-0.006529,0.290168,0.188245,-0.028266,0.022212,0.981464
45.9583,inicio,True,27.4909,39.556,27.767,25.872,True,640,480,0,False,60.00,0.1000,-0.040714,-0.006976,0.290875,0.191600,-0.029180,0.021123,0.980812
46.0868,inicio,True,27.6248,40.366,25.413,23.629,True,640,480,0,False,60.00,0.1000,-0.039999,-0.007303,0.291532,0.192254,-0.027261,0.020225,0.980758
46.2106,inicio,True,27.7583,40.875,19.509,25.868,True,640,480,0,False,60.00,0.1000,-0.039776,-0.008627,0.292359,0.193326,-0.027631,0.019935,0.980543
46.3278,inicio,True,27.8744,40.524,19.912,30.882,True,640,480,0,False,60.00,0.1000,-0.039337,-0.008202,0.292109,0.195061,-0.027253,0.020084,0.980207
46.4436,inicio,True,27.9908,40.237,19.912,30.882,True,640,480,0,False,60.00,0.1000,-0.039337,-0.008202,0.292109,0.195061,-0.027253,0.020084,0.980207
46.5565,inicio,True,28.0909,41.237,21.389,21.309,True,640,480,0,False,60.00,0.1000,-0.038282,-0.011585,0.291240,0.198118,-0.026562,0.018582,0.979642
46.6603,inicio,True,28.2076,40.862,21.389,21.309,True,640,480,0,False,60.00,0.1000,-0.038282,-0.011585,0.291240,0.198118,-0.026562,0.018582,0.979642
46.7770,inicio,True,28.3242,42.625,22.230,25.518,True,640,480,0,False,60.00,0.1000,-0.030530,-0.011447,0.270685,0.225583,-0.037363,-0.000646,0.973507
46.9226,inicio,True,28.4575,42.883,24.830,27.384,True,640,480,0,False,60.00,0.1000,-0.026209,-0.007182,0.264404,0.237063,-0.023173,-0.013218,0.971128
47.0758,inicio,True,28.6074,41.945,32.533,22.133,True,640,480,0,False,60.00,0.1000,-0.018828,0.033565,0.242924,0.200453,0.006875,-0.017384,0.979525
47.2295,inicio,True,28.7740,42.009,26.058,22.923,True,640,480,0,False,60.00,0.1000,-0.033344,0.042038,0.232110,0.236183,-0.017321,-0.018398,0.971380
47.3431,inicio,True,28.8906,41.520,41.240,20.948,True,640,480,0,False,60.00,0.1000,-0.040654,0.031245,0.233267,0.262352,-0.025426,-0.012745,0.964553
47.4744,inicio,True,29.0075,43.148,22.381,22.485,True,640,480,0,False,60.00,0.1000,-0.034527,0.051398,0.225923,0.229989,-0.007028,-0.008983,0.973127
47.6284,inicio,True,29.1740,42.986,34.197,21.935,True,640,480,0,False,60.00,0.1000,-0.040778,0.041820,0.225252,0.253437,0.005594,-0.005460,0.967320
47.7580,inicio,True,29.2905,42.436,23.145,28.772,True,640,480,0,False,60.00,0.1000,-0.046943,0.029026,0.226861,0.273100,-0.003619,-0.003383,0.961973
47.8936,inicio,True,29.4237,42.798,28.897,23.920,True,640,480,0,False,60.00,0.1000,-0.052078,0.002368,0.230950,0.339925,-0.020463,0.009714,0.940180
48.0103,inicio,True,29.5578,42.986,42.192,30.289,True,640,480,0,False,60.00,0.1000,-0.050345,-0.011847,0.228251,0.357724,-0.013011,0.016450,0.933592
48.1707,inicio,True,29.7074,46.071,21.087,27.381,True,640,480,0,False,60.00,0.1000,-0.047630,-0.025595,0.230334,0.409488,-0.003807,0.030623,0.911794
48.2935,inicio,True,29.8407,45.755,19.664,25.131,True,640,480,0,False,60.00,0.1000,-0.048983,-0.028416,0.229427,0.426749,-0.010263,0.019913,0.904093
48.4096,inicio,True,29.9570,44.717,22.251,27.025,True,640,480,0,False,60.00,0.1000,-0.053365,-0.025764,0.228602,0.429811,-0.027679,0.016205,0.902349
48.5267,inicio,True,30.0735,43.839,22.021,26.325,True,640,480,0,False,60.00,0.1000,-0.053641,-0.020826,0.227675,0.428671,-0.021855,0.020869,0.902955
48.6434,inicio,True,30.1902,43.093,22.021,26.325,True,640,480,0,False,60.00,0.1000,-0.053641,-0.020826,0.227675,0.428671,-0.021855,0.020869,0.902955
48.7563,inicio,True,30.2903,43.816,27.004,35.932,True,640,480,0,False,60.00,0.1000,-0.052819,-0.015763,0.227604,0.433620,-0.023038,0.015706,0.900664
48.9130,inicio,True,30.4574,47.688,4.520,33.160,True,640,480,0,False,60.00,0.1000,-0.051763,-0.014086,0.227272,0.436549,-0.020803,0.014750,0.899319
49.0264,inicio,True,30.5735,46.367,26.260,22.777,True,640,480,0,False,60.00,0.1000,-0.049207,-0.005833,0.225325,0.436203,-0.016220,0.019811,0.899484
49.1425,inicio,True,30.6900,45.253,21.289,23.054,True,640,480,0,False,60.00,0.1000,-0.044703,-0.006085,0.226203,0.443351,-0.007633,0.018352,0.896128
49.2604,inicio,True,30.8066,44.299,21.289,23.054,True,640,480,0,False,60.00,0.1000,-0.044703,-0.006085,0.226203,0.443351,-0.007633,0.018352,0.896128
49.3668,inicio,True,30.9066,44.899,19.896,42.182,True,640,480,0,False,60.00,0.1000,-0.041959,-0.005708,0.226114,0.447740,-0.004933,0.009645,0.894098
49.5044,inicio,True,31.0399,46.979,6.462,39.021,True,640,480,0,False,60.00,0.1000,-0.041959,-0.005708,0.226114,0.447740,-0.004933,0.009645,0.894098
49.6116,inicio,True,31.1575,48.195,23.541,25.387,True,640,480,0,False,60.00,0.1000,-0.044050,-0.003991,0.226044,0.445374,-0.007043,0.012292,0.895233
49.7268,inicio,True,31.2737,46.800,23.541,25.387,True,640,480,0,False,60.00,0.1000,-0.044050,-0.003991,0.226044,0.445374,-0.007043,0.012292,0.895233
49.8426,inicio,True,31.3902,45.660,20.267,30.090,True,640,480,0,False,60.00,0.1000,-0.043857,-0.005227,0.226898,0.449084,-0.004743,0.012582,0.893388
49.9437,inicio,True,31.4898,46.106,22.293,26.745,True,640,480,0,False,60.00,0.1000,-0.043776,-0.004466,0.227229,0.448120,-0.005357,0.012016,0.893876
50.0589,inicio,True,31.6064,45.033,22.293,26.745,True,640,480,0,False,60.00,0.1000,-0.043776,-0.004466,0.227229,0.448120,-0.005357,0.012016,0.893876
50.1674,inicio,True,31.7064,45.560,22.106,25.405,True,640,480,0,False,60.00,0.1000,-0.043926,-0.004639,0.227191,0.448615,-0.005540,0.011739,0.893631
50.2763,inicio,True,31.8245,44.641,39.043,27.299,True,640,480,0,False,60.00,0.1000,-0.043753,-0.004723,0.227381,0.448729,-0.005935,0.011226,0.893578
50.4108,inicio,True,31.9565,46.725,24.242,23.806,True,640,480,0,False,60.00,0.1000,-0.043623,-0.004296,0.227415,0.448114,-0.006018,0.010522,0.893894
50.5334,inicio,True,32.0730,45.639,22.295,23.730,True,640,480,0,False,60.00,0.1000,-0.043524,-0.003865,0.227358,0.447371,-0.005984,0.010291,0.894269
50.6996,inicio,True,32.2394,45.009,23.606,28.584,True,640,480,0,False,60.00,0.1000,-0.043880,-0.003904,0.227240,0.447270,-0.007008,0.010103,0.894315
50.8276,inicio,True,32.3725,44.838,28.632,38.128,True,640,480,0,False,60.00,0.1000,-0.044525,-0.002966,0.226809,0.445812,-0.008023,0.010078,0.895034
50.9820,inicio,True,32.5232,47.833,4.378,46.601,True,640,480,0,False,60.00,0.1000,-0.044663,-0.002714,0.226672,0.445497,-0.008771,0.010654,0.895177
51.1110,inicio,True,32.6565,47.270,4.378,46.601,True,640,480,0,False,60.00,0.1000,-0.044663,-0.002714,0.226672,0.445497,-0.008771,0.010654,0.895177
51.2306,inicio,True,32.7736,48.428,24.192,36.515,True,640,480,0,False,60.00,0.1000,-0.046147,-0.000768,0.225750,0.441747,-0.013694,0.010595,0.896973
51.3705,inicio,True,32.9067,50.157,23.074,25.081,True,640,480,0,False,60.00,0.1000,-0.046251,-0.000907,0.225788,0.440728,-0.014187,0.010449,0.897468
51.5246,inicio,True,33.0561,47.838,20.537,32.111,True,640,480,0,False,60.00,0.1000,-0.044391,-0.006296,0.227109,0.448269,-0.011346,0.008659,0.893785
51.7095,inicio,True,33.2558,48.468,35.504,35.836,True,640,480,0,False,60.00,0.1000,-0.036050,-0.007020,0.229915,0.443325,0.001063,-0.000896,0.896360
51.8657,inicio,True,33.4058,51.033,26.076,28.340,True,640,480,0,False,60.00,0.1000,-0.035535,-0.002289,0.230151,0.425783,-0.002273,-0.006761,0.904797
52.0526,inicio,True,33.5895,50.267,28.040,29.342,True,640,480,0,False,60.00,0.1000,-0.025796,-0.009139,0.234712,0.387637,-0.008192,0.002114,0.921773
52.1958,inicio,True,33.7234,51.895,23.395,35.223,True,640,480,0,False,60.00,0.1000,-0.017710,-0.026478,0.240437,0.382215,-0.010536,-0.007579,0.923982
52.3350,inicio,True,33.8723,54.074,28.322,32.089,True,640,480,0,False,60.00,0.1000,-0.009968,-0.028988,0.245228,0.375038,-0.007169,-0.010327,0.926925
52.4772,inicio,True,34.0224,56.139,21.834,26.876,True,640,480,0,False,60.00,0.1000,-0.006204,-0.038138,0.249705,0.352193,-0.000762,-0.009521,0.935879
52.5944,inicio,True,34.1415,53.764,32.395,31.338,True,640,480,0,False,60.00,0.1000,-0.003088,-0.050158,0.252223,0.369567,-0.006633,-0.012080,0.929102
52.7264,inicio,True,34.2722,54.892,25.542,20.758,True,640,480,0,False,60.00,0.1000,0.000439,-0.057040,0.253969,0.381129,-0.004884,-0.013517,0.924410
52.8284,inicio,False,34.3389,51.818,20.915,24.827,True,640,480,0,False,60.00,0.1000,0.000439,-0.057040,0.253969,0.381129,-0.004884,-0.013517,0.924410
52.9413,inicio,True,34.3722,49.934,39.730,26.726,True,640,480,0,False,60.00,0.1000,-0.001751,-0.048168,0.255390,0.414099,0.000839,-0.024139,0.909912
53.0823,inicio,True,34.5056,51.564,25.726,26.980,True,640,480,0,False,60.00,0.1000,-0.006832,-0.043129,0.254288,0.413764,-0.004182,-0.017009,0.910216
53.2015,inicio,True,34.6224,49.805,20.197,30.581,True,640,480,0,False,60.00,0.1000,-0.017344,-0.039643,0.252208,0.400583,-0.019829,-0.002685,0.916042
53.3133,inicio,True,34.7389,48.282,18.655,26.574,True,640,480,0,False,60.00,0.1000,-0.019812,-0.045756,0.254799,0.414520,-0.029758,0.001002,0.909553
53.4715,inicio,True,34.8892,46.356,21.304,29.426,True,640,480,0,False,60.00,0.1000,-0.014580,-0.043776,0.256459,0.414794,-0.022105,0.002291,0.909644
53.6211,inicio,True,35.0390,44.765,25.194,27.128,True,640,480,0,False,60.00,0.1000,-0.014202,-0.037773,0.254899,0.410583,-0.022153,-0.002020,0.911552
53.7555,inicio,True,35.1720,44.781,26.037,27.521,True,640,480,0,False,60.00,0.1000,-0.012195,-0.030185,0.252440,0.419062,-0.023750,-0.008503,0.907607
53.8739,inicio,True,35.3049,44.635,39.154,29.005,True,640,480,0,False,60.00,0.1000,-0.009737,-0.011190,0.246762,0.418324,-0.018568,-0.004478,0.908097
54.0224,inicio,True,35.4384,46.791,28.450,23.894,True,640,480,0,False,60.00,0.1000,-0.010035,0.008023,0.240513,0.399617,-0.018982,0.003899,0.916478
54.1512,inicio,True,35.5718,48.690,24.224,23.051,True,640,480,0,False,60.00,0.1000,-0.009350,-0.002578,0.242032,0.418426,-0.004018,0.017314,0.908077
54.2907,inicio,True,35.7051,48.165,28.381,23.329,True,640,480,0,False,60.00,0.1000,-0.008046,0.011193,0.241474,0.402378,-0.009380,0.003318,0.915420
54.4086,inicio,True,35.8387,47.565,35.074,26.043,True,640,480,0,False,60.00,0.1000,-0.003051,0.009722,0.244342,0.402462,0.000638,-0.004336,0.915426
54.5458,inicio,True,35.9718,49.419,21.455,31.032,True,640,480,0,False,60.00,0.1000,-0.002914,0.007602,0.244901,0.412828,0.004532,-0.004550,0.910786
54.6663,inicio,True,36.0886,47.961,20.455,26.908,True,640,480,0,False,60.00,0.1000,-0.005143,0.010788,0.244032,0.408924,-0.000858,-0.005587,0.912551
54.8160,inicio,True,36.2383,46.068,20.304,26.039,True,640,480,0,False,60.00,0.1000,-0.005480,0.013915,0.243497,0.404688,-0.002909,-0.008626,0.914410
54.9275,inicio,True,36.3549,45.082,19.339,23.930,True,640,480,0,False,60.00,0.1000,-0.006183,0.013598,0.244065,0.405584,-0.006175,-0.009870,0.913984
55.0276,inicio,True,36.4548,43.402,21.924,32.512,True,640,480,0,False,60.00,0.1000,-0.004445,0.014633,0.244761,0.398718,-0.001834,-0.010679,0.917009
55.1748,inicio,True,36.6048,46.504,25.510,28.720,True,640,480,0,False,60.00,0.1000,-0.005049,0.012005,0.244316,0.406388,-0.002983,-0.012070,0.913616
55.2906,inicio,True,36.7214,45.374,25.510,28.720,True,640,480,0,False,60.00,0.1000,-0.005049,0.012005,0.244316,0.406388,-0.002983,-0.012070,0.913616
55.4319,inicio,True,36.8547,45.323,26.223,24.781,True,640,480,0,False,60.00,0.1000,0.003575,0.007157,0.245804,0.413766,0.008556,-0.023301,0.910045
55.5929,inicio,True,37.0214,46.781,29.192,31.607,True,640,480,0,False,60.00,0.1000,-0.007876,0.001899,0.246388,0.422525,-0.008180,-0.009616,0.906263
55.7253,inicio,True,37.1548,48.723,26.375,22.252,True,640,480,0,False,60.00,0.1000,-0.008897,0.003122,0.246470,0.419483,-0.012945,-0.009906,0.907617
55.8836,inicio,True,37.3048,46.701,22.275,26.925,True,640,480,0,False,60.00,0.1000,-0.005313,0.002543,0.247487,0.419152,-0.007017,-0.012673,0.907800
56.0295,inicio,True,37.4546,47.286,23.679,23.921,True,640,480,0,False,60.00,0.1000,-0.011159,0.000329,0.247442,0.420905,-0.018986,-0.011972,0.906827
56.1407,inicio,True,37.5715,46.058,47.409,33.066,True,640,480,0,False,60.00,0.1000,-0.011237,0.002681,0.247882,0.417000,-0.021606,-0.013701,0.908546
56.2995,inicio,True,37.7211,48.844,22.779,26.243,True,640,480,0,False,60.00,0.1000,-0.012363,0.003854,0.247550,0.416765,-0.021884,-0.013080,0.908657
56.4085,inicio,True,37.8379,47.427,20.401,27.705,True,640,480,0,False,60.00,0.1000,-0.016397,0.004535,0.247691,0.415561,-0.026934,-0.002914,0.909162
56.5443,inicio,True,37.9712,47.085,21.101,28.382,True,640,480,0,False,60.00,0.1000,-0.013324,0.002930,0.246746,0.417120,-0.028314,-0.008969,0.908366
56.6746,inicio,True,38.1046,46.627,22.478,27.049,True,640,480,0,False,60.00,0.1000,-0.009373,0.003097,0.247211,0.416542,-0.026129,-0.013338,0.908643
56.7907,inicio,True,38.2214,45.489,40.201,25.687,True,640,480,0,False,60.00,0.1000,-0.007019,0.001243,0.247149,0.414973,-0.019099,-0.017135,0.909472
56.9258,inicio,True,38.3545,47.543,23.026,25.604,True,640,480,0,False,60.00,0.1000,-0.010406,0.000056,0.247009,0.421345,-0.023625,-0.015563,0.906459
57.0977,inicio,True,38.5211,46.572,23.755,25.064,True,640,480,0,False,60.00,0.1000,-0.015529,-0.001390,0.249194,0.423874,-0.030398,-0.001865,0.905209
57.2235,inicio,True,38.6543,46.182,25.809,24.726,True,640,480,0,False,60.00,0.1000,-0.013815,-0.000976,0.250067,0.421874,-0.030542,-0.012296,0.906057
57.3399,inicio,True,38.7708,45.092,21.876,23.819,True,640,480,0,False,60.00,0.1000,-0.014292,0.000978,0.251093,0.419146,-0.032469,-0.010060,0.907282
57.4571,inicio,True,38.8874,44.165,20.667,29.823,True,640,480,0,False,60.00,0.1000,-0.014503,0.002767,0.248745,0.417702,-0.027519,-0.007556,0.908136
57.5732,inicio,True,39.0040,43.372,20.667,29.823,True,640,480,0,False,60.00,0.1000,-0.014503,0.002767,0.248745,0.417702,-0.027519,-0.007556,0.908136
57.6790,inicio,True,39.1041,44.062,22.670,25.465,True,640,480,0,False,60.00,0.1000,-0.012829,0.003153,0.248897,0.414823,-0.031496,-0.013050,0.909263
57.7907,inicio,True,39.2207,43.281,34.313,22.078,True,640,480,0,False,60.00,0.1000,-0.013649,0.002654,0.249157,0.415713,-0.031339,-0.011292,0.908886
57.9170,inicio,True,39.3374,44.728,21.150,28.161,True,640,480,0,False,60.00,0.1000,-0.013540,0.001838,0.249370,0.416417,-0.032129,-0.011496,0.908533
58.0767,inicio,True,39.5039,44.273,21.776,32.611,True,640,480,0,False,60.00,0.1000,-0.011952,0.002479,0.248954,0.415915,-0.029504,-0.012738,0.908836
58.2065,inicio,True,39.6374,44.226,31.249,29.159,True,640,480,0,False,60.00,0.1000,-0.011845,0.001838,0.249024,0.416104,-0.032941,-0.014903,0.908598
58.3409,inicio,True,39.7706,46.409,25.021,28.177,True,640,480,0,False,60.00,0.1000,-0.011401,0.001561,0.249217,0.413924,-0.032589,-0.016335,0.909581
58.4727,inicio,True,39.9038,46.203,22.641,33.722,True,640,480,0,False,60.00,0.1000,-0.013235,0.000272,0.249467,0.417998,-0.035745,-0.014115,0.907635
58.5991,inicio,True,40.0203,45.194,19.719,25.738,True,640,480,0,False,60.00,0.1000,-0.013137,-0.000418,0.249718,0.419210,-0.034203,-0.014543,0.907128
58.7163,inicio,True,40.1370,44.336,21.117,28.392,True,640,480,0,False,60.00,0.1000,-0.012605,0.000650,0.249291,0.418057,-0.035397,-0.012957,0.907638
58.8814,inicio,True,40.3037,43.964,23.686,29.952,True,640,480,0,False,60.00,0.1000,-0.013208,0.002037,0.248699,0.416492,-0.036660,-0.011518,0.908327
59.0065,inicio,True,40.4370,43.950,20.099,27.899,True,640,480,0,False,60.00,0.1000,-0.012412,0.003304,0.248889,0.414269,-0.033265,-0.011350,0.909476
59.1225,inicio,True,40.5535,43.178,37.492,21.816,True,640,480,0,False,60.00,0.1000,-0.012065,0.003909,0.248834,0.413299,-0.034067,-0.013964,0.909851
59.2540,inicio,True,40.6707,44.660,22.804,27.013,True,640,480,0,False,60.00,0.1000,-0.012448,0.004306,0.248589,0.412739,-0.035531,-0.010871,0.910091
59.4272,inicio,True,40.8538,45.047,26.092,27.188,True,640,480,0,False,60.00,0.1000,-0.012491,0.005702,0.248225,0.410595,-0.036005,-0.011346,0.911036
59.5562,inicio,True,40.9870,44.876,25.042,33.017,True,640,480,0,False,60.00,0.1000,-0.009546,0.007787,0.248207,0.408104,-0.028154,-0.015992,0.912361
59.6935,inicio,True,41.1199,46.978,27.444,26.520,True,640,480,0,False,60.00,0.1000,-0.012388,0.008701,0.247728,0.406823,-0.034646,-0.009605,0.912799
59.8057,inicio,True,41.2369,45.840,23.356,28.990,True,640,480,0,False,60.00,0.1000,-0.009659,0.010175,0.248408,0.402500,-0.028473,-0.015604,0.914844
59.9646,inicio,True,41.3867,46.548,29.259,25.928,True,640,480,0,False,60.00,0.1000,-0.009148,0.012038,0.247961,0.400072,-0.030888,-0.015369,0.915834
60.1317,inicio,True,41.5533,47.832,21.334,25.122,True,640,480,0,False,60.00,0.1000,-0.011119,0.016566,0.247291,0.391747,-0.038184,-0.020141,0.919060
60.2570,inicio,True,41.6867,47.269,17.345,25.990,True,640,480,0,False,60.00,0.1000,-0.009309,0.019832,0.246167,0.387114,-0.036175,-0.019060,0.921125
60.3724,inicio,True,41.8031,46.025,17.345,25.990,True,640,480,0,False,60.00,0.1000,-0.009309,0.019832,0.246167,0.387114,-0.036175,-0.019060,0.921125
60.4926,inicio,True,41.9197,45.002,24.278,25.428,True,640,480,0,False,60.00,0.1000,-0.008792,0.020266,0.245896,0.382757,-0.030290,-0.022229,0.923085
60.6056,inicio,True,42.0365,44.134,20.366,30.383,True,640,480,0,False,60.00,0.1000,-0.009964,0.019043,0.245757,0.389348,-0.036780,-0.016194,0.920214
60.7549,inicio,True,42.1697,44.255,22.948,33.710,True,640,480,0,False,60.00,0.1000,-0.008361,0.019241,0.246333,0.386989,-0.035117,-0.022274,0.921146
60.8600,inicio,True,42.2863,45.560,3.699,24.459,True,640,480,0,False,60.00,0.1000,-0.008361,0.019241,0.246333,0.386989,-0.035117,-0.022274,0.921146
60.9763,inicio,True,42.4028,44.645,18.508,24.967,True,640,480,0,False,60.00,0.1000,-0.010007,0.020489,0.245839,0.385909,-0.037149,-0.023236,0.921496
61.1375,inicio,True,42.5531,43.389,25.595,27.842,True,640,480,0,False,60.00,0.1000,-0.010797,0.024462,0.246154,0.380691,-0.030593,-0.014810,0.924077
61.2626,inicio,True,42.6864,43.622,25.745,27.496,True,640,480,0,False,60.00,0.1000,-0.015220,0.018468,0.248479,0.388596,-0.041581,-0.014377,0.920357
61.3899,inicio,True,42.8193,43.636,24.634,28.236,True,640,480,0,False,60.00,0.1000,-0.009648,0.018886,0.248634,0.387373,-0.036162,-0.021246,0.920968
61.5216,inicio,True,42.9525,43.665,24.634,28.236,True,640,480,0,False,60.00,0.1000,-0.009648,0.018886,0.248634,0.387373,-0.036162,-0.021246,0.920968
61.6384,inicio,True,43.0694,42.993,24.271,22.592,True,640,480,0,False,60.00,0.1000,-0.012016,0.018793,0.249841,0.388171,-0.036411,-0.018274,0.920686
61.7470,inicio,True,43.1693,43.712,32.804,31.554,True,640,480,0,False,60.00,0.1000,-0.011744,0.015942,0.247501,0.389690,-0.034472,-0.014678,0.920184
61.8989,inicio,True,43.3193,46.743,21.517,28.941,True,640,480,0,False,60.00,0.1000,-0.009973,0.015019,0.246814,0.394153,-0.037996,-0.018748,0.918068
62.0528,inicio,True,43.4696,47.181,22.426,30.922,True,640,480,0,False,60.00,0.1000,-0.009337,0.017015,0.246684,0.392234,-0.029909,-0.016471,0.919232
62.2104,inicio,True,43.6359,46.262,22.002,19.774,True,640,480,0,False,60.00,0.1000,-0.013371,0.016513,0.247387,0.392616,-0.038365,-0.013027,0.918810
62.3215,inicio,True,43.7525,45.165,21.536,29.941,True,640,480,0,False,60.00,0.1000,-0.007643,0.017311,0.247447,0.389876,-0.032725,-0.021320,0.920039
62.4393,inicio,True,43.8688,44.214,21.536,29.941,True,640,480,0,False,60.00,0.1000,-0.007643,0.017311,0.247447,0.389876,-0.032725,-0.021320,0.920039
62.5550,inicio,True,43.9858,43.466,22.526,24.181,True,640,480,0,False,60.00,0.1000,-0.008475,0.018411,0.247196,0.388008,-0.033673,-0.018960,0.920846
62.6715,inicio,True,44.1026,42.822,22.724,27.498,True,640,480,0,False,60.00,0.1000,-0.007853,0.019358,0.247444,0.387044,-0.031735,-0.019069,0.921318
62.7986,inicio,True,44.2191,42.291,22.731,22.447,True,640,480,0,False,60.00,0.1000,-0.008969,0.019388,0.248400,0.388064,-0.031094,-0.015139,0.920983
62.9172,inicio,True,44.3356,41.843,21.006,28.449,True,640,480,0,False,60.00,0.1000,-0.007453,0.019404,0.247823,0.386798,-0.031393,-0.019384,0.921426
63.0627,inicio,True,44.4856,41.096,20.014,26.586,True,640,480,0,False,60.00,0.1000,-0.007908,0.018987,0.246627,0.387495,-0.031538,-0.018966,0.921137
63.1798,inicio,True,44.6022,40.820,18.925,29.062,True,640,480,0,False,60.00,0.1000,-0.007877,0.018991,0.245404,0.386977,-0.032302,-0.019725,0.921312
63.3278,inicio,True,44.7522,40.262,21.295,23.828,True,640,480,0,False,60.00,0.1000,-0.007325,0.019990,0.244148,0.386377,-0.031435,-0.018682,0.921616
63.4414,inicio,True,44.8688,40.106,18.998,23.565,True,640,480,0,False,60.00,0.1000,-0.008595,0.022399,0.244536,0.383838,-0.028251,-0.015906,0.922831
63.6336,inicio,True,45.0524,41.364,28.582,25.583,True,640,480,0,False,60.00,0.1000,-0.005770,0.022115,0.244995,0.382590,-0.026895,-0.018273,0.923346
63.7566,inicio,True,45.1858,41.723,28.582,25.583,True,640,480,0,False,60.00,0.1000,-0.005770,0.022115,0.244995,0.382590,-0.026895,-0.018273,0.923346
63.8718,inicio,True,45.3021,41.299,17.750,26.139,True,640,480,0,False,60.00,0.1000,-0.006753,0.024026,0.243886,0.380493,-0.028341,-0.015052,0.924227
63.9934,inicio,True,45.4185,40.986,20.315,23.180,True,640,480,0,False,60.00,0.1000,-0.011702,0.024152,0.243729,0.375887,-0.027522,-0.007911,0.926223
64.1126,inicio,True,45.5354,40.733,19.249,28.340,True,640,480,0,False,60.00,0.1000,-0.010008,0.022474,0.242983,0.385211,-0.037705,-0.013163,0.921964
64.2766,inicio,True,45.7019,41.021,20.521,22.547,True,640,480,0,False,60.00,0.1000,-0.003721,0.024769,0.242908,0.375485,-0.020504,-0.020332,0.926379
64.3875,inicio,True,45.8184,40.669,23.225,32.027,True,640,480,0,False,60.00,0.1000,-0.008256,0.024252,0.243956,0.381039,-0.032852,-0.013953,0.923870
64.5137,inicio,True,45.9350,42.368,23.053,26.692,True,640,480,0,False,60.00,0.1000,-0.005082,0.024534,0.243733,0.380986,-0.025815,-0.014695,0.924104
64.6792,inicio,True,46.1020,42.378,26.574,35.117,True,640,480,0,False,60.00,0.1000,-0.006328,0.022653,0.244870,0.382824,-0.029303,-0.016360,0.923211
64.8127,inicio,True,46.2355,44.751,25.049,26.470,True,640,480,0,False,60.00,0.1000,-0.004875,0.023047,0.244962,0.381803,-0.028423,-0.018950,0.923612
64.9289,inicio,True,46.3519,43.943,21.983,26.845,True,640,480,0,False,60.00,0.1000,-0.004346,0.022212,0.246133,0.383225,-0.024609,-0.019989,0.923111
65.0515,inicio,True,46.4686,43.266,19.893,31.291,True,640,480,0,False,60.00,0.1000,-0.004577,0.021916,0.247625,0.384355,-0.026604,-0.016327,0.922657
65.2174,inicio,True,46.6350,43.076,21.429,22.012,True,640,480,0,False,60.00,0.1000,-0.003337,0.022408,0.248986,0.382937,-0.024994,-0.020981,0.923198
65.3373,inicio,True,46.7684,43.192,21.319,23.838,True,640,480,0,False,60.00,0.1000,-0.003618,0.022149,0.246532,0.382315,-0.023976,-0.019532,0.923514
65.4539,inicio,True,46.8854,42.559,21.730,28.727,True,640,480,0,False,60.00,0.1000,-0.002548,0.022248,0.245114,0.381748,-0.026200,-0.022974,0.923609
65.5713,inicio,True,47.0014,41.965,21.730,28.727,True,640,480,0,False,60.00,0.1000,-0.002548,0.022248,0.245114,0.381748,-0.026200,-0.022974,0.923609
65.6847,inicio,True,47.1014,42.791,29.596,24.157,True,640,480,0,False,60.00,0.1000,-0.001960,0.021737,0.244547,0.381940,-0.026220,-0.024107,0.923501
65.8038,inicio,True,47.2347,42.944,36.251,23.637,True,640,480,0,False,60.00,0.1000,-0.001841,0.022230,0.244491,0.381317,-0.023654,-0.023097,0.923853
65.9351,inicio,True,47.3514,44.422,27.806,22.038,True,640,480,0,False,60.00,0.1000,-0.002736,0.021835,0.244385,0.381765,-0.023341,-0.023252,0.923672
66.0747,inicio,True,47.5013,45.338,24.961,29.862,True,640,480,0,False,60.00,0.1000,-0.000921,0.022682,0.244047,0.381108,-0.023876,-0.023292,0.923929
66.2036,inicio,True,47.6346,45.129,18.928,22.359,True,640,480,0,False,60.00,0.1000,-0.004453,0.020756,0.244178,0.383018,-0.023915,-0.021040,0.923192
66.3215,inicio,True,47.7512,44.193,18.577,23.405,True,640,480,0,False,60.00,0.1000,-0.000817,0.022006,0.240549,0.385857,-0.027709,-0.023100,0.921853
66.4374,inicio,True,47.8680,43.407,18.577,23.405,True,640,480,0,False,60.00,0.1000,-0.000817,0.022006,0.240549,0.385857,-0.027709,-0.023100,0.921853
66.5444,inicio,True,47.9678,44.081,30.806,26.102,True,640,480,0,False,60.00,0.1000,-0.001988,0.021338,0.244447,0.383015,-0.029610,-0.021870,0.923009
66.6776,inicio,True,48.1011,46.281,27.866,26.930,True,640,480,0,False,60.00,0.1000,0.001460,0.021340,0.242871,0.383874,-0.024462,-0.023855,0.922753
66.7921,inicio,True,48.2177,45.264,21.636,22.826,True,640,480,0,False,60.00,0.1000,-0.003791,0.019352,0.243678,0.388728,-0.025401,-0.020564,0.920773
66.9170,inicio,True,48.3343,44.393,24.580,26.632,True,640,480,0,False,60.00,0.1000,0.000253,0.020958,0.242924,0.386543,-0.021940,-0.019115,0.921812
67.0740,inicio,True,48.5010,44.008,20.787,19.479,True,640,480,0,False,60.00,0.1000,-0.005380,0.018667,0.244363,0.388969,-0.031434,-0.015473,0.920584
67.1867,inicio,True,48.6176,43.236,26.314,28.197,True,640,480,0,False,60.00,0.1000,0.000644,0.019676,0.243481,0.386598,-0.013460,-0.021211,0.921906
67.3034,inicio,True,48.7343,42.577,26.314,28.197,True,640,480,0,False,60.00,0.1000,0.000644,0.019676,0.243481,0.386598,-0.013460,-0.021211,0.921906
67.4170,inicio,True,48.8342,43.337,22.868,25.225,True,640,480,0,False,60.00,0.1000,-0.001983,0.017441,0.244472,0.391423,-0.022083,-0.014421,0.919833
67.5366,inicio,True,48.9675,43.414,23.573,25.853,True,640,480,0,False,60.00,0.1000,-0.002931,0.017867,0.244974,0.389371,-0.021210,-0.012005,0.920759
67.6546,inicio,True,49.0841,42.722,28.335,31.988,True,640,480,0,False,60.00,0.1000,-0.001486,0.016758,0.244806,0.391760,-0.023833,-0.015774,0.919623
67.7828,inicio,True,49.2008,44.225,19.805,27.881,True,640,480,0,False,60.00,0.1000,0.000072,0.017780,0.244672,0.390043,-0.019776,-0.016295,0.920440
67.9322,inicio,True,49.3507,43.033,19.873,30.578,True,640,480,0,False,60.00,0.1000,-0.001743,0.017797,0.244607,0.391274,-0.018986,-0.013527,0.919979
68.0884,inicio,True,49.5173,42.897,26.995,24.221,True,640,480,0,False,60.00,0.1000,-0.001218,0.018680,0.245238,0.389309,-0.019058,-0.012848,0.920821
68.2033,inicio,True,49.6339,42.323,21.508,26.256,True,640,480,0,False,60.00,0.1000,-0.001160,0.018191,0.244685,0.390523,-0.020959,-0.012407,0.920271
68.3254,inicio,True,49.7505,41.872,23.084,21.537,True,640,480,0,False,60.00,0.1000,-0.001217,0.018670,0.244765,0.388191,-0.018352,-0.014578,0.921281
68.4452,inicio,True,49.8672,41.486,19.348,29.265,True,640,480,0,False,60.00,0.1000,-0.000430,0.017825,0.244298,0.391435,-0.021494,-0.013898,0.919850
68.5969,inicio,True,50.0172,40.812,22.776,22.777,True,640,480,0,False,60.00,0.1000,0.001089,0.017754,0.245192,0.389510,-0.017634,-0.017293,0.920691
68.7116,inicio,True,50.1339,40.576,19.745,27.272,True,640,480,0,False,60.00,0.1000,0.000298,0.017505,0.244399,0.391484,-0.021044,-0.014380,0.919832
68.8814,inicio,True,50.3004,40.893,21.334,22.576,True,640,480,0,False,60.00,0.1000,-0.000221,0.017748,0.245239,0.390554,-0.019148,-0.013214,0.920286
68.9862,inicio,True,50.4170,40.560,37.558,25.130,True,640,480,0,False,60.00,0.1000,0.000770,0.018577,0.245111,0.388500,-0.017695,-0.017638,0.921110
69.1181,inicio,True,50.5336,42.269,20.856,28.154,True,640,480,0,False,60.00,0.1000,0.000013,0.018669,0.245266,0.388825,-0.019119,-0.015393,0.920985
69.2814,inicio,True,50.7003,42.279,21.674,25.108,True,640,480,0,False,60.00,0.1000,0.000281,0.019440,0.245113,0.387960,-0.018296,-0.016372,0.921349
69.4039,inicio,True,50.8335,42.506,24.726,29.896,True,640,480,0,False,60.00,0.1000,-0.001386,0.018516,0.245380,0.389329,-0.020350,-0.012618,0.920788
69.5315,inicio,True,50.9501,44.025,25.063,23.126,True,640,480,0,False,60.00,0.1000,0.000069,0.018840,0.244566,0.389023,-0.021470,-0.016270,0.920834
69.6582,inicio,True,51.0834,44.164,22.029,29.456,True,640,480,0,False,60.00,0.1000,-0.002220,0.019037,0.245127,0.388232,-0.019916,-0.013208,0.921252
69.7867,inicio,True,51.2169,44.130,19.541,31.702,True,640,480,0,False,60.00,0.1000,0.000053,0.020247,0.244223,0.387524,-0.019301,-0.013302,0.921562
69.9024,inicio,True,51.3334,43.334,19.541,31.702,True,640,480,0,False,60.00,0.1000,0.000053,0.020247,0.244223,0.387524,-0.019301,-0.013302,0.921562
70.0034,inicio,True,51.4333,44.023,25.517,28.039,True,640,480,0,False,60.00,0.1000,-0.001245,0.019171,0.244849,0.388953,-0.021632,-0.012253,0.920922
70.1192,inicio,True,51.5499,43.248,38.012,27.393,True,640,480,0,False,60.00,0.1000,0.001100,0.020547,0.244538,0.386538,-0.014750,-0.015354,0.922028
70.2541,inicio,True,51.6835,45.543,21.309,26.554,True,640,480,0,False,60.00,0.1000,-0.001832,0.020169,0.244168,0.388381,-0.017168,-0.011814,0.921263
70.3751,inicio,True,51.8001,44.628,19.074,27.067,True,640,480,0,False,60.00,0.1000,-0.000723,0.020769,0.244141,0.387697,-0.020401,-0.011045,0.921495
70.5307,inicio,True,51.9499,43.359,27.458,22.298,True,640,480,0,False,60.00,0.1000,0.001385,0.021639,0.244880,0.383958,-0.016878,-0.016369,0.923051
70.6376,inicio,True,52.0663,42.753,19.330,21.726,True,640,480,0,False,60.00,0.1000,0.001100,0.022845,0.244549,0.382487,-0.015964,-0.015087,0.923700
70.7886,inicio,True,52.2165,41.844,20.877,21.162,True,640,480,0,False,60.00,0.1000,-0.001090,0.025343,0.244096,0.380264,-0.015660,-0.008608,0.924705
70.9228,inicio,True,52.3497,42.288,22.213,31.150,True,640,480,0,False,60.00,0.1000,-0.003196,0.028589,0.243957,0.375956,-0.015125,-0.004061,0.926505
71.0527,inicio,True,52.4829,42.511,22.213,31.150,True,640,480,0,False,60.00,0.1000,-0.003196,0.028589,0.243957,0.375956,-0.015125,-0.004061,0.926505
71.1688,inicio,True,52.5997,42.000,20.914,27.242,True,640,480,0,False,60.00,0.1000,-0.010126,0.033481,0.243201,0.371083,-0.017525,0.008134,0.928399
71.2853,inicio,True,52.7162,41.550,21.487,23.663,True,640,480,0,False,60.00,0.1000,-0.009881,0.032488,0.243487,0.370173,-0.017225,0.012185,0.928723
71.4183,inicio,True,52.8334,41.193,19.288,24.822,True,640,480,0,False,60.00,0.1000,-0.006638,0.029578,0.244451,0.373554,-0.013335,0.006530,0.927490
71.5217,inicio,True,52.9498,42.916,21.538,24.728,True,640,480,0,False,60.00,0.1000,-0.005151,0.025241,0.246454,0.383460,-0.012339,0.005979,0.923456
71.6355,inicio,True,53.0665,42.299,21.538,24.728,True,640,480,0,False,60.00,0.1000,-0.005151,0.025241,0.246454,0.383460,-0.012339,0.005979,0.923456
71.7444,inicio,True,53.1661,43.076,26.206,23.710,True,640,480,0,False,60.00,0.1000,-0.006603,0.027263,0.247588,0.381328,-0.011626,0.007135,0.924339
71.8683,inicio,True,53.2992,43.178,20.730,22.551,True,640,480,0,False,60.00,0.1000,-0.007620,0.029654,0.246116,0.378430,-0.010255,0.012275,0.925492
71.9852,inicio,True,53.4160,42.533,17.999,25.563,True,640,480,0,False,60.00,0.1000,-0.007217,0.029520,0.246204,0.378020,-0.010683,0.011282,0.925667
72.1027,inicio,True,53.5326,41.970,17.999,25.563,True,640,480,0,False,60.00,0.1000,-0.007217,0.029520,0.246204,0.378020,-0.010683,0.011282,0.925667
72.2186,inicio,True,53.6493,41.531,23.238,24.575,True,640,480,0,False,60.00,0.1000,-0.005409,0.029028,0.246229,0.378940,-0.009267,0.008185,0.925339
72.3421,inicio,True,53.7663,43.248,28.979,34.123,True,640,480,0,False,60.00,0.1000,-0.001148,0.028578,0.246099,0.378142,-0.006125,-0.000046,0.925727
72.5048,inicio,True,53.9329,47.197,24.357,37.224,True,640,480,0,False,60.00,0.1000,-0.000860,0.029170,0.246258,0.377327,-0.004964,-0.000217,0.926067
72.6537,inicio,True,54.0828,49.923,38.374,39.328,True,640,480,0,False,60.00,0.1000,-0.001711,0.030471,0.245764,0.376034,-0.004227,0.001797,0.926595
72.8019,inicio,True,54.2326,52.337,24.976,23.365,True,640,480,0,False,60.00,0.1000,-0.003288,0.031514,0.245428,0.374844,-0.005288,0.004966,0.927059
72.9362,inicio,True,54.3657,51.281,26.146,27.070,True,640,480,0,False,60.00,0.1000,-0.004678,0.033876,0.245104,0.371519,-0.006189,0.008265,0.928368
73.0684,inicio,True,54.4822,49.549,23.268,22.914,True,640,480,0,False,60.00,0.1000,-0.001989,0.033971,0.244708,0.370935,-0.002583,0.005778,0.928637
73.1847,inicio,True,54.6154,48.734,19.370,27.299,True,640,480,0,False,60.00,0.1000,-0.002549,0.032848,0.245155,0.372412,-0.003239,0.006581,0.928039
73.3016,inicio,True,54.7322,47.295,19.370,27.299,True,640,480,0,False,60.00,0.1000,-0.002549,0.032848,0.245155,0.372412,-0.003239,0.006581,0.928039
73.4182,inicio,True,54.8491,46.104,21.378,22.913,True,640,480,0,False,60.00,0.1000,-0.002455,0.030553,0.245956,0.374166,-0.003690,0.005749,0.927337
73.5346,inicio,True,54.9656,45.068,19.291,26.182,True,640,480,0,False,60.00,0.1000,-0.001757,0.029424,0.246197,0.376972,-0.004866,0.003261,0.926206
73.6588,inicio,True,55.0822,44.222,21.652,23.784,True,640,480,0,False,60.00,0.1000,-0.001252,0.028778,0.246527,0.378094,-0.003990,0.002236,0.925756
73.7798,inicio,True,55.1987,43.495,23.030,27.506,True,640,480,0,False,60.00,0.1000,-0.000793,0.028296,0.246945,0.378828,-0.004011,0.001607,0.925457
73.9330,inicio,True,55.3492,42.469,26.935,29.155,True,640,480,0,False,60.00,0.1000,-0.000172,0.027464,0.247961,0.379891,-0.002472,0.000492,0.925028
74.0590,inicio,True,55.4822,42.814,24.468,26.570,True,640,480,0,False,60.00,0.1000,-0.000309,0.026920,0.247205,0.380922,-0.004551,-0.000774,0.924596
74.1846,inicio,True,55.6162,42.997,23.927,23.323,True,640,480,0,False,60.00,0.1000,0.000382,0.026510,0.245585,0.380629,-0.003280,-0.001972,0.924720
74.3010,inicio,True,55.7319,42.328,23.927,23.323,True,640,480,0,False,60.00,0.1000,0.000382,0.026510,0.245585,0.380629,-0.003280,-0.001972,0.924720
74.4116,inicio,True,55.8319,43.117,30.511,23.628,True,640,480,0,False,60.00,0.1000,0.001016,0.025940,0.246138,0.381144,-0.004178,-0.003530,0.924500
74.5348,inicio,True,55.9652,43.224,38.422,33.697,True,640,480,0,False,60.00,0.1000,0.001024,0.025472,0.246324,0.382165,-0.002965,-0.003536,0.924083
74.6871,inicio,True,56.1153,46.305,30.610,25.076,True,640,480,0,False,60.00,0.1000,0.000832,0.025339,0.246273,0.382573,-0.004628,-0.003194,0.923908
74.8423,inicio,True,56.2651,46.786,19.654,27.570,True,640,480,0,False,60.00,0.1000,0.001404,0.025538,0.246298,0.382140,-0.003164,-0.004519,0.924088
74.9957,inicio,True,56.4150,45.117,21.004,26.198,True,640,480,0,False,60.00,0.1000,0.001422,0.025714,0.246254,0.380840,-0.003670,-0.004768,0.924621
75.1099,inicio,True,56.5317,44.271,20.683,26.615,True,640,480,0,False,60.00,0.1000,0.001765,0.025485,0.246278,0.381347,-0.003200,-0.005592,0.924410
75.2673,inicio,True,56.6983,43.906,22.087,27.192,True,640,480,0,False,60.00,0.1000,0.001821,0.025088,0.246438,0.382132,-0.002866,-0.005911,0.924084
75.3928,inicio,True,56.8149,43.229,24.797,23.813,True,640,480,0,False,60.00,0.1000,0.001723,0.025245,0.246301,0.382226,-0.003796,-0.005472,0.924045
75.5252,inicio,True,56.9482,43.482,33.883,28.289,True,640,480,0,False,60.00,0.1000,0.002040,0.025158,0.246428,0.382044,-0.002420,-0.006053,0.924121
75.6562,inicio,True,57.0815,45.741,21.796,25.601,True,640,480,0,False,60.00,0.1000,0.002190,0.025031,0.246407,0.382052,-0.002769,-0.005826,0.924119
75.7887,inicio,True,57.2151,45.652,28.804,24.290,True,640,480,0,False,60.00,0.1000,0.002679,0.024860,0.246413,0.382099,-0.002132,-0.007166,0.924091
75.9155,inicio,True,57.3317,46.864,22.857,22.890,True,640,480,0,False,60.00,0.1000,0.002638,0.024960,0.246277,0.382160,-0.002233,-0.007266,0.924065
76.0724,inicio,True,57.4981,46.008,23.639,25.134,True,640,480,0,False,60.00,0.1000,0.003074,0.024605,0.246500,0.382404,-0.001579,-0.007433,0.923964
76.1837,inicio,True,57.6147,44.949,36.023,23.252,True,640,480,0,False,60.00,0.1000,0.002720,0.024768,0.246402,0.382839,-0.002447,-0.006641,0.923788
76.3150,inicio,True,57.7312,46.225,22.443,24.883,True,640,480,0,False,60.00,0.1000,0.002697,0.025228,0.246208,0.382130,-0.002263,-0.006943,0.924080
76.4822,inicio,True,57.8979,45.503,22.293,27.294,True,640,480,0,False,60.00,0.1000,0.002952,0.024576,0.246565,0.382351,-0.002336,-0.007100,0.923987
76.5947,inicio,True,58.0183,44.627,44.413,36.688,True,640,480,0,False,60.00,0.1000,0.003445,0.024720,0.246437,0.382501,-0.002229,-0.007846,0.923919
76.7504,inicio,True,58.1811,48.174,26.481,25.503,True,640,480,0,False,60.00,0.1000,0.003342,0.024515,0.246392,0.382659,-0.001365,-0.007950,0.923855
76.8668,inicio,True,58.2978,46.852,21.701,23.882,True,640,480,0,False,60.00,0.1000,0.003141,0.024566,0.246348,0.382634,-0.002452,-0.007525,0.923866
76.9983,inicio,True,58.4145,45.756,23.271,28.449,True,640,480,0,False,60.00,0.1000,0.004464,0.024493,0.246378,0.382139,-0.000139,-0.009609,0.924055
77.1393,inicio,True,58.5644,46.480,24.182,25.023,True,640,480,0,False,60.00,0.1000,0.003840,0.023705,0.246682,0.383495,-0.001656,-0.009414,0.923494
77.2667,inicio,True,58.6977,46.107,22.413,28.995,True,640,480,0,False,60.00,0.1000,0.003655,0.023214,0.246720,0.384090,-0.001749,-0.008851,0.923252
77.3833,inicio,True,58.8142,45.032,40.863,29.037,True,640,480,0,False,60.00,0.1000,0.003341,0.021787,0.246909,0.385911,-0.002015,-0.008567,0.922494
77.5220,inicio,True,58.9475,47.139,23.033,24.644,True,640,480,0,False,60.00,0.1000,0.003133,0.021033,0.247245,0.386926,-0.002278,-0.008165,0.922072
77.6421,inicio,True,59.0642,46.002,19.942,27.415,True,640,480,0,False,60.00,0.1000,0.002521,0.020174,0.247395,0.388957,-0.003875,-0.008912,0.921205
77.7820,inicio,True,59.1976,43.657,20.104,17.866,True,640,480,0,False,60.00,0.1000,0.002301,0.020226,0.247478,0.389201,-0.004460,-0.008340,0.921104
77.9504,inicio,True,59.3807,44.229,23.353,22.474,True,640,480,0,False,60.00,0.1000,0.002228,0.021019,0.247237,0.387794,-0.004818,-0.008028,0.921699
78.0663,inicio,True,59.4972,43.422,37.430,30.134,True,640,480,0,False,60.00,0.1000,0.002342,0.020897,0.247274,0.387793,-0.004663,-0.008295,0.921697
78.2077,inicio,True,59.6307,45.693,23.369,27.841,True,640,480,0,False,60.00,0.1000,0.002313,0.021046,0.247097,0.387796,-0.004658,-0.007987,0.921699
78.3389,inicio,True,59.7639,45.595,26.476,22.273,True,640,480,0,False,60.00,0.1000,0.002441,0.021109,0.247103,0.387218,-0.003785,-0.008496,0.921941
78.4501,inicio,True,59.8806,44.597,38.249,25.539,True,640,480,0,False,60.00,0.1000,0.002461,0.021325,0.247091,0.387462,-0.004814,-0.008691,0.921832
78.6045,inicio,True,60.0306,47.580,25.602,28.962,True,640,480,0,False,60.00,0.1000,0.002763,0.021316,0.247188,0.386798,-0.003717,-0.009365,0.922109
78.7393,inicio,True,60.1639,49.440,29.097,26.306,True,640,480,0,False,60.00,0.1000,0.002555,0.021350,0.247118,0.387403,-0.004119,-0.008646,0.921861
78.8637,inicio,True,60.2805,47.973,21.113,33.588,True,640,480,0,False,60.00,0.1000,0.002724,0.021609,0.247042,0.386712,-0.004074,-0.009339,0.922144
78.9924,inicio,True,60.4137,47.548,25.402,23.863,True,640,480,0,False,60.00,0.1000,0.002532,0.021620,0.247085,0.386883,-0.004375,-0.008694,0.922078
79.0996,inicio,True,60.5303,46.271,25.402,23.863,True,640,480,0,False,60.00,0.1000,0.002532,0.021620,0.247085,0.386883,-0.004375,-0.008694,0.922078
79.2047,inicio,True,60.6304,46.679,24.498,25.382,True,640,480,0,False,60.00,0.1000,0.002823,0.021799,0.247023,0.386651,-0.003897,-0.008920,0.922175
79.3163,inicio,True,60.7470,45.523,38.560,25.323,True,640,480,0,False,60.00,0.1000,0.002917,0.021785,0.247192,0.386312,-0.003449,-0.008437,0.922323
79.4487,inicio,True,60.8636,46.747,27.906,21.134,True,640,480,0,False,60.00,0.1000,0.003338,0.021470,0.247127,0.386588,-0.004464,-0.009728,0.922191
79.6117,inicio,True,61.0302,45.925,29.651,21.024,True,640,480,0,False,60.00,0.1000,0.003426,0.021222,0.247259,0.386957,-0.003135,-0.010558,0.922032
79.7324,inicio,True,61.1468,47.112,19.315,24.784,True,640,480,0,False,60.00,0.1000,0.003486,0.021077,0.247244,0.387199,-0.004001,-0.010279,0.921930
79.8602,inicio,True,61.2801,46.811,30.021,23.618,True,640,480,0,False,60.00,0.1000,0.003228,0.021924,0.246947,0.386117,-0.002163,-0.009611,0.922397
79.9857,inicio,True,61.4135,46.398,32.966,22.356,True,640,480,0,False,60.00,0.1000,0.002024,0.021402,0.246641,0.387863,-0.006802,-0.008320,0.921655
80.1267,inicio,True,61.5468,48.371,43.146,41.136,True,640,480,0,False,60.00,0.1000,0.004916,0.021775,0.246956,0.385987,-0.001787,-0.013304,0.922407
80.2841,inicio,True,61.7135,51.741,23.389,26.773,True,640,480,0,False,60.00,0.1000,0.003079,0.021428,0.247264,0.386332,-0.004826,-0.010093,0.922292
80.3991,inicio,True,61.8300,49.896,19.368,25.336,True,640,480,0,False,60.00,0.1000,0.003871,0.021504,0.247108,0.386675,-0.003986,-0.011275,0.922138
80.5253,inicio,True,61.9466,48.366,21.675,27.135,True,640,480,0,False,60.00,0.1000,0.003728,0.021396,0.247145,0.386297,-0.003128,-0.011331,0.922300
80.6435,inicio,True,62.0633,47.055,21.668,26.939,True,640,480,0,False,60.00,0.1000,0.004087,0.021481,0.247134,0.386671,-0.004151,-0.011530,0.922136
80.8113,inicio,True,62.2298,46.170,25.498,21.767,True,640,480,0,False,60.00,0.1000,0.003744,0.021270,0.247365,0.386538,-0.002827,-0.010895,0.922205
80.9323,inicio,True,62.3630,45.837,20.396,26.641,True,640,480,0,False,60.00,0.1000,0.004514,0.021768,0.247074,0.386081,-0.002786,-0.011616,0.922388
81.0505,inicio,True,62.4798,44.813,25.691,22.547,True,640,480,0,False,60.00,0.1000,0.002846,0.021590,0.247034,0.386691,-0.003356,-0.010224,0.922147
81.1653,inicio,True,62.5964,43.922,25.691,22.547,True,640,480,0,False,60.00,0.1000,0.002846,0.021590,0.247034,0.386691,-0.003356,-0.010224,0.922147
81.2795,inicio,True,62.6963,44.554,19.997,23.563,True,640,480,0,False,60.00,0.1000,0.002242,0.022404,0.247201,0.385905,-0.003210,-0.008275,0.922496
81.3988,inicio,True,62.8296,44.456,22.023,25.273,True,640,480,0,False,60.00,0.1000,0.000742,0.022867,0.247168,0.385302,-0.004713,-0.005130,0.922764
81.5170,inicio,True,62.9462,43.620,23.830,22.133,True,640,480,0,False,60.00,0.1000,0.000913,0.022789,0.247193,0.385750,-0.005326,-0.005190,0.922573
81.6330,inicio,True,63.0629,42.903,23.830,22.133,True,640,480,0,False,60.00,0.1000,0.000913,0.022789,0.247193,0.385750,-0.005326,-0.005190,0.922573
81.7485,inicio,True,63.1795,42.328,23.057,31.272,True,640,480,0,False,60.00,0.1000,0.000441,0.023447,0.247094,0.384514,-0.004808,-0.004721,0.923095
81.8648,inicio,True,63.2795,43.116,21.132,24.405,True,640,480,0,False,60.00,0.1000,0.000758,0.023341,0.247303,0.385144,-0.004907,-0.004351,0.922833
81.9818,inicio,True,63.4128,43.223,21.341,26.097,True,640,480,0,False,60.00,0.1000,0.000715,0.023609,0.247129,0.384199,-0.004369,-0.004897,0.923227
82.1107,inicio,True,63.5294,44.674,26.657,22.651,True,640,480,0,False,60.00,0.1000,0.000534,0.023273,0.247284,0.385341,-0.005641,-0.004801,0.922745
82.2697,inicio,True,63.6960,44.234,30.202,22.548,True,640,480,0,False,60.00,0.1000,0.000234,0.023248,0.247333,0.385349,-0.006095,-0.004601,0.922739
82.3983,inicio,True,63.8293,44.181,22.916,25.918,True,640,480,0,False,60.00,0.1000,0.001069,0.023353,0.247388,0.384661,-0.005414,-0.005855,0.923024
82.5151,inicio,True,63.9459,43.384,19.557,27.342,True,640,480,0,False,60.00,0.1000,0.000014,0.023449,0.247266,0.384402,-0.005394,-0.004705,0.923138
82.6316,inicio,True,64.0625,42.701,19.557,27.342,True,640,480,0,False,60.00,0.1000,0.000014,0.023449,0.247266,0.384402,-0.005394,-0.004705,0.923138
82.7481,inicio,True,64.1792,42.155,23.521,29.142,True,640,480,0,False,60.00,0.1000,0.001377,0.023458,0.246870,0.385221,-0.005838,-0.004872,0.922793
82.8669,inicio,True,64.2964,43.821,31.497,35.563,True,640,480,0,False,60.00,0.1000,0.001497,0.021756,0.247742,0.386762,-0.004119,-0.006126,0.922150
83.0081,inicio,True,64.4297,46.047,32.317,19.696,True,640,480,0,False,60.00,0.1000,0.001974,0.020971,0.247727,0.386774,-0.004373,-0.006571,0.922141
83.1233,inicio,True,64.5459,45.046,20.307,24.820,True,640,480,0,False,60.00,0.1000,0.001317,0.019744,0.248150,0.389996,-0.004451,-0.006271,0.920785
83.2344,inicio,True,64.6624,44.198,21.207,21.640,True,640,480,0,False,60.00,0.1000,0.001899,0.019257,0.248195,0.390926,-0.005475,-0.006980,0.920379
83.3901,inicio,True,64.8124,43.018,24.529,23.475,True,640,480,0,False,60.00,0.1000,0.003044,0.019373,0.248173,0.390843,-0.003117,-0.008056,0.920417
83.5115,inicio,True,64.9289,42.462,22.177,31.110,True,640,480,0,False,60.00,0.1000,0.002481,0.019380,0.248243,0.390443,-0.005553,-0.007806,0.920577
83.6704,inicio,True,65.0955,42.434,23.863,25.804,True,640,480,0,False,60.00,0.1000,0.002126,0.019732,0.248208,0.390115,-0.004197,-0.007908,0.920723
83.7981,inicio,True,65.2288,42.637,24.759,26.112,True,640,480,0,False,60.00,0.1000,0.002365,0.020156,0.248084,0.389504,-0.003994,-0.007352,0.920987
83.9145,inicio,True,65.3455,42.063,22.420,29.154,True,640,480,0,False,60.00,0.1000,0.001277,0.020510,0.248158,0.389243,-0.003791,-0.006366,0.921105
84.0326,inicio,True,65.4621,41.569,22.420,29.154,True,640,480,0,False,60.00,0.1000,0.001277,0.020510,0.248158,0.389243,-0.003791,-0.006366,0.921105
84.1573,inicio,True,65.5787,43.263,25.229,30.121,True,640,480,0,False,60.00,0.1000,0.001951,0.019883,0.248162,0.389714,-0.004340,-0.007704,0.920893
84.3149,inicio,True,65.7455,45.023,19.501,21.336,True,640,480,0,False,60.00,0.1000,0.002302,0.019892,0.248196,0.390093,-0.005383,-0.007077,0.920733
84.4315,inicio,True,65.8621,44.105,19.501,21.336,True,640,480,0,False,60.00,0.1000,0.002302,0.019892,0.248196,0.390093,-0.005383,-0.007077,0.920733
84.5346,inicio,True,65.9619,44.711,24.617,37.279,True,640,480,0,False,60.00,0.1000,0.001622,0.020142,0.248505,0.389219,-0.004919,-0.006874,0.921106
84.6709,inicio,True,66.0951,46.846,26.385,25.252,True,640,480,0,False,60.00,0.1000,0.001799,0.020244,0.248252,0.389413,-0.004419,-0.007118,0.921025
84.8083,inicio,True,66.2284,46.582,28.732,29.268,True,640,480,0,False,60.00,0.1000,0.001888,0.020536,0.248292,0.389109,-0.004150,-0.007741,0.921150
84.9557,inicio,True,66.3786,49.342,4.206,31.881,True,640,480,0,False,60.00,0.1000,0.001637,0.020674,0.248400,0.388769,-0.004089,-0.006114,0.921306
85.0643,inicio,True,66.4952,47.805,18.250,21.305,True,640,480,0,False,60.00,0.1000,0.001992,0.020678,0.248346,0.388488,-0.004069,-0.007418,0.921415
85.1808,inicio,True,66.6118,46.490,20.353,26.182,True,640,480,0,False,60.00,0.1000,0.000442,0.020801,0.248391,0.388668,-0.005050,-0.006559,0.921341
85.2975,inicio,True,66.7284,45.363,20.353,26.182,True,640,480,0,False,60.00,0.1000,0.000442,0.020801,0.248391,0.388668,-0.005050,-0.006559,0.921341
85.4142,inicio,True,66.8449,46.685,23.826,32.590,True,640,480,0,False,60.00,0.1000,0.002038,0.021159,0.248415,0.387620,-0.004512,-0.007780,0.921776
85.5261,inicio,True,66.9448,46.963,4.419,30.101,True,640,480,0,False,60.00,0.1000,0.002038,0.021159,0.248415,0.387620,-0.004512,-0.007780,0.921776
85.6702,inicio,True,67.0951,47.529,28.050,24.971,True,640,480,0,False,60.00,0.1000,0.005022,0.020689,0.247706,0.388204,-0.003964,-0.010890,0.921501
85.7975,inicio,True,67.2284,47.008,27.001,29.006,True,640,480,0,False,60.00,0.1000,0.005665,0.020304,0.248337,0.387573,-0.002278,-0.014544,0.921722
85.9355,inicio,True,67.3615,48.914,28.212,32.168,True,640,480,0,False,60.00,0.1000,0.000553,0.020918,0.247402,0.389322,-0.004965,-0.010420,0.921029
86.0641,inicio,True,67.4947,50.640,28.290,20.606,True,640,480,0,False,60.00,0.1000,-0.002327,0.020516,0.248776,0.389229,-0.007629,-0.003780,0.921102
86.1934,inicio,True,67.6113,49.001,22.513,29.490,True,640,480,0,False,60.00,0.1000,0.003779,0.021402,0.246552,0.389451,-0.004652,-0.008132,0.921000
86.3044,inicio,True,67.7280,47.601,20.439,23.629,True,640,480,0,False,60.00,0.1000,0.001610,0.021540,0.246449,0.389654,-0.002021,-0.008543,0.920920
86.4590,inicio,True,67.8780,45.786,21.554,28.241,True,640,480,0,False,60.00,0.1000,0.000744,0.021377,0.247826,0.388687,-0.008187,-0.006656,0.921310
86.5699,inicio,True,67.9946,44.841,21.670,22.856,True,640,480,0,False,60.00,0.1000,0.001388,0.020492,0.248957,0.387658,-0.006126,-0.007107,0.921755
86.7257,inicio,True,68.1445,43.538,22.211,28.324,True,640,480,0,False,60.00,0.1000,0.004163,0.020181,0.249063,0.388012,-0.004088,-0.012504,0.921560
86.8377,inicio,True,68.2612,42.914,20.597,25.487,True,640,480,0,False,60.00,0.1000,-0.000754,0.018851,0.249308,0.391244,-0.007456,-0.007384,0.920227
86.9916,inicio,True,68.4111,41.968,27.751,24.105,True,640,480,0,False,60.00,0.1000,-0.002151,0.018361,0.250386,0.391520,-0.012217,-0.006305,0.920067
87.1464,inicio,True,68.5611,43.235,26.470,33.062,True,640,480,0,False,60.00,0.1000,-0.001392,0.018356,0.250580,0.390922,-0.009999,-0.008323,0.920332
87.2626,inicio,True,68.6777,44.643,4.175,28.798,True,640,480,0,False,60.00,0.1000,-0.001392,0.018356,0.250580,0.390922,-0.009999,-0.008323,0.920332
87.3844,inicio,True,68.8110,44.693,19.809,22.770,True,640,480,0,False,60.00,0.1000,0.000162,0.019157,0.250037,0.390012,-0.006959,-0.009302,0.920736
87.4971,inicio,True,68.9276,43.823,19.809,22.770,True,640,480,0,False,60.00,0.1000,0.000162,0.019157,0.250037,0.390012,-0.006959,-0.009302,0.920736
87.6134,inicio,True,69.0442,43.116,20.759,25.041,True,640,480,0,False,60.00,0.1000,-0.003669,0.018395,0.251492,0.391657,-0.013234,-0.003933,0.920008
87.7300,inicio,True,69.1609,42.511,22.726,26.423,True,640,480,0,False,60.00,0.1000,0.000175,0.018132,0.253066,0.391385,-0.008951,-0.009060,0.920139
87.8576,inicio,True,69.2775,42.035,23.160,27.392,True,640,480,0,False,60.00,0.1000,-0.001220,0.017611,0.255008,0.392867,-0.009968,-0.007633,0.919510
87.9718,inicio,True,69.3942,41.629,19.770,28.461,True,640,480,0,False,60.00,0.1000,-0.000778,0.017634,0.256441,0.392408,-0.010093,-0.008007,0.919701
88.1321,inicio,True,69.5608,41.750,30.048,25.103,True,640,480,0,False,60.00,0.1000,-0.000205,0.014995,0.253345,0.394044,-0.010305,-0.009485,0.918985
88.2631,inicio,True,69.6940,42.050,23.990,30.946,True,640,480,0,False,60.00,0.1000,0.003565,0.008945,0.252309,0.384528,-0.012915,-0.018312,0.922841
88.3796,inicio,True,69.8106,41.557,35.386,21.368,True,640,480,0,False,60.00,0.1000,0.002608,-0.008228,0.255960,0.385122,-0.015974,-0.022366,0.922456
88.5153,inicio,True,69.9440,44.005,20.995,30.879,True,640,480,0,False,60.00,0.1000,0.004110,-0.025421,0.265682,0.388788,-0.014906,-0.031465,0.920669
88.6297,inicio,True,70.0606,43.234,20.995,30.879,True,640,480,0,False,60.00,0.1000,0.004110,-0.025421,0.265682,0.388788,-0.014906,-0.031465,0.920669
88.7442,inicio,True,70.1606,43.933,26.084,28.111,True,640,480,0,False,60.00,0.1000,-0.005903,-0.033930,0.283329,0.373759,-0.026751,-0.016830,0.926987
88.9046,inicio,True,70.3272,45.590,24.303,22.759,True,640,480,0,False,60.00,0.1000,0.022442,-0.070135,0.290351,0.350644,0.053031,-0.039336,0.934179
89.0128,inicio,True,70.4438,44.593,24.303,22.759,True,640,480,0,False,60.00,0.1000,0.022442,-0.070135,0.290351,0.350644,0.053031,-0.039336,0.934179
89.1320,inicio,False,70.4438,45.992,24.251,19.791,True,640,480,0,False,60.00,0.1000,0.022442,-0.070135,0.290351,0.350644,0.053031,-0.039336,0.934179
89.2461,inicio,True,70.4771,44.936,23.104,23.831,True,640,480,0,False,60.00,0.1000,-0.005661,-0.073409,0.306155,0.370044,-0.006099,-0.000226,0.928994
89.3636,inicio,True,70.5939,44.037,23.104,23.831,True,640,480,0,False,60.00,0.1000,-0.005661,-0.073409,0.306155,0.370044,-0.006099,-0.000226,0.928994
89.4793,inicio,True,70.6938,44.655,28.847,16.850,True,640,480,0,False,60.00,0.1000,0.014861,-0.076685,0.316886,0.349162,0.007679,0.004887,0.937018
89.5969,inicio,True,70.8270,44.541,24.268,23.263,True,640,480,0,False,60.00,0.1000,0.010987,-0.075890,0.320314,0.346629,0.017072,0.000988,0.937847
89.7132,inicio,True,70.9436,43.691,18.822,23.222,True,640,480,0,False,60.00,0.1000,0.008971,-0.065353,0.321272,0.374115,-0.005974,0.009268,0.927317
89.8328,inicio,True,71.0602,42.962,18.822,23.222,True,640,480,0,False,60.00,0.1000,0.008971,-0.065353,0.321272,0.374115,-0.005974,0.009268,0.927317
89.9459,inicio,True,71.1769,42.382,26.738,23.658,True,640,480,0,False,60.00,0.1000,0.000299,-0.058127,0.317506,0.339047,0.000625,0.017908,0.940599
90.0567,inicio,True,71.2769,43.167,28.258,25.162,True,640,480,0,False,60.00,0.1000,-0.013751,-0.044959,0.324874,0.334829,-0.030538,0.033691,0.941181
90.1797,inicio,True,71.4104,43.276,21.399,29.281,True,640,480,0,False,60.00,0.1000,-0.010923,-0.034036,0.326585,0.309908,-0.021627,0.035810,0.949846
90.2961,inicio,True,71.5270,42.606,21.399,29.281,True,640,480,0,False,60.00,0.1000,-0.010923,-0.034036,0.326585,0.309908,-0.021627,0.035810,0.949846
90.4105,inicio,True,71.6268,43.359,27.005,27.862,True,640,480,0,False,60.00,0.1000,-0.003158,-0.039705,0.332997,0.305760,0.008103,0.047837,0.950872
90.5642,inicio,True,71.7932,45.089,30.161,28.244,True,640,480,0,False,60.00,0.1000,-0.018497,-0.041424,0.333037,0.319975,-0.030068,0.043469,0.945951
90.7124,inicio,True,71.9432,48.023,28.498,30.064,True,640,480,0,False,60.00,0.1000,-0.011389,-0.042837,0.336021,0.318298,-0.019146,0.038972,0.946996
90.8457,inicio,True,72.0766,49.846,24.330,29.167,True,640,480,0,False,60.00,0.1000,-0.010644,-0.042956,0.337133,0.319019,-0.017384,0.036314,0.946893
90.9722,inicio,True,72.1932,48.322,21.101,28.670,True,640,480,0,False,60.00,0.1000,-0.011191,-0.043412,0.337740,0.319564,-0.020777,0.036109,0.946649
91.1147,inicio,True,72.3432,46.373,20.752,21.690,True,640,480,0,False,60.00,0.1000,-0.010068,-0.044869,0.337901,0.324685,-0.016417,0.034975,0.945033
91.2500,inicio,True,72.4766,46.183,21.774,29.513,True,640,480,0,False,60.00,0.1000,-0.004334,-0.043044,0.339733,0.323308,-0.012576,0.032973,0.945636
91.3787,inicio,True,72.6099,45.853,19.129,30.635,True,640,480,0,False,60.00,0.1000,-0.002226,-0.041276,0.341270,0.321097,-0.012291,0.028382,0.946541
91.4954,inicio,True,72.7264,44.814,19.129,30.635,True,640,480,0,False,60.00,0.1000,-0.002226,-0.041276,0.341270,0.321097,-0.012291,0.028382,0.946541
91.6239,inicio,True,72.8430,46.190,24.333,30.499,True,640,480,0,False,60.00,0.1000,-0.002810,-0.040064,0.341034,0.320396,-0.013150,0.027946,0.946780
91.7464,inicio,True,72.9763,45.858,24.333,30.499,True,640,480,0,False,60.00,0.1000,-0.002810,-0.040064,0.341034,0.320396,-0.013150,0.027946,0.946780
91.8621,inicio,True,73.0930,44.865,20.156,26.960,True,640,480,0,False,60.00,0.1000,-0.001079,-0.040505,0.341656,0.320600,-0.009948,0.025819,0.946811
91.9876,inicio,True,73.2096,44.049,20.638,28.296,True,640,480,0,False,60.00,0.1000,0.000493,-0.041042,0.342656,0.322807,-0.010724,0.024246,0.946094
92.1016,inicio,True,73.3262,43.350,21.010,23.680,True,640,480,0,False,60.00,0.1000,0.001388,-0.038990,0.342219,0.321693,-0.007081,0.023061,0.946537
92.2480,inicio,True,73.4762,42.326,19.703,23.226,True,640,480,0,False,60.00,0.1000,0.000299,-0.038516,0.341399,0.320257,-0.010673,0.023438,0.946981
92.3660,inicio,True,73.5928,41.875,21.915,22.579,True,640,480,0,False,60.00,0.1000,0.001929,-0.038539,0.341797,0.321201,-0.011170,0.021267,0.946706
92.5231,inicio,True,73.7428,41.121,25.683,26.035,True,640,480,0,False,60.00,0.1000,0.001941,-0.037698,0.341688,0.320855,-0.008562,0.020627,0.946865
92.6382,inicio,True,73.8594,40.842,20.674,27.461,True,640,480,0,False,60.00,0.1000,0.002881,-0.036804,0.342268,0.319293,-0.009505,0.020319,0.947391
92.8059,inicio,True,74.0260,41.112,28.514,30.179,True,640,480,0,False,60.00,0.1000,0.004900,-0.035994,0.343203,0.317575,-0.009425,0.018292,0.948010
92.9331,inicio,True,74.1593,43.604,22.224,24.085,True,640,480,0,False,60.00,0.1000,0.005782,-0.036685,0.344173,0.318977,-0.006722,0.018500,0.947558
93.0564,inicio,True,74.2759,42.970,19.677,30.818,True,640,480,0,False,60.00,0.1000,0.006644,-0.036830,0.345203,0.319474,-0.007672,0.018132,0.947391
93.1727,inicio,True,74.3925,42.427,22.210,28.759,True,640,480,0,False,60.00,0.1000,0.006151,-0.036386,0.345491,0.319313,-0.005768,0.018269,0.947456
93.3325,inicio,True,74.5593,42.410,26.875,28.810,True,640,480,0,False,60.00,0.1000,0.006445,-0.033808,0.345867,0.318176,-0.006627,0.017208,0.947852
93.4620,inicio,True,74.6932,42.646,20.410,23.380,True,640,480,0,False,60.00,0.1000,0.006591,-0.031426,0.345925,0.312945,-0.006626,0.016161,0.949611
93.5783,inicio,True,74.8092,42.039,20.161,29.360,True,640,480,0,False,60.00,0.1000,0.006039,-0.031148,0.345727,0.314132,-0.008546,0.014864,0.949225
93.6948,inicio,True,74.9257,41.542,20.161,29.360,True,640,480,0,False,60.00,0.1000,0.006039,-0.031148,0.345727,0.314132,-0.008546,0.014864,0.949225
93.7949,inicio,True,75.0255,42.401,21.829,32.459,True,640,480,0,False,60.00,0.1000,0.006542,-0.030341,0.345762,0.313807,-0.009022,0.012632,0.949360
93.9219,inicio,True,75.1426,41.962,20.151,22.774,True,640,480,0,False,60.00,0.1000,0.006908,-0.029051,0.345374,0.311994,-0.008848,0.011316,0.949976
94.0543,inicio,True,75.2757,42.387,23.107,24.649,True,640,480,0,False,60.00,0.1000,0.005171,-0.028283,0.343880,0.311201,-0.010638,0.012156,0.950207
94.1778,inicio,True,75.4089,42.591,23.881,24.625,True,640,480,0,False,60.00,0.1000,0.005366,-0.027772,0.343806,0.311742,-0.010742,0.012226,0.950027
94.2779,inicio,True,75.5087,43.266,23.881,24.625,True,640,480,0,False,60.00,0.1000,0.005366,-0.027772,0.343806,0.311742,-0.010742,0.012226,0.950027
94.3780,inicio,True,75.6086,43.959,26.762,29.546,True,640,480,0,False,60.00,0.1000,0.005767,-0.026726,0.343824,0.309863,-0.009947,0.011507,0.950660
94.5032,inicio,True,75.7254,43.283,20.008,25.723,True,640,480,0,False,60.00,0.1000,0.007013,-0.026366,0.344021,0.309805,-0.008217,0.010243,0.950709
94.6632,inicio,True,75.8921,43.103,32.682,29.113,True,640,480,0,False,60.00,0.1000,0.006922,-0.026030,0.343816,0.310028,-0.009211,0.009763,0.950633
94.8028,inicio,True,76.0253,45.398,30.611,23.801,True,640,480,0,False,60.00,0.1000,0.007429,-0.025873,0.344012,0.310416,-0.008637,0.009378,0.950515
94.9108,inicio,True,76.1420,44.467,20.722,29.721,True,640,480,0,False,60.00,0.1000,0.007635,-0.024799,0.343493,0.309142,-0.008939,0.008524,0.950936
95.0516,inicio,True,76.2753,44.545,19.724,23.125,True,640,480,0,False,60.00,0.1000,0.006389,-0.023046,0.342098,0.308010,-0.010637,0.008624,0.951285
95.1613,inicio,True,76.3919,43.696,19.724,23.125,True,640,480,0,False,60.00,0.1000,0.006389,-0.023046,0.342098,0.308010,-0.010637,0.008624,0.951285
95.2763,inicio,True,76.4919,44.350,24.323,23.390,True,640,480,0,False,60.00,0.1000,0.003463,-0.022091,0.340288,0.306752,-0.015881,0.009229,0.951612
95.3963,inicio,True,76.6251,44.280,20.776,21.260,True,640,480,0,False,60.00,0.1000,0.003252,-0.022369,0.340165,0.305943,-0.015358,0.009630,0.951877
95.5108,inicio,True,76.7417,43.468,22.220,30.698,True,640,480,0,False,60.00,0.1000,0.003072,-0.022687,0.339956,0.307160,-0.018297,0.009918,0.951430
95.6286,inicio,True,76.8586,42.781,22.220,30.698,True,640,480,0,False,60.00,0.1000,0.003072,-0.022687,0.339956,0.307160,-0.018297,0.009918,0.951430
95.7378,inicio,True,76.9584,43.521,21.396,26.357,True,640,480,0,False,60.00,0.1000,0.003964,-0.021473,0.339528,0.307424,-0.013726,0.008873,0.951433
95.8607,inicio,True,77.0917,43.569,23.146,24.279,True,640,480,0,False,60.00,0.1000,0.004067,-0.021168,0.339345,0.305542,-0.016223,0.009260,0.951995
95.9778,inicio,True,77.2083,42.858,22.698,36.836,True,640,480,0,False,60.00,0.1000,0.004296,-0.021156,0.339352,0.306388,-0.015399,0.007888,0.951750
96.1144,inicio,True,77.3416,45.178,22.664,22.713,True,640,480,0,False,60.00,0.1000,0.003930,-0.020641,0.338694,0.305886,-0.016423,0.007331,0.951898
96.2277,inicio,True,77.4583,44.239,22.664,22.713,True,640,480,0,False,60.00,0.1000,0.003930,-0.020641,0.338694,0.305886,-0.016423,0.007331,0.951898
96.3437,inicio,True,77.5748,43.471,20.615,25.251,True,640,480,0,False,60.00,0.1000,0.004228,-0.020524,0.338638,0.304662,-0.018957,0.006092,0.952253
96.4604,inicio,True,77.6914,42.814,21.957,25.785,True,640,480,0,False,60.00,0.1000,0.003798,-0.020898,0.338987,0.307076,-0.015781,0.006688,0.951531
96.5829,inicio,True,77.8081,42.294,22.188,22.539,True,640,480,0,False,60.00,0.1000,0.004293,-0.019972,0.338202,0.306827,-0.019147,0.005223,0.951559
96.6957,inicio,True,77.9081,41.016,19.525,21.895,True,640,480,0,False,60.00,0.1000,0.004082,-0.019084,0.337969,0.305516,-0.019814,0.005326,0.951966
96.8563,inicio,True,78.0747,41.254,25.765,33.139,True,640,480,0,False,60.00,0.1000,0.003993,-0.020270,0.337123,0.305105,-0.019918,0.005938,0.952092
96.9842,inicio,True,78.2079,43.728,23.758,23.999,True,640,480,0,False,60.00,0.1000,0.003562,-0.020562,0.336875,0.305398,-0.017310,0.008060,0.952033
97.1088,inicio,True,78.3246,43.077,19.363,26.172,True,640,480,0,False,60.00,0.1000,0.003921,-0.020961,0.334436,0.307160,-0.019191,0.008096,0.951430
97.2574,inicio,True,78.4746,42.103,22.710,28.679,True,640,480,0,False,60.00,0.1000,0.004344,-0.020561,0.335794,0.305936,-0.017837,0.008048,0.951851
97.3924,inicio,True,78.6078,42.516,25.595,26.686,True,640,480,0,False,60.00,0.1000,0.003765,-0.020358,0.336894,0.305007,-0.018563,0.009161,0.952125
97.5101,inicio,True,78.7411,42.708,23.217,23.237,True,640,480,0,False,60.00,0.1000,0.004286,-0.018784,0.336644,0.304666,-0.015865,0.009310,0.952282
97.6272,inicio,True,78.8577,42.121,23.217,23.237,True,640,480,0,False,60.00,0.1000,0.004286,-0.018784,0.336644,0.304666,-0.015865,0.009310,0.952282
97.7482,inicio,True,78.9747,41.672,23.225,26.909,True,640,480,0,False,60.00,0.1000,0.005890,-0.016885,0.335162,0.303597,-0.017133,0.009947,0.952595
97.8587,inicio,True,79.0745,42.519,25.626,34.817,True,640,480,0,False,60.00,0.1000,0.008071,-0.007709,0.327910,0.295838,-0.018120,0.008828,0.955026
98.0050,inicio,True,79.2244,45.659,23.348,28.180,True,640,480,0,False,60.00,0.1000,0.005855,-0.000812,0.321209,0.287744,-0.018241,0.010676,0.957474
98.1688,inicio,True,79.3909,47.064,22.938,30.295,True,640,480,0,False,60.00,0.1000,0.000869,0.008892,0.306343,0.278906,-0.019355,0.016671,0.959979
98.2962,inicio,True,79.5241,48.970,19.702,26.364,True,640,480,0,False,60.00,0.1000,-0.002349,0.013677,0.300294,0.271405,-0.023435,0.019038,0.961992
98.4636,inicio,True,79.6780,47.094,27.593,46.381,True,640,480,0,False,60.00,0.1000,-0.004593,0.022917,0.286412,0.259713,-0.031536,0.024202,0.964867
98.6218,inicio,True,79.8415,50.438,30.196,41.322,True,640,480,0,False,60.00,0.1000,-0.002044,0.049793,0.266979,0.229460,-0.043482,0.010772,0.972287
98.7701,inicio,True,79.9912,52.798,24.841,27.792,True,640,480,0,False,60.00,0.1000,-0.002272,0.057016,0.260932,0.224768,-0.052514,0.007167,0.972970
98.9677,inicio,True,80.1908,52.499,33.827,55.202,True,640,480,0,False,60.00,0.1000,0.003788,0.068914,0.245224,0.226434,-0.073717,-0.007287,0.971206
99.0790,inicio,True,80.3074,55.705,28.159,38.309,True,640,480,0,False,60.00,0.1000,0.008595,0.073124,0.247953,0.223048,-0.068927,-0.010730,0.972308
99.2498,inicio,True,80.4741,58.443,32.314,57.141,True,640,480,0,False,60.00,0.1000,0.002596,0.069987,0.242370,0.226871,-0.058563,-0.009650,0.972115
99.3506,inicio,True,80.5743,60.528,33.614,28.449,True,640,480,0,False,60.00,0.1000,-0.013221,0.063244,0.243843,0.216894,-0.068166,0.009285,0.973768
99.5099,inicio,True,80.7407,62.782,25.832,29.087,True,640,480,0,False,60.00,0.1000,-0.021342,0.057192,0.246172,0.221880,-0.066979,0.020016,0.972565
99.6267,inicio,True,80.8572,59.327,25.832,29.087,True,640,480,0,False,60.00,0.1000,-0.021342,0.057192,0.246172,0.221880,-0.066979,0.020016,0.972565
99.7410,inicio,True,80.9576,58.476,22.302,23.936,True,640,480,0,False,60.00,0.1000,-0.027534,0.051770,0.248196,0.225180,-0.066565,0.027111,0.971663
99.8880,inicio,True,81.1074,57.220,22.111,29.516,True,640,480,0,False,60.00,0.1000,-0.030022,0.050356,0.247591,0.227841,-0.067527,0.029217,0.970915
100.0526,inicio,True,81.2736,54.434,24.207,27.595,True,640,480,0,False,60.00,0.1000,-0.031873,0.052989,0.245315,0.225310,-0.073129,0.029874,0.971080
100.1758,inicio,True,81.4068,52.922,22.520,39.402,True,640,480,0,False,60.00,0.1000,-0.030531,0.053515,0.246369,0.226096,-0.073224,0.026013,0.971001
100.3250,inicio,True,81.5406,54.283,28.873,27.268,True,640,480,0,False,60.00,0.1000,-0.032612,0.053501,0.244157,0.229006,-0.074809,0.025420,0.970213
100.4581,inicio,True,81.6737,55.483,28.110,26.236,True,640,480,0,False,60.00,0.1000,-0.034493,0.053448,0.243673,0.227922,-0.076956,0.025889,0.970288
100.5862,inicio,True,81.8070,53.985,31.830,26.684,True,640,480,0,False,60.00,0.1000,-0.039108,0.053506,0.242533,0.225924,-0.081867,0.028689,0.970275
100.7145,inicio,True,81.9402,55.215,24.679,24.597,True,640,480,0,False,60.00,0.1000,-0.039665,0.053987,0.242729,0.224997,-0.084930,0.029594,0.970200
100.8585,inicio,True,82.0733,53.752,34.100,34.468,True,640,480,0,False,60.00,0.1000,-0.035170,0.056651,0.242665,0.224730,-0.084989,0.024406,0.970401
100.9982,inicio,True,82.2233,55.804,22.456,24.931,True,640,480,0,False,60.00,0.1000,-0.034235,0.057531,0.242677,0.225104,-0.086538,0.022747,0.970218
101.1576,inicio,True,82.3733,55.041,22.499,29.430,True,640,480,0,False,60.00,0.1000,-0.035666,0.057016,0.241456,0.226334,-0.086744,0.022522,0.969918
101.3242,inicio,True,82.5401,52.690,24.998,35.273,True,640,480,0,False,60.00,0.1000,-0.038836,0.057376,0.240545,0.223900,-0.089901,0.024135,0.970157
101.4635,inicio,True,82.6900,54.840,24.495,29.142,True,640,480,0,False,60.00,0.1000,-0.039235,0.056986,0.240573,0.224251,-0.089416,0.024504,0.970111
101.5844,inicio,True,82.8065,52.597,22.335,24.215,True,640,480,0,False,60.00,0.1000,-0.038417,0.058485,0.237763,0.220528,-0.090995,0.026377,0.970769
101.6996,inicio,True,82.9235,50.693,21.784,24.082,True,640,480,0,False,60.00,0.1000,-0.034929,0.064856,0.234564,0.216873,-0.094490,0.021443,0.971379
101.8549,inicio,True,83.0732,48.291,25.359,26.073,True,640,480,0,False,60.00,0.1000,-0.031587,0.065898,0.237089,0.215912,-0.092260,0.016613,0.971902
101.9812,inicio,True,83.2061,47.806,20.483,23.020,True,640,480,0,False,60.00,0.1000,-0.034552,0.066032,0.233890,0.214599,-0.088703,0.019725,0.972466
102.0924,inicio,True,83.3230,46.504,20.483,23.020,True,640,480,0,False,60.00,0.1000,-0.034552,0.066032,0.233890,0.214599,-0.088703,0.019725,0.972466
102.2021,inicio,True,83.4230,46.888,31.703,22.670,True,640,480,0,False,60.00,0.1000,-0.031272,0.072128,0.230637,0.211692,-0.098167,0.015825,0.972265
102.3304,inicio,True,83.5564,48.819,25.330,22.156,True,640,480,0,False,60.00,0.1000,-0.029639,0.072114,0.232696,0.212116,-0.097012,0.013090,0.972329
102.4418,inicio,True,83.6729,47.396,21.583,26.697,True,640,480,0,False,60.00,0.1000,-0.031664,0.072856,0.229427,0.213431,-0.092119,0.012319,0.972527
102.5693,inicio,False,83.7063,46.219,34.479,18.233,True,640,480,0,False,60.00,0.1000,-0.031664,0.072856,0.229427,0.213431,-0.092119,0.012319,0.972527
102.7257,inicio,False,83.7063,45.490,27.199,29.536,True,640,480,0,False,60.00,0.1000,-0.031664,0.072856,0.229427,0.213431,-0.092119,0.012319,0.972527
102.8560,inicio,False,83.7063,44.621,27.756,23.999,True,640,480,0,False,60.00,0.1000,-0.031664,0.072856,0.229427,0.213431,-0.092119,0.012319,0.972527
102.9753,inicio,False,83.7063,43.828,34.313,18.795,True,640,480,0,False,60.00,0.1000,-0.031664,0.072856,0.229427,0.213431,-0.092119,0.012319,0.972527
103.1260,inicio,False,83.7063,42.699,42.303,14.171,True,640,480,0,False,60.00,0.1000,-0.031664,0.072856,0.229427,0.213431,-0.092119,0.012319,0.972527
103.2419,inicio,False,83.7063,42.188,23.944,18.068,True,640,480,0,False,60.00,0.1000,-0.031664,0.072856,0.229427,0.213431,-0.092119,0.012319,0.972527
103.3582,inicio,False,83.7063,42.440,23.944,18.068,True,640,480,0,False,60.00,0.1000,-0.031664,0.072856,0.229427,0.213431,-0.092119,0.012319,0.972527
103.4614,inicio,False,83.7063,41.148,23.353,15.467,True,640,480,0,False,60.00,0.1000,-0.031664,0.072856,0.229427,0.213431,-0.092119,0.012319,0.972527
103.5752,inicio,False,83.7063,40.830,37.239,13.871,True,640,480,0,False,60.00,0.1000,-0.031664,0.072856,0.229427,0.213431,-0.092119,0.012319,0.972527
103.6815,inicio,False,83.7063,39.737,18.605,13.239,True,640,480,0,False,60.00,0.1000,-0.031664,0.072856,0.229427,0.213431,-0.092119,0.012319,0.972527
103.8157,inicio,False,83.7063,38.538,20.441,13.652,True,640,480,0,False,60.00,0.1000,-0.031664,0.072856,0.229427,0.213431,-0.092119,0.012319,0.972527
103.9781,inicio,False,83.7063,39.247,21.830,22.003,True,640,480,0,False,60.00,0.1000,-0.031664,0.072856,0.229427,0.213431,-0.092119,0.012319,0.972527
104.0915,inicio,False,83.7063,39.168,21.830,22.003,True,640,480,0,False,60.00,0.1000,-0.031664,0.072856,0.229427,0.213431,-0.092119,0.012319,0.972527
104.1927,inicio,False,83.7063,38.324,19.179,19.525,True,640,480,0,False,60.00,0.1000,-0.031664,0.072856,0.229427,0.213431,-0.092119,0.012319,0.972527
104.3183,inicio,False,83.7063,38.439,34.876,13.491,True,640,480,0,False,60.00,0.1000,-0.031664,0.072856,0.229427,0.213431,-0.092119,0.012319,0.972527
104.4216,inicio,False,83.7063,37.710,24.996,13.653,True,640,480,0,False,60.00,0.1000,-0.031664,0.072856,0.229427,0.213431,-0.092119,0.012319,0.972527
104.5514,inicio,False,83.7063,36.894,20.757,13.831,True,640,480,0,False,60.00,0.1000,-0.031664,0.072856,0.229427,0.213431,-0.092119,0.012319,0.972527
104.6968,inicio,False,83.7063,37.068,35.998,11.488,True,640,480,0,False,60.00,0.1000,-0.031664,0.072856,0.229427,0.213431,-0.092119,0.012319,0.972527
104.8158,inicio,False,83.7063,37.376,35.182,12.088,True,640,480,0,False,60.00,0.1000,-0.031664,0.072856,0.229427,0.213431,-0.092119,0.012319,0.972527
104.9653,inicio,False,83.7063,37.445,25.318,21.511,True,640,480,0,False,60.00,0.1000,-0.031664,0.072856,0.229427,0.213431,-0.092119,0.012319,0.972527
105.1065,inicio,False,83.7063,36.684,23.758,17.163,True,640,480,0,False,60.00,0.1000,-0.031664,0.072856,0.229427,0.213431,-0.092119,0.012319,0.972527
105.2506,inicio,False,83.7063,36.892,32.999,15.840,True,640,480,0,False,60.00,0.1000,-0.031664,0.072856,0.229427,0.213431,-0.092119,0.012319,0.972527
105.3569,inicio,False,83.7063,36.382,22.513,15.571,True,640,480,0,False,60.00,0.1000,-0.031664,0.072856,0.229427,0.213431,-0.092119,0.012319,0.972527
105.5036,inicio,False,83.7063,36.656,39.952,15.079,True,640,480,0,False,60.00,0.1000,-0.031664,0.072856,0.229427,0.213431,-0.092119,0.012319,0.972527
105.6426,inicio,False,83.7063,36.863,21.423,20.119,True,640,480,0,False,60.00,0.1000,-0.031664,0.072856,0.229427,0.213431,-0.092119,0.012319,0.972527
105.7780,inicio,False,83.7063,38.021,23.874,24.874,True,640,480,0,False,60.00,0.1000,-0.031664,0.072856,0.229427,0.213431,-0.092119,0.012319,0.972527
105.8908,inicio,False,83.7063,38.109,23.874,24.874,True,640,480,0,False,60.00,0.1000,-0.031664,0.072856,0.229427,0.213431,-0.092119,0.012319,0.972527
106.0095,inicio,False,83.7063,38.231,22.213,25.136,True,640,480,0,False,60.00,0.1000,-0.031664,0.072856,0.229427,0.213431,-0.092119,0.012319,0.972527
106.1410,inicio,False,83.7063,37.337,22.556,3.172,True,640,480,0,False,60.00,0.1000,-0.031664,0.072856,0.229427,0.213431,-0.092119,0.012319,0.972527
106.2745,inicio,False,83.7063,36.568,25.601,6.638,True,640,480,0,False,60.00,0.1000,-0.031664,0.072856,0.229427,0.213431,-0.092119,0.012319,0.972527
106.4074,inicio,False,83.7063,35.971,19.626,9.672,True,640,480,0,False,60.00,0.1000,-0.031664,0.072856,0.229427,0.213431,-0.092119,0.012319,0.972527
106.5086,inicio,False,83.7063,35.602,21.296,2.670,True,640,480,0,False,60.00,0.1000,-0.031664,0.072856,0.229427,0.213431,-0.092119,0.012319,0.972527
106.6264,inicio,False,83.7063,36.093,31.646,10.516,True,640,480,0,False,60.00,0.1000,-0.031664,0.072856,0.229427,0.213431,-0.092119,0.012319,0.972527
106.7596,inicio,False,83.7063,35.566,20.069,7.556,True,640,480,0,False,60.00,0.1000,-0.031664,0.072856,0.229427,0.213431,-0.092119,0.012319,0.972527
106.8917,inicio,False,83.7063,35.173,19.738,6.470,True,640,480,0,False,60.00,0.1000,-0.031664,0.072856,0.229427,0.213431,-0.092119,0.012319,0.972527
107.0282,inicio,False,83.7063,34.835,24.248,2.899,True,640,480,0,False,60.00,0.1000,-0.031664,0.072856,0.229427,0.213431,-0.092119,0.012319,0.972527
107.1604,inicio,False,83.7063,34.525,18.954,2.123,True,640,480,0,False,60.00,0.1000,-0.031664,0.072856,0.229427,0.213431,-0.092119,0.012319,0.972527
107.2604,inicio,False,83.7063,34.553,21.011,3.353,True,640,480,0,False,60.00,0.1000,-0.031664,0.072856,0.229427,0.213431,-0.092119,0.012319,0.972527
107.3909,inicio,False,83.7063,34.283,25.913,7.321,True,640,480,0,False,60.00,0.1000,-0.031664,0.072856,0.229427,0.213431,-0.092119,0.012319,0.972527
107.5277,inicio,False,83.7063,33.999,31.063,3.773,True,640,480,0,False,60.00,0.1000,-0.031664,0.072856,0.229427,0.213431,-0.092119,0.012319,0.972527
107.6713,inicio,False,83.7063,33.863,38.039,2.378,True,640,480,0,False,60.00,0.1000,-0.031664,0.072856,0.229427,0.213431,-0.092119,0.012319,0.972527
107.7968,inicio,False,83.7063,33.770,29.322,9.975,True,640,480,0,False,60.00,0.1000,-0.031664,0.072856,0.229427,0.213431,-0.092119,0.012319,0.972527
107.9067,inicio,False,83.7063,34.615,21.183,6.626,True,640,480,0,False,60.00,0.1000,-0.031664,0.072856,0.229427,0.213431,-0.092119,0.012319,0.972527
108.0400,inicio,False,83.7063,34.228,28.839,6.094,True,640,480,0,False,60.00,0.1000,-0.031664,0.072856,0.229427,0.213431,-0.092119,0.012319,0.972527
108.1404,inicio,False,83.7063,34.110,28.839,6.094,True,640,480,0,False,60.00,0.1000,-0.031664,0.072856,0.229427,0.213431,-0.092119,0.012319,0.972527
108.2733,inicio,False,83.7063,33.953,19.455,3.218,True,640,480,0,False,60.00,0.1000,-0.031664,0.072856,0.229427,0.213431,-0.092119,0.012319,0.972527
108.3745,inicio,False,83.7063,33.854,20.829,3.393,True,640,480,0,False,60.00,0.1000,-0.031664,0.072856,0.229427,0.213431,-0.092119,0.012319,0.972527
108.4777,inicio,False,83.7063,33.790,21.582,6.674,True,640,480,0,False,60.00,0.1000,-0.031664,0.072856,0.229427,0.213431,-0.092119,0.012319,0.972527
108.6135,inicio,False,83.7063,33.705,22.733,3.995,True,640,480,0,False,60.00,0.1000,-0.031664,0.072856,0.229427,0.213431,-0.092119,0.012319,0.972527
108.7504,inicio,False,83.7063,33.624,26.172,4.801,True,640,480,0,False,60.00,0.1000,-0.031664,0.072856,0.229427,0.213431,-0.092119,0.012319,0.972527
108.8901,inicio,False,83.7063,33.564,35.544,5.042,True,640,480,0,False,60.00,0.1000,-0.031664,0.072856,0.229427,0.213431,-0.092119,0.012319,0.972527
109.0303,inicio,False,83.7063,34.359,42.017,6.739,True,640,480,0,False,60.00,0.1000,-0.031664,0.072856,0.229427,0.213431,-0.092119,0.012319,0.972527
109.1646,inicio,False,83.7063,34.171,22.337,4.826,True,640,480,0,False,60.00,0.1000,-0.031664,0.072856,0.229427,0.213431,-0.092119,0.012319,0.972527
109.2964,inicio,False,83.7063,34.018,22.331,7.888,True,640,480,0,False,60.00,0.1000,-0.031664,0.072856,0.229427,0.213431,-0.092119,0.012319,0.972527
109.4237,inicio,False,83.7063,33.879,20.161,2.637,True,640,480,0,False,60.00,0.1000,-0.031664,0.072856,0.229427,0.213431,-0.092119,0.012319,0.972527
109.5243,inicio,False,83.7063,33.798,20.716,2.273,True,640,480,0,False,60.00,0.1000,-0.031664,0.072856,0.229427,0.213431,-0.092119,0.012319,0.972527
109.6349,inicio,False,83.7063,33.746,29.062,4.275,True,640,480,0,False,60.00,0.1000,-0.031664,0.072856,0.229427,0.213431,-0.092119,0.012319,0.972527
109.7753,inicio,False,83.7063,34.489,36.288,5.633,True,640,480,0,False,60.00,0.1000,-0.031664,0.072856,0.229427,0.213431,-0.092119,0.012319,0.972527
109.9061,inicio,False,83.7063,34.263,22.248,2.792,True,640,480,0,False,60.00,0.1000,-0.031664,0.072856,0.229427,0.213431,-0.092119,0.012319,0.972527
110.0196,inicio,False,83.7063,34.138,30.184,9.266,True,640,480,0,False,60.00,0.1000,-0.031664,0.072856,0.229427,0.213431,-0.092119,0.012319,0.972527
110.1636,inicio,False,83.7063,34.819,42.785,6.226,True,640,480,0,False,60.00,0.1000,-0.031664,0.072856,0.229427,0.213431,-0.092119,0.012319,0.972527
110.2895,inicio,False,83.7063,34.536,20.806,2.597,True,640,480,0,False,60.00,0.1000,-0.031664,0.072856,0.229427,0.213431,-0.092119,0.012319,0.972527
110.3910,inicio,False,83.7063,34.367,21.563,2.373,True,640,480,0,False,60.00,0.1000,-0.031664,0.072856,0.229427,0.213431,-0.092119,0.012319,0.972527
110.5055,inicio,False,83.7063,34.225,24.119,11.585,True,640,480,0,False,60.00,0.1000,-0.031664,0.072856,0.229427,0.213431,-0.092119,0.012319,0.972527
110.6068,inicio,False,83.7063,34.921,39.160,2.934,True,640,480,0,False,60.00,0.1000,-0.031664,0.072856,0.229427,0.213431,-0.092119,0.012319,0.972527
110.7432,inicio,False,83.7063,34.623,21.603,6.552,True,640,480,0,False,60.00,0.1000,-0.031664,0.072856,0.229427,0.213431,-0.092119,0.012319,0.972527
110.8727,inicio,False,83.7063,34.384,20.348,4.236,True,640,480,0,False,60.00,0.1000,-0.031664,0.072856,0.229427,0.213431,-0.092119,0.012319,0.972527
110.9727,inicio,False,83.7063,34.231,24.236,2.789,True,640,480,0,False,60.00,0.1000,-0.031664,0.072856,0.229427,0.213431,-0.092119,0.012319,0.972527
111.1057,inicio,False,83.7063,34.061,22.095,6.068,True,640,480,0,False,60.00,0.1000,-0.031664,0.072856,0.229427,0.213431,-0.092119,0.012319,0.972527
111.2058,inicio,False,83.7063,33.953,22.095,6.068,True,640,480,0,False,60.00,0.1000,-0.031664,0.072856,0.229427,0.213431,-0.092119,0.012319,0.972527
111.3064,inicio,False,83.7063,33.861,21.700,3.423,True,640,480,0,False,60.00,0.1000,-0.031664,0.072856,0.229427,0.213431,-0.092119,0.012319,0.972527
111.4199,inicio,False,83.7063,33.785,29.253,6.462,True,640,480,0,False,60.00,0.1000,-0.031664,0.072856,0.229427,0.213431,-0.092119,0.012319,0.972527
111.5675,inicio,False,83.7063,34.535,37.999,13.646,True,640,480,0,False,60.00,0.1000,-0.031664,0.072856,0.229427,0.213431,-0.092119,0.012319,0.972527
111.7132,inicio,False,83.7063,35.142,41.044,3.303,True,640,480,0,False,60.00,0.1000,-0.031664,0.072856,0.229427,0.213431,-0.092119,0.012319,0.972527
111.8389,inicio,False,83.7063,34.813,24.781,2.722,True,640,480,0,False,60.00,0.1000,-0.031664,0.072856,0.229427,0.213431,-0.092119,0.012319,0.972527
111.9720,inicio,False,83.7063,34.527,21.385,2.761,True,640,480,0,False,60.00,0.1000,-0.031664,0.072856,0.229427,0.213431,-0.092119,0.012319,0.972527
112.0734,inicio,False,83.7063,34.346,21.809,2.185,True,640,480,0,False,60.00,0.1000,-0.031664,0.072856,0.229427,0.213431,-0.092119,0.012319,0.972527
112.2070,inicio,False,83.7063,34.170,20.679,3.803,True,640,480,0,False,60.00,0.1000,-0.031664,0.072856,0.229427,0.213431,-0.092119,0.012319,0.972527
112.3639,inicio,False,83.7063,34.836,38.444,2.702,True,640,480,0,False,60.00,0.1000,-0.031664,0.072856,0.229427,0.213431,-0.092119,0.012319,0.972527
112.4959,inicio,False,83.7063,34.559,22.540,4.275,True,640,480,0,False,60.00,0.1000,-0.031664,0.072856,0.229427,0.213431,-0.092119,0.012319,0.972527
112.6227,inicio,False,83.7063,34.328,21.345,2.448,True,640,480,0,False,60.00,0.1000,-0.031664,0.072856,0.229427,0.213431,-0.092119,0.012319,0.972527
112.7570,inicio,False,83.7063,34.142,21.630,2.632,True,640,480,0,False,60.00,0.1000,-0.031664,0.072856,0.229427,0.213431,-0.092119,0.012319,0.972527
112.8571,inicio,False,83.7063,34.043,23.674,10.634,True,640,480,0,False,60.00,0.1000,-0.031664,0.072856,0.229427,0.213431,-0.092119,0.012319,0.972527
112.9904,inicio,False,83.7063,33.896,18.699,2.989,True,640,480,0,False,60.00,0.1000,-0.031664,0.072856,0.229427,0.213431,-0.092119,0.012319,0.972527
113.0937,inicio,False,83.7063,33.846,25.207,4.610,True,640,480,0,False,60.00,0.1000,-0.031664,0.072856,0.229427,0.213431,-0.092119,0.012319,0.972527
113.2219,inicio,False,83.7063,33.724,19.575,2.661,True,640,480,0,False,60.00,0.1000,-0.031664,0.072856,0.229427,0.213431,-0.092119,0.012319,0.972527
113.3546,inicio,False,83.7063,33.627,20.011,2.275,True,640,480,0,False,60.00,0.1000,-0.031664,0.072856,0.229427,0.213431,-0.092119,0.012319,0.972527
113.4553,inicio,False,83.7063,33.639,20.450,28.537,True,640,480,0,False,60.00,0.1000,-0.031664,0.072856,0.229427,0.213431,-0.092119,0.012319,0.972527
113.5726,inicio,False,83.7063,34.310,20.691,28.547,True,640,480,0,False,60.00,0.1000,-0.031664,0.072856,0.229427,0.213431,-0.092119,0.012319,0.972527
113.6886,inicio,False,83.7063,34.919,35.196,17.200,True,640,480,0,False,60.00,0.1000,-0.031664,0.072856,0.229427,0.213431,-0.092119,0.012319,0.972527
113.8048,inicio,False,83.7063,35.441,35.196,17.200,True,640,480,0,False,60.00,0.1000,-0.031664,0.072856,0.229427,0.213431,-0.092119,0.012319,0.972527
113.9076,inicio,False,83.7063,36.904,21.409,16.323,True,640,480,0,False,60.00,0.1000,-0.031664,0.072856,0.229427,0.213431,-0.092119,0.012319,0.972527
114.0218,inicio,False,83.7063,37.145,21.409,16.323,True,640,480,0,False,60.00,0.1000,-0.031664,0.072856,0.229427,0.213431,-0.092119,0.012319,0.972527
114.1399,inicio,False,83.7063,37.401,20.510,22.612,True,640,480,0,False,60.00,0.1000,-0.031664,0.072856,0.229427,0.213431,-0.092119,0.012319,0.972527
114.2557,inicio,True,83.8227,37.600,22.394,16.804,True,640,480,0,False,60.00,0.1000,0.015994,0.041825,0.219697,0.182217,-0.030621,0.001745,0.982780
114.3977,inicio,True,83.9559,38.652,22.551,18.194,True,640,480,0,False,60.00,0.1000,0.018689,0.016408,0.232056,0.239058,-0.031389,-0.014639,0.970388
114.5052,inicio,True,84.0724,38.639,35.691,20.225,True,640,480,0,False,60.00,0.1000,0.022846,0.007267,0.241504,0.250813,-0.028426,-0.013994,0.967517
114.6379,inicio,True,84.2059,39.391,23.459,24.128,True,640,480,0,False,60.00,0.1000,0.014358,-0.002716,0.249645,0.252365,-0.029880,-0.010339,0.967115
114.7545,inicio,True,84.3226,39.284,23.459,24.128,True,640,480,0,False,60.00,0.1000,0.014358,-0.002716,0.249645,0.252365,-0.029880,-0.010339,0.967115
114.8645,inicio,True,84.4225,40.363,22.648,28.606,True,640,480,0,False,60.00,0.1000,0.021284,-0.034581,0.264457,0.247289,-0.009139,-0.009285,0.968854
115.0274,inicio,True,84.5893,42.542,20.599,20.078,True,640,480,0,False,60.00,0.1000,0.028965,-0.035516,0.268376,0.267778,-0.008570,-0.007915,0.963410
115.1386,inicio,True,84.7060,41.979,20.599,20.078,True,640,480,0,False,60.00,0.1000,0.028965,-0.035516,0.268376,0.267778,-0.008570,-0.007915,0.963410
115.2558,inicio,True,84.8224,41.527,26.689,23.284,True,640,480,0,False,60.00,0.1000,0.038753,-0.032776,0.263223,0.263565,-0.011916,-0.010333,0.964513
115.3712,inicio,True,84.9393,41.160,28.414,24.706,True,640,480,0,False,60.00,0.1000,0.045216,-0.032867,0.260280,0.253999,0.010678,-0.022521,0.966883
115.5220,inicio,True,85.0890,42.531,36.004,17.658,True,640,480,0,False,60.00,0.1000,0.035200,-0.014612,0.251056,0.233362,-0.004235,-0.020968,0.972155
115.6381,inicio,True,85.2056,41.966,37.038,24.392,True,640,480,0,False,60.00,0.1000,0.035001,-0.012459,0.249816,0.226956,-0.007741,-0.022287,0.973619
115.7621,inicio,True,85.3222,43.537,23.825,17.516,True,640,480,0,False,60.00,0.1000,0.036883,-0.014111,0.251513,0.223975,-0.008410,-0.027277,0.974177
115.9027,inicio,True,85.4426,43.102,22.703,24.153,True,640,480,0,False,60.00,0.1000,0.035572,-0.014394,0.259228,0.233316,-0.011001,-0.023922,0.972044
116.0206,inicio,True,85.5887,43.790,27.411,24.388,True,640,480,0,False,60.00,0.1000,0.026152,-0.007256,0.257278,0.232071,-0.009976,-0.017076,0.972498
116.1380,inicio,True,85.7060,43.079,27.411,24.388,True,640,480,0,False,60.00,0.1000,0.026152,-0.007256,0.257278,0.232071,-0.009976,-0.017076,0.972498
116.2431,inicio,True,85.8055,43.771,22.919,21.819,True,640,480,0,False,60.00,0.1000,0.027093,-0.004059,0.254253,0.224918,-0.021044,-0.020386,0.973937
116.3546,inicio,True,85.9221,43.030,36.905,20.788,True,640,480,0,False,60.00,0.1000,0.032927,-0.008247,0.256064,0.223606,-0.020992,-0.023266,0.974176
116.4895,inicio,True,86.0553,45.329,25.018,23.264,True,640,480,0,False,60.00,0.1000,0.035716,-0.009475,0.254787,0.228831,-0.013214,-0.030090,0.972911
116.6042,inicio,True,86.1722,44.381,25.018,23.264,True,640,480,0,False,60.00,0.1000,0.035716,-0.009475,0.254787,0.228831,-0.013214,-0.030090,0.972911
116.7189,inicio,True,86.2720,44.958,21.803,22.794,True,640,480,0,False,60.00,0.1000,0.026196,0.003527,0.248343,0.228046,-0.028467,-0.024249,0.972932
116.8370,inicio,True,86.4051,44.795,19.559,29.393,True,640,480,0,False,60.00,0.1000,0.024707,0.028912,0.242484,0.202111,-0.043626,-0.029067,0.977959
116.9540,inicio,True,86.5218,43.913,19.559,29.393,True,640,480,0,False,60.00,0.1000,0.024707,0.028912,0.242484,0.202111,-0.043626,-0.029067,0.977959
117.0706,inicio,True,86.6387,43.207,36.565,26.277,True,640,480,0,False,60.00,0.1000,0.017677,0.049770,0.222370,0.180246,-0.065395,-0.048418,0.980250
117.2018,inicio,True,86.7550,44.647,27.909,19.303,True,640,480,0,False,60.00,0.1000,0.011824,0.051460,0.221341,0.175189,-0.086508,-0.042395,0.979810
117.3551,inicio,False,86.8217,44.208,23.874,16.773,True,640,480,0,False,60.00,0.1000,0.011824,0.051460,0.221341,0.175189,-0.086508,-0.042395,0.979810
117.4706,inicio,False,86.8217,43.407,23.874,16.773,True,640,480,0,False,60.00,0.1000,0.011824,0.051460,0.221341,0.175189,-0.086508,-0.042395,0.979810
117.5871,inicio,False,86.8217,42.770,25.849,18.550,True,640,480,0,False,60.00,0.1000,0.011824,0.051460,0.221341,0.175189,-0.086508,-0.042395,0.979810
117.7037,inicio,False,86.8217,42.208,26.668,29.126,True,640,480,0,False,60.00,0.1000,0.011824,0.051460,0.221341,0.175189,-0.086508,-0.042395,0.979810
117.8373,inicio,False,86.8217,42.598,25.672,19.856,True,640,480,0,False,60.00,0.1000,0.011824,0.051460,0.221341,0.175189,-0.086508,-0.042395,0.979810
117.9542,inicio,False,86.8217,42.026,20.447,17.542,True,640,480,0,False,60.00,0.1000,0.011824,0.051460,0.221341,0.175189,-0.086508,-0.042395,0.979810
118.0867,inicio,False,86.8217,40.418,20.447,17.542,True,640,480,0,False,60.00,0.1000,0.011824,0.051460,0.221341,0.175189,-0.086508,-0.042395,0.979810
118.2034,inicio,False,86.8217,40.196,41.504,14.346,True,640,480,0,False,60.00,0.1000,0.011824,0.051460,0.221341,0.175189,-0.086508,-0.042395,0.979810
118.3128,inicio,False,86.8217,41.193,31.831,18.663,True,640,480,0,False,60.00,0.1000,0.011824,0.051460,0.221341,0.175189,-0.086508,-0.042395,0.979810
118.4367,inicio,False,86.8217,41.572,21.320,30.151,True,640,480,0,False,60.00,0.1000,0.011824,0.051460,0.221341,0.175189,-0.086508,-0.042395,0.979810
118.5541,inicio,False,86.8217,41.153,18.792,21.003,True,640,480,0,False,60.00,0.1000,0.011824,0.051460,0.221341,0.175189,-0.086508,-0.042395,0.979810
118.6700,inicio,False,86.8217,40.790,18.792,21.003,True,640,480,0,False,60.00,0.1000,0.011824,0.051460,0.221341,0.175189,-0.086508,-0.042395,0.979810
118.7867,inicio,False,86.8217,40.511,23.786,27.971,True,640,480,0,False,60.00,0.1000,0.011824,0.051460,0.221341,0.175189,-0.086508,-0.042395,0.979810
118.9170,inicio,False,86.8217,42.311,26.569,21.274,True,640,480,0,False,60.00,0.1000,0.011824,0.051460,0.221341,0.175189,-0.086508,-0.042395,0.979810
119.0366,inicio,False,86.8217,42.534,41.444,30.941,True,640,480,0,False,60.00,0.1000,0.011824,0.051460,0.221341,0.175189,-0.086508,-0.042395,0.979810
119.1854,inicio,False,86.8217,44.841,25.963,28.073,True,640,480,0,False,60.00,0.1000,0.011824,0.051460,0.221341,0.175189,-0.086508,-0.042395,0.979810
119.3125,inicio,False,86.8217,44.873,27.160,24.498,True,640,480,0,False,60.00,0.1000,0.011824,0.051460,0.221341,0.175189,-0.086508,-0.042395,0.979810
119.4366,inicio,False,86.8217,44.728,29.536,20.896,True,640,480,0,False,60.00,0.1000,0.011824,0.051460,0.221341,0.175189,-0.086508,-0.042395,0.979810
119.5542,inicio,False,86.8217,43.849,24.814,24.527,True,640,480,0,False,60.00,0.1000,0.011824,0.051460,0.221341,0.175189,-0.086508,-0.042395,0.979810
119.6698,inicio,False,86.8217,43.099,24.814,24.527,True,640,480,0,False,60.00,0.1000,0.011824,0.051460,0.221341,0.175189,-0.086508,-0.042395,0.979810
119.7765,inicio,False,86.8217,41.696,25.374,15.806,True,640,480,0,False,60.00,0.1000,0.011824,0.051460,0.221341,0.175189,-0.086508,-0.042395,0.979810
119.9074,inicio,False,86.8217,42.172,36.571,20.582,True,640,480,0,False,60.00,0.1000,0.011824,0.051460,0.221341,0.175189,-0.086508,-0.042395,0.979810
120.0296,inicio,False,86.8217,43.725,25.327,20.202,True,640,480,0,False,60.00,0.1000,0.011824,0.051460,0.221341,0.175189,-0.086508,-0.042395,0.979810
120.1512,inicio,False,86.8217,43.079,39.857,14.267,True,640,480,0,False,60.00,0.1000,0.011824,0.051460,0.221341,0.175189,-0.086508,-0.042395,0.979810
120.3090,inicio,False,86.8217,42.933,26.701,24.391,True,640,480,0,False,60.00,0.1000,0.011824,0.051460,0.221341,0.175189,-0.086508,-0.042395,0.979810
120.4194,inicio,False,86.8217,42.312,36.363,15.235,True,640,480,0,False,60.00,0.1000,0.011824,0.051460,0.221341,0.175189,-0.086508,-0.042395,0.979810
120.5359,inicio,False,86.8217,41.781,36.363,15.235,True,640,480,0,False,60.00,0.1000,0.011824,0.051460,0.221341,0.175189,-0.086508,-0.042395,0.979810
120.6568,inicio,False,86.8217,41.409,24.886,21.038,True,640,480,0,False,60.00,0.1000,0.011824,0.051460,0.221341,0.175189,-0.086508,-0.042395,0.979810
120.7700,inicio,False,86.8217,41.011,21.406,19.772,True,640,480,0,False,60.00,0.1000,0.011824,0.051460,0.221341,0.175189,-0.086508,-0.042395,0.979810
120.9011,inicio,False,86.8217,40.744,26.106,22.224,True,640,480,0,False,60.00,0.1000,0.011824,0.051460,0.221341,0.175189,-0.086508,-0.042395,0.979810
121.0157,inicio,False,86.8217,40.512,36.310,18.631,True,640,480,0,False,60.00,0.1000,0.011824,0.051460,0.221341,0.175189,-0.086508,-0.042395,0.979810
121.1860,inicio,False,86.8217,41.682,34.111,15.010,True,640,480,0,False,60.00,0.1000,0.011824,0.051460,0.221341,0.175189,-0.086508,-0.042395,0.979810
121.3024,inicio,False,86.8217,41.244,20.015,15.498,True,640,480,0,False,60.00,0.1000,0.011824,0.051460,0.221341,0.175189,-0.086508,-0.042395,0.979810
121.4025,inicio,False,86.8217,40.111,20.015,15.498,True,640,480,0,False,60.00,0.1000,0.011824,0.051460,0.221341,0.175189,-0.086508,-0.042395,0.979810
121.5066,inicio,False,86.8217,41.114,27.432,23.299,True,640,480,0,False,60.00,0.1000,0.011824,0.051460,0.221341,0.175189,-0.086508,-0.042395,0.979810
121.6189,inicio,False,86.8217,40.755,36.614,19.539,True,640,480,0,False,60.00,0.1000,0.011824,0.051460,0.221341,0.175189,-0.086508,-0.042395,0.979810
121.7356,inicio,False,86.8217,40.452,36.614,19.539,True,640,480,0,False,60.00,0.1000,0.011824,0.051460,0.221341,0.175189,-0.086508,-0.042395,0.979810
121.8441,inicio,False,86.8217,41.419,25.508,21.945,True,640,480,0,False,60.00,0.1000,0.011824,0.051460,0.221341,0.175189,-0.086508,-0.042395,0.979810
121.9690,inicio,False,86.8217,41.769,38.835,20.611,True,640,480,0,False,60.00,0.1000,0.011824,0.051460,0.221341,0.175189,-0.086508,-0.042395,0.979810
122.0891,inicio,False,86.8217,43.373,21.448,18.255,True,640,480,0,False,60.00,0.1000,0.011824,0.051460,0.221341,0.175189,-0.086508,-0.042395,0.979810
122.2002,inicio,False,86.8217,41.930,20.530,16.558,True,640,480,0,False,60.00,0.1000,0.011824,0.051460,0.221341,0.175189,-0.086508,-0.042395,0.979810
122.3515,inicio,False,86.8217,41.160,38.248,15.194,True,640,480,0,False,60.00,0.1000,0.011824,0.051460,0.221341,0.175189,-0.086508,-0.042395,0.979810
122.5000,inicio,False,86.8217,40.542,36.683,19.422,True,640,480,0,False,60.00,0.1000,0.011824,0.051460,0.221341,0.175189,-0.086508,-0.042395,0.979810
122.6153,inicio,False,86.8217,40.342,39.279,16.228,True,640,480,0,False,60.00,0.1000,0.011824,0.051460,0.221341,0.175189,-0.086508,-0.042395,0.979810
122.7657,inicio,False,86.8217,39.874,39.587,16.713,True,640,480,0,False,60.00,0.1000,0.011824,0.051460,0.221341,0.175189,-0.086508,-0.042395,0.979810
122.8753,inicio,False,86.8217,39.773,37.454,11.602,True,640,480,0,False,60.00,0.1000,0.011824,0.051460,0.221341,0.175189,-0.086508,-0.042395,0.979810
123.0370,inicio,False,86.8217,39.411,23.929,14.738,True,640,480,0,False,60.00,0.1000,0.011824,0.051460,0.221341,0.175189,-0.086508,-0.042395,0.979810
123.1694,inicio,False,86.8217,39.002,38.947,20.333,True,640,480,0,False,60.00,0.1000,0.011824,0.051460,0.221341,0.175189,-0.086508,-0.042395,0.979810
123.2865,inicio,False,86.8217,40.859,27.373,14.395,True,640,480,0,False,60.00,0.1000,0.011824,0.051460,0.221341,0.175189,-0.086508,-0.042395,0.979810
123.4036,inicio,False,86.8217,40.621,19.430,20.713,True,640,480,0,False,60.00,0.1000,0.011824,0.051460,0.221341,0.175189,-0.086508,-0.042395,0.979810
123.5429,inicio,False,86.8217,39.260,20.336,12.023,True,640,480,0,False,60.00,0.1000,0.011824,0.051460,0.221341,0.175189,-0.086508,-0.042395,0.979810
123.7011,inicio,False,86.8217,39.011,46.470,12.249,True,640,480,0,False,60.00,0.1000,0.011824,0.051460,0.221341,0.175189,-0.086508,-0.042395,0.979810
123.8106,inicio,False,86.8217,39.029,35.905,15.936,True,640,480,0,False,60.00,0.1000,0.011824,0.051460,0.221341,0.175189,-0.086508,-0.042395,0.979810
123.9655,inicio,False,86.8217,38.790,33.388,20.125,True,640,480,0,False,60.00,0.1000,0.011824,0.051460,0.221341,0.175189,-0.086508,-0.042395,0.979810
124.1036,inicio,False,86.8217,40.511,18.603,17.915,True,640,480,0,False,60.00,0.1000,0.011824,0.051460,0.221341,0.175189,-0.086508,-0.042395,0.979810
124.2348,inicio,False,86.8217,39.179,37.468,12.721,True,640,480,0,False,60.00,0.1000,0.011824,0.051460,0.221341,0.175189,-0.086508,-0.042395,0.979810
124.3515,inicio,False,86.8217,39.092,21.090,20.273,True,640,480,0,False,60.00,0.1000,0.011824,0.051460,0.221341,0.175189,-0.086508,-0.042395,0.979810
124.4684,inicio,False,86.8217,39.020,21.090,20.273,True,640,480,0,False,60.00,0.1000,0.011824,0.051460,0.221341,0.175189,-0.086508,-0.042395,0.979810
124.6013,inicio,False,86.8217,37.965,19.889,13.408,True,640,480,0,False,60.00,0.1000,0.011824,0.051460,0.221341,0.175189,-0.086508,-0.042395,0.979810
124.7017,inicio,False,86.8217,37.302,20.140,13.859,True,640,480,0,False,60.00,0.1000,0.011824,0.051460,0.221341,0.175189,-0.086508,-0.042395,0.979810
124.8181,inicio,False,86.8217,37.568,24.744,16.756,True,640,480,0,False,60.00,0.1000,0.011824,0.051460,0.221341,0.175189,-0.086508,-0.042395,0.979810
124.9436,inicio,False,86.8217,37.796,23.371,25.578,True,640,480,0,False,60.00,0.1000,0.011824,0.051460,0.221341,0.175189,-0.086508,-0.042395,0.979810
125.1025,inicio,False,86.8217,38.632,23.000,26.699,True,640,480,0,False,60.00,0.1000,0.011824,0.051460,0.221341,0.175189,-0.086508,-0.042395,0.979810
125.2180,inicio,False,86.8217,38.627,19.988,19.916,True,640,480,0,False,60.00,0.1000,0.011824,0.051460,0.221341,0.175189,-0.086508,-0.042395,0.979810
125.3181,inicio,False,86.8217,37.871,19.988,19.916,True,640,480,0,False,60.00,0.1000,0.011824,0.051460,0.221341,0.175189,-0.086508,-0.042395,0.979810
125.5139,inicio,True,86.9718,41.395,9.116,30.778,True,640,480,0,False,60.00,0.1000,0.020243,0.025036,0.196818,0.156890,-0.016090,-0.002758,0.987481
125.6184,inicio,False,87.0559,41.036,37.450,18.890,True,640,480,0,False,60.00,0.1000,0.020243,0.025036,0.196818,0.156890,-0.016090,-0.002758,0.987481
125.7509,inicio,False,87.0559,42.677,23.737,25.927,True,640,480,0,False,60.00,0.1000,0.020243,0.025036,0.196818,0.156890,-0.016090,-0.002758,0.987481
125.9084,inicio,False,87.0559,42.588,27.240,17.765,True,640,480,0,False,60.00,0.1000,0.020243,0.025036,0.196818,0.156890,-0.016090,-0.002758,0.987481
126.0172,inicio,False,87.0559,42.010,19.678,16.683,True,640,480,0,False,60.00,0.1000,0.020243,0.025036,0.196818,0.156890,-0.016090,-0.002758,0.987481
126.1445,inicio,False,87.0559,41.598,25.961,21.785,True,640,480,0,False,60.00,0.1000,0.020243,0.025036,0.196818,0.156890,-0.016090,-0.002758,0.987481
126.2921,inicio,False,87.0559,40.906,24.737,25.350,True,640,480,0,False,60.00,0.1000,0.020243,0.025036,0.196818,0.156890,-0.016090,-0.002758,0.987481
126.3937,inicio,False,87.0559,39.823,21.463,14.401,True,640,480,0,False,60.00,0.1000,0.020243,0.025036,0.196818,0.156890,-0.016090,-0.002758,0.987481
126.5175,inicio,False,87.0559,38.618,20.128,14.513,True,640,480,0,False,60.00,0.1000,0.020243,0.025036,0.196818,0.156890,-0.016090,-0.002758,0.987481
126.6678,inicio,False,87.0559,38.469,23.288,19.254,True,640,480,0,False,60.00,0.1000,0.020243,0.025036,0.196818,0.156890,-0.016090,-0.002758,0.987481
126.8242,inicio,False,87.0559,38.345,23.188,25.684,True,640,480,0,False,60.00,0.1000,0.020243,0.025036,0.196818,0.156890,-0.016090,-0.002758,0.987481
126.9410,inicio,False,87.0559,38.464,18.313,25.650,True,640,480,0,False,60.00,0.1000,0.020243,0.025036,0.196818,0.156890,-0.016090,-0.002758,0.987481
127.0906,inicio,False,87.0559,38.356,23.178,22.937,True,640,480,0,False,60.00,0.1000,0.020243,0.025036,0.196818,0.156890,-0.016090,-0.002758,0.987481
127.2061,inicio,False,87.0559,38.462,23.239,24.948,True,640,480,0,False,60.00,0.1000,0.020243,0.025036,0.196818,0.156890,-0.016090,-0.002758,0.987481
127.3540,inicio,False,87.0559,38.331,19.321,23.389,True,640,480,0,False,60.00,0.1000,0.020243,0.025036,0.196818,0.156890,-0.016090,-0.002758,0.987481
127.4663,inicio,False,87.0559,37.616,21.664,19.412,True,640,480,0,False,60.00,0.1000,0.020243,0.025036,0.196818,0.156890,-0.016090,-0.002758,0.987481
127.6091,inicio,False,87.0559,37.658,34.963,12.936,True,640,480,0,False,60.00,0.1000,0.020243,0.025036,0.196818,0.156890,-0.016090,-0.002758,0.987481
127.7634,inicio,False,87.0559,37.686,36.733,18.517,True,640,480,0,False,60.00,0.1000,0.020243,0.025036,0.196818,0.156890,-0.016090,-0.002758,0.987481
127.8767,inicio,False,87.0559,37.907,22.450,26.723,True,640,480,0,False,60.00,0.1000,0.020243,0.025036,0.196818,0.156890,-0.016090,-0.002758,0.987481
128.0226,inicio,False,87.0559,37.885,22.845,23.387,True,640,480,0,False,60.00,0.1000,0.020243,0.025036,0.196818,0.156890,-0.016090,-0.002758,0.987481
128.1379,inicio,False,87.0559,38.047,25.582,17.897,True,640,480,0,False,60.00,0.1000,0.020243,0.025036,0.196818,0.156890,-0.016090,-0.002758,0.987481
128.2905,inicio,False,87.0559,38.006,23.099,24.672,True,640,480,0,False,60.00,0.1000,0.020243,0.025036,0.196818,0.156890,-0.016090,-0.002758,0.987481
128.4109,inicio,False,87.0559,38.183,32.198,18.931,True,640,480,0,False,60.00,0.1000,0.020243,0.025036,0.196818,0.156890,-0.016090,-0.002758,0.987481
128.5626,inicio,False,87.0559,38.110,38.042,16.677,True,640,480,0,False,60.00,0.1000,0.020243,0.025036,0.196818,0.156890,-0.016090,-0.002758,0.987481
128.6681,inicio,False,87.0559,38.270,21.385,20.755,True,640,480,0,False,60.00,0.1000,0.020243,0.025036,0.196818,0.156890,-0.016090,-0.002758,0.987481
128.8128,inicio,False,87.0559,37.347,22.769,14.844,True,640,480,0,False,60.00,0.1000,0.020243,0.025036,0.196818,0.156890,-0.016090,-0.002758,0.987481
128.9629,inicio,False,87.0559,37.406,34.568,17.823,True,640,480,0,False,60.00,0.1000,0.020243,0.025036,0.196818,0.156890,-0.016090,-0.002758,0.987481
129.0848,inicio,False,87.0559,38.506,31.080,27.793,True,640,480,0,False,60.00,0.1000,0.020243,0.025036,0.196818,0.156890,-0.016090,-0.002758,0.987481
129.2238,inicio,False,87.0559,41.252,24.474,19.843,True,640,480,0,False,60.00,0.1000,0.020243,0.025036,0.196818,0.156890,-0.016090,-0.002758,0.987481
129.3338,inicio,False,87.0559,40.896,24.474,19.843,True,640,480,0,False,60.00,0.1000,0.020243,0.025036,0.196818,0.156890,-0.016090,-0.002758,0.987481
129.4664,inicio,False,87.0559,39.472,20.903,17.160,True,640,480,0,False,60.00,0.1000,0.020243,0.025036,0.196818,0.156890,-0.016090,-0.002758,0.987481
129.5733,inicio,False,87.0559,40.555,27.342,16.820,True,640,480,0,False,60.00,0.1000,0.020243,0.025036,0.196818,0.156890,-0.016090,-0.002758,0.987481
129.6832,inicio,False,87.0559,40.271,19.833,16.814,True,640,480,0,False,60.00,0.1000,0.020243,0.025036,0.196818,0.156890,-0.016090,-0.002758,0.987481
129.8168,inicio,False,87.0559,38.966,22.111,19.472,True,640,480,0,False,60.00,0.1000,0.020243,0.025036,0.196818,0.156890,-0.016090,-0.002758,0.987481
129.9348,inicio,False,87.0559,38.902,22.111,19.472,True,640,480,0,False,60.00,0.1000,0.020243,0.025036,0.196818,0.156890,-0.016090,-0.002758,0.987481
130.0502,inicio,False,87.0559,38.908,27.324,22.564,True,640,480,0,False,60.00,0.1000,0.020243,0.025036,0.196818,0.156890,-0.016090,-0.002758,0.987481
130.1662,inicio,False,87.0559,38.904,24.069,22.808,True,640,480,0,False,60.00,0.1000,0.020243,0.025036,0.196818,0.156890,-0.016090,-0.002758,0.987481
130.2876,inicio,False,87.0559,38.946,21.959,19.899,True,640,480,0,False,60.00,0.1000,0.020243,0.025036,0.196818,0.156890,-0.016090,-0.002758,0.987481
130.3981,inicio,False,87.0559,38.141,20.011,17.043,True,640,480,0,False,60.00,0.1000,0.020243,0.025036,0.196818,0.156890,-0.016090,-0.002758,0.987481
130.5508,inicio,False,87.0559,38.909,25.058,17.740,True,640,480,0,False,60.00,0.1000,0.020243,0.025036,0.196818,0.156890,-0.016090,-0.002758,0.987481
130.6660,inicio,False,87.0559,38.861,25.058,17.740,True,640,480,0,False,60.00,0.1000,0.020243,0.025036,0.196818,0.156890,-0.016090,-0.002758,0.987481
130.7827,inicio,False,87.0559,38.866,21.468,25.706,True,640,480,0,False,60.00,0.1000,0.020243,0.025036,0.196818,0.156890,-0.016090,-0.002758,0.987481
130.9171,inicio,False,87.0559,37.850,17.954,17.346,True,640,480,0,False,60.00,0.1000,0.020243,0.025036,0.196818,0.156890,-0.016090,-0.002758,0.987481
131.0326,inicio,False,87.0559,37.987,28.185,19.007,True,640,480,0,False,60.00,0.1000,0.020243,0.025036,0.196818,0.156890,-0.016090,-0.002758,0.987481
131.1669,inicio,False,87.0559,38.986,29.139,14.694,True,640,480,0,False,60.00,0.1000,0.020243,0.025036,0.196818,0.156890,-0.016090,-0.002758,0.987481
131.2825,inicio,False,87.0559,38.929,21.136,17.718,True,640,480,0,False,60.00,0.1000,0.020243,0.025036,0.196818,0.156890,-0.016090,-0.002758,0.987481
131.3826,inicio,False,87.0559,38.130,21.136,17.718,True,640,480,0,False,60.00,0.1000,0.020243,0.025036,0.196818,0.156890,-0.016090,-0.002758,0.987481
131.4853,inicio,False,87.0559,39.328,22.452,24.671,True,640,480,0,False,60.00,0.1000,0.020243,0.025036,0.196818,0.156890,-0.016090,-0.002758,0.987481
131.6005,inicio,False,87.0559,39.223,22.452,24.671,True,640,480,0,False,60.00,0.1000,0.020243,0.025036,0.196818,0.156890,-0.016090,-0.002758,0.987481
131.7071,inicio,False,87.0559,40.314,26.268,20.330,True,640,480,0,False,60.00,0.1000,0.020243,0.025036,0.196818,0.156890,-0.016090,-0.002758,0.987481
131.8156,inicio,False,87.0559,40.068,20.693,18.779,True,640,480,0,False,60.00,0.1000,0.020243,0.025036,0.196818,0.156890,-0.016090,-0.002758,0.987481
131.9158,inicio,False,87.0559,39.105,20.693,18.779,True,640,480,0,False,60.00,0.1000,0.020243,0.025036,0.196818,0.156890,-0.016090,-0.002758,0.987481
132.0323,inicio,False,87.0559,39.073,34.403,15.543,True,640,480,0,False,60.00,0.1000,0.020243,0.025036,0.196818,0.156890,-0.016090,-0.002758,0.987481
132.1661,inicio,False,87.0559,39.919,37.063,20.104,True,640,480,0,False,60.00,0.1000,0.020243,0.025036,0.196818,0.156890,-0.016090,-0.002758,0.987481
132.2909,inicio,True,87.1392,39.812,24.103,21.304,True,640,480,0,False,60.00,0.1000,-0.001594,0.073849,0.269968,0.078917,-0.031231,0.055830,0.994827
132.3957,inicio,False,87.1725,38.885,21.281,16.777,True,640,480,0,False,60.00,0.1000,-0.001594,0.073849,0.269968,0.078917,-0.031231,0.055830,0.994827
132.5570,inicio,False,87.1725,39.525,21.800,19.560,True,640,480,0,False,60.00,0.1000,-0.001594,0.073849,0.269968,0.078917,-0.031231,0.055830,0.994827
132.6664,inicio,False,87.1725,39.392,21.800,19.560,True,640,480,0,False,60.00,0.1000,-0.001594,0.073849,0.269968,0.078917,-0.031231,0.055830,0.994827
132.7818,inicio,True,87.2891,39.314,24.177,24.376,True,640,480,0,False,60.00,0.1000,0.009680,0.071992,0.256222,0.057413,-0.016957,0.044355,0.997221
132.8986,inicio,True,87.4056,39.248,19.898,27.481,True,640,480,0,False,60.00,0.1000,0.010375,0.057796,0.258449,0.065637,-0.010322,0.036788,0.997112
133.0473,inicio,True,87.5390,40.074,26.207,28.066,True,640,480,0,False,60.00,0.1000,0.005396,0.012494,0.259245,0.108057,0.015217,0.018231,0.993861
133.1775,inicio,True,87.6740,42.749,25.516,22.211,True,640,480,0,False,60.00,0.1000,-0.000416,-0.000421,0.262126,0.169448,-0.003299,0.013017,0.985448
133.2819,inicio,True,87.7889,42.112,21.845,28.288,True,640,480,0,False,60.00,0.1000,-0.003974,-0.000405,0.268135,0.205953,-0.030172,0.013144,0.978008
133.4018,inicio,True,87.9055,41.692,20.458,21.548,True,640,480,0,False,60.00,0.1000,-0.006329,0.000082,0.270278,0.208506,-0.019828,0.014527,0.977712
133.5550,inicio,True,88.0555,40.972,20.051,25.206,True,640,480,0,False,60.00,0.1000,-0.007459,0.000289,0.273309,0.213410,-0.023626,0.008933,0.976636
133.6683,inicio,True,88.1726,40.738,18.739,25.142,True,640,480,0,False,60.00,0.1000,-0.010605,0.009227,0.275040,0.206530,-0.018882,0.011332,0.978192
133.8297,inicio,True,88.3223,40.182,19.876,30.913,True,640,480,0,False,60.00,0.1000,-0.018694,0.015692,0.276896,0.205368,-0.025531,0.017524,0.978195
133.9668,inicio,True,88.4720,41.690,36.156,29.639,True,640,480,0,False,60.00,0.1000,-0.018678,0.013743,0.277043,0.205262,-0.023607,0.020201,0.978214
134.1029,inicio,True,88.6051,44.115,31.842,16.605,True,640,480,0,False,60.00,0.1000,-0.021179,0.013310,0.268825,0.232665,-0.018302,0.017011,0.972236
134.2181,inicio,True,88.7219,43.416,20.313,22.964,True,640,480,0,False,60.00,0.1000,-0.036682,0.007686,0.268579,0.201987,-0.073166,0.020256,0.976441
134.3422,inicio,True,88.8385,42.811,19.969,24.185,True,640,480,0,False,60.00,0.1000,-0.009468,-0.002787,0.274835,0.230751,-0.018324,0.024809,0.972524
134.4963,inicio,True,88.9885,41.884,30.099,25.257,True,640,480,0,False,60.00,0.1000,-0.018652,-0.002294,0.273837,0.228611,-0.014126,0.023768,0.973125
134.6184,inicio,True,89.1218,42.328,19.700,26.770,True,640,480,0,False,60.00,0.1000,-0.016330,-0.006848,0.274679,0.240584,-0.014232,0.032518,0.969979
134.7321,inicio,True,89.2387,41.808,19.700,26.770,True,640,480,0,False,60.00,0.1000,-0.016330,-0.006848,0.274679,0.240584,-0.014232,0.032518,0.969979
134.8324,inicio,True,89.3385,42.638,22.045,27.311,True,640,480,0,False,60.00,0.1000,-0.012325,0.000739,0.272629,0.224933,-0.000356,0.027398,0.973989
134.9480,inicio,True,89.4551,42.060,21.734,26.048,True,640,480,0,False,60.00,0.1000,-0.015288,-0.001392,0.271204,0.222058,-0.000995,0.027856,0.974635
135.0646,inicio,True,89.5716,41.560,21.734,26.048,True,640,480,0,False,60.00,0.1000,-0.015288,-0.001392,0.271204,0.222058,-0.000995,0.027856,0.974635
135.1819,inicio,True,89.6885,41.190,19.398,23.477,True,640,480,0,False,60.00,0.1000,-0.014266,-0.008307,0.274329,0.238989,-0.005065,0.036763,0.970313
135.2977,inicio,True,89.8049,40.850,20.330,24.130,True,640,480,0,False,60.00,0.1000,-0.005813,0.004242,0.277249,0.217568,0.018586,0.033300,0.975300
135.4250,inicio,True,89.9216,40.614,20.426,30.321,True,640,480,0,False,60.00,0.1000,-0.010699,0.006457,0.272873,0.219738,-0.000907,0.033322,0.974989
135.5349,inicio,True,90.0382,40.405,21.073,21.520,True,640,480,0,False,60.00,0.1000,-0.003922,0.007198,0.274603,0.218345,0.009452,0.025318,0.975497
135.6901,inicio,True,90.1881,39.922,20.564,26.532,True,640,480,0,False,60.00,0.1000,-0.008157,0.005847,0.272797,0.216450,0.009204,0.026081,0.975902
135.8026,inicio,True,90.3047,39.814,23.899,18.237,True,640,480,0,False,60.00,0.1000,-0.008527,0.001229,0.275549,0.222106,0.006212,0.034662,0.974386
135.9596,inicio,True,90.4547,39.442,23.208,28.057,True,640,480,0,False,60.00,0.1000,-0.005204,0.004263,0.276073,0.223809,0.015940,0.026798,0.974134
136.0774,inicio,True,90.5713,39.402,24.432,27.603,True,640,480,0,False,60.00,0.1000,-0.007004,0.004721,0.272743,0.218079,0.008048,0.032080,0.975371
136.2426,inicio,True,90.7379,39.941,23.440,28.325,True,640,480,0,False,60.00,0.1000,-0.013689,0.001036,0.265742,0.225689,0.007086,0.035567,0.973524
136.3641,inicio,True,90.8712,40.501,20.620,19.076,True,640,480,0,False,60.00,0.1000,-0.016519,-0.001882,0.263763,0.220098,0.004720,0.040005,0.974646
136.4644,inicio,True,90.9712,39.477,20.620,19.076,True,640,480,0,False,60.00,0.1000,-0.016519,-0.001882,0.263763,0.220098,0.004720,0.040005,0.974646
136.5788,inicio,True,91.0712,40.546,22.896,24.932,True,640,480,0,False,60.00,0.1000,-0.019137,-0.004147,0.261594,0.225450,0.002971,0.044897,0.973215
136.6978,inicio,True,91.2045,41.020,21.980,24.450,True,640,480,0,False,60.00,0.1000,-0.019922,0.000922,0.257124,0.220890,0.002581,0.040262,0.974464
136.8148,inicio,True,91.3214,40.686,20.329,26.363,True,640,480,0,False,60.00,0.1000,-0.018954,0.007657,0.254305,0.209496,0.005956,0.040556,0.976950
136.9312,inicio,True,91.4378,40.375,20.329,26.363,True,640,480,0,False,60.00,0.1000,-0.018954,0.007657,0.254305,0.209496,0.005956,0.040556,0.976950
137.0375,inicio,True,91.5376,41.345,27.449,21.429,True,640,480,0,False,60.00,0.1000,-0.026112,0.001809,0.251889,0.206278,0.007917,0.046622,0.977350
137.1470,inicio,True,91.6542,40.954,42.998,23.024,True,640,480,0,False,60.00,0.1000,-0.033620,0.000458,0.247666,0.220324,-0.001569,0.047920,0.974248
137.2891,inicio,True,91.7877,43.466,22.637,30.205,True,640,480,0,False,60.00,0.1000,-0.036347,0.001554,0.247872,0.215331,-0.006588,0.048624,0.975308
137.4070,inicio,True,91.9045,42.865,24.864,21.672,True,640,480,0,False,60.00,0.1000,-0.038597,0.005204,0.245430,0.210911,-0.007490,0.049566,0.976219
137.5535,inicio,True,92.0542,41.916,21.080,24.680,True,640,480,0,False,60.00,0.1000,-0.044357,0.004552,0.241404,0.211356,-0.021807,0.050658,0.975852
137.6777,inicio,True,92.1707,41.515,21.692,29.541,True,640,480,0,False,60.00,0.1000,-0.044404,0.004573,0.241827,0.210720,-0.024531,0.048888,0.976015
137.8342,inicio,True,92.3374,41.666,35.520,30.486,True,640,480,0,False,60.00,0.1000,-0.046783,-0.004550,0.244120,0.210947,-0.018453,0.053914,0.975835
137.9837,inicio,True,92.4874,44.936,5.345,30.823,True,640,480,0,False,60.00,0.1000,-0.046969,-0.007121,0.246053,0.222407,-0.019011,0.053650,0.973291
138.1445,inicio,True,92.6373,43.614,38.355,16.835,True,640,480,0,False,60.00,0.1000,-0.038786,-0.013716,0.252793,0.249961,-0.027173,0.041446,0.966987
138.3074,inicio,True,92.8039,43.371,25.075,26.831,True,640,480,0,False,60.00,0.1000,-0.032762,-0.017208,0.262657,0.249210,-0.008664,0.035793,0.967749
138.4309,inicio,True,92.9373,43.444,21.342,20.979,True,640,480,0,False,60.00,0.1000,-0.029485,-0.017964,0.266251,0.254187,-0.006106,0.031868,0.966611
138.5469,inicio,True,93.0538,42.750,20.473,33.220,True,640,480,0,False,60.00,0.1000,-0.025550,-0.018848,0.269461,0.258489,-0.002348,0.027948,0.965607
138.6635,inicio,True,93.1704,42.156,20.473,33.220,True,640,480,0,False,60.00,0.1000,-0.025550,-0.018848,0.269461,0.258489,-0.002348,0.027948,0.965607
138.7726,inicio,True,93.2704,42.961,23.452,21.418,True,640,480,0,False,60.00,0.1000,-0.024706,-0.016723,0.270282,0.257137,0.001088,0.025345,0.966042
138.8799,inicio,True,93.3870,42.337,34.227,22.877,True,640,480,0,False,60.00,0.1000,-0.026555,-0.016046,0.269290,0.255948,-0.002074,0.025804,0.966344
138.9979,inicio,True,93.5037,41.804,34.227,22.877,True,640,480,0,False,60.00,0.1000,-0.026555,-0.016046,0.269290,0.255948,-0.002074,0.025804,0.966344
139.1611,inicio,True,93.6536,43.011,31.321,22.269,True,640,480,0,False,60.00,0.1000,-0.024419,-0.015068,0.269906,0.255084,-0.004092,0.025146,0.966583
139.2940,inicio,True,93.7869,43.295,19.866,26.754,True,640,480,0,False,60.00,0.1000,-0.021718,-0.010475,0.271406,0.252281,-0.000017,0.020422,0.967439
139.4164,inicio,True,93.9203,43.381,22.225,27.128,True,640,480,0,False,60.00,0.1000,-0.023903,-0.009961,0.275146,0.252678,-0.002309,0.019923,0.967343
139.5298,inicio,True,94.0369,42.698,22.225,27.128,True,640,480,0,False,60.00,0.1000,-0.023903,-0.009961,0.275146,0.252678,-0.002309,0.019923,0.967343
139.6463,inicio,True,94.1535,42.149,34.696,19.143,True,640,480,0,False,60.00,0.1000,-0.028227,-0.013454,0.279161,0.249445,-0.005527,0.027704,0.967977
139.7569,inicio,True,94.2534,42.952,22.212,21.335,True,640,480,0,False,60.00,0.1000,-0.021897,-0.013985,0.285795,0.265633,-0.014931,0.026309,0.963600
139.8631,inicio,True,94.3701,42.333,22.212,21.335,True,640,480,0,False,60.00,0.1000,-0.021897,-0.013985,0.285795,0.265633,-0.014931,0.026309,0.963600
139.9708,inicio,True,94.4700,43.119,27.392,25.341,True,640,480,0,False,60.00,0.1000,-0.004877,-0.003422,0.294711,0.267464,-0.010903,0.001785,0.963505
140.0964,inicio,True,94.6033,43.226,21.686,27.584,True,640,480,0,False,60.00,0.1000,0.001627,0.004781,0.294735,0.259860,-0.002318,-0.003525,0.965637
140.2155,inicio,True,94.7200,42.565,28.696,32.842,True,640,480,0,False,60.00,0.1000,0.011513,0.010043,0.295702,0.251388,0.021488,-0.006710,0.967625
140.3602,inicio,True,94.8533,44.914,20.649,18.176,True,640,480,0,False,60.00,0.1000,-0.001262,0.005027,0.291643,0.262003,0.006006,0.000171,0.965048
140.4627,inicio,True,94.9699,44.013,20.649,18.176,True,640,480,0,False,60.00,0.1000,-0.001262,0.005027,0.291643,0.262003,0.006006,0.000171,0.965048
140.5694,inicio,True,95.0698,44.635,23.111,25.475,True,640,480,0,False,60.00,0.1000,-0.012108,0.001389,0.292612,0.264998,-0.011960,0.009498,0.964128
140.6794,inicio,True,95.1865,43.774,39.587,19.810,True,640,480,0,False,60.00,0.1000,-0.011032,0.000841,0.293323,0.262745,-0.005275,0.009940,0.964800
140.8133,inicio,True,95.3031,45.171,27.499,23.149,True,640,480,0,False,60.00,0.1000,-0.012010,-0.000836,0.294039,0.265751,-0.008431,0.011069,0.963942
140.9873,inicio,True,95.4864,45.474,28.609,32.967,True,640,480,0,False,60.00,0.1000,-0.012540,-0.000593,0.292409,0.268293,-0.011289,0.009270,0.963227
141.1313,inicio,True,95.6368,48.391,24.876,27.243,True,640,480,0,False,60.00,0.1000,-0.012975,0.000378,0.289494,0.267438,-0.013379,0.010962,0.963420
141.2464,inicio,True,95.7534,46.994,24.876,27.243,True,640,480,0,False,60.00,0.1000,-0.012975,0.000378,0.289494,0.267438,-0.013379,0.010962,0.963420
141.3558,inicio,True,95.8530,47.309,36.390,38.862,True,640,480,0,False,60.00,0.1000,-0.011255,0.001685,0.290910,0.265404,-0.010968,0.011498,0.964006
141.4569,inicio,True,95.9529,49.940,24.316,23.811,True,640,480,0,False,60.00,0.1000,-0.010434,0.001616,0.290670,0.267165,-0.011063,0.011993,0.963513
141.5801,inicio,True,96.0861,49.070,24.316,23.811,True,640,480,0,False,60.00,0.1000,-0.010434,0.001616,0.290670,0.267165,-0.011063,0.011993,0.963513
141.6833,inicio,True,96.1863,49.211,25.665,20.461,True,640,480,0,False,60.00,0.1000,-0.008004,0.001732,0.291577,0.266152,-0.005481,0.012713,0.963832
141.7959,inicio,True,96.3030,47.699,25.665,20.461,True,640,480,0,False,60.00,0.1000,-0.008004,0.001732,0.291577,0.266152,-0.005481,0.012713,0.963832
141.9155,inicio,True,96.4194,48.787,24.539,25.144,True,640,480,0,False,60.00,0.1000,-0.008254,0.001678,0.291193,0.266491,-0.004619,0.012888,0.963740
142.0358,inicio,True,96.5360,47.330,31.795,31.967,True,640,480,0,False,60.00,0.1000,-0.010174,0.002096,0.290225,0.267431,-0.009032,0.012239,0.963457
142.1564,inicio,True,96.6527,48.382,20.687,16.611,True,640,480,0,False,60.00,0.1000,-0.010066,0.002697,0.289770,0.267059,-0.010629,0.012997,0.963534
142.2711,inicio,True,96.7693,47.067,20.892,27.288,True,640,480,0,False,60.00,0.1000,-0.008180,0.004582,0.289398,0.264256,-0.008130,0.012591,0.964336
142.4265,inicio,True,96.9192,45.351,23.921,29.953,True,640,480,0,False,60.00,0.1000,-0.008545,0.003591,0.290373,0.264783,-0.007098,0.012226,0.964204
142.5479,inicio,True,97.0525,45.301,23.836,27.593,True,640,480,0,False,60.00,0.1000,-0.009085,0.004409,0.290453,0.263976,-0.008985,0.011663,0.964417
142.6621,inicio,True,97.1692,44.345,23.836,27.593,True,640,480,0,False,60.00,0.1000,-0.009085,0.004409,0.290453,0.263976,-0.008985,0.011663,0.964417
142.7756,inicio,True,97.2691,44.935,22.899,24.736,True,640,480,0,False,60.00,0.1000,-0.010129,0.004070,0.290603,0.264595,-0.008364,0.010982,0.964261
142.9111,inicio,True,97.4024,47.052,26.397,27.675,True,640,480,0,False,60.00,0.1000,-0.010253,0.004471,0.290191,0.264675,-0.010165,0.011368,0.964217
143.0688,inicio,True,97.5690,48.265,28.402,33.180,True,640,480,0,False,60.00,0.1000,-0.011263,0.005668,0.289507,0.262910,-0.012760,0.010853,0.964675
143.2169,inicio,True,97.7190,50.891,23.280,36.824,True,640,480,0,False,60.00,0.1000,-0.011835,0.005653,0.289045,0.263539,-0.010961,0.010501,0.964529
143.3524,inicio,True,97.8526,52.441,29.366,24.595,True,640,480,0,False,60.00,0.1000,-0.012077,0.005928,0.288825,0.264690,-0.012652,0.010759,0.964191
143.4710,inicio,True,97.9691,50.540,19.948,27.251,True,640,480,0,False,60.00,0.1000,-0.010957,0.008159,0.288345,0.260762,-0.010916,0.011219,0.965276
143.6282,inicio,True,98.1189,48.175,26.743,27.198,True,640,480,0,False,60.00,0.1000,-0.011235,0.007899,0.288178,0.260921,-0.010234,0.010779,0.965246
143.7631,inicio,True,98.2687,48.547,26.457,20.027,True,640,480,0,False,60.00,0.1000,-0.011246,0.008576,0.288010,0.258723,-0.011338,0.011542,0.965816
143.8782,inicio,True,98.3853,47.125,20.910,21.339,True,640,480,0,False,60.00,0.1000,-0.011334,0.008535,0.287939,0.260522,-0.011891,0.011837,0.965322
143.9949,inicio,True,98.5020,45.914,20.910,21.339,True,640,480,0,False,60.00,0.1000,-0.011334,0.008535,0.287939,0.260522,-0.011891,0.011837,0.965322
144.1115,inicio,True,98.6187,44.910,28.566,23.564,True,640,480,0,False,60.00,0.1000,-0.010859,0.008879,0.287874,0.259602,-0.011233,0.011968,0.965576
144.2300,inicio,True,98.7353,44.049,19.880,25.853,True,640,480,0,False,60.00,0.1000,-0.011261,0.008462,0.288082,0.259404,-0.011143,0.011984,0.965630
144.3754,inicio,True,98.8687,44.192,29.144,24.737,True,640,480,0,False,60.00,0.1000,-0.011027,0.008396,0.288472,0.259573,-0.011774,0.011697,0.965581
144.5042,inicio,True,99.0020,46.382,22.828,23.998,True,640,480,0,False,60.00,0.1000,-0.011014,0.008478,0.288412,0.259163,-0.010625,0.011967,0.965701
144.6296,inicio,True,99.1353,46.185,32.408,25.669,True,640,480,0,False,60.00,0.1000,-0.010709,0.008980,0.288134,0.259021,-0.010762,0.011910,0.965738
144.7634,inicio,True,99.2686,48.178,29.873,23.487,True,640,480,0,False,60.00,0.1000,-0.010249,0.009129,0.288295,0.258875,-0.010463,0.012171,0.965777
144.8909,inicio,True,99.3851,46.888,22.328,30.226,True,640,480,0,False,60.00,0.1000,-0.010314,0.009126,0.288346,0.259475,-0.010883,0.012443,0.965609
145.0149,inicio,True,99.5184,46.619,28.677,24.521,True,640,480,0,False,60.00,0.1000,-0.010190,0.009124,0.288126,0.259593,-0.010352,0.011946,0.965589
145.1446,inicio,True,99.6517,46.225,20.385,21.509,True,640,480,0,False,60.00,0.1000,-0.010318,0.009416,0.288393,0.258179,-0.008615,0.011871,0.965986
145.2619,inicio,True,99.7683,45.138,20.385,21.509,True,640,480,0,False,60.00,0.1000,-0.010318,0.009416,0.288393,0.258179,-0.008615,0.011871,0.965986
145.3780,inicio,True,99.8849,44.243,22.284,25.398,True,640,480,0,False,60.00,0.1000,-0.009990,0.009057,0.288842,0.258600,-0.008087,0.011657,0.965881
145.4837,inicio,True,99.9849,44.847,30.875,29.110,True,640,480,0,False,60.00,0.1000,-0.009522,0.009546,0.289404,0.259119,-0.006968,0.011629,0.965750
145.6075,inicio,True,100.1016,46.140,20.743,20.702,True,640,480,0,False,60.00,0.1000,-0.009688,0.009927,0.289463,0.258012,-0.006709,0.011333,0.966052
145.7685,inicio,True,100.2682,45.427,31.128,39.842,True,640,480,0,False,60.00,0.1000,-0.009909,0.010369,0.288208,0.258375,-0.008217,0.011424,0.965942
145.9246,inicio,True,100.4181,48.287,29.073,24.386,True,640,480,0,False,60.00,0.1000,-0.009421,0.010181,0.285096,0.257000,-0.006856,0.011873,0.966314
146.0442,inicio,True,100.5514,47.655,29.073,24.386,True,640,480,0,False,60.00,0.1000,-0.009421,0.010181,0.285096,0.257000,-0.006856,0.011873,0.966314
146.1535,inicio,True,100.6513,47.924,20.010,18.121,True,640,480,0,False,60.00,0.1000,-0.009188,0.010557,0.288321,0.256981,-0.006245,0.011865,0.966323
146.2610,inicio,True,100.7680,46.593,20.010,18.121,True,640,480,0,False,60.00,0.1000,-0.009188,0.010557,0.288321,0.256981,-0.006245,0.011865,0.966323
146.3776,inicio,True,100.8846,45.492,21.708,25.516,True,640,480,0,False,60.00,0.1000,-0.009406,0.010375,0.288069,0.258127,-0.007255,0.012068,0.966009
146.4941,inicio,True,101.0012,44.548,22.412,24.592,True,640,480,0,False,60.00,0.1000,-0.009185,0.010952,0.288014,0.256629,-0.005465,0.011853,0.966422
146.6380,inicio,True,101.1345,44.613,23.890,25.879,True,640,480,0,False,60.00,0.1000,-0.009661,0.010575,0.288044,0.257631,-0.006586,0.011683,0.966150
146.7608,inicio,True,101.2678,44.506,20.786,21.064,True,640,480,0,False,60.00,0.1000,-0.009825,0.011285,0.287894,0.256405,-0.007717,0.011348,0.966472
146.8776,inicio,True,101.3845,43.666,20.899,21.830,True,640,480,0,False,60.00,0.1000,-0.009576,0.011344,0.288096,0.256687,-0.006593,0.011157,0.966408
146.9951,inicio,True,101.5012,42.945,20.899,21.830,True,640,480,0,False,60.00,0.1000,-0.009576,0.011344,0.288096,0.256687,-0.006593,0.011157,0.966408
147.1107,inicio,True,101.6178,42.361,19.892,27.375,True,640,480,0,False,60.00,0.1000,-0.009707,0.011630,0.287719,0.256440,-0.006415,0.011319,0.966473
147.2272,inicio,True,101.7343,41.857,26.575,21.884,True,640,480,0,False,60.00,0.1000,-0.009549,0.011300,0.287935,0.257051,-0.006620,0.011408,0.966308
147.3513,inicio,True,101.8509,41.472,19.591,27.465,True,640,480,0,False,60.00,0.1000,-0.009770,0.011631,0.287713,0.257434,-0.006768,0.011884,0.966199
147.5194,inicio,True,102.0176,43.645,22.235,21.839,True,640,480,0,False,60.00,0.1000,-0.010085,0.011697,0.287640,0.257251,-0.006742,0.011649,0.966251
147.6654,inicio,True,102.1676,44.594,27.352,22.798,True,640,480,0,False,60.00,0.1000,-0.009851,0.012087,0.287714,0.256733,-0.007166,0.011897,0.966383
147.7770,inicio,True,102.2842,43.739,27.352,22.798,True,640,480,0,False,60.00,0.1000,-0.009851,0.012087,0.287714,0.256733,-0.007166,0.011897,0.966383
147.8927,inicio,True,102.3841,44.387,22.180,25.971,True,640,480,0,False,60.00,0.1000,-0.010211,0.012276,0.287569,0.256759,-0.006948,0.011996,0.966376
148.0114,inicio,True,102.5174,44.313,20.212,19.265,True,640,480,0,False,60.00,0.1000,-0.010431,0.011759,0.287844,0.256761,-0.007486,0.011510,0.966377
148.1269,inicio,True,102.6340,43.496,20.212,19.265,True,640,480,0,False,60.00,0.1000,-0.010431,0.011759,0.287844,0.256761,-0.007486,0.011510,0.966377
148.2436,inicio,True,102.7507,42.837,25.708,24.417,True,640,480,0,False,60.00,0.1000,-0.010199,0.012317,0.287781,0.256846,-0.006785,0.011862,0.966356
148.3606,inicio,True,102.8673,42.271,22.859,22.185,True,640,480,0,False,60.00,0.1000,-0.010575,0.012181,0.287894,0.256572,-0.007052,0.011639,0.966429
148.5010,inicio,True,103.0006,42.661,22.170,23.427,True,640,480,0,False,60.00,0.1000,-0.010726,0.012843,0.287396,0.255669,-0.007700,0.011731,0.966663
148.6101,inicio,True,103.1172,42.081,37.418,28.309,True,640,480,0,False,60.00,0.1000,-0.010577,0.012577,0.287643,0.256241,-0.008135,0.011883,0.966506
148.7431,inicio,True,103.2339,43.643,22.373,22.798,True,640,480,0,False,60.00,0.1000,-0.011101,0.012766,0.287350,0.256027,-0.007568,0.011605,0.966570
148.8992,inicio,True,103.4005,43.395,28.239,27.728,True,640,480,0,False,60.00,0.1000,-0.011088,0.013304,0.287160,0.255292,-0.008304,0.011705,0.966757
149.0336,inicio,True,103.5339,45.666,21.703,29.003,True,640,480,0,False,60.00,0.1000,-0.011592,0.013214,0.287075,0.255372,-0.009254,0.011356,0.966732
149.1433,inicio,True,103.6504,44.694,20.979,25.453,True,640,480,0,False,60.00,0.1000,-0.011928,0.013203,0.287048,0.255800,-0.009816,0.011265,0.966614
149.2759,inicio,True,103.7670,43.903,20.972,25.358,True,640,480,0,False,60.00,0.1000,-0.011101,0.013573,0.287184,0.255637,-0.008276,0.011999,0.966663
149.4402,inicio,True,103.9335,43.603,20.008,18.292,True,640,480,0,False,60.00,0.1000,-0.010743,0.013705,0.287502,0.254488,-0.007317,0.011735,0.966977
149.5431,inicio,True,104.0504,42.897,38.791,27.938,True,640,480,0,False,60.00,0.1000,-0.010474,0.013569,0.287734,0.255118,-0.006797,0.011682,0.966815
149.6786,inicio,True,104.1836,45.210,22.326,24.537,True,640,480,0,False,60.00,0.1000,-0.010516,0.013455,0.287952,0.254608,-0.006709,0.011441,0.966953
149.7985,inicio,True,104.3002,44.346,20.309,23.514,True,640,480,0,False,60.00,0.1000,-0.010003,0.013283,0.288264,0.254836,-0.005869,0.011562,0.966897
149.9509,inicio,True,104.4501,43.132,23.152,22.711,True,640,480,0,False,60.00,0.1000,-0.010039,0.013006,0.288365,0.255868,-0.005936,0.011651,0.966623
150.0661,inicio,True,104.5667,42.567,20.256,24.056,True,640,480,0,False,60.00,0.1000,-0.009458,0.013415,0.288418,0.255600,-0.005745,0.010768,0.966706
150.2267,inicio,True,104.7334,42.519,27.313,28.497,True,640,480,0,False,60.00,0.1000,-0.009553,0.013110,0.288685,0.255816,-0.005001,0.010801,0.966652
150.3551,inicio,True,104.8501,44.042,25.880,22.856,True,640,480,0,False,60.00,0.1000,-0.009561,0.013221,0.288859,0.256126,-0.003965,0.010710,0.966576
150.4823,inicio,True,104.9834,44.179,25.802,37.034,True,640,480,0,False,60.00,0.1000,-0.009235,0.014206,0.288167,0.254517,-0.004848,0.010992,0.966994
150.6195,inicio,True,105.1166,46.369,25.203,25.747,True,640,480,0,False,60.00,0.1000,-0.009198,0.014178,0.288340,0.254237,-0.005711,0.011271,0.967059
150.7361,inicio,True,105.2333,45.343,23.738,23.672,True,640,480,0,False,60.00,0.1000,-0.008831,0.014480,0.288565,0.254450,-0.003546,0.011442,0.967012
150.9008,inicio,True,105.3999,44.777,23.833,28.508,True,640,480,0,False,60.00,0.1000,-0.008483,0.014764,0.288808,0.253591,-0.002414,0.011405,0.967241
151.0475,inicio,True,105.5498,47.741,22.134,20.909,True,640,480,0,False,60.00,0.1000,-0.007946,0.014768,0.289199,0.253358,-0.001743,0.011413,0.967304
151.1918,inicio,True,105.6830,47.267,35.696,19.899,True,640,480,0,False,60.00,0.1000,-0.007278,0.015534,0.288864,0.252370,-0.000422,0.011579,0.967561
151.3562,inicio,True,105.8497,46.347,30.901,35.253,True,640,480,0,False,60.00,0.1000,-0.006442,0.015842,0.288956,0.251338,-0.000213,0.012207,0.967822
151.5025,inicio,True,105.9997,49.122,27.956,25.715,True,640,480,0,False,60.00,0.1000,-0.006257,0.015837,0.288952,0.251796,-0.000446,0.012795,0.967696
151.6128,inicio,True,106.1163,47.661,22.705,23.865,True,640,480,0,False,60.00,0.1000,-0.006031,0.016237,0.288932,0.251138,0.002238,0.012287,0.967871
151.7280,inicio,True,106.2329,46.445,19.053,21.090,True,640,480,0,False,60.00,0.1000,-0.005458,0.016405,0.289134,0.250935,0.002952,0.012649,0.967917
151.8859,inicio,True,106.3828,44.842,21.577,26.597,True,640,480,0,False,60.00,0.1000,-0.005448,0.017266,0.288711,0.249408,0.002600,0.012604,0.968313
151.9987,inicio,True,106.4995,44.033,21.816,23.394,True,640,480,0,False,60.00,0.1000,-0.004746,0.017370,0.289045,0.248778,0.003769,0.012709,0.968470
152.1657,inicio,True,106.6661,43.712,35.976,21.776,True,640,480,0,False,60.00,0.1000,-0.005176,0.017702,0.289432,0.250210,0.003096,0.012011,0.968112
152.2862,inicio,True,106.7827,45.115,19.983,21.167,True,640,480,0,False,60.00,0.1000,-0.004885,0.018299,0.289861,0.249363,0.003354,0.011747,0.968333
152.3977,inicio,True,106.8993,44.266,20.595,23.559,True,640,480,0,False,60.00,0.1000,-0.004793,0.018862,0.289436,0.247758,0.004670,0.010922,0.968749
152.5523,inicio,True,107.0493,43.069,20.886,26.743,True,640,480,0,False,60.00,0.1000,-0.004484,0.019437,0.287930,0.248254,0.004744,0.011296,0.968617
152.6747,inicio,True,107.1659,42.512,29.890,26.120,True,640,480,0,False,60.00,0.1000,-0.003849,0.020053,0.286025,0.245769,0.004002,0.011828,0.969248
152.8324,inicio,True,107.3325,42.475,22.518,25.887,True,640,480,0,False,60.00,0.1000,-0.004386,0.019612,0.288056,0.246770,0.003976,0.011750,0.968995
152.9420,inicio,True,107.4491,41.921,38.261,24.597,True,640,480,0,False,60.00,0.1000,-0.005067,0.019910,0.287218,0.247362,0.003635,0.011490,0.968848
153.0911,inicio,True,107.5824,44.332,26.100,44.802,True,640,480,0,False,60.00,0.1000,-0.004136,0.020167,0.287336,0.245468,0.005833,0.012277,0.969309
153.2402,inicio,True,107.7324,47.299,23.261,20.637,True,640,480,0,False,60.00,0.1000,-0.003954,0.019161,0.287992,0.248423,0.006529,0.012036,0.968555
153.3585,inicio,True,107.8657,46.808,21.086,19.346,True,640,480,0,False,60.00,0.1000,-0.003790,0.019713,0.288036,0.246789,0.006787,0.011480,0.968978
153.4593,inicio,True,107.9656,44.885,21.086,19.346,True,640,480,0,False,60.00,0.1000,-0.003790,0.019713,0.288036,0.246789,0.006787,0.011480,0.968978
153.5707,inicio,True,108.0656,45.424,23.348,24.496,True,640,480,0,False,60.00,0.1000,-0.003281,0.019842,0.288189,0.247401,0.006857,0.011758,0.968818
153.6918,inicio,True,108.1989,45.202,20.453,19.803,True,640,480,0,False,60.00,0.1000,-0.003379,0.019277,0.288817,0.246957,0.007268,0.011481,0.968931
153.8089,inicio,True,108.3159,44.277,20.179,22.777,True,640,480,0,False,60.00,0.1000,-0.002909,0.019805,0.288817,0.247097,0.007990,0.011824,0.968886
153.9279,inicio,True,108.4332,43.501,20.179,22.777,True,640,480,0,False,60.00,0.1000,-0.002909,0.019805,0.288817,0.247097,0.007990,0.011824,0.968886
154.0424,inicio,True,108.5496,42.830,24.910,25.849,True,640,480,0,False,60.00,0.1000,-0.002952,0.019246,0.289302,0.247399,0.008620,0.011533,0.968807
154.1586,inicio,True,108.6654,42.227,20.960,23.133,True,640,480,0,False,60.00,0.1000,-0.002987,0.020970,0.288709,0.245633,0.009045,0.011399,0.969254
154.2953,inicio,True,108.7986,42.617,22.445,21.485,True,640,480,0,False,60.00,0.1000,-0.002533,0.021087,0.288959,0.245356,0.009096,0.011684,0.969320
154.4083,inicio,True,108.9150,42.033,18.703,19.875,True,640,480,0,False,60.00,0.1000,-0.002248,0.021113,0.289006,0.245130,0.008680,0.012422,0.969372
154.5088,inicio,True,109.0152,40.802,18.703,19.875,True,640,480,0,False,60.00,0.1000,-0.002248,0.021113,0.289006,0.245130,0.008680,0.012422,0.969372
154.6227,inicio,True,109.1156,41.761,32.215,45.983,True,640,480,0,False,60.00,0.1000,-0.002260,0.020983,0.289212,0.244631,0.008815,0.012497,0.969496
154.7680,inicio,True,109.2656,44.936,23.010,20.022,True,640,480,0,False,60.00,0.1000,-0.002159,0.020167,0.289762,0.245229,0.008008,0.012235,0.969355
154.8751,inicio,True,109.3819,44.057,19.281,27.820,True,640,480,0,False,60.00,0.1000,-0.002394,0.019986,0.289753,0.246405,0.009337,0.012476,0.969042
155.0053,inicio,True,109.4984,43.352,23.108,28.228,True,640,480,0,False,60.00,0.1000,-0.001956,0.020338,0.289903,0.245303,0.008843,0.012725,0.969323
155.1664,inicio,True,109.6651,43.165,21.942,27.197,True,640,480,0,False,60.00,0.1000,-0.002024,0.020472,0.289889,0.245891,0.009973,0.012860,0.969161
155.2916,inicio,True,109.7988,43.282,22.629,26.736,True,640,480,0,False,60.00,0.1000,-0.002359,0.019994,0.290126,0.246010,0.008330,0.012570,0.969150
155.4104,inicio,True,109.9151,42.598,20.915,28.360,True,640,480,0,False,60.00,0.1000,-0.002677,0.020185,0.290011,0.246538,0.009093,0.012354,0.969012
155.5249,inicio,True,110.0316,42.024,20.915,28.360,True,640,480,0,False,60.00,0.1000,-0.002677,0.020185,0.290011,0.246538,0.009093,0.012354,0.969012
155.6305,inicio,True,110.1318,42.849,22.553,20.283,True,640,480,0,False,60.00,0.1000,-0.003071,0.019831,0.290166,0.247099,0.005811,0.012537,0.968892
155.7414,inicio,True,110.2483,42.239,22.008,20.661,True,640,480,0,False,60.00,0.1000,-0.002822,0.020380,0.290209,0.245478,0.008610,0.012100,0.969288
155.8606,inicio,True,110.3650,41.722,22.008,20.661,True,640,480,0,False,60.00,0.1000,-0.002822,0.020380,0.290209,0.245478,0.008610,0.012100,0.969288
155.9746,inicio,True,110.4817,41.319,25.091,28.342,True,640,480,0,False,60.00,0.1000,-0.002865,0.020162,0.290309,0.246451,0.008169,0.012767,0.969037
156.0798,inicio,True,110.5815,42.195,23.427,18.490,True,640,480,0,False,60.00,0.1000,-0.002647,0.020282,0.290423,0.245600,0.008060,0.012115,0.969262
156.1915,inicio,True,110.6980,41.676,23.427,18.490,True,640,480,0,False,60.00,0.1000,-0.002647,0.020282,0.290423,0.245600,0.008060,0.012115,0.969262
156.3069,inicio,True,110.8023,42.744,34.258,24.129,True,640,480,0,False,60.00,0.1000,-0.002786,0.020258,0.290355,0.246822,0.007855,0.011971,0.968955
156.4136,inicio,True,110.9146,43.996,4.529,23.138,True,640,480,0,False,60.00,0.1000,-0.002786,0.020258,0.290355,0.246822,0.007855,0.011971,0.968955
156.5231,inicio,True,111.0146,42.475,20.580,17.688,True,640,480,0,False,60.00,0.1000,-0.003116,0.020298,0.290373,0.246171,0.006523,0.012510,0.969124
156.6954,inicio,True,111.1980,43.278,25.409,28.673,True,640,480,0,False,60.00,0.1000,-0.003389,0.020064,0.290690,0.246556,0.007472,0.012068,0.969025
156.8260,inicio,True,111.3316,43.376,25.898,26.316,True,640,480,0,False,60.00,0.1000,-0.003287,0.019978,0.290408,0.246856,0.006627,0.012245,0.968952
156.9412,inicio,True,111.4480,42.685,36.765,25.270,True,640,480,0,False,60.00,0.1000,-0.002997,0.020253,0.290781,0.245310,0.006879,0.011815,0.969348
157.0705,inicio,True,111.5647,44.191,22.593,26.143,True,640,480,0,False,60.00,0.1000,-0.002713,0.019978,0.290825,0.246571,0.006938,0.012273,0.969022
157.2387,inicio,True,111.7312,43.835,20.971,19.428,True,640,480,0,False,60.00,0.1000,-0.002340,0.020046,0.290932,0.246628,0.007813,0.012021,0.969004
157.3408,inicio,True,111.8477,43.081,36.567,27.116,True,640,480,0,False,60.00,0.1000,-0.002425,0.019683,0.291475,0.246552,0.008689,0.012035,0.969016
157.4823,inicio,True,111.9811,45.388,22.674,21.188,True,640,480,0,False,60.00,0.1000,-0.002419,0.019540,0.291655,0.246808,0.008676,0.011932,0.968952
157.5947,inicio,True,112.0976,44.411,22.674,21.188,True,640,480,0,False,60.00,0.1000,-0.002419,0.019540,0.291655,0.246808,0.008676,0.011932,0.968952
157.7073,inicio,True,112.2143,43.626,20.627,23.322,True,640,480,0,False,60.00,0.1000,-0.002172,0.020058,0.291345,0.246683,0.008009,0.012331,0.968985
157.8242,inicio,True,112.3309,42.946,22.462,25.404,True,640,480,0,False,60.00,0.1000,-0.002336,0.019679,0.291877,0.246705,0.009377,0.012119,0.968969
157.9624,inicio,True,112.4643,43.246,23.202,24.064,True,640,480,0,False,60.00,0.1000,-0.002171,0.019708,0.291637,0.247054,0.009020,0.012081,0.968885
158.0739,inicio,True,112.5810,42.582,25.125,23.342,True,640,480,0,False,60.00,0.1000,-0.002004,0.020355,0.291825,0.245552,0.010232,0.011799,0.969258
158.1906,inicio,True,112.6976,42.014,25.125,23.342,True,640,480,0,False,60.00,0.1000,-0.002004,0.020355,0.291825,0.245552,0.010232,0.011799,0.969258
158.2989,inicio,True,112.7976,42.836,19.822,21.584,True,640,480,0,False,60.00,0.1000,-0.001706,0.020475,0.292033,0.245541,0.009972,0.011668,0.969265
158.4071,inicio,True,112.9141,42.222,19.660,28.458,True,640,480,0,False,60.00,0.1000,-0.002004,0.020706,0.291631,0.245544,0.008909,0.011568,0.969275
158.5241,inicio,True,113.0306,41.701,19.660,28.458,True,640,480,0,False,60.00,0.1000,-0.002004,0.020706,0.291631,0.245544,0.008909,0.011568,0.969275
158.6407,inicio,True,113.1472,41.294,25.159,27.145,True,640,480,0,False,60.00,0.1000,-0.001887,0.020444,0.291940,0.246212,0.009785,0.011632,0.969097
158.7571,inicio,True,113.2473,42.188,22.511,24.578,True,640,480,0,False,60.00,0.1000,-0.001999,0.020941,0.291894,0.244545,0.009027,0.011905,0.969523
158.8735,inicio,True,113.3806,42.432,18.968,25.312,True,640,480,0,False,60.00,0.1000,-0.001788,0.020807,0.292149,0.244320,0.010587,0.011376,0.969570
158.9907,inicio,True,113.4972,41.882,18.968,25.312,True,640,480,0,False,60.00,0.1000,-0.001788,0.020807,0.292149,0.244320,0.010587,0.011376,0.969570
159.1079,inicio,True,113.6141,43.557,23.909,23.934,True,640,480,0,False,60.00,0.1000,-0.001671,0.021273,0.291980,0.244022,0.009440,0.011688,0.969653
159.2579,inicio,True,113.7639,44.509,20.895,26.034,True,640,480,0,False,60.00,0.1000,-0.001717,0.021544,0.291977,0.243800,0.009566,0.011770,0.969707
159.3745,inicio,True,113.8808,43.680,20.895,26.034,True,640,480,0,False,60.00,0.1000,-0.001717,0.021544,0.291977,0.243800,0.009566,0.011770,0.969707
159.4877,inicio,True,113.9808,44.336,27.835,34.807,True,640,480,0,False,60.00,0.1000,-0.002093,0.021802,0.291779,0.243768,0.011007,0.011677,0.969701
159.6397,inicio,True,114.1307,47.299,19.384,24.736,True,640,480,0,False,60.00,0.1000,-0.002535,0.020794,0.292593,0.244438,0.008411,0.012357,0.969550
159.7805,inicio,True,114.2803,47.627,20.082,22.878,True,640,480,0,False,60.00,0.1000,-0.002414,0.020872,0.292709,0.244836,0.008525,0.012436,0.969447
159.9353,inicio,True,114.4302,45.802,25.499,21.822,True,640,480,0,False,60.00,0.1000,-0.002453,0.020811,0.293001,0.244183,0.008212,0.012432,0.969615
160.0935,inicio,True,114.5968,45.155,20.216,22.056,True,640,480,0,False,60.00,0.1000,-0.002165,0.020767,0.292949,0.245105,0.008662,0.012890,0.969372
160.2064,inicio,True,114.7135,44.220,20.546,26.748,True,640,480,0,False,60.00,0.1000,-0.002325,0.021014,0.293173,0.244084,0.010406,0.012454,0.969619
160.3232,inicio,True,114.8304,43.433,20.546,26.748,True,640,480,0,False,60.00,0.1000,-0.002325,0.021014,0.293173,0.244084,0.010406,0.012454,0.969619
160.4234,inicio,True,114.9301,44.103,36.248,18.824,True,640,480,0,False,60.00,0.1000,-0.001998,0.020684,0.293417,0.245037,0.009032,0.013377,0.969379
160.5459,inicio,True,115.0467,43.395,22.393,22.854,True,640,480,0,False,60.00,0.1000,-0.001854,0.021341,0.293130,0.243101,0.010162,0.013084,0.969860
160.6805,inicio,True,115.1799,43.620,21.840,29.375,True,640,480,0,False,60.00,0.1000,-0.001743,0.021053,0.293276,0.244087,0.011078,0.012617,0.969608
160.8069,inicio,True,115.3131,43.653,22.385,22.828,True,640,480,0,False,60.00,0.1000,-0.001241,0.021313,0.293397,0.243031,0.013069,0.012852,0.969845
160.9229,inicio,True,115.4299,42.936,22.385,22.828,True,640,480,0,False,60.00,0.1000,-0.001241,0.021313,0.293397,0.243031,0.013069,0.012852,0.969845
161.0394,inicio,True,115.5466,42.360,20.015,28.968,True,640,480,0,False,60.00,0.1000,-0.001876,0.020761,0.293425,0.244411,0.010838,0.013062,0.969523
161.1558,inicio,True,115.6465,43.145,28.497,27.347,True,640,480,0,False,60.00,0.1000,-0.001166,0.021114,0.293723,0.243057,0.011774,0.012816,0.969856
161.2859,inicio,True,115.7798,45.393,28.435,23.265,True,640,480,0,False,60.00,0.1000,-0.001114,0.020919,0.293632,0.244406,0.012793,0.012502,0.969508
161.4153,inicio,True,115.9131,45.336,23.353,22.695,True,640,480,0,False,60.00,0.1000,-0.001234,0.021462,0.293431,0.243029,0.010943,0.013079,0.969869
161.5229,inicio,True,116.0297,44.373,23.353,22.695,True,640,480,0,False,60.00,0.1000,-0.001234,0.021462,0.293431,0.243029,0.010943,0.013079,0.969869
161.6274,inicio,True,116.1297,44.963,22.433,25.383,True,640,480,0,False,60.00,0.1000,-0.002568,0.021303,0.293192,0.244526,0.010397,0.013324,0.969496
161.7608,inicio,True,116.2643,44.874,25.511,42.888,True,640,480,0,False,60.00,0.1000,-0.002117,0.021339,0.293877,0.243090,0.009262,0.012926,0.969873
161.8935,inicio,True,116.3967,46.912,5.361,31.499,True,640,480,0,False,60.00,0.1000,-0.002117,0.021339,0.293877,0.243090,0.009262,0.012926,0.969873
162.0068,inicio,True,116.5139,45.794,20.792,24.842,True,640,480,0,False,60.00,0.1000,-0.001269,0.022250,0.293082,0.242467,0.012043,0.012766,0.970001
162.1303,inicio,True,116.6297,44.812,22.132,23.137,True,640,480,0,False,60.00,0.1000,-0.002583,0.021593,0.293342,0.242298,0.010646,0.013028,0.970056
162.2505,inicio,True,116.7463,44.004,19.879,28.920,True,640,480,0,False,60.00,0.1000,-0.003756,0.021168,0.293932,0.243546,0.007186,0.013625,0.969767
162.4336,inicio,True,116.9297,44.526,25.150,26.172,True,640,480,0,False,60.00,0.1000,-0.001989,0.021367,0.293794,0.244480,0.008176,0.013226,0.969530
162.5639,inicio,True,117.0627,46.671,24.396,23.314,True,640,480,0,False,60.00,0.1000,-0.001386,0.022543,0.293331,0.242332,0.009570,0.013562,0.970051
162.6871,inicio,True,117.1794,47.870,42.947,33.993,True,640,480,0,False,60.00,0.1000,-0.003665,0.021392,0.293703,0.242547,0.008699,0.013643,0.970005
162.8406,inicio,True,117.3461,51.288,19.776,21.211,True,640,480,0,False,60.00,0.1000,-0.003922,0.022161,0.293887,0.242627,0.007126,0.013732,0.969996
162.9558,inicio,True,117.4625,49.505,22.401,19.003,True,640,480,0,False,60.00,0.1000,-0.003203,0.021893,0.294071,0.241582,0.007741,0.014001,0.970249
163.0867,inicio,True,117.5792,48.036,21.044,32.111,True,640,480,0,False,60.00,0.1000,-0.003087,0.021248,0.293919,0.244353,0.007994,0.013845,0.969555
163.2117,inicio,True,117.7124,47.599,22.777,27.287,True,640,480,0,False,60.00,0.1000,-0.004371,0.021575,0.294470,0.242347,0.007806,0.014670,0.970047
163.3393,inicio,True,117.8456,47.062,24.244,27.429,True,640,480,0,False,60.00,0.1000,-0.004753,0.021214,0.294786,0.243216,0.007294,0.014615,0.969835
163.4565,inicio,True,117.9625,45.867,24.244,27.429,True,640,480,0,False,60.00,0.1000,-0.004753,0.021214,0.294786,0.243216,0.007294,0.014615,0.969835
163.5673,inicio,True,118.0624,46.308,28.532,18.945,True,640,480,0,False,60.00,0.1000,-0.005347,0.021318,0.294065,0.243403,0.006054,0.015148,0.969788
163.7094,inicio,True,118.2123,46.790,20.831,22.695,True,640,480,0,False,60.00,0.1000,-0.005434,0.021466,0.294378,0.242958,0.006426,0.015178,0.969897
163.8744,inicio,True,118.3790,45.960,33.098,32.625,True,640,480,0,False,60.00,0.1000,-0.004653,0.021082,0.294628,0.243700,0.005403,0.014959,0.969720
164.0213,inicio,True,118.5123,47.976,22.615,29.188,True,640,480,0,False,60.00,0.1000,-0.003541,0.021189,0.294774,0.242927,0.008023,0.015219,0.969892
164.1385,inicio,True,118.6457,47.397,22.236,20.252,True,640,480,0,False,60.00,0.1000,-0.004417,0.019367,0.295440,0.243852,0.007953,0.015251,0.969660
164.2385,inicio,True,118.7456,45.386,22.236,20.252,True,640,480,0,False,60.00,0.1000,-0.004417,0.019367,0.295440,0.243852,0.007953,0.015251,0.969660
164.3457,inicio,True,118.8457,45.881,32.122,23.312,True,640,480,0,False,60.00,0.1000,-0.003873,0.019197,0.295430,0.246485,0.007236,0.015345,0.968998
164.4720,inicio,True,118.9789,45.588,25.856,21.445,True,640,480,0,False,60.00,0.1000,-0.003335,0.019060,0.295935,0.246307,0.006727,0.014866,0.969055
164.5884,inicio,True,119.0957,44.601,25.856,21.445,True,640,480,0,False,60.00,0.1000,-0.003335,0.019060,0.295935,0.246307,0.006727,0.014866,0.969055
164.6987,inicio,True,119.1954,45.156,39.566,29.243,True,640,480,0,False,60.00,0.1000,-0.000559,0.019765,0.296231,0.245560,0.010621,0.014629,0.969213
164.8309,inicio,True,119.3286,47.205,12.562,27.804,True,640,480,0,False,60.00,0.1000,-0.000559,0.019765,0.296231,0.245560,0.010621,0.014629,0.969213
164.9381,inicio,True,119.4451,46.011,18.764,26.993,True,640,480,0,False,60.00,0.1000,-0.000970,0.019633,0.296479,0.245732,0.011931,0.014023,0.969163
165.0848,inicio,True,119.5785,45.873,26.704,22.704,True,640,480,0,False,60.00,0.1000,-0.000204,0.019385,0.297079,0.245991,0.012560,0.013900,0.969091
165.2053,inicio,True,119.7118,45.586,25.130,32.609,True,640,480,0,False,60.00,0.1000,-0.000449,0.019321,0.297058,0.245841,0.011686,0.013713,0.969143
165.3402,inicio,True,119.8457,47.670,23.452,29.141,True,640,480,0,False,60.00,0.1000,-0.000565,0.019650,0.296757,0.246124,0.012276,0.014115,0.969058
165.4535,inicio,True,119.9451,45.593,19.694,18.920,True,640,480,0,False,60.00,0.1000,-0.000975,0.019031,0.297401,0.245869,0.011931,0.013494,0.969136
165.6123,inicio,True,120.1118,44.986,22.244,23.898,True,640,480,0,False,60.00,0.1000,-0.000062,0.020054,0.296777,0.245545,0.012939,0.013416,0.969206
165.7214,inicio,True,120.2284,44.074,22.244,23.898,True,640,480,0,False,60.00,0.1000,-0.000062,0.020054,0.296777,0.245545,0.012939,0.013416,0.969206
165.8308,inicio,True,120.3283,44.689,26.309,27.170,True,640,480,0,False,60.00,0.1000,-0.001003,0.019414,0.297432,0.246049,0.012154,0.013312,0.969090
165.9725,inicio,True,120.4784,45.410,19.059,22.492,True,640,480,0,False,60.00,0.1000,-0.001696,0.020007,0.296771,0.245195,0.010728,0.013768,0.969317
166.1396,inicio,True,120.6453,44.847,21.979,23.297,True,640,480,0,False,60.00,0.1000,-0.000874,0.019989,0.297064,0.245819,0.010454,0.013851,0.969160
166.2554,inicio,True,120.7619,43.954,20.119,31.805,True,640,480,0,False,60.00,0.1000,-0.001662,0.020290,0.296911,0.243650,0.011632,0.013527,0.969699
166.3713,inicio,True,120.8782,43.176,20.119,31.805,True,640,480,0,False,60.00,0.1000,-0.001662,0.020290,0.296911,0.243650,0.011632,0.013527,0.969699
166.4754,inicio,True,120.9780,43.870,22.432,36.408,True,640,480,0,False,60.00,0.1000,-0.001056,0.020400,0.297359,0.244701,0.011658,0.013900,0.969429
166.6104,inicio,True,121.1115,46.100,26.117,23.944,True,640,480,0,False,60.00,0.1000,-0.001016,0.020408,0.297410,0.243808,0.011362,0.014165,0.969653
166.7305,inicio,True,121.2279,45.099,24.290,24.323,True,640,480,0,False,60.00,0.1000,0.000109,0.020410,0.297913,0.244613,0.012745,0.013906,0.969438
166.8833,inicio,True,121.3779,43.756,22.271,30.150,True,640,480,0,False,60.00,0.1000,0.000324,0.020574,0.298120,0.243397,0.013002,0.014113,0.969737
167.0147,inicio,True,121.5113,43.939,24.400,32.359,True,640,480,0,False,60.00,0.1000,0.000376,0.019919,0.298813,0.244479,0.014818,0.014070,0.969439
167.1465,inicio,True,121.6447,46.157,25.004,26.910,True,640,480,0,False,60.00,0.1000,0.000000,0.019986,0.298807,0.244550,0.015036,0.014016,0.969419
167.2692,inicio,True,121.7612,45.154,26.755,26.266,True,640,480,0,False,60.00,0.1000,0.000534,0.019854,0.298858,0.244450,0.013591,0.014356,0.969460
167.4274,inicio,True,121.9279,44.628,33.685,35.659,True,640,480,0,False,60.00,0.1000,-0.000618,0.020277,0.298725,0.244463,0.013346,0.013515,0.969473
167.5639,inicio,True,122.0614,46.741,5.435,34.672,True,640,480,0,False,60.00,0.1000,-0.000618,0.020277,0.298725,0.244463,0.013346,0.013515,0.969473
167.6656,inicio,True,122.1613,47.098,21.855,19.665,True,640,480,0,False,60.00,0.1000,-0.001056,0.019598,0.298780,0.244425,0.011684,0.013545,0.969503
167.7705,inicio,True,122.2777,45.872,21.855,19.665,True,640,480,0,False,60.00,0.1000,-0.001056,0.019598,0.298780,0.244425,0.011684,0.013545,0.969503
167.8814,inicio,True,122.3776,46.314,28.311,28.392,True,640,480,0,False,60.00,0.1000,-0.000390,0.019931,0.299029,0.244888,0.014274,0.013623,0.969351
168.0065,inicio,True,122.5110,48.298,28.713,18.928,True,640,480,0,False,60.00,0.1000,-0.000666,0.019204,0.299482,0.244076,0.012322,0.013458,0.969585
168.1454,inicio,True,122.6443,47.829,35.880,29.395,True,640,480,0,False,60.00,0.1000,-0.000317,0.019348,0.298910,0.246331,0.013607,0.013039,0.969002
168.2889,inicio,True,122.7942,50.456,4.273,32.062,True,640,480,0,False,60.00,0.1000,-0.000855,0.019079,0.299267,0.245896,0.010568,0.014096,0.969136
168.4204,inicio,True,122.9275,47.278,38.759,21.417,True,640,480,0,False,60.00,0.1000,0.000033,0.019578,0.298973,0.245810,0.013294,0.013422,0.969134
168.5604,inicio,True,123.0610,49.173,21.734,26.583,True,640,480,0,False,60.00,0.1000,-0.000740,0.018593,0.299697,0.246108,0.012725,0.013404,0.969066
168.6706,inicio,True,123.1776,47.665,35.342,24.861,True,640,480,0,False,60.00,0.1000,-0.000391,0.019121,0.299504,0.246376,0.012743,0.013645,0.968994
168.7923,inicio,True,123.2941,48.675,20.327,22.477,True,640,480,0,False,60.00,0.1000,-0.000112,0.019361,0.299468,0.245126,0.012038,0.014154,0.969313
168.9097,inicio,True,123.4106,47.315,18.819,26.655,True,640,480,0,False,60.00,0.1000,-0.000534,0.018296,0.300009,0.247355,0.012501,0.013808,0.968746
169.0646,inicio,True,123.5606,45.553,19.436,31.047,True,640,480,0,False,60.00,0.1000,0.000592,0.019388,0.299879,0.246036,0.013025,0.013969,0.969072
169.2125,inicio,True,123.7107,44.127,19.867,27.708,True,640,480,0,False,60.00,0.1000,0.001452,0.019609,0.300938,0.245366,0.014105,0.013077,0.969240
169.3387,inicio,True,123.8439,44.246,23.447,26.855,True,640,480,0,False,60.00,0.1000,0.004139,0.019337,0.302437,0.244408,0.018507,0.013491,0.969402
169.4556,inicio,True,123.9605,43.437,20.357,27.645,True,640,480,0,False,60.00,0.1000,0.003230,0.019088,0.303018,0.246123,0.017073,0.012912,0.969002
169.5710,inicio,True,124.0770,42.743,20.357,27.645,True,640,480,0,False,60.00,0.1000,0.003230,0.019088,0.303018,0.246123,0.017073,0.012912,0.969002
169.6871,inicio,True,124.1938,42.196,18.981,25.769,True,640,480,0,False,60.00,0.1000,0.002513,0.018992,0.303015,0.246576,0.015907,0.012732,0.968909
169.8676,inicio,True,124.3604,44.263,26.518,34.009,True,640,480,0,False,60.00,0.1000,0.002117,0.018346,0.303947,0.246569,0.016800,0.012701,0.968896
170.0052,inicio,True,124.5103,47.232,27.613,27.431,True,640,480,0,False,60.00,0.1000,0.001188,0.018336,0.304539,0.246973,0.014824,0.012626,0.968827
170.1240,inicio,True,124.6272,46.095,18.420,23.592,True,640,480,0,False,60.00,0.1000,-0.000701,0.014997,0.307639,0.250087,0.011279,0.013648,0.968062
170.2761,inicio,True,124.7770,44.552,20.696,25.076,True,640,480,0,False,60.00,0.1000,-0.002669,0.014538,0.309300,0.251772,0.007546,0.013271,0.967666
170.3915,inicio,True,124.8935,43.781,23.145,21.893,True,640,480,0,False,60.00,0.1000,0.000075,0.014718,0.312394,0.251466,0.011362,0.014402,0.967692
170.5139,inicio,True,125.0100,43.114,26.146,24.054,True,640,480,0,False,60.00,0.1000,-0.001636,0.015481,0.312316,0.252513,0.008457,0.014224,0.967452
170.6673,inicio,True,125.1601,42.137,34.520,20.459,True,640,480,0,False,60.00,0.1000,0.001555,0.016377,0.308647,0.248979,0.015677,0.013645,0.968286
170.7883,inicio,True,125.2933,42.544,25.475,25.382,True,640,480,0,False,60.00,0.1000,-0.000985,0.015300,0.308700,0.251676,0.005828,0.015409,0.967671
170.9028,inicio,True,125.4100,41.980,25.475,25.382,True,640,480,0,False,60.00,0.1000,-0.000985,0.015300,0.308700,0.251676,0.005828,0.015409,0.967671
171.0088,inicio,True,125.5099,42.801,19.298,21.348,True,640,480,0,False,60.00,0.1000,-0.000945,0.014853,0.309518,0.250251,0.008875,0.015104,0.968023
171.1195,inicio,True,125.6265,42.201,18.937,25.036,True,640,480,0,False,60.00,0.1000,0.000372,0.013854,0.310386,0.251660,0.012804,0.015297,0.967610
171.2366,inicio,True,125.7434,41.698,18.937,25.036,True,640,480,0,False,60.00,0.1000,0.000372,0.013854,0.310386,0.251660,0.012804,0.015297,0.967610
171.3528,inicio,True,125.8599,41.289,21.351,23.825,True,640,480,0,False,60.00,0.1000,0.000750,0.012679,0.311150,0.254931,0.009998,0.015255,0.966787
171.4695,inicio,True,125.9765,40.940,19.477,23.177,True,640,480,0,False,60.00,0.1000,0.001780,0.012818,0.311500,0.254389,0.014668,0.015334,0.966869
171.5901,inicio,True,126.0929,40.679,20.643,24.309,True,640,480,0,False,60.00,0.1000,0.001973,0.012808,0.311217,0.255054,0.012092,0.015925,0.966720
171.6938,inicio,True,126.1931,39.639,9.918,22.334,True,640,480,0,False,60.00,0.1000,0.003390,0.012592,0.312370,0.253748,0.016854,0.015275,0.967003
171.8374,inicio,True,126.3430,39.299,18.789,22.298,True,640,480,0,False,60.00,0.1000,0.003248,0.012862,0.312477,0.253542,0.014892,0.016009,0.967077
171.9883,inicio,True,126.4930,39.023,19.354,22.996,True,640,480,0,False,60.00,0.1000,0.003759,0.012213,0.312905,0.253436,0.017141,0.015610,0.967074
172.1089,inicio,True,126.6096,39.042,22.130,24.416,True,640,480,0,False,60.00,0.1000,0.003391,0.012154,0.313036,0.253874,0.015807,0.016060,0.966975
172.2732,inicio,True,126.7762,39.646,21.257,20.940,True,640,480,0,False,60.00,0.1000,0.003375,0.011359,0.313667,0.255273,0.015159,0.016188,0.966615
172.3858,inicio,True,126.8930,39.504,23.907,26.088,True,640,480,0,False,60.00,0.1000,0.004052,0.011568,0.313725,0.254236,0.017565,0.015943,0.966851
172.5023,inicio,True,127.0095,39.370,23.907,26.088,True,640,480,0,False,60.00,0.1000,0.004052,0.011568,0.313725,0.254236,0.017565,0.015943,0.966851
172.6196,inicio,True,127.1262,39.303,19.670,22.249,True,640,480,0,False,60.00,0.1000,0.004331,0.011169,0.314176,0.255699,0.017143,0.015768,0.966476
172.7355,inicio,True,127.2427,39.236,18.928,26.783,True,640,480,0,False,60.00,0.1000,0.004864,0.011119,0.314497,0.254029,0.018996,0.015925,0.966879
172.8536,inicio,True,127.3593,39.225,19.293,21.592,True,640,480,0,False,60.00,0.1000,0.004764,0.010132,0.315213,0.256062,0.017947,0.015955,0.966362
172.9788,inicio,True,127.4761,39.226,22.174,24.850,True,640,480,0,False,60.00,0.1000,0.005302,0.010550,0.315261,0.255605,0.019186,0.016055,0.966458
173.1445,inicio,True,127.6426,39.791,25.031,20.999,True,640,480,0,False,60.00,0.1000,0.005614,0.010021,0.315666,0.255717,0.019247,0.016332,0.966422
173.2531,inicio,True,127.7592,39.616,35.291,20.477,True,640,480,0,False,60.00,0.1000,0.006922,0.010580,0.315586,0.256118,0.020531,0.016989,0.966278
173.3851,inicio,True,127.8923,40.213,35.291,20.477,True,640,480,0,False,60.00,0.1000,0.006922,0.010580,0.315586,0.256118,0.020531,0.016989,0.966278
173.5020,inicio,True,128.0091,40.032,19.956,23.134,True,640,480,0,False,60.00,0.1000,0.007235,0.011438,0.315335,0.254281,0.022997,0.016565,0.966715
173.6020,inicio,True,128.1092,39.083,18.875,18.993,True,640,480,0,False,60.00,0.1000,0.007597,0.010937,0.315610,0.254788,0.022205,0.017454,0.966585
173.7399,inicio,True,128.2424,39.922,25.948,25.930,True,640,480,0,False,60.00,0.1000,0.008059,0.011541,0.315839,0.254097,0.023125,0.017843,0.966738
173.8687,inicio,True,128.3757,40.484,19.322,21.283,True,640,480,0,False,60.00,0.1000,0.007857,0.011177,0.316910,0.253795,0.022311,0.017720,0.966838
173.9852,inicio,True,128.4922,40.209,18.435,22.503,True,640,480,0,False,60.00,0.1000,0.007898,0.011351,0.316462,0.254069,0.023401,0.017685,0.966741
174.1018,inicio,True,128.6090,39.985,18.435,22.503,True,640,480,0,False,60.00,0.1000,0.007898,0.011351,0.316462,0.254069,0.023401,0.017685,0.966741
174.2186,inicio,True,128.7256,39.823,22.574,22.947,True,640,480,0,False,60.00,0.1000,0.007717,0.010927,0.314864,0.254311,0.022084,0.018047,0.966702
174.3350,inicio,True,128.8422,39.686,19.183,26.059,True,640,480,0,False,60.00,0.1000,0.006930,0.010680,0.313062,0.253819,0.021810,0.018410,0.966831
174.4522,inicio,True,128.9588,39.614,18.896,21.318,True,640,480,0,False,60.00,0.1000,0.005082,0.009395,0.315419,0.256982,0.017005,0.019117,0.966078
174.5741,inicio,True,129.0754,39.547,18.057,27.182,True,640,480,0,False,60.00,0.1000,0.005901,0.010013,0.315482,0.255633,0.020408,0.018534,0.966381
174.7194,inicio,True,129.2254,39.226,18.698,22.139,True,640,480,0,False,60.00,0.1000,0.005771,0.009540,0.315656,0.256713,0.018363,0.019127,0.966124
174.8438,inicio,True,129.3420,39.217,25.119,24.624,True,640,480,0,False,60.00,0.1000,0.005905,0.009351,0.315838,0.256479,0.019155,0.018698,0.966179
174.9906,inicio,True,129.4920,38.957,20.560,26.269,True,640,480,0,False,60.00,0.1000,0.005451,0.009121,0.316101,0.256814,0.018452,0.018922,0.966099
175.1026,inicio,True,129.6086,38.986,18.226,21.613,True,640,480,0,False,60.00,0.1000,0.005914,0.008802,0.316207,0.257618,0.018943,0.018626,0.965882
175.2554,inicio,True,129.7586,38.770,19.123,25.311,True,640,480,0,False,60.00,0.1000,0.005398,0.009091,0.316030,0.256864,0.018762,0.018168,0.966095
175.3668,inicio,True,129.8585,37.993,18.132,20.668,True,640,480,0,False,60.00,0.1000,0.005131,0.008644,0.316256,0.257852,0.017572,0.018186,0.965854
175.5210,inicio,True,130.0251,38.792,24.785,24.481,True,640,480,0,False,60.00,0.1000,0.005066,0.009604,0.315771,0.256592,0.018811,0.017586,0.966177
175.6347,inicio,True,130.1418,38.764,24.785,24.481,True,640,480,0,False,60.00,0.1000,0.005066,0.009604,0.315771,0.256592,0.018811,0.017586,0.966177
175.7520,inicio,True,130.2584,38.780,18.195,22.206,True,640,480,0,False,60.00,0.1000,0.004248,0.008772,0.315919,0.257262,0.017666,0.017156,0.966028
175.8679,inicio,True,130.3751,38.795,19.302,27.321,True,640,480,0,False,60.00,0.1000,0.003378,0.008947,0.315575,0.258171,0.014885,0.016276,0.965847
175.9852,inicio,True,130.4917,38.847,19.975,20.488,True,640,480,0,False,60.00,0.1000,0.001888,0.008368,0.315588,0.259071,0.013137,0.016274,0.965632
176.1061,inicio,True,130.6083,38.891,19.061,24.446,True,640,480,0,False,60.00,0.1000,0.000839,0.007891,0.315565,0.260015,0.011648,0.016150,0.965399
176.2577,inicio,True,130.7585,38.705,21.614,23.589,True,640,480,0,False,60.00,0.1000,0.000437,0.007467,0.315541,0.259849,0.010354,0.015731,0.965466
176.3687,inicio,True,130.8750,38.762,18.025,22.724,True,640,480,0,False,60.00,0.1000,-0.001548,0.006840,0.315264,0.260511,0.009215,0.015926,0.965296
176.5231,inicio,True,131.0248,38.577,23.282,23.493,True,640,480,0,False,60.00,0.1000,-0.003772,0.005696,0.315717,0.262181,0.005397,0.015648,0.964877
176.6402,inicio,True,131.1413,38.656,19.317,27.196,True,640,480,0,False,60.00,0.1000,-0.004974,0.005087,0.315642,0.263926,0.002931,0.016522,0.964397
176.7876,inicio,True,131.2914,38.509,20.283,22.501,True,640,480,0,False,60.00,0.1000,-0.005609,0.004601,0.316018,0.264141,0.003305,0.016424,0.964339
176.9040,inicio,True,131.4080,38.600,22.262,21.216,True,640,480,0,False,60.00,0.1000,-0.005937,0.004643,0.316139,0.264579,0.000750,0.016224,0.964227
177.0545,inicio,True,131.5580,38.453,20.348,24.179,True,640,480,0,False,60.00,0.1000,-0.005874,0.004643,0.316072,0.264310,0.001829,0.016628,0.964293
177.1693,inicio,True,131.6746,38.554,18.278,23.299,True,640,480,0,False,60.00,0.1000,-0.005881,0.004728,0.316983,0.263205,0.001928,0.016500,0.964597
177.3240,inicio,True,131.8248,38.428,20.423,26.131,True,640,480,0,False,60.00,0.1000,-0.006691,0.004565,0.316604,0.264834,-0.001269,0.016523,0.964151
177.4336,inicio,True,131.9246,37.691,19.030,20.578,True,640,480,0,False,60.00,0.1000,-0.005814,0.004916,0.315765,0.263605,0.001381,0.016787,0.964484
177.5898,inicio,True,132.0908,38.529,19.227,25.014,True,640,480,0,False,60.00,0.1000,-0.006550,0.004827,0.315700,0.264318,-0.002186,0.017090,0.964282
177.7009,inicio,True,132.2078,38.553,19.227,25.014,True,640,480,0,False,60.00,0.1000,-0.006550,0.004827,0.315700,0.264318,-0.002186,0.017090,0.964282
177.8339,inicio,True,132.3410,37.582,8.922,21.944,True,640,480,0,False,60.00,0.1000,-0.006722,0.004533,0.316134,0.264182,-0.001595,0.016735,0.964326
177.9670,inicio,True,132.4743,36.791,17.815,22.418,True,640,480,0,False,60.00,0.1000,-0.007229,0.005134,0.315562,0.263286,-0.001261,0.016447,0.964577
178.0708,inicio,True,132.5743,38.119,9.091,18.157,True,640,480,0,False,60.00,0.1000,-0.006438,0.005234,0.315891,0.262776,-0.000024,0.016608,0.964714
178.2005,inicio,True,132.7076,37.229,18.223,19.010,True,640,480,0,False,60.00,0.1000,-0.006947,0.005212,0.315712,0.263895,0.000162,0.016585,0.964409
178.3005,inicio,True,132.8075,36.672,18.223,19.010,True,640,480,0,False,60.00,0.1000,-0.006947,0.005212,0.315712,0.263895,0.000162,0.016585,0.964409
178.4066,inicio,True,132.9075,38.012,19.586,20.317,True,640,480,0,False,60.00,0.1000,-0.006482,0.005049,0.316144,0.263806,-0.001943,0.016841,0.964427
178.5175,inicio,True,133.0242,38.095,18.095,22.727,True,640,480,0,False,60.00,0.1000,-0.006483,0.005271,0.316024,0.263355,-0.000466,0.016593,0.964556
178.6338,inicio,True,133.1408,38.167,18.095,22.727,True,640,480,0,False,60.00,0.1000,-0.006483,0.005271,0.316024,0.263355,-0.000466,0.016593,0.964556
178.7508,inicio,True,133.2574,38.267,19.984,23.108,True,640,480,0,False,60.00,0.1000,-0.006519,0.005319,0.316109,0.262934,-0.001745,0.016909,0.964664
178.8835,inicio,True,133.3907,37.349,20.069,20.038,True,640,480,0,False,60.00,0.1000,-0.007320,0.005063,0.315930,0.264205,-0.002870,0.016453,0.964322
179.0004,inicio,True,133.5077,37.584,35.347,21.032,True,640,480,0,False,60.00,0.1000,-0.006704,0.004994,0.315892,0.263968,-0.000733,0.016576,0.964389
179.1343,inicio,True,133.6407,38.629,25.077,21.305,True,640,480,0,False,60.00,0.1000,-0.006875,0.005174,0.316048,0.263127,-0.000915,0.017089,0.964610
179.2502,inicio,True,133.7573,38.623,20.473,28.992,True,640,480,0,False,60.00,0.1000,-0.007062,0.005154,0.316179,0.263001,-0.001210,0.017323,0.964639
179.3674,inicio,True,133.8738,38.614,20.473,28.992,True,640,480,0,False,60.00,0.1000,-0.007062,0.005154,0.316179,0.263001,-0.001210,0.017323,0.964639
179.4835,inicio,True,133.9905,38.654,20.776,26.200,True,640,480,0,False,60.00,0.1000,-0.007684,0.004880,0.315987,0.264217,-0.003697,0.016503,0.964315
179.6167,inicio,True,134.1238,37.666,17.653,21.813,True,640,480,0,False,60.00,0.1000,-0.007022,0.005505,0.316023,0.262040,-0.000288,0.016773,0.964911
179.7334,inicio,True,134.2404,37.837,35.549,20.648,True,640,480,0,False,60.00,0.1000,-0.007243,0.005574,0.315772,0.263526,-0.002369,0.016655,0.964506
179.8753,inicio,True,134.3737,38.857,27.390,29.369,True,640,480,0,False,60.00,0.1000,-0.007298,0.005555,0.315860,0.262741,-0.002293,0.016948,0.964715
179.9955,inicio,True,134.4904,40.736,21.888,21.915,True,640,480,0,False,60.00,0.1000,-0.007091,0.005728,0.315983,0.262835,-0.002048,0.016449,0.964698
180.1067,inicio,True,134.6070,40.512,20.085,27.048,True,640,480,0,False,60.00,0.1000,-0.007669,0.005291,0.315982,0.264131,-0.002098,0.016774,0.964339
180.2558,inicio,True,134.7569,40.011,24.563,19.733,True,640,480,0,False,60.00,0.1000,-0.007518,0.006335,0.315650,0.261829,-0.001271,0.016577,0.964971
180.3716,inicio,True,134.8736,39.890,18.018,26.624,True,640,480,0,False,60.00,0.1000,-0.007223,0.006289,0.315792,0.262124,-0.002200,0.016485,0.964891
180.5205,inicio,True,135.0237,39.516,20.970,22.985,True,640,480,0,False,60.00,0.1000,-0.007276,0.006207,0.315744,0.261543,-0.001134,0.016769,0.965046
180.6351,inicio,True,135.1403,39.461,19.066,22.618,True,640,480,0,False,60.00,0.1000,-0.007174,0.005952,0.315928,0.261729,-0.001594,0.016853,0.964993
180.7892,inicio,True,135.2901,39.149,19.835,24.818,True,640,480,0,False,60.00,0.1000,-0.007634,0.006178,0.315549,0.263050,-0.002812,0.017429,0.964621
180.9075,inicio,True,135.4067,39.148,20.813,27.525,True,640,480,0,False,60.00,0.1000,-0.007491,0.006013,0.315897,0.262154,-0.002351,0.016766,0.964878
181.0747,inicio,True,135.5732,39.732,25.087,27.178,True,640,480,0,False,60.00,0.1000,-0.007580,0.006559,0.315593,0.261804,-0.001116,0.016822,0.964974
181.1997,inicio,True,135.7066,40.325,20.456,21.249,True,640,480,0,False,60.00,0.1000,-0.007264,0.006687,0.315652,0.261789,-0.001774,0.017014,0.964973
181.3165,inicio,True,135.8232,40.077,21.388,22.496,True,640,480,0,False,60.00,0.1000,-0.007651,0.006879,0.315320,0.261803,-0.001972,0.016569,0.964977
181.4329,inicio,True,135.9399,39.867,21.388,22.496,True,640,480,0,False,60.00,0.1000,-0.007651,0.006879,0.315320,0.261803,-0.001972,0.016569,0.964977
181.5494,inicio,True,136.0565,39.724,22.152,29.009,True,640,480,0,False,60.00,0.1000,-0.007106,0.007042,0.315470,0.261609,-0.002328,0.016400,0.965032
181.6504,inicio,True,136.1564,40.766,22.993,25.872,True,640,480,0,False,60.00,0.1000,-0.007549,0.007197,0.315234,0.261367,-0.002367,0.016561,0.965095
181.7659,inicio,True,136.2731,40.457,22.993,25.872,True,640,480,0,False,60.00,0.1000,-0.007549,0.007197,0.315234,0.261367,-0.002367,0.016561,0.965095
181.8711,inicio,True,136.3733,41.437,20.473,23.298,True,640,480,0,False,60.00,0.1000,-0.007488,0.007080,0.315344,0.260375,-0.001541,0.016329,0.965368
181.9827,inicio,True,136.4899,41.033,18.236,21.649,True,640,480,0,False,60.00,0.1000,-0.007612,0.007168,0.315264,0.261482,-0.003057,0.016805,0.965057
182.1158,inicio,True,136.6230,39.594,35.515,20.359,True,640,480,0,False,60.00,0.1000,-0.007427,0.007034,0.315371,0.261074,-0.002491,0.016432,0.965176
182.2163,inicio,True,136.7229,40.561,35.515,20.359,True,640,480,0,False,60.00,0.1000,-0.007427,0.007034,0.315371,0.261074,-0.002491,0.016432,0.965176
182.3325,inicio,True,136.8396,40.323,18.738,27.197,True,640,480,0,False,60.00,0.1000,-0.007488,0.007322,0.315286,0.260777,-0.001772,0.016750,0.965252
182.4483,inicio,True,136.9395,39.325,17.906,21.705,True,640,480,0,False,60.00,0.1000,-0.007602,0.007116,0.315326,0.261254,-0.002882,0.017093,0.965115
182.6044,inicio,True,137.1062,39.877,20.908,24.883,True,640,480,0,False,60.00,0.1000,-0.007800,0.007227,0.315244,0.261450,-0.002638,0.016872,0.965066
182.7157,inicio,True,137.2228,39.694,18.981,23.482,True,640,480,0,False,60.00,0.1000,-0.007451,0.007332,0.315206,0.260351,-0.001626,0.016514,0.965372
182.8328,inicio,True,137.3394,39.539,18.981,23.482,True,640,480,0,False,60.00,0.1000,-0.007451,0.007332,0.315206,0.260351,-0.001626,0.016514,0.965372
182.9656,inicio,True,137.4727,38.385,18.789,21.940,True,640,480,0,False,60.00,0.1000,-0.007584,0.007621,0.315032,0.261117,-0.001883,0.016808,0.965159
183.0666,inicio,True,137.5727,39.556,20.163,20.418,True,640,480,0,False,60.00,0.1000,-0.007181,0.007943,0.315192,0.260753,-0.003069,0.016272,0.965263
183.1827,inicio,True,137.6893,39.417,19.532,23.860,True,640,480,0,False,60.00,0.1000,-0.007542,0.007556,0.315297,0.261114,-0.001391,0.016332,0.965169
183.2987,inicio,True,137.8059,39.302,19.532,23.860,True,640,480,0,False,60.00,0.1000,-0.007542,0.007556,0.315297,0.261114,-0.001391,0.016332,0.965169
183.4321,inicio,True,137.9392,38.192,20.162,20.667,True,640,480,0,False,60.00,0.1000,-0.007257,0.007851,0.315379,0.259630,-0.000765,0.016281,0.965571
183.5487,inicio,True,138.0558,38.289,36.033,20.368,True,640,480,0,False,60.00,0.1000,-0.007415,0.007654,0.315314,0.261466,-0.001799,0.016316,0.965073
183.6530,inicio,True,138.1558,39.471,11.905,21.229,True,640,480,0,False,60.00,0.1000,-0.007184,0.007932,0.315366,0.260580,-0.002775,0.015971,0.965316
183.7823,inicio,True,138.2891,38.331,18.012,20.202,True,640,480,0,False,60.00,0.1000,-0.007612,0.007622,0.315344,0.261265,-0.001453,0.015927,0.965135
183.9153,inicio,True,138.4224,37.402,36.954,18.551,True,640,480,0,False,60.00,0.1000,-0.008126,0.007742,0.315231,0.259959,-0.002334,0.015813,0.965487
184.0320,inicio,True,138.5390,37.571,36.954,18.551,True,640,480,0,False,60.00,0.1000,-0.008126,0.007742,0.315231,0.259959,-0.002334,0.015813,0.965487
184.1487,inicio,True,138.6556,37.757,19.301,22.566,True,640,480,0,False,60.00,0.1000,-0.008391,0.007543,0.315217,0.260921,-0.002059,0.016043,0.965225
184.2489,inicio,True,138.7557,37.129,8.443,19.707,True,640,480,0,False,60.00,0.1000,-0.008616,0.007671,0.315054,0.260883,-0.004551,0.015760,0.965231
184.3658,inicio,True,138.8723,37.418,19.251,22.097,True,640,480,0,False,60.00,0.1000,-0.008932,0.007083,0.315402,0.261306,-0.004256,0.016191,0.965111
184.5119,inicio,True,139.0055,36.656,19.158,20.082,True,640,480,0,False,60.00,0.1000,-0.009145,0.007536,0.314966,0.261883,-0.004092,0.016034,0.964958
184.6633,inicio,True,139.1555,36.869,34.556,20.847,True,640,480,0,False,60.00,0.1000,-0.008939,0.007102,0.315262,0.261611,-0.004521,0.016061,0.965029
184.7733,inicio,True,139.2721,37.197,26.785,24.887,True,640,480,0,False,60.00,0.1000,-0.008945,0.007934,0.314729,0.261398,-0.003558,0.015945,0.965093
184.9321,inicio,True,139.4388,38.148,20.045,21.180,True,640,480,0,False,60.00,0.1000,-0.008548,0.007658,0.315052,0.260544,-0.003299,0.015734,0.965328
185.0484,inicio,True,139.5554,38.212,19.841,21.839,True,640,480,0,False,60.00,0.1000,-0.009113,0.007929,0.314668,0.260962,-0.005531,0.015981,0.965201
185.1648,inicio,True,139.6720,38.263,19.841,21.839,True,640,480,0,False,60.00,0.1000,-0.009113,0.007929,0.314668,0.260962,-0.005531,0.015981,0.965201
185.2815,inicio,True,139.7886,38.348,20.364,24.151,True,640,480,0,False,60.00,0.1000,-0.008779,0.007842,0.314888,0.260716,-0.003850,0.016043,0.965275
185.3981,inicio,True,139.9052,38.425,19.983,22.005,True,640,480,0,False,60.00,0.1000,-0.008845,0.008323,0.314567,0.260940,-0.005125,0.016498,0.965200
185.5377,inicio,True,140.0385,39.363,23.237,20.914,True,640,480,0,False,60.00,0.1000,-0.008445,0.008388,0.314584,0.259572,-0.002876,0.016617,0.965577
185.6481,inicio,True,140.1552,39.254,18.178,22.332,True,640,480,0,False,60.00,0.1000,-0.008819,0.008642,0.314368,0.259944,-0.004060,0.016654,0.965472
185.7646,inicio,True,140.2718,39.159,18.178,22.332,True,640,480,0,False,60.00,0.1000,-0.008819,0.008642,0.314368,0.259944,-0.004060,0.016654,0.965472
185.8815,inicio,True,140.3884,39.118,19.906,22.572,True,640,480,0,False,60.00,0.1000,-0.008694,0.008348,0.314477,0.259797,-0.004390,0.016379,0.965515
185.9979,inicio,True,140.5051,39.083,20.331,27.876,True,640,480,0,False,60.00,0.1000,-0.008191,0.009252,0.314247,0.259332,-0.003786,0.016197,0.965645
186.1163,inicio,True,140.6217,39.095,18.853,23.445,True,640,480,0,False,60.00,0.1000,-0.008013,0.008997,0.314338,0.259084,-0.003146,0.016489,0.965709
186.2367,inicio,True,140.7383,39.104,19.480,24.619,True,640,480,0,False,60.00,0.1000,-0.008547,0.008661,0.314383,0.259749,-0.003294,0.016341,0.965532
186.3844,inicio,True,140.8882,38.864,22.271,21.247,True,640,480,0,False,60.00,0.1000,-0.008027,0.008834,0.314376,0.257826,-0.002163,0.016783,0.966043
186.5090,inicio,True,141.0049,38.907,20.138,29.595,True,640,480,0,False,60.00,0.1000,-0.008320,0.008698,0.314512,0.259841,-0.003313,0.016739,0.965501
186.6703,inicio,True,141.1715,39.538,22.565,27.595,True,640,480,0,False,60.00,0.1000,-0.007920,0.008475,0.314483,0.259011,-0.003227,0.017071,0.965718
186.7821,inicio,True,141.2881,39.404,36.146,22.948,True,640,480,0,False,60.00,0.1000,-0.008782,0.008028,0.314753,0.260208,-0.002977,0.016254,0.965411
186.9064,inicio,True,141.4050,41.240,20.865,23.859,True,640,480,0,False,60.00,0.1000,-0.008738,0.008248,0.314605,0.260510,-0.004114,0.017019,0.965312
187.0539,inicio,True,141.5547,40.590,19.461,26.109,True,640,480,0,False,60.00,0.1000,-0.008367,0.007961,0.314617,0.260465,-0.003085,0.017268,0.965324
187.1696,inicio,True,141.6711,40.375,18.977,24.974,True,640,480,0,False,60.00,0.1000,-0.008535,0.008291,0.314484,0.260489,-0.003092,0.016940,0.965323
187.3290,inicio,True,141.8214,39.914,22.146,31.140,True,640,480,0,False,60.00,0.1000,-0.008682,0.008129,0.314676,0.260172,-0.004322,0.017217,0.965399
187.4506,inicio,True,141.9546,40.637,21.075,21.657,True,640,480,0,False,60.00,0.1000,-0.009652,0.008070,0.314455,0.260057,-0.005101,0.017158,0.965428
187.5640,inicio,True,142.0712,40.343,21.075,21.657,True,640,480,0,False,60.00,0.1000,-0.009652,0.008070,0.314455,0.260057,-0.005101,0.017158,0.965428
187.6810,inicio,True,142.1877,40.127,20.182,22.188,True,640,480,0,False,60.00,0.1000,-0.009665,0.007691,0.314520,0.260381,-0.005735,0.017168,0.965336
187.7973,inicio,True,142.3045,39.955,22.155,25.775,True,640,480,0,False,60.00,0.1000,-0.010276,0.008416,0.313842,0.260108,-0.005211,0.016808,0.965419
187.9251,inicio,True,142.4211,39.842,20.048,30.017,True,640,480,0,False,60.00,0.1000,-0.010430,0.007459,0.314419,0.260876,-0.005197,0.016808,0.965212
188.0498,inicio,True,142.5544,40.578,26.188,22.475,True,640,480,0,False,60.00,0.1000,-0.010492,0.007826,0.314096,0.261202,-0.006842,0.016606,0.965117
188.1639,inicio,True,142.6710,40.295,26.188,22.475,True,640,480,0,False,60.00,0.1000,-0.010492,0.007826,0.314096,0.261202,-0.006842,0.016606,0.965117
188.2750,inicio,True,142.7710,41.281,21.916,19.862,True,640,480,0,False,60.00,0.1000,-0.010655,0.007460,0.314244,0.262209,-0.007346,0.016562,0.964841
188.3805,inicio,True,142.8876,40.898,34.663,22.685,True,640,480,0,False,60.00,0.1000,-0.010833,0.007235,0.314313,0.261470,-0.007310,0.016892,0.965036
188.5009,inicio,True,143.0043,42.577,23.049,20.405,True,640,480,0,False,60.00,0.1000,-0.010862,0.007073,0.314447,0.261989,-0.006694,0.016982,0.964898
188.6534,inicio,True,143.1542,41.693,18.805,28.130,True,640,480,0,False,60.00,0.1000,-0.011182,0.006966,0.314369,0.262223,-0.007193,0.017150,0.964828
188.7711,inicio,True,143.2711,41.345,18.591,27.583,True,640,480,0,False,60.00,0.1000,-0.011230,0.006820,0.314463,0.261915,-0.007249,0.016941,0.964915
188.9163,inicio,True,143.4209,40.682,20.374,23.131,True,640,480,0,False,60.00,0.1000,-0.011708,0.006835,0.314306,0.262688,-0.008645,0.016827,0.964696
189.0392,inicio,True,143.5374,40.460,19.299,28.509,True,640,480,0,False,60.00,0.1000,-0.011595,0.006723,0.314329,0.262439,-0.008104,0.016992,0.964765
189.1915,inicio,True,143.6873,39.970,19.690,28.097,True,640,480,0,False,60.00,0.1000,-0.012108,0.006593,0.314304,0.263252,-0.009406,0.016549,0.964539
189.3232,inicio,True,143.8207,40.692,25.490,20.892,True,640,480,0,False,60.00,0.1000,-0.012054,0.006864,0.314108,0.262435,-0.008609,0.016642,0.964768
189.4303,inicio,True,143.9373,40.391,25.490,20.892,True,640,480,0,False,60.00,0.1000,-0.012054,0.006864,0.314108,0.262435,-0.008609,0.016642,0.964768
189.5571,inicio,True,144.0539,42.198,20.941,23.590,True,640,480,0,False,60.00,0.1000,-0.011922,0.006926,0.314111,0.261858,-0.008278,0.016895,0.964923
189.6636,inicio,True,144.1707,41.692,36.399,24.653,True,640,480,0,False,60.00,0.1000,-0.011743,0.006637,0.314269,0.262477,-0.008717,0.016533,0.964757
189.8041,inicio,True,144.3039,44.121,26.129,22.869,True,640,480,0,False,60.00,0.1000,-0.011657,0.007434,0.313872,0.261562,-0.007949,0.016669,0.965010
189.9135,inicio,True,144.4205,43.332,37.282,23.419,True,640,480,0,False,60.00,0.1000,-0.011793,0.006628,0.314196,0.262886,-0.008888,0.016521,0.964645
190.0477,inicio,True,144.5537,45.599,22.157,26.175,True,640,480,0,False,60.00,0.1000,-0.011643,0.007062,0.313959,0.262889,-0.008094,0.016434,0.964652
190.1689,inicio,True,144.6704,44.684,19.685,24.891,True,640,480,0,False,60.00,0.1000,-0.011145,0.008096,0.313607,0.261764,-0.008288,0.015827,0.964966
190.3311,inicio,True,144.8370,44.245,23.120,20.770,True,640,480,0,False,60.00,0.1000,-0.013812,0.007352,0.313089,0.262368,-0.010986,0.015170,0.964786
190.4477,inicio,True,144.9536,43.437,22.968,30.324,True,640,480,0,False,60.00,0.1000,-0.013120,0.007786,0.313194,0.262209,-0.010780,0.015022,0.964834
190.5631,inicio,True,145.0702,42.743,22.968,30.324,True,640,480,0,False,60.00,0.1000,-0.013120,0.007786,0.313194,0.262209,-0.010780,0.015022,0.964834
190.6690,inicio,True,145.1702,43.494,25.765,30.088,True,640,480,0,False,60.00,0.1000,-0.014239,0.008326,0.312433,0.261815,-0.012293,0.015175,0.964921
190.7986,inicio,True,145.3036,45.758,23.628,25.173,True,640,480,0,False,60.00,0.1000,-0.014301,0.008437,0.312310,0.261159,-0.012740,0.014928,0.965097
190.9314,inicio,True,145.4368,45.645,22.944,31.992,True,640,480,0,False,60.00,0.1000,-0.013957,0.007771,0.313005,0.262168,-0.012181,0.014828,0.964832
191.0488,inicio,True,145.5534,44.718,19.188,22.228,True,640,480,0,False,60.00,0.1000,-0.013205,0.008968,0.313527,0.260770,-0.010833,0.015189,0.965221
191.1679,inicio,True,145.6700,43.922,21.713,23.418,True,640,480,0,False,60.00,0.1000,-0.012961,0.008313,0.315314,0.261974,-0.011104,0.015763,0.964882
191.3297,inicio,True,145.8367,43.628,28.810,20.461,True,640,480,0,False,60.00,0.1000,-0.013453,0.008740,0.312215,0.260198,-0.011356,0.016019,0.965356
191.4462,inicio,True,145.9533,42.910,38.299,37.597,True,640,480,0,False,60.00,0.1000,-0.012967,0.008206,0.310636,0.261117,-0.009806,0.015796,0.965128
191.5851,inicio,True,146.0865,45.179,22.711,20.865,True,640,480,0,False,60.00,0.1000,-0.013206,0.008379,0.312636,0.261530,-0.011232,0.016165,0.964995
191.7019,inicio,True,146.2031,44.319,19.117,25.668,True,640,480,0,False,60.00,0.1000,-0.013100,0.008342,0.312640,0.261285,-0.010630,0.016249,0.965066
191.8514,inicio,True,146.3531,43.116,19.789,26.116,True,640,480,0,False,60.00,0.1000,-0.013438,0.008678,0.312360,0.260860,-0.011470,0.015630,0.965182
191.9733,inicio,True,146.4700,42.562,23.278,24.873,True,640,480,0,False,60.00,0.1000,-0.013010,0.009285,0.312087,0.260122,-0.011960,0.015342,0.965380
192.1338,inicio,True,146.6198,41.676,26.370,23.287,True,640,480,0,False,60.00,0.1000,-0.012864,0.009226,0.312007,0.260652,-0.011481,0.015396,0.965242
192.2461,inicio,True,146.7531,41.986,21.539,25.405,True,640,480,0,False,60.00,0.1000,-0.012562,0.009533,0.312077,0.259403,-0.009446,0.015353,0.965601
192.3625,inicio,True,146.8695,41.494,21.539,25.405,True,640,480,0,False,60.00,0.1000,-0.012562,0.009533,0.312077,0.259403,-0.009446,0.015353,0.965601
192.4790,inicio,True,146.9862,41.123,21.490,31.365,True,640,480,0,False,60.00,0.1000,-0.012496,0.009703,0.312000,0.260280,-0.009871,0.015958,0.965351
192.5817,inicio,True,147.0861,42.026,20.536,24.303,True,640,480,0,False,60.00,0.1000,-0.011807,0.009884,0.312013,0.258279,-0.009871,0.015957,0.965888
192.6960,inicio,True,147.2029,41.540,20.536,24.303,True,640,480,0,False,60.00,0.1000,-0.011807,0.009884,0.312013,0.258279,-0.009871,0.015957,0.965888
192.8137,inicio,True,147.3195,41.160,25.077,27.263,True,640,480,0,False,60.00,0.1000,-0.013129,0.008979,0.312190,0.261375,-0.009931,0.015011,0.965069
192.9294,inicio,True,147.4361,40.835,22.738,23.887,True,640,480,0,False,60.00,0.1000,-0.013135,0.009341,0.312080,0.259644,-0.011522,0.015317,0.965514
193.0510,inicio,True,147.5528,40.595,19.271,27.086,True,640,480,0,False,60.00,0.1000,-0.013601,0.009155,0.312094,0.260427,-0.011841,0.015630,0.965294
193.1726,inicio,True,147.6694,40.390,18.769,27.300,True,640,480,0,False,60.00,0.1000,-0.013954,0.008586,0.312371,0.260284,-0.013022,0.016212,0.965308
193.3173,inicio,True,147.8193,39.913,19.529,24.683,True,640,480,0,False,60.00,0.1000,-0.013722,0.008220,0.312666,0.261344,-0.010815,0.015786,0.965056
193.4315,inicio,True,147.9360,39.807,18.729,24.153,True,640,480,0,False,60.00,0.1000,-0.014142,0.008308,0.312626,0.261402,-0.012297,0.016348,0.965013
193.5915,inicio,True,148.0859,39.436,19.907,32.304,True,640,480,0,False,60.00,0.1000,-0.014221,0.007621,0.313019,0.262110,-0.012658,0.016240,0.964818
193.7159,inicio,True,148.2192,40.231,19.920,24.235,True,640,480,0,False,60.00,0.1000,-0.014555,0.007894,0.312902,0.261419,-0.013344,0.015768,0.965004
193.8290,inicio,True,148.3358,39.996,19.920,24.235,True,640,480,0,False,60.00,0.1000,-0.014555,0.007894,0.312902,0.261419,-0.013344,0.015768,0.965004
193.9452,inicio,True,148.4525,39.836,18.644,31.674,True,640,480,0,False,60.00,0.1000,-0.014012,0.007773,0.313228,0.261710,-0.012611,0.015675,0.964937
194.0620,inicio,True,148.5691,39.698,21.211,26.496,True,640,480,0,False,60.00,0.1000,-0.014142,0.008036,0.313090,0.261955,-0.012643,0.015744,0.964869
194.1892,inicio,True,148.6857,39.622,20.507,30.148,True,640,480,0,False,60.00,0.1000,-0.014526,0.007530,0.313069,0.262113,-0.012674,0.015816,0.964824
194.3035,inicio,True,148.8023,39.557,18.642,25.733,True,640,480,0,False,60.00,0.1000,-0.014016,0.008235,0.312856,0.261467,-0.012568,0.015765,0.965002
194.4686,inicio,True,148.9690,40.070,27.242,25.652,True,640,480,0,False,60.00,0.1000,-0.013754,0.008497,0.312771,0.260774,-0.010499,0.015508,0.965218
194.5952,inicio,True,149.1023,40.612,20.441,26.541,True,640,480,0,False,60.00,0.1000,-0.014967,0.007825,0.312760,0.261741,-0.014003,0.015381,0.964914
194.7121,inicio,True,149.2189,40.323,19.479,22.971,True,640,480,0,False,60.00,0.1000,-0.014839,0.007776,0.312789,0.262332,-0.015042,0.015564,0.964735
194.8285,inicio,True,149.3355,40.074,19.479,22.971,True,640,480,0,False,60.00,0.1000,-0.014839,0.007776,0.312789,0.262332,-0.015042,0.015564,0.964735
194.9452,inicio,True,149.4521,39.903,19.145,29.631,True,640,480,0,False,60.00,0.1000,-0.014768,0.008202,0.312634,0.261599,-0.013770,0.015496,0.964954
195.0616,inicio,True,149.5688,39.756,20.289,28.824,True,640,480,0,False,60.00,0.1000,-0.014393,0.008496,0.312558,0.261791,-0.013586,0.015817,0.964899
195.1966,inicio,True,149.7021,40.504,32.850,26.960,True,640,480,0,False,60.00,0.1000,-0.014822,0.008218,0.312596,0.261848,-0.013655,0.015613,0.964886
195.3228,inicio,True,149.8187,42.220,23.245,23.726,True,640,480,0,False,60.00,0.1000,-0.014550,0.008227,0.312806,0.261472,-0.012341,0.015844,0.965002
195.4528,inicio,True,149.9520,42.617,24.054,30.174,True,640,480,0,False,60.00,0.1000,-0.015047,0.008057,0.312591,0.262432,-0.014476,0.015499,0.964718
195.5800,inicio,True,150.0853,44.960,28.758,22.854,True,640,480,0,False,60.00,0.1000,-0.015003,0.008072,0.312700,0.261650,-0.013878,0.015635,0.964936
195.7060,inicio,True,150.2019,44.133,19.324,29.808,True,640,480,0,False,60.00,0.1000,-0.015022,0.007788,0.312830,0.262121,-0.014473,0.015380,0.964804
195.8656,inicio,True,150.3685,43.795,27.537,26.574,True,640,480,0,False,60.00,0.1000,-0.015079,0.008065,0.312626,0.262202,-0.013844,0.015930,0.964782
195.9947,inicio,True,150.5018,43.805,21.511,21.901,True,640,480,0,False,60.00,0.1000,-0.015498,0.007700,0.312721,0.262917,-0.014553,0.015673,0.964581
196.1113,inicio,True,150.6184,43.059,22.666,22.896,True,640,480,0,False,60.00,0.1000,-0.015345,0.007917,0.312707,0.261815,-0.014659,0.015474,0.964883
196.2282,inicio,True,150.7350,42.420,22.666,22.896,True,640,480,0,False,60.00,0.1000,-0.015345,0.007917,0.312707,0.261815,-0.014659,0.015474,0.964883
196.3446,inicio,True,150.8518,41.921,20.544,28.199,True,640,480,0,False,60.00,0.1000,-0.015367,0.007495,0.313052,0.262484,-0.014002,0.015819,0.964705
196.4612,inicio,True,150.9683,41.481,20.197,27.923,True,640,480,0,False,60.00,0.1000,-0.015589,0.007599,0.312895,0.262836,-0.014834,0.015717,0.964599
196.5917,inicio,True,151.0849,41.146,19.569,32.102,True,640,480,0,False,60.00,0.1000,-0.015792,0.006889,0.313161,0.263123,-0.014971,0.015666,0.964519
196.7191,inicio,True,151.2182,41.701,22.884,26.328,True,640,480,0,False,60.00,0.1000,-0.015349,0.007450,0.313249,0.262758,-0.014848,0.015863,0.964617
196.8298,inicio,True,151.3349,41.258,22.884,26.328,True,640,480,0,False,60.00,0.1000,-0.015349,0.007450,0.313249,0.262758,-0.014848,0.015863,0.964617
196.9316,inicio,True,151.4348,42.150,29.018,32.230,True,640,480,0,False,60.00,0.1000,-0.015302,0.006918,0.313478,0.263676,-0.014230,0.015744,0.964378
197.0774,inicio,True,151.5681,44.538,25.274,28.947,True,640,480,0,False,60.00,0.1000,-0.015356,0.007300,0.313346,0.262799,-0.015015,0.015826,0.964604
197.2471,inicio,True,151.7514,46.941,22.300,25.080,True,640,480,0,False,60.00,0.1000,-0.015762,0.007390,0.313139,0.263323,-0.014956,0.015628,0.964465
197.3628,inicio,True,151.8680,45.751,22.300,25.080,True,640,480,0,False,60.00,0.1000,-0.015762,0.007390,0.313139,0.263323,-0.014956,0.015628,0.964465
197.4807,inicio,True,151.9850,47.054,22.577,27.800,True,640,480,0,False,60.00,0.1000,-0.015941,0.007347,0.313209,0.262626,-0.014762,0.015939,0.964653
197.6449,inicio,True,152.1515,48.341,26.173,24.540,True,640,480,0,False,60.00,0.1000,-0.016670,0.007555,0.312960,0.262101,-0.016909,0.016191,0.964757
197.7609,inicio,True,152.2681,46.951,26.173,24.540,True,640,480,0,False,60.00,0.1000,-0.016670,0.007555,0.312960,0.262101,-0.016909,0.016191,0.964757
197.8642,inicio,True,152.3678,47.276,23.626,24.856,True,640,480,0,False,60.00,0.1000,-0.016486,0.007886,0.312730,0.262543,-0.016802,0.015812,0.964644
197.9772,inicio,True,152.4844,46.036,23.607,27.712,True,640,480,0,False,60.00,0.1000,-0.016778,0.007525,0.312807,0.263143,-0.017107,0.016178,0.964470
198.0940,inicio,True,152.6011,44.978,23.607,27.712,True,640,480,0,False,60.00,0.1000,-0.016778,0.007525,0.312807,0.263143,-0.017107,0.016178,0.964470
198.2107,inicio,True,152.7177,44.107,20.349,32.705,True,640,480,0,False,60.00,0.1000,-0.016381,0.007893,0.312717,0.262592,-0.016481,0.015827,0.964636
198.3245,inicio,True,152.8177,44.720,24.246,24.371,True,640,480,0,False,60.00,0.1000,-0.016511,0.007970,0.312736,0.262471,-0.016295,0.016018,0.964669
198.4439,inicio,True,152.9510,44.600,19.788,26.168,True,640,480,0,False,60.00,0.1000,-0.015900,0.008669,0.312546,0.261968,-0.016526,0.016041,0.964802
198.5608,inicio,True,153.0676,43.743,19.788,26.168,True,640,480,0,False,60.00,0.1000,-0.015900,0.008669,0.312546,0.261968,-0.016526,0.016041,0.964802
198.6771,inicio,True,153.1843,43.049,21.781,26.564,True,640,480,0,False,60.00,0.1000,-0.016021,0.008400,0.312566,0.261113,-0.015875,0.015993,0.965045
198.7937,inicio,True,153.3009,42.453,20.449,26.852,True,640,480,0,False,60.00,0.1000,-0.015871,0.008416,0.312730,0.261479,-0.015626,0.016236,0.964946
198.9239,inicio,True,153.4175,41.984,27.822,23.029,True,640,480,0,False,60.00,0.1000,-0.015456,0.008658,0.312800,0.261275,-0.016548,0.016205,0.964987
199.0359,inicio,True,153.5341,41.581,20.097,25.865,True,640,480,0,False,60.00,0.1000,-0.015690,0.008773,0.312538,0.261682,-0.014791,0.016389,0.964902
199.1813,inicio,True,153.6841,40.882,21.696,22.743,True,640,480,0,False,60.00,0.1000,-0.015659,0.009292,0.312413,0.260312,-0.014787,0.016031,0.965278
199.2978,inicio,True,153.8007,40.637,18.570,25.381,True,640,480,0,False,60.00,0.1000,-0.016128,0.009055,0.312680,0.260132,-0.015401,0.015846,0.965320
199.4508,inicio,True,153.9507,40.113,21.155,26.633,True,640,480,0,False,60.00,0.1000,-0.016035,0.009853,0.312238,0.260117,-0.015100,0.016028,0.965326
199.5664,inicio,True,154.0673,39.980,20.248,24.289,True,640,480,0,False,60.00,0.1000,-0.016537,0.009016,0.312794,0.260429,-0.015093,0.015866,0.965245
199.7224,inicio,True,154.2173,39.579,20.891,29.206,True,640,480,0,False,60.00,0.1000,-0.015713,0.010544,0.312229,0.259356,-0.015285,0.015997,0.965528
199.8308,inicio,True,154.3339,39.516,18.571,24.911,True,640,480,0,False,60.00,0.1000,-0.015671,0.009935,0.312748,0.258521,-0.014106,0.016297,0.965765
199.9877,inicio,True,154.4838,39.199,21.396,29.292,True,640,480,0,False,60.00,0.1000,-0.015895,0.010689,0.312431,0.258926,-0.015871,0.016010,0.965634
200.0958,inicio,True,154.6005,39.196,19.348,22.354,True,640,480,0,False,60.00,0.1000,-0.014908,0.011242,0.312451,0.257320,-0.013183,0.015965,0.966104
200.2467,inicio,True,154.7504,38.940,20.480,21.006,True,640,480,0,False,60.00,0.1000,-0.015344,0.011298,0.312350,0.258004,-0.013268,0.015791,0.965924
200.3631,inicio,True,154.8671,38.974,20.140,23.449,True,640,480,0,False,60.00,0.1000,-0.015683,0.011461,0.312241,0.256802,-0.013906,0.015533,0.966239
200.5185,inicio,True,155.0170,38.757,18.531,30.899,True,640,480,0,False,60.00,0.1000,-0.015652,0.011339,0.312247,0.257873,-0.014114,0.015449,0.965952
200.6307,inicio,True,155.1336,38.814,19.896,23.841,True,640,480,0,False,60.00,0.1000,-0.015262,0.011762,0.312288,0.256510,-0.013625,0.015697,0.966318
200.7876,inicio,True,155.2836,38.633,21.384,30.570,True,640,480,0,False,60.00,0.1000,-0.016100,0.010983,0.312582,0.258185,-0.014880,0.015708,0.965853
200.9016,inicio,True,155.4002,38.706,19.876,29.695,True,640,480,0,False,60.00,0.1000,-0.014832,0.012182,0.312056,0.256732,-0.013694,0.015588,0.966260
201.0615,inicio,True,155.5668,39.370,26.381,33.440,True,640,480,0,False,60.00,0.1000,-0.015541,0.011831,0.312250,0.257402,-0.013363,0.015089,0.966094
201.1947,inicio,True,155.7000,42.028,23.582,29.049,True,640,480,0,False,60.00,0.1000,-0.015554,0.011775,0.312269,0.257422,-0.013825,0.015238,0.966080
201.3116,inicio,True,155.8167,41.623,20.441,22.449,True,640,480,0,False,60.00,0.1000,-0.014760,0.012110,0.312138,0.256439,-0.012873,0.015122,0.966356
201.4375,inicio,True,155.9334,41.335,23.292,25.346,True,640,480,0,False,60.00,0.1000,-0.015223,0.012171,0.312099,0.256434,-0.013860,0.014922,0.966347
201.5595,inicio,True,156.0666,41.695,23.292,25.346,True,640,480,0,False,60.00,0.1000,-0.015223,0.012171,0.312099,0.256434,-0.013860,0.014922,0.966347
201.6763,inicio,True,156.1833,41.294,21.923,29.114,True,640,480,0,False,60.00,0.1000,-0.014770,0.012159,0.312200,0.256839,-0.013681,0.014887,0.966243
201.7868,inicio,True,156.2833,42.183,25.663,27.616,True,640,480,0,False,60.00,0.1000,-0.015016,0.011619,0.312572,0.256584,-0.012839,0.015250,0.966316
201.9074,inicio,True,156.3999,43.734,20.897,22.818,True,640,480,0,False,60.00,0.1000,-0.014589,0.011570,0.312482,0.258091,-0.014340,0.015906,0.965883
202.0653,inicio,True,156.5665,43.467,29.409,28.204,True,640,480,0,False,60.00,0.1000,-0.014466,0.011988,0.312546,0.256619,-0.011769,0.015431,0.966318
202.2023,inicio,True,156.6998,45.727,19.842,30.798,True,640,480,0,False,60.00,0.1000,-0.014205,0.012176,0.312622,0.256368,-0.012197,0.015781,0.966373
202.3093,inicio,True,156.8164,44.749,21.377,29.324,True,640,480,0,False,60.00,0.1000,-0.014396,0.012312,0.312314,0.256785,-0.013443,0.015627,0.966249
202.4541,inicio,True,156.9497,44.786,29.594,30.515,True,640,480,0,False,60.00,0.1000,-0.014014,0.012251,0.312474,0.256799,-0.012821,0.016083,0.966246
202.6051,inicio,True,157.0997,47.710,20.281,24.361,True,640,480,0,False,60.00,0.1000,-0.014332,0.012341,0.312548,0.256007,-0.011829,0.015677,0.966475
202.7268,inicio,True,157.2330,47.162,20.706,34.518,True,640,480,0,False,60.00,0.1000,-0.013516,0.012249,0.312721,0.256267,-0.011338,0.015986,0.966408
202.8426,inicio,True,157.3497,45.945,37.155,28.061,True,640,480,0,False,60.00,0.1000,-0.014599,0.011955,0.312621,0.256044,-0.011305,0.015974,0.966467
202.9759,inicio,True,157.4830,47.962,21.701,25.907,True,640,480,0,False,60.00,0.1000,-0.014593,0.011560,0.312968,0.256596,-0.013234,0.016612,0.966285
203.1036,inicio,True,157.5996,46.705,20.308,24.455,True,640,480,0,False,60.00,0.1000,-0.014597,0.010373,0.313838,0.258126,-0.012935,0.016649,0.965881
203.2558,inicio,True,157.7494,45.050,22.017,27.094,True,640,480,0,False,60.00,0.1000,-0.015585,0.008613,0.314836,0.257281,-0.013464,0.016591,0.966100
203.3797,inicio,True,157.8827,45.045,22.143,28.890,True,640,480,0,False,60.00,0.1000,-0.016620,0.008251,0.315882,0.261395,-0.015725,0.017996,0.964936
203.5091,inicio,True,158.0160,44.877,21.219,23.387,True,640,480,0,False,60.00,0.1000,-0.016669,0.007472,0.316602,0.260811,-0.016854,0.018774,0.965060
203.6291,inicio,True,158.1327,43.981,21.219,23.387,True,640,480,0,False,60.00,0.1000,-0.016669,0.007472,0.316602,0.260811,-0.016854,0.018774,0.965060
203.7424,inicio,True,158.2500,43.290,20.720,25.267,True,640,480,0,False,60.00,0.1000,-0.017196,0.005814,0.318049,0.263333,-0.015124,0.018491,0.964409
203.8589,inicio,True,158.3661,42.632,19.779,27.621,True,640,480,0,False,60.00,0.1000,-0.018392,0.006877,0.317861,0.261803,-0.017933,0.019250,0.964763
203.9786,inicio,True,158.4825,42.130,18.985,23.993,True,640,480,0,False,60.00,0.1000,-0.018731,0.007022,0.318628,0.261765,-0.019064,0.020119,0.964734
204.1045,inicio,True,158.5990,41.698,21.065,31.328,True,640,480,0,False,60.00,0.1000,-0.017870,0.006643,0.320294,0.261195,-0.018005,0.019623,0.964919
204.2829,inicio,True,158.7825,42.654,24.978,25.038,True,640,480,0,False,60.00,0.1000,-0.015251,0.010507,0.321202,0.256492,-0.012386,0.019051,0.966279
204.4114,inicio,True,158.9157,42.827,24.978,25.038,True,640,480,0,False,60.00,0.1000,-0.015251,0.010507,0.321202,0.256492,-0.012386,0.019051,0.966279
204.5254,inicio,True,159.0323,42.261,20.382,23.857,True,640,480,0,False,60.00,0.1000,-0.015727,0.010781,0.321699,0.256046,-0.013812,0.019879,0.966361
204.6624,inicio,True,159.1656,42.652,20.659,29.211,True,640,480,0,False,60.00,0.1000,-0.015339,0.012222,0.321472,0.254255,-0.013183,0.020384,0.966833
204.7852,inicio,True,159.2823,42.155,22.345,26.565,True,640,480,0,False,60.00,0.1000,-0.015351,0.012072,0.321723,0.254429,-0.013900,0.020098,0.966783
204.8973,inicio,True,159.3989,41.728,21.018,22.437,True,640,480,0,False,60.00,0.1000,-0.015227,0.012921,0.321482,0.253104,-0.013030,0.020406,0.967136
205.0483,inicio,True,159.5490,41.008,23.895,22.157,True,640,480,0,False,60.00,0.1000,-0.015173,0.012974,0.321575,0.253432,-0.012451,0.020471,0.967057
205.1629,inicio,True,159.6655,40.738,20.875,21.401,True,640,480,0,False,60.00,0.1000,-0.014511,0.014232,0.321220,0.252131,-0.011906,0.020367,0.967406
205.3196,inicio,True,159.8153,40.187,22.687,29.148,True,640,480,0,False,60.00,0.1000,-0.014353,0.014074,0.321452,0.251503,-0.011566,0.020348,0.967574
205.4406,inicio,True,159.9321,40.048,18.266,24.887,True,640,480,0,False,60.00,0.1000,-0.015045,0.013785,0.321455,0.252416,-0.012757,0.020265,0.967323
205.6054,inicio,True,160.0987,40.466,21.971,25.857,True,640,480,0,False,60.00,0.1000,-0.014601,0.014075,0.321430,0.251750,-0.012014,0.020258,0.967506
205.7482,inicio,True,160.2486,41.785,18.676,27.034,True,640,480,0,False,60.00,0.1000,-0.014291,0.014637,0.321306,0.250846,-0.011153,0.020481,0.967746
205.9010,inicio,True,160.3986,41.049,21.669,26.324,True,640,480,0,False,60.00,0.1000,-0.014043,0.014753,0.321320,0.250797,-0.012495,0.020496,0.967742
206.0506,inicio,True,160.5485,40.446,22.643,26.438,True,640,480,0,False,60.00,0.1000,-0.014182,0.014221,0.321754,0.251460,-0.011013,0.020752,0.967582
206.1690,inicio,True,160.6651,40.262,22.751,26.444,True,640,480,0,False,60.00,0.1000,-0.014098,0.013737,0.322433,0.251229,-0.010822,0.020781,0.967644
206.3372,inicio,True,160.8320,40.656,20.955,29.734,True,640,480,0,False,60.00,0.1000,-0.013912,0.013190,0.323219,0.252460,-0.010488,0.020968,0.967323
206.4581,inicio,True,160.9653,41.115,20.281,26.063,True,640,480,0,False,60.00,0.1000,-0.013757,0.013452,0.323166,0.251569,-0.010600,0.020953,0.967555
206.5752,inicio,True,161.0821,40.760,20.189,25.715,True,640,480,0,False,60.00,0.1000,-0.013974,0.013010,0.323409,0.252639,-0.009890,0.020700,0.967289
206.6922,inicio,True,161.1984,40.439,20.189,25.715,True,640,480,0,False,60.00,0.1000,-0.013974,0.013010,0.323409,0.252639,-0.009890,0.020700,0.967289
206.8079,inicio,True,161.3148,40.204,26.065,24.096,True,640,480,0,False,60.00,0.1000,-0.013734,0.013140,0.323385,0.251691,-0.011322,0.021114,0.967511
206.9169,inicio,True,161.4148,41.198,22.201,29.659,True,640,480,0,False,60.00,0.1000,-0.013451,0.013507,0.323444,0.252141,-0.012348,0.020615,0.967392
207.0411,inicio,True,161.5479,41.570,21.028,24.812,True,640,480,0,False,60.00,0.1000,-0.013066,0.013836,0.323357,0.251782,-0.009414,0.020906,0.967512
207.1580,inicio,True,161.6648,41.160,21.028,24.812,True,640,480,0,False,60.00,0.1000,-0.013066,0.013836,0.323357,0.251782,-0.009414,0.020906,0.967512
207.2743,inicio,True,161.7814,40.833,24.361,27.409,True,640,480,0,False,60.00,0.1000,-0.012650,0.014142,0.323387,0.250333,-0.009217,0.020815,0.967892
207.3846,inicio,True,161.8814,41.767,24.515,27.516,True,640,480,0,False,60.00,0.1000,-0.012971,0.014496,0.322995,0.250564,-0.008105,0.021052,0.967837
207.5076,inicio,True,162.0147,42.067,20.002,30.599,True,640,480,0,False,60.00,0.1000,-0.013063,0.014156,0.323043,0.251096,-0.009433,0.020746,0.967694
207.6251,inicio,True,162.1313,41.571,20.002,30.599,True,640,480,0,False,60.00,0.1000,-0.013063,0.014156,0.323043,0.251096,-0.009433,0.020746,0.967694
207.7314,inicio,True,162.2313,42.433,21.650,25.605,True,640,480,0,False,60.00,0.1000,-0.012267,0.015279,0.322630,0.249338,-0.007808,0.020859,0.968161
207.8414,inicio,True,162.3479,41.885,19.058,25.880,True,640,480,0,False,60.00,0.1000,-0.012301,0.015265,0.322500,0.250013,-0.006781,0.020674,0.967998
207.9577,inicio,True,162.4646,41.417,19.058,25.880,True,640,480,0,False,60.00,0.1000,-0.012301,0.015265,0.322500,0.250013,-0.006781,0.020674,0.967998
208.0741,inicio,True,162.5812,41.053,20.486,29.611,True,640,480,0,False,60.00,0.1000,-0.012204,0.015745,0.322229,0.249326,-0.008813,0.020735,0.968158
208.1781,inicio,True,162.6812,41.965,21.843,24.442,True,640,480,0,False,60.00,0.1000,-0.012280,0.015308,0.322568,0.249434,-0.008334,0.020510,0.968139
208.2908,inicio,True,162.7978,41.484,21.843,24.442,True,640,480,0,False,60.00,0.1000,-0.012280,0.015308,0.322568,0.249434,-0.008334,0.020510,0.968139
208.4076,inicio,True,162.9147,41.125,22.172,22.525,True,640,480,0,False,60.00,0.1000,-0.012040,0.015772,0.322357,0.248853,-0.008400,0.020640,0.968285
208.5243,inicio,True,163.0317,40.824,21.189,23.901,True,640,480,0,False,60.00,0.1000,-0.012285,0.015353,0.322507,0.248678,-0.006923,0.020636,0.968342
208.6611,inicio,True,163.1643,41.388,24.311,23.541,True,640,480,0,False,60.00,0.1000,-0.012210,0.015368,0.322525,0.249533,-0.008324,0.020452,0.968115
208.7740,inicio,True,163.2806,40.974,22.858,49.441,True,640,480,0,False,60.00,0.1000,-0.012290,0.015315,0.322538,0.250775,-0.007901,0.020688,0.967792
208.9353,inicio,True,163.4313,46.460,27.511,32.030,True,640,480,0,False,60.00,0.1000,-0.012431,0.015524,0.322364,0.249160,-0.007440,0.020571,0.968215
209.0769,inicio,True,163.5812,49.258,22.378,32.656,True,640,480,0,False,60.00,0.1000,-0.012186,0.015473,0.322421,0.249535,-0.007738,0.020870,0.968110
209.1784,inicio,True,163.6810,49.364,27.017,34.141,True,640,480,0,False,60.00,0.1000,-0.012340,0.015280,0.322445,0.249538,-0.008717,0.020097,0.968117
209.3275,inicio,True,163.8309,51.834,27.111,26.709,True,640,480,0,False,60.00,0.1000,-0.012399,0.015415,0.322398,0.249739,-0.007535,0.020462,0.968068
209.4541,inicio,True,163.9474,50.023,22.504,30.173,True,640,480,0,False,60.00,0.1000,-0.011805,0.015749,0.322474,0.248641,-0.008130,0.020260,0.968350
209.5991,inicio,True,164.0974,50.141,24.904,28.762,True,640,480,0,False,60.00,0.1000,-0.011877,0.015708,0.322372,0.249229,-0.008730,0.020324,0.968192
209.7239,inicio,True,164.2307,49.246,28.693,29.727,True,640,480,0,False,60.00,0.1000,-0.011878,0.015568,0.322443,0.249350,-0.008119,0.021118,0.968149
209.8609,inicio,True,164.3643,50.960,27.287,26.284,True,640,480,0,False,60.00,0.1000,-0.012079,0.015288,0.322588,0.249764,-0.008314,0.021077,0.968042
209.9925,inicio,True,164.4981,49.971,27.665,29.635,True,640,480,0,False,60.00,0.1000,-0.011583,0.015661,0.322710,0.248196,-0.007401,0.020868,0.968457
210.1294,inicio,True,164.6309,51.572,25.717,26.900,True,640,480,0,False,60.00,0.1000,-0.011719,0.015275,0.322856,0.249480,-0.006390,0.021145,0.968128
210.2626,inicio,True,164.7640,50.627,24.698,33.386,True,640,480,0,False,60.00,0.1000,-0.011581,0.015783,0.322647,0.249121,-0.006991,0.020928,0.968221
210.4051,inicio,True,164.9009,52.369,23.159,30.911,True,640,480,0,False,60.00,0.1000,-0.011582,0.015748,0.322672,0.248297,-0.007976,0.020937,0.968425
210.5193,inicio,True,165.0138,52.840,27.495,29.519,True,640,480,0,False,60.00,0.1000,-0.011748,0.016091,0.322445,0.248256,-0.007367,0.020899,0.968441
