[UnityConnectServicesConfig] Local config successfully read: "/usr/share/unity3d/config/services-config.json"
[UnityConnectServicesConfig] Service configuration:
    "servicesConfigBaseUrl": "",
    "disableServicesWindow": false,
    "disableUserLogin": false,
    "entitlementCacheTimeoutInSeconds": 60,
    "clientConnectTimeoutSec": 60,
    "clientHandshakeTimeoutSec": 30,
    "clientResolveEntitlementsTimeoutSec": 30,
    "clientUpdateLicenseTimeoutSec": 30,
    "licensingServiceBaseUrl": "",
    "enableProxyAutoconfig": "false"

Unity Editor version:    6000.3.22f1 (1c726e1fb402)
Branch:                  6000.3/staging
Build type:              Release
Batch mode:              YES
System name:             Linux
Distro version:          #1 SMP PREEMPT_DYNAMIC Mon, 14 Sep 2026 22:41:30 +0000
Kernel version:          7.2.6-arch2-1
Architecture:            x86_64
Window Protocol:         Wayland (XWayland)
Available memory:        7606 MB
Date:                    2026-09-23T21:08:36Z
[Licensing::Module] Trying to connect to existing licensing client channel...
[Licensing::IpcConnector] Channel LicenseClient-cacawatin doesn't exist
[Licensing::Module] Successfully launched the LicensingClient (PId: 21387)
Selected window backend: (null) 
Gtk-Message: 15:08:36.611: Failed to load module "appmenu-gtk-module"
[Licensing::IpcConnector] Successfully connected to: "LicenseClient-cacawatin" at "2026-09-23T21:08:36.683025Z"
[SignatureVerifier] Application signature verification not supported on this platform.
Desktop is 1920 x 1080 @ 60 Hz
Initialize udev device monitor.

COMMAND LINE ARGUMENTS:
/home/cacawatin/Unity/Hub/Editor/6000.3.22f1/Editor/Unity.opengl-original
-force-vulkan
-job-worker-count
2
-batchmode
-projectPath
/home/cacawatin/code/unity/chupacabras
-executeMethod
DiagnosticPreview.Capture
-logFile
/home/cacawatin/code/unity/chupacabras/docs/evidencias/preview_20260923.log
Successfully changed project path to: /home/cacawatin/code/unity/chupacabras
/home/cacawatin/code/unity/chupacabras
[UnityMemory] Configuration Parameters - Can be set up in boot.config
    "memorysetup-allocator-temp-initial-block-size-main=262144"
    "memorysetup-allocator-temp-initial-block-size-worker=262144"
    "memorysetup-temp-allocator-size-background-worker=32768"
    "memorysetup-temp-allocator-size-job-worker=262144"
    "memorysetup-temp-allocator-size-preload-manager=33554432"
    "memorysetup-temp-allocator-size-nav-mesh-worker=65536"
    "memorysetup-temp-allocator-size-audio-worker=65536"
    "memorysetup-temp-allocator-size-cloud-worker=32768"
    "memorysetup-temp-allocator-size-gi-baking-worker=262144"
    "memorysetup-temp-allocator-size-gi-baking-worker=262144"
    "memorysetup-temp-allocator-size-gi-baking-worker=262144"
    "memorysetup-temp-allocator-size-gi-baking-worker=262144"
    "memorysetup-temp-allocator-size-gi-baking-worker=262144"
    "memorysetup-bucket-allocator-granularity=16"
    "memorysetup-bucket-allocator-bucket-count=8"
    "memorysetup-bucket-allocator-block-size=33554432"
    "memorysetup-bucket-allocator-block-count=8"
    "memorysetup-main-allocator-block-size=16777216"
    "memorysetup-thread-allocator-block-size=16777216"
    "memorysetup-gfx-main-allocator-block-size=16777216"
    "memorysetup-gfx-thread-allocator-block-size=16777216"
    "memorysetup-cache-allocator-block-size=4194304"
    "memorysetup-typetree-allocator-block-size=2097152"
    "memorysetup-profiler-bucket-allocator-granularity=16"
    "memorysetup-profiler-bucket-allocator-bucket-count=8"
    "memorysetup-profiler-bucket-allocator-block-size=33554432"
    "memorysetup-profiler-bucket-allocator-block-count=8"
    "memorysetup-profiler-allocator-block-size=16777216"
    "memorysetup-profiler-editor-allocator-block-size=1048576"
    "memorysetup-temp-allocator-size-main=16777216"
    "memorysetup-job-temp-allocator-block-size=2097152"
    "memorysetup-job-temp-allocator-block-size-background=1048576"
    "memorysetup-job-temp-allocator-reduction-small-platforms=262144"
    "memorysetup-temp-allocator-size-gfx=262144"
Player connection [140691342470336]  Target information:

Player connection [140691342470336]  * "[IP] 192.168.100.8 [Port] 55504 [Flags] 2 [Guid] 2440360254 [EditorId] 2440360254 [Version] 1048832 [Id] LinuxEditor(16,192.168.100.8) [Debug] 1 [PackageName] LinuxEditor [ProjectName] Editor" 

Player connection [140691342470336] Host joined multi-casting on [225.0.0.222:54997]...
Player connection [140691342470336] Host joined alternative multi-casting on [225.0.0.222:34997]...
JobSystem: Creating JobQueue using job-worker-count value 2
Input System module state changed to: Initialized.
[Physics::Module] Initialized fallback backend.
[Physics::Module] Id: 0xdecafbad
[Licensing::Client] Handshaking with LicensingClient:
  Version:                 1.18.1+9fbee8e
  Session Id:              d0502e3d742d453285512a4f6409ef1a
  Correlation Id:          6d294f344bf3d61d469a348f355dfd18
  External correlation Id: 8405890345172950037
  Machine Id:              yNOUhkUhAONxBc+sdeJLlT16R8w=
[Licensing::Module] Successfully connected to LicensingClient on channel: "LicenseClient-cacawatin" (connect: 0.38s, validation: 0.07s, handshake: 0.00s)
[Licensing::IpcConnector] Successfully connected to: "LicenseClient-cacawatin-notifications" at "2026-09-23T21:08:36.756942Z"
[Licensing::Module] Connected to LicensingClient (PId: 21387, launch time: 0.00, total connection time: 0.45s)
[Licensing::Module] Error: Access token is unavailable; failed to update
[Licensing::Client] Successfully resolved entitlement details
[Licensing::Module] License group:
  Id: 4674188649591-UnityPersXXXX
  Product: Unity Personal
  Type: Assigned
  Expiration: Unlimited
[Licensing::Client] Successfully updated license, isAsync: True, time: 0.02
[Licensing::Client] Successfully resolved entitlement details
[Licensing::Module] Licensing Background thread has ended after 0.52s
[Package Manager] Connected to IPC stream "Upm-21376" after 0.2 seconds.
[Licensing::Client] Successfully resolved entitlement details
Library Redirect Path: Library/
[Physics::Module] Selected backend.
[Physics::Module] Name: PhysX
[Physics::Module] Id: 0xf2b8ea05
[Physics::Module] SDK Version: 4.1.2
[Physics::Module] Integration Version: 1.0.0
[Physics::Module] Threading Mode: Multi-Threaded
Package Manager log level set to [2]
[Package Manager] Restoring resolved packages state from cache
[Licensing::Client] Successfully resolved entitlement details
[Package Manager] Registered 50 packages:
  Packages from [https://packages.unity.com]:
    com.unity.burst@1.8.30 (location: /home/cacawatin/code/unity/chupacabras/Library/PackageCache/com.unity.burst@2f3d916873ea)
    com.unity.mathematics@1.3.2 (location: /home/cacawatin/code/unity/chupacabras/Library/PackageCache/com.unity.mathematics@8017b507cc74)
    com.unity.searcher@4.9.5 (location: /home/cacawatin/code/unity/chupacabras/Library/PackageCache/com.unity.searcher@a463122f2c00)
    com.unity.collections@2.6.8 (location: /home/cacawatin/code/unity/chupacabras/Library/PackageCache/com.unity.collections@84e8eb3fc12e)
    com.unity.nuget.mono-cecil@1.11.6 (location: /home/cacawatin/code/unity/chupacabras/Library/PackageCache/com.unity.nuget.mono-cecil@ecb9724e46ff)
    com.unity.test-framework.performance@3.5.0 (location: /home/cacawatin/code/unity/chupacabras/Library/PackageCache/com.unity.test-framework.performance@8b56083ec0f0)
  Built-in packages:
    com.unity.modules.accessibility@1.0.0 (location: /home/cacawatin/code/unity/chupacabras/Library/PackageCache/com.unity.modules.accessibility)
    com.unity.modules.adaptiveperformance@1.0.0 (location: /home/cacawatin/code/unity/chupacabras/Library/PackageCache/com.unity.modules.adaptiveperformance)
    com.unity.modules.ai@1.0.0 (location: /home/cacawatin/code/unity/chupacabras/Library/PackageCache/com.unity.modules.ai)
    com.unity.modules.androidjni@1.0.0 (location: /home/cacawatin/code/unity/chupacabras/Library/PackageCache/com.unity.modules.androidjni)
    com.unity.modules.animation@1.0.0 (location: /home/cacawatin/code/unity/chupacabras/Library/PackageCache/com.unity.modules.animation)
    com.unity.modules.assetbundle@1.0.0 (location: /home/cacawatin/code/unity/chupacabras/Library/PackageCache/com.unity.modules.assetbundle)
    com.unity.modules.audio@1.0.0 (location: /home/cacawatin/code/unity/chupacabras/Library/PackageCache/com.unity.modules.audio)
    com.unity.modules.cloth@1.0.0 (location: /home/cacawatin/code/unity/chupacabras/Library/PackageCache/com.unity.modules.cloth)
    com.unity.modules.director@1.0.0 (location: /home/cacawatin/code/unity/chupacabras/Library/PackageCache/com.unity.modules.director)
    com.unity.modules.imageconversion@1.0.0 (location: /home/cacawatin/code/unity/chupacabras/Library/PackageCache/com.unity.modules.imageconversion)
    com.unity.modules.imgui@1.0.0 (location: /home/cacawatin/code/unity/chupacabras/Library/PackageCache/com.unity.modules.imgui)
    com.unity.modules.jsonserialize@1.0.0 (location: /home/cacawatin/code/unity/chupacabras/Library/PackageCache/com.unity.modules.jsonserialize)
    com.unity.modules.particlesystem@1.0.0 (location: /home/cacawatin/code/unity/chupacabras/Library/PackageCache/com.unity.modules.particlesystem)
    com.unity.modules.physics@1.0.0 (location: /home/cacawatin/code/unity/chupacabras/Library/PackageCache/com.unity.modules.physics)
    com.unity.modules.physics2d@1.0.0 (location: /home/cacawatin/code/unity/chupacabras/Library/PackageCache/com.unity.modules.physics2d)
    com.unity.modules.screencapture@1.0.0 (location: /home/cacawatin/code/unity/chupacabras/Library/PackageCache/com.unity.modules.screencapture)
    com.unity.modules.terrain@1.0.0 (location: /home/cacawatin/code/unity/chupacabras/Library/PackageCache/com.unity.modules.terrain)
    com.unity.modules.terrainphysics@1.0.0 (location: /home/cacawatin/code/unity/chupacabras/Library/PackageCache/com.unity.modules.terrainphysics)
    com.unity.modules.tilemap@1.0.0 (location: /home/cacawatin/code/unity/chupacabras/Library/PackageCache/com.unity.modules.tilemap)
    com.unity.modules.ui@1.0.0 (location: /home/cacawatin/code/unity/chupacabras/Library/PackageCache/com.unity.modules.ui)
    com.unity.modules.uielements@1.0.0 (location: /home/cacawatin/code/unity/chupacabras/Library/PackageCache/com.unity.modules.uielements)
    com.unity.modules.umbra@1.0.0 (location: /home/cacawatin/code/unity/chupacabras/Library/PackageCache/com.unity.modules.umbra)
    com.unity.modules.unityanalytics@1.0.0 (location: /home/cacawatin/code/unity/chupacabras/Library/PackageCache/com.unity.modules.unityanalytics)
    com.unity.modules.unitywebrequest@1.0.0 (location: /home/cacawatin/code/unity/chupacabras/Library/PackageCache/com.unity.modules.unitywebrequest)
    com.unity.modules.unitywebrequestassetbundle@1.0.0 (location: /home/cacawatin/code/unity/chupacabras/Library/PackageCache/com.unity.modules.unitywebrequestassetbundle)
    com.unity.modules.unitywebrequestaudio@1.0.0 (location: /home/cacawatin/code/unity/chupacabras/Library/PackageCache/com.unity.modules.unitywebrequestaudio)
    com.unity.modules.unitywebrequesttexture@1.0.0 (location: /home/cacawatin/code/unity/chupacabras/Library/PackageCache/com.unity.modules.unitywebrequesttexture)
    com.unity.modules.unitywebrequestwww@1.0.0 (location: /home/cacawatin/code/unity/chupacabras/Library/PackageCache/com.unity.modules.unitywebrequestwww)
    com.unity.modules.vectorgraphics@1.0.0 (location: /home/cacawatin/code/unity/chupacabras/Library/PackageCache/com.unity.modules.vectorgraphics)
    com.unity.modules.vehicles@1.0.0 (location: /home/cacawatin/code/unity/chupacabras/Library/PackageCache/com.unity.modules.vehicles)
    com.unity.modules.video@1.0.0 (location: /home/cacawatin/code/unity/chupacabras/Library/PackageCache/com.unity.modules.video)
    com.unity.modules.vr@1.0.0 (location: /home/cacawatin/code/unity/chupacabras/Library/PackageCache/com.unity.modules.vr)
    com.unity.modules.wind@1.0.0 (location: /home/cacawatin/code/unity/chupacabras/Library/PackageCache/com.unity.modules.wind)
    com.unity.modules.xr@1.0.0 (location: /home/cacawatin/code/unity/chupacabras/Library/PackageCache/com.unity.modules.xr)
    com.unity.render-pipelines.universal@17.3.0 (location: /home/cacawatin/code/unity/chupacabras/Library/PackageCache/com.unity.render-pipelines.universal@5e938da7c22f)
    com.unity.render-pipelines.core@17.3.0 (location: /home/cacawatin/code/unity/chupacabras/Library/PackageCache/com.unity.render-pipelines.core@c02534ef9c73)
    com.unity.shadergraph@17.3.0 (location: /home/cacawatin/code/unity/chupacabras/Library/PackageCache/com.unity.shadergraph@9e626fc2249c)
    com.unity.render-pipelines.universal-config@17.0.3 (location: /home/cacawatin/code/unity/chupacabras/Library/PackageCache/com.unity.render-pipelines.universal-config@dbe3fd082d8f)
    com.unity.modules.subsystems@1.0.0 (location: /home/cacawatin/code/unity/chupacabras/Library/PackageCache/com.unity.modules.subsystems)
    com.unity.modules.hierarchycore@1.0.0 (location: /home/cacawatin/code/unity/chupacabras/Library/PackageCache/com.unity.modules.hierarchycore)
    com.unity.ugui@2.0.0 (location: /home/cacawatin/code/unity/chupacabras/Library/PackageCache/com.unity.ugui@3d5396063069)
    com.unity.test-framework@1.6.0 (location: /home/cacawatin/code/unity/chupacabras/Library/PackageCache/com.unity.test-framework@0bd5c5194236)
    com.unity.ext.nunit@2.0.5 (location: /home/cacawatin/code/unity/chupacabras/Library/PackageCache/com.unity.ext.nunit@ec2d0043d6fc)
  Embedded packages:
    jp.keijiro.apriltag@file:/home/cacawatin/code/unity/chupacabras/Packages/jp.keijiro.apriltag (location: /home/cacawatin/code/unity/chupacabras/Packages/jp.keijiro.apriltag)
[Subsystems] No new subsystems found in resolved package list.
[Package Manager] Done registering packages in 0.01 seconds
Artifact Garbage Collection - Removed 2 unused hashed content files
[Licensing::Client] Successfully resolved entitlement details
Refreshing native plugins compatible for Editor in 1.05 ms, found 1 plugins.
Preloading 0 native plugins for Editor in 0.00 ms.
Initialize engine version: 6000.3.22f1 (1c726e1fb402)
[Subsystems] Discovering subsystems at path /home/cacawatin/Unity/Hub/Editor/6000.3.22f1/Editor/Data/Resources/UnitySubsystems
[Subsystems] Discovering subsystems at path /home/cacawatin/code/unity/chupacabras/Assets
Forcing GfxDevice: Vulkan
GfxDevice: creating device client; kGfxThreadingModeThreaded
[vulkan] LoadVulkanLibrary libvulkan.so.1[vulkan] Loaded instance function vkGetInstanceProcAddr
[vulkan] Loaded instance function vkGetInstanceProcAddr
[vulkan] Loaded instance function vkCreateInstance
[vulkan] Loaded instance function vkEnumerateInstanceExtensionProperties
[vulkan] Loaded instance function vkEnumerateInstanceLayerProperties
[vulkan] Loaded instance function vkEnumerateInstanceVersion
[Vulkan init] extensions: count=26
[Vulkan init] extensions: name=VK_EXT_acquire_drm_display [enabled=0, external=0]
[Vulkan init] extensions: name=VK_EXT_acquire_xlib_display [enabled=0, external=0]
[Vulkan init] extensions: name=VK_EXT_debug_report [enabled=0, external=0]
[Vulkan init] extensions: name=VK_EXT_debug_utils [enabled=1, external=0]
[Vulkan init] extensions: name=VK_EXT_direct_mode_display [enabled=0, external=0]
[Vulkan init] extensions: name=VK_EXT_display_surface_counter [enabled=0, external=0]
[Vulkan init] extensions: name=VK_EXT_headless_surface [enabled=0, external=0]
[Vulkan init] extensions: name=VK_EXT_layer_settings [enabled=0, external=0]
[Vulkan init] extensions: name=VK_EXT_surface_maintenance1 [enabled=0, external=0]
[Vulkan init] extensions: name=VK_EXT_swapchain_colorspace [enabled=1, external=0]
[Vulkan init] extensions: name=VK_KHR_device_group_creation [enabled=0, external=0]
[Vulkan init] extensions: name=VK_KHR_display [enabled=1, external=0]
[Vulkan init] extensions: name=VK_KHR_external_fence_capabilities [enabled=1, external=0]
[Vulkan init] extensions: name=VK_KHR_external_memory_capabilities [enabled=1, external=0]
[Vulkan init] extensions: name=VK_KHR_external_semaphore_capabilities [enabled=1, external=0]
[Vulkan init] extensions: name=VK_KHR_get_display_properties2 [enabled=0, external=0]
[Vulkan init] extensions: name=VK_KHR_get_physical_device_properties2 [enabled=1, external=0]
[Vulkan init] extensions: name=VK_KHR_get_surface_capabilities2 [enabled=0, external=0]
[Vulkan init] extensions: name=VK_KHR_portability_enumeration [enabled=0, external=0]
[Vulkan init] extensions: name=VK_KHR_surface [enabled=1, external=0]
[Vulkan init] extensions: name=VK_KHR_surface_maintenance1 [enabled=0, external=0]
[Vulkan init] extensions: name=VK_KHR_surface_protected_capabilities [enabled=0, external=0]
[Vulkan init] extensions: name=VK_KHR_wayland_surface [enabled=1, external=0]
[Vulkan init] extensions: name=VK_KHR_xcb_surface [enabled=0, external=0]
[Vulkan init] extensions: name=VK_KHR_xlib_surface [enabled=1, external=0]
[Vulkan init] extensions: name=VK_LUNARG_direct_driver_loading [enabled=0, external=0]
[vulkan] Loaded instance function vkDestroyInstance
[vulkan] Loaded instance function vkGetPhysicalDeviceProperties
[vulkan] Loaded instance function vkEnumeratePhysicalDevices
[Vulkan init] SelectPhysicalDevice requestedDeviceIndex=-1 xrDevice=(nil)
[Vulkan init] Physical Device 0x5586ec6bb9c0 [0]: "Intel(R) Graphics (ADL-N)" deviceType=1 vendorID=8086 deviceID=46d0
Vulkan detection: 2
[Vulkan init] extensions: count=26
[Vulkan init] extensions: name=VK_EXT_acquire_drm_display [enabled=0, external=0]
[Vulkan init] extensions: name=VK_EXT_acquire_xlib_display [enabled=0, external=0]
[Vulkan init] extensions: name=VK_EXT_debug_report [enabled=0, external=0]
[Vulkan init] extensions: name=VK_EXT_debug_utils [enabled=1, external=0]
[Vulkan init] extensions: name=VK_EXT_direct_mode_display [enabled=0, external=0]
[Vulkan init] extensions: name=VK_EXT_display_surface_counter [enabled=0, external=0]
[Vulkan init] extensions: name=VK_EXT_headless_surface [enabled=0, external=0]
[Vulkan init] extensions: name=VK_EXT_layer_settings [enabled=0, external=0]
[Vulkan init] extensions: name=VK_EXT_surface_maintenance1 [enabled=0, external=0]
[Vulkan init] extensions: name=VK_EXT_swapchain_colorspace [enabled=1, external=0]
[Vulkan init] extensions: name=VK_KHR_device_group_creation [enabled=0, external=0]
[Vulkan init] extensions: name=VK_KHR_display [enabled=1, external=0]
[Vulkan init] extensions: name=VK_KHR_external_fence_capabilities [enabled=1, external=0]
[Vulkan init] extensions: name=VK_KHR_external_memory_capabilities [enabled=1, external=0]
[Vulkan init] extensions: name=VK_KHR_external_semaphore_capabilities [enabled=1, external=0]
[Vulkan init] extensions: name=VK_KHR_get_display_properties2 [enabled=0, external=0]
[Vulkan init] extensions: name=VK_KHR_get_physical_device_properties2 [enabled=1, external=0]
[Vulkan init] extensions: name=VK_KHR_get_surface_capabilities2 [enabled=0, external=0]
[Vulkan init] extensions: name=VK_KHR_portability_enumeration [enabled=0, external=0]
[Vulkan init] extensions: name=VK_KHR_surface [enabled=1, external=0]
[Vulkan init] extensions: name=VK_KHR_surface_maintenance1 [enabled=0, external=0]
[Vulkan init] extensions: name=VK_KHR_surface_protected_capabilities [enabled=0, external=0]
[Vulkan init] extensions: name=VK_KHR_wayland_surface [enabled=1, external=0]
[Vulkan init] extensions: name=VK_KHR_xcb_surface [enabled=0, external=0]
[Vulkan init] extensions: name=VK_KHR_xlib_surface [enabled=1, external=0]
[Vulkan init] extensions: name=VK_LUNARG_direct_driver_loading [enabled=0, external=0]
[vulkan] Loaded instance function vkDestroyInstance
[vulkan] Loaded instance function vkGetPhysicalDeviceProperties
[vulkan] Loaded instance function vkEnumeratePhysicalDevices
[vulkan] Loaded instance function vkGetDeviceProcAddr
[vulkan] Loaded instance function vkGetPhysicalDeviceFeatures
[vulkan] Loaded instance function vkGetPhysicalDeviceFormatProperties
[vulkan] Loaded instance function vkGetPhysicalDeviceImageFormatProperties
[vulkan] Loaded instance function vkGetPhysicalDeviceQueueFamilyProperties
[vulkan] Loaded instance function vkGetPhysicalDeviceMemoryProperties
[vulkan] Loaded instance function vkCreateDevice
[vulkan] Loaded instance function vkEnumerateDeviceExtensionProperties
[vulkan] Loaded instance function vkEnumerateDeviceLayerProperties
[vulkan] Loaded instance function vkGetPhysicalDeviceSparseImageFormatProperties
[vulkan] Loaded instance function vkDestroySurfaceKHR
[vulkan] Loaded instance function vkGetPhysicalDeviceSurfaceSupportKHR
[vulkan] Loaded instance function vkGetPhysicalDeviceSurfaceCapabilitiesKHR
[vulkan] Loaded instance function vkGetPhysicalDeviceSurfaceFormatsKHR
[vulkan] Loaded instance function vkGetPhysicalDeviceSurfacePresentModesKHR
[vulkan] Loaded instance function vkCreateSwapchainKHR
[vulkan] Loaded instance function vkDestroySwapchainKHR
[vulkan] Loaded instance function vkGetSwapchainImagesKHR
[vulkan] Loaded instance function vkAcquireNextImageKHR
[vulkan] Loaded instance function vkQueuePresentKHR
[vulkan] Loaded instance function vkGetPhysicalDeviceDisplayPropertiesKHR
[vulkan] Loaded instance function vkGetPhysicalDeviceDisplayPlanePropertiesKHR
[vulkan] Loaded instance function vkGetDisplayPlaneSupportedDisplaysKHR
[vulkan] Loaded instance function vkGetDisplayModePropertiesKHR
[vulkan] Loaded instance function vkCreateDisplayModeKHR
[vulkan] Loaded instance function vkGetDisplayPlaneCapabilitiesKHR
[vulkan] Loaded instance function vkCreateDisplayPlaneSurfaceKHR
[vulkan] Loaded instance function vkCreateSharedSwapchainsKHR
[vulkan] Loaded instance function vkCreateXlibSurfaceKHR
[vulkan] Loaded instance function vkGetPhysicalDeviceXlibPresentationSupportKHR
[vulkan] Loaded instance function vkSetHdrMetadataEXT
[vulkan] Loaded instance function vkGetPhysicalDeviceFeatures2KHR
[vulkan] Loaded instance function vkGetPhysicalDeviceProperties2KHR
[vulkan] Loaded instance function vkGetPhysicalDeviceFormatProperties2KHR
[vulkan] Loaded instance function vkGetPhysicalDeviceImageFormatProperties2KHR
[vulkan] Loaded instance function vkGetPhysicalDeviceQueueFamilyProperties2KHR
[vulkan] Loaded instance function vkGetPhysicalDeviceMemoryProperties2KHR
[vulkan] Loaded instance function vkGetPhysicalDeviceSparseImageFormatProperties2KHR
[vulkan] Loaded instance function vkGetSemaphoreFdKHR
[vulkan] Loaded instance function vkImportSemaphoreFdKHR
[vulkan] Loaded instance function vkGetFenceFdKHR
[vulkan] Loaded instance function vkImportFenceFdKHR
[vulkan] Loaded instance function vkCreateSamplerYcbcrConversionKHR
[vulkan] Loaded instance function vkDestroySamplerYcbcrConversionKHR
[vulkan] Loaded instance function vkBindBufferMemory2KHR
[vulkan] Loaded instance function vkBindImageMemory2KHR
[vulkan] Loaded instance function vkWaitForPresentKHR
[vulkan] Loaded instance function vkGetPhysicalDeviceExternalSemaphorePropertiesKHR
[vulkan] Loaded instance function vkGetPhysicalDeviceExternalFencePropertiesKHR
[vulkan] Loaded instance function vkGetPhysicalDeviceFragmentShadingRatesKHR
[vulkan] Loaded instance function vkSetDebugUtilsObjectNameEXT
[vulkan] Loaded instance function vkSetDebugUtilsObjectTagEXT
[vulkan] Loaded instance function vkQueueBeginDebugUtilsLabelEXT
[vulkan] Loaded instance function vkQueueEndDebugUtilsLabelEXT
[vulkan] Loaded instance function vkQueueInsertDebugUtilsLabelEXT
[vulkan] Loaded instance function vkCmdBeginDebugUtilsLabelEXT
[vulkan] Loaded instance function vkCmdEndDebugUtilsLabelEXT
[vulkan] Loaded instance function vkCmdInsertDebugUtilsLabelEXT
[Vulkan init] SelectPhysicalDevice requestedDeviceIndex=-1 xrDevice=(nil)
[Vulkan init] Physical Device 0x5586ec6ff020 [0]: "Intel(R) Graphics (ADL-N)" deviceType=1 vendorID=8086 deviceID=46d0
[Vulkan init] Selected physical device 0x5586ec6ff020
[Vulkan init] Graphics queue count=1
[Vulkan init] extensions: count=196
[Vulkan init] extensions: name=VK_AMD_buffer_marker [enabled=0, external=0]
[Vulkan init] extensions: name=VK_EXT_4444_formats [enabled=1, external=0]
[Vulkan init] extensions: name=VK_EXT_attachment_feedback_loop_dynamic_state [enabled=0, external=0]
[Vulkan init] extensions: name=VK_EXT_attachment_feedback_loop_layout [enabled=0, external=0]
[Vulkan init] extensions: name=VK_EXT_border_color_swizzle [enabled=0, external=0]
[Vulkan init] extensions: name=VK_EXT_buffer_device_address [enabled=0, external=0]
[Vulkan init] extensions: name=VK_EXT_calibrated_timestamps [enabled=0, external=0]
[Vulkan init] extensions: name=VK_EXT_color_write_enable [enabled=0, external=0]
[Vulkan init] extensions: name=VK_EXT_conditional_rendering [enabled=0, external=0]
[Vulkan init] extensions: name=VK_EXT_conservative_rasterization [enabled=1, external=0]
[Vulkan init] extensions: name=VK_EXT_custom_border_color [enabled=0, external=0]
[Vulkan init] extensions: name=VK_EXT_debug_marker [enabled=0, external=0]
[Vulkan init] extensions: name=VK_EXT_depth_bias_control [enabled=0, external=0]
[Vulkan init] extensions: name=VK_EXT_depth_clamp_control [enabled=0, external=0]
[Vulkan init] extensions: name=VK_EXT_depth_clamp_zero_one [enabled=0, external=0]
[Vulkan init] extensions: name=VK_EXT_depth_clip_control [enabled=0, external=0]
[Vulkan init] extensions: name=VK_EXT_depth_clip_enable [enabled=0, external=0]
[Vulkan init] extensions: name=VK_EXT_descriptor_buffer [enabled=0, external=0]
[Vulkan init] extensions: name=VK_EXT_descriptor_heap [enabled=0, external=0]
[Vulkan init] extensions: name=VK_EXT_descriptor_indexing [enabled=0, external=0]
[Vulkan init] extensions: name=VK_EXT_device_address_binding_report [enabled=0, external=0]
[Vulkan init] extensions: name=VK_EXT_device_memory_report [enabled=0, external=0]
[Vulkan init] extensions: name=VK_EXT_display_control [enabled=0, external=0]
[Vulkan init] extensions: name=VK_EXT_dynamic_rendering_unused_attachments [enabled=0, external=0]
[Vulkan init] extensions: name=VK_EXT_extended_dynamic_state [enabled=0, external=0]
[Vulkan init] extensions: name=VK_EXT_extended_dynamic_state2 [enabled=0, external=0]
[Vulkan init] extensions: name=VK_EXT_extended_dynamic_state3 [enabled=0, external=0]
[Vulkan init] extensions: name=VK_EXT_external_memory_acquire_unmodified [enabled=0, external=0]
[Vulkan init] extensions: name=VK_EXT_external_memory_dma_buf [enabled=0, external=0]
[Vulkan init] extensions: name=VK_EXT_external_memory_host [enabled=1, external=0]
[Vulkan init] extensions: name=VK_EXT_fragment_shader_interlock [enabled=0, external=0]
[Vulkan init] extensions: name=VK_EXT_global_priority [enabled=0, external=0]
[Vulkan init] extensions: name=VK_EXT_global_priority_query [enabled=0, external=0]
[Vulkan init] extensions: name=VK_EXT_graphics_pipeline_library [enabled=0, external=0]
[Vulkan init] extensions: name=VK_EXT_hdr_metadata [enabled=1, external=0]
[Vulkan init] extensions: name=VK_EXT_host_image_copy [enabled=0, external=0]
[Vulkan init] extensions: name=VK_EXT_host_query_reset [enabled=0, external=0]
[Vulkan init] extensions: name=VK_EXT_image_2d_view_of_3d [enabled=0, external=0]
[Vulkan init] extensions: name=VK_EXT_image_drm_format_modifier [enabled=0, external=0]
[Vulkan init] extensions: name=VK_EXT_image_robustness [enabled=0, external=0]
[Vulkan init] extensions: name=VK_EXT_image_sliced_view_of_3d [enabled=0, external=0]
[Vulkan init] extensions: name=VK_EXT_image_view_min_lod [enabled=0, external=0]
[Vulkan init] extensions: name=VK_EXT_index_type_uint8 [enabled=0, external=0]
[Vulkan init] extensions: name=VK_EXT_inline_uniform_block [enabled=0, external=0]
[Vulkan init] extensions: name=VK_EXT_legacy_dithering [enabled=0, external=0]
[Vulkan init] extensions: name=VK_EXT_legacy_vertex_attributes [enabled=0, external=0]
[Vulkan init] extensions: name=VK_EXT_line_rasterization [enabled=0, external=0]
[Vulkan init] extensions: name=VK_EXT_load_store_op_none [enabled=1, external=0]
[Vulkan init] extensions: name=VK_EXT_map_memory_placed [enabled=0, external=0]
[Vulkan init] extensions: name=VK_EXT_memory_budget [enabled=1, external=0]
[Vulkan init] extensions: name=VK_EXT_multi_draw [enabled=0, external=0]
[Vulkan init] extensions: name=VK_EXT_mutable_descriptor_type [enabled=0, external=0]
[Vulkan init] extensions: name=VK_EXT_nested_command_buffer [enabled=0, external=0]
[Vulkan init] extensions: name=VK_EXT_non_seamless_cube_map [enabled=0, external=0]
[Vulkan init] extensions: name=VK_EXT_pci_bus_info [enabled=0, external=0]
[Vulkan init] extensions: name=VK_EXT_physical_device_drm [enabled=0, external=0]
[Vulkan init] extensions: name=VK_EXT_pipeline_creation_cache_control [enabled=0, external=0]
[Vulkan init] extensions: name=VK_EXT_pipeline_creation_feedback [enabled=0, external=0]
[Vulkan init] extensions: name=VK_EXT_pipeline_protected_access [enabled=0, external=0]
[Vulkan init] extensions: name=VK_EXT_pipeline_robustness [enabled=0, external=0]
[Vulkan init] extensions: name=VK_EXT_post_depth_coverage [enabled=0, external=0]
[Vulkan init] extensions: name=VK_EXT_present_timing [enabled=0, external=0]
[Vulkan init] extensions: name=VK_EXT_primitive_restart_index [enabled=0, external=0]
[Vulkan init] extensions: name=VK_EXT_primitive_topology_list_restart [enabled=0, external=0]
[Vulkan init] extensions: name=VK_EXT_primitives_generated_query [enabled=0, external=0]
[Vulkan init] extensions: name=VK_EXT_private_data [enabled=0, external=0]
[Vulkan init] extensions: name=VK_EXT_provoking_vertex [enabled=0, external=0]
[Vulkan init] extensions: name=VK_EXT_queue_family_foreign [enabled=1, external=0]
[Vulkan init] extensions: name=VK_EXT_robustness2 [enabled=0, external=0]
[Vulkan init] extensions: name=VK_EXT_sample_locations [enabled=0, external=0]
[Vulkan init] extensions: name=VK_EXT_sampler_filter_minmax [enabled=0, external=0]
[Vulkan init] extensions: name=VK_EXT_scalar_block_layout [enabled=1, external=0]
[Vulkan init] extensions: name=VK_EXT_separate_stencil_usage [enabled=0, external=0]
[Vulkan init] extensions: name=VK_EXT_shader_atomic_float [enabled=0, external=0]
[Vulkan init] extensions: name=VK_EXT_shader_atomic_float2 [enabled=0, external=0]
[Vulkan init] extensions: name=VK_EXT_shader_demote_to_helper_invocation [enabled=1, external=0]
[Vulkan init] extensions: name=VK_EXT_shader_image_atomic_int64 [enabled=0, external=0]
[Vulkan init] extensions: name=VK_EXT_shader_module_identifier [enabled=0, external=0]
[Vulkan init] extensions: name=VK_EXT_shader_object [enabled=0, external=0]
[Vulkan init] extensions: name=VK_EXT_shader_replicated_composites [enabled=0, external=0]
[Vulkan init] extensions: name=VK_EXT_shader_stencil_export [enabled=0, external=0]
[Vulkan init] extensions: name=VK_EXT_shader_subgroup_ballot [enabled=0, external=0]
[Vulkan init] extensions: name=VK_EXT_shader_subgroup_vote [enabled=0, external=0]
[Vulkan init] extensions: name=VK_EXT_shader_uniform_buffer_unsized_array [enabled=0, external=0]
[Vulkan init] extensions: name=VK_EXT_shader_viewport_index_layer [enabled=1, external=0]
[Vulkan init] extensions: name=VK_EXT_subgroup_size_control [enabled=0, external=0]
[Vulkan init] extensions: name=VK_EXT_swapchain_maintenance1 [enabled=0, external=0]
[Vulkan init] extensions: name=VK_EXT_texel_buffer_alignment [enabled=0, external=0]
[Vulkan init] extensions: name=VK_EXT_tooling_info [enabled=0, external=0]
[Vulkan init] extensions: name=VK_EXT_transform_feedback [enabled=0, external=0]
[Vulkan init] extensions: name=VK_EXT_vertex_attribute_divisor [enabled=0, external=0]
[Vulkan init] extensions: name=VK_EXT_vertex_input_dynamic_state [enabled=1, external=0]
[Vulkan init] extensions: name=VK_EXT_ycbcr_2plane_444_formats [enabled=0, external=0]
[Vulkan init] extensions: name=VK_EXT_ycbcr_image_arrays [enabled=0, external=0]
[Vulkan init] extensions: name=VK_GOOGLE_decorate_string [enabled=0, external=0]
[Vulkan init] extensions: name=VK_GOOGLE_hlsl_functionality1 [enabled=0, external=0]
[Vulkan init] extensions: name=VK_GOOGLE_user_type [enabled=0, external=0]
[Vulkan init] extensions: name=VK_INTEL_shader_integer_functions2 [enabled=0, external=0]
[Vulkan init] extensions: name=VK_KHR_16bit_storage [enabled=1, external=0]
[Vulkan init] extensions: name=VK_KHR_8bit_storage [enabled=0, external=0]
[Vulkan init] extensions: name=VK_KHR_bind_memory2 [enabled=1, external=0]
[Vulkan init] extensions: name=VK_KHR_buffer_device_address [enabled=0, external=0]
[Vulkan init] extensions: name=VK_KHR_calibrated_timestamps [enabled=0, external=0]
[Vulkan init] extensions: name=VK_KHR_compute_shader_derivatives [enabled=0, external=0]
[Vulkan init] extensions: name=VK_KHR_copy_commands2 [enabled=0, external=0]
[Vulkan init] extensions: name=VK_KHR_copy_memory_indirect [enabled=0, external=0]
[Vulkan init] extensions: name=VK_KHR_create_renderpass2 [enabled=1, external=0]
[Vulkan init] extensions: name=VK_KHR_dedicated_allocation [enabled=1, external=0]
[Vulkan init] extensions: name=VK_KHR_deferred_host_operations [enabled=0, external=0]
[Vulkan init] extensions: name=VK_KHR_depth_clamp_zero_one [enabled=0, external=0]
[Vulkan init] extensions: name=VK_KHR_depth_stencil_resolve [enabled=1, external=0]
[Vulkan init] extensions: name=VK_KHR_descriptor_update_template [enabled=1, external=0]
[Vulkan init] extensions: name=VK_KHR_device_address_commands [enabled=0, external=0]
[Vulkan init] extensions: name=VK_KHR_device_group [enabled=0, external=0]
[Vulkan init] extensions: name=VK_KHR_draw_indirect_count [enabled=0, external=0]
[Vulkan init] extensions: name=VK_KHR_driver_properties [enabled=1, external=0]
[Vulkan init] extensions: name=VK_KHR_dynamic_rendering [enabled=0, external=0]
[Vulkan init] extensions: name=VK_KHR_dynamic_rendering_local_read [enabled=0, external=0]
[Vulkan init] extensions: name=VK_KHR_external_fence [enabled=1, external=0]
[Vulkan init] extensions: name=VK_KHR_external_fence_fd [enabled=1, external=0]
[Vulkan init] extensions: name=VK_KHR_external_memory [enabled=1, external=0]
[Vulkan init] extensions: name=VK_KHR_external_memory_fd [enabled=1, external=0]
[Vulkan init] extensions: name=VK_KHR_external_semaphore [enabled=1, external=0]
[Vulkan init] extensions: name=VK_KHR_external_semaphore_fd [enabled=1, external=0]
[Vulkan init] extensions: name=VK_KHR_format_feature_flags2 [enabled=0, external=0]
[Vulkan init] extensions: name=VK_KHR_fragment_shading_rate [enabled=1, external=0]
[Vulkan init] extensions: name=VK_KHR_get_memory_requirements2 [enabled=1, external=0]
[Vulkan init] extensions: name=VK_KHR_global_priority [enabled=0, external=0]
[Vulkan init] extensions: name=VK_KHR_image_format_list [enabled=1, external=0]
[Vulkan init] extensions: name=VK_KHR_imageless_framebuffer [enabled=0, external=0]
[Vulkan init] extensions: name=VK_KHR_incremental_present [enabled=0, external=0]
[Vulkan init] extensions: name=VK_KHR_index_type_uint8 [enabled=0, external=0]
[Vulkan init] extensions: name=VK_KHR_internally_synchronized_queues [enabled=0, external=0]
[Vulkan init] extensions: name=VK_KHR_line_rasterization [enabled=0, external=0]
[Vulkan init] extensions: name=VK_KHR_load_store_op_none [enabled=0, external=0]
[Vulkan init] extensions: name=VK_KHR_maintenance1 [enabled=1, external=0]
[Vulkan init] extensions: name=VK_KHR_maintenance10 [enabled=0, external=0]
[Vulkan init] extensions: name=VK_KHR_maintenance11 [enabled=0, external=0]
[Vulkan init] extensions: name=VK_KHR_maintenance2 [enabled=1, external=0]
[Vulkan init] extensions: name=VK_KHR_maintenance3 [enabled=0, external=0]
[Vulkan init] extensions: name=VK_KHR_maintenance4 [enabled=0, external=0]
[Vulkan init] extensions: name=VK_KHR_maintenance5 [enabled=0, external=0]
[Vulkan init] extensions: name=VK_KHR_maintenance6 [enabled=0, external=0]
[Vulkan init] extensions: name=VK_KHR_maintenance7 [enabled=0, external=0]
[Vulkan init] extensions: name=VK_KHR_maintenance8 [enabled=0, external=0]
[Vulkan init] extensions: name=VK_KHR_maintenance9 [enabled=0, external=0]
[Vulkan init] extensions: name=VK_KHR_map_memory2 [enabled=0, external=0]
[Vulkan init] extensions: name=VK_KHR_multiview [enabled=1, external=0]
[Vulkan init] extensions: name=VK_KHR_pipeline_binary [enabled=0, external=0]
[Vulkan init] extensions: name=VK_KHR_pipeline_executable_properties [enabled=0, external=0]
[Vulkan init] extensions: name=VK_KHR_pipeline_library [enabled=0, external=0]
[Vulkan init] extensions: name=VK_KHR_present_id [enabled=1, external=0]
[Vulkan init] extensions: name=VK_KHR_present_id2 [enabled=0, external=0]
[Vulkan init] extensions: name=VK_KHR_present_wait [enabled=1, external=0]
[Vulkan init] extensions: name=VK_KHR_present_wait2 [enabled=0, external=0]
[Vulkan init] extensions: name=VK_KHR_push_descriptor [enabled=0, external=0]
[Vulkan init] extensions: name=VK_KHR_relaxed_block_layout [enabled=0, external=0]
[Vulkan init] extensions: name=VK_KHR_robustness2 [enabled=0, external=0]
[Vulkan init] extensions: name=VK_KHR_sampler_mirror_clamp_to_edge [enabled=1, external=0]
[Vulkan init] extensions: name=VK_KHR_sampler_ycbcr_conversion [enabled=1, external=0]
[Vulkan init] extensions: name=VK_KHR_separate_depth_stencil_layouts [enabled=0, external=0]
[Vulkan init] extensions: name=VK_KHR_shader_atomic_int64 [enabled=1, external=0]
[Vulkan init] extensions: name=VK_KHR_shader_clock [enabled=0, external=0]
[Vulkan init] extensions: name=VK_KHR_shader_constant_data [enabled=0, external=0]
[Vulkan init] extensions: name=VK_KHR_shader_draw_parameters [enabled=0, external=0]
[Vulkan init] extensions: name=VK_KHR_shader_expect_assume [enabled=0, external=0]
[Vulkan init] extensions: name=VK_KHR_shader_float16_int8 [enabled=1, external=0]
[Vulkan init] extensions: name=VK_KHR_shader_float_controls [enabled=0, external=0]
[Vulkan init] extensions: name=VK_KHR_shader_float_controls2 [enabled=0, external=0]
[Vulkan init] extensions: name=VK_KHR_shader_fma [enabled=0, external=0]
[Vulkan init] extensions: name=VK_KHR_shader_integer_dot_product [enabled=0, external=0]
[Vulkan init] extensions: name=VK_KHR_shader_maximal_reconvergence [enabled=0, external=0]
[Vulkan init] extensions: name=VK_KHR_shader_non_semantic_info [enabled=1, external=0]
[Vulkan init] extensions: name=VK_KHR_shader_quad_control [enabled=0, external=0]
[Vulkan init] extensions: name=VK_KHR_shader_relaxed_extended_instruction [enabled=0, external=0]
[Vulkan init] extensions: name=VK_KHR_shader_subgroup_extended_types [enabled=0, external=0]
[Vulkan init] extensions: name=VK_KHR_shader_subgroup_rotate [enabled=0, external=0]
[Vulkan init] extensions: name=VK_KHR_shader_subgroup_uniform_control_flow [enabled=0, external=0]
[Vulkan init] extensions: name=VK_KHR_shader_terminate_invocation [enabled=0, external=0]
[Vulkan init] extensions: name=VK_KHR_shader_untyped_pointers [enabled=0, external=0]
[Vulkan init] extensions: name=VK_KHR_spirv_1_4 [enabled=0, external=0]
[Vulkan init] extensions: name=VK_KHR_storage_buffer_storage_class [enabled=1, external=0]
[Vulkan init] extensions: name=VK_KHR_swapchain [enabled=1, external=0]
[Vulkan init] extensions: name=VK_KHR_swapchain_maintenance1 [enabled=0, external=0]
[Vulkan init] extensions: name=VK_KHR_swapchain_mutable_format [enabled=1, external=0]
[Vulkan init] extensions: name=VK_KHR_synchronization2 [enabled=0, external=0]
[Vulkan init] extensions: name=VK_KHR_timeline_semaphore [enabled=0, external=0]
[Vulkan init] extensions: name=VK_KHR_uniform_buffer_standard_layout [enabled=0, external=0]
[Vulkan init] extensions: name=VK_KHR_variable_pointers [enabled=0, external=0]
[Vulkan init] extensions: name=VK_KHR_vertex_attribute_divisor [enabled=0, external=0]
[Vulkan init] extensions: name=VK_KHR_vulkan_memory_model [enabled=0, external=0]
[Vulkan init] extensions: name=VK_KHR_workgroup_memory_explicit_layout [enabled=0, external=0]
[Vulkan init] extensions: name=VK_KHR_zero_initialize_workgroup_memory [enabled=0, external=0]
[Vulkan init] extensions: name=VK_MESA_image_alignment_control [enabled=0, external=0]
[Vulkan init] extensions: name=VK_NV_compute_shader_derivatives [enabled=0, external=0]
[Vulkan init] extensions: name=VK_VALVE_mutable_descriptor_type [enabled=0, external=0]
[vulkan] Loaded device function vkDestroyDevice
[vulkan] Loaded device function vkGetDeviceQueue
[vulkan] Loaded device function vkQueueSubmit
[vulkan] Loaded device function vkQueueWaitIdle
[vulkan] Loaded device function vkDeviceWaitIdle
[vulkan] Loaded device function vkAllocateMemory
[vulkan] Loaded device function vkFreeMemory
[vulkan] Loaded device function vkMapMemory
[vulkan] Loaded device function vkUnmapMemory
[vulkan] Loaded device function vkFlushMappedMemoryRanges
[vulkan] Loaded device function vkInvalidateMappedMemoryRanges
[vulkan] Loaded device function vkGetDeviceMemoryCommitment
[vulkan] Loaded device function vkBindBufferMemory
[vulkan] Loaded device function vkBindImageMemory
[vulkan] Loaded device function vkGetBufferMemoryRequirements
[vulkan] Loaded device function vkGetImageMemoryRequirements
[vulkan] Loaded device function vkGetImageSparseMemoryRequirements
[vulkan] Loaded device function vkQueueBindSparse
[vulkan] Loaded device function vkCreateFence
[vulkan] Loaded device function vkDestroyFence
[vulkan] Loaded device function vkResetFences
[vulkan] Loaded device function vkGetFenceStatus
[vulkan] Loaded device function vkWaitForFences
[vulkan] Loaded device function vkCreateSemaphore
[vulkan] Loaded device function vkDestroySemaphore
[vulkan] Loaded device function vkCreateEvent
[vulkan] Loaded device function vkDestroyEvent
[vulkan] Loaded device function vkGetEventStatus
[vulkan] Loaded device function vkSetEvent
[vulkan] Loaded device function vkResetEvent
[vulkan] Loaded device function vkCreateQueryPool
[vulkan] Loaded device function vkDestroyQueryPool
[vulkan] Loaded device function vkGetQueryPoolResults
[vulkan] Loaded device function vkCreateBuffer
[vulkan] Loaded device function vkDestroyBuffer
[vulkan] Loaded device function vkCreateBufferView
[vulkan] Loaded device function vkDestroyBufferView
[vulkan] Loaded device function vkCreateImage
[vulkan] Loaded device function vkDestroyImage
[vulkan] Loaded device function vkGetImageSubresourceLayout
[vulkan] Loaded device function vkCreateImageView
[vulkan] Loaded device function vkDestroyImageView
[vulkan] Loaded device function vkCreateShaderModule
[vulkan] Loaded device function vkDestroyShaderModule
[vulkan] Loaded device function vkCreatePipelineCache
[vulkan] Loaded device function vkDestroyPipelineCache
[vulkan] Loaded device function vkGetPipelineCacheData
[vulkan] Loaded device function vkMergePipelineCaches
[vulkan] Loaded device function vkCreateGraphicsPipelines
[vulkan] Loaded device function vkCreateComputePipelines
[vulkan] Loaded device function vkDestroyPipeline
[vulkan] Loaded device function vkCreatePipelineLayout
[vulkan] Loaded device function vkDestroyPipelineLayout
[vulkan] Loaded device function vkCreateSampler
[vulkan] Loaded device function vkDestroySampler
[vulkan] Loaded device function vkCreateDescriptorSetLayout
[vulkan] Loaded device function vkDestroyDescriptorSetLayout
[vulkan] Loaded device function vkCreateDescriptorPool
[vulkan] Loaded device function vkDestroyDescriptorPool
[vulkan] Loaded device function vkResetDescriptorPool
[vulkan] Loaded device function vkAllocateDescriptorSets
[vulkan] Loaded device function vkFreeDescriptorSets
[vulkan] Loaded device function vkUpdateDescriptorSets
[vulkan] Loaded device function vkCreateFramebuffer
[vulkan] Loaded device function vkDestroyFramebuffer
[vulkan] Loaded device function vkCreateRenderPass
[vulkan] Loaded device function vkDestroyRenderPass
[vulkan] Loaded device function vkGetRenderAreaGranularity
[vulkan] Loaded device function vkCreateCommandPool
[vulkan] Loaded device function vkDestroyCommandPool
[vulkan] Loaded device function vkResetCommandPool
[vulkan] Loaded device function vkAllocateCommandBuffers
[vulkan] Loaded device function vkFreeCommandBuffers
[vulkan] Loaded device function vkBeginCommandBuffer
[vulkan] Loaded device function vkEndCommandBuffer
[vulkan] Loaded device function vkResetCommandBuffer
[vulkan] Loaded device function vkCmdBindPipeline
[vulkan] Loaded device function vkCmdSetViewport
[vulkan] Loaded device function vkCmdSetScissor
[vulkan] Loaded device function vkCmdSetLineWidth
[vulkan] Loaded device function vkCmdSetDepthBias
[vulkan] Loaded device function vkCmdSetBlendConstants
[vulkan] Loaded device function vkCmdSetDepthBounds
[vulkan] Loaded device function vkCmdSetStencilCompareMask
[vulkan] Loaded device function vkCmdSetStencilWriteMask
[vulkan] Loaded device function vkCmdSetStencilReference
[vulkan] Loaded device function vkCmdBindDescriptorSets
[vulkan] Loaded device function vkCmdBindIndexBuffer
[vulkan] Loaded device function vkCmdBindVertexBuffers
[vulkan] Loaded device function vkCmdDraw
[vulkan] Loaded device function vkCmdDrawIndexed
[vulkan] Loaded device function vkCmdDrawIndirect
[vulkan] Loaded device function vkCmdDrawIndexedIndirect
[vulkan] Loaded device function vkCmdDispatch
[vulkan] Loaded device function vkCmdDispatchIndirect
[vulkan] Loaded device function vkCmdCopyBuffer
[vulkan] Loaded device function vkCmdCopyImage
[vulkan] Loaded device function vkCmdBlitImage
[vulkan] Loaded device function vkCmdCopyBufferToImage
[vulkan] Loaded device function vkCmdCopyImageToBuffer
[vulkan] Loaded device function vkCmdUpdateBuffer
[vulkan] Loaded device function vkCmdFillBuffer
[vulkan] Loaded device function vkCmdClearColorImage
[vulkan] Loaded device function vkCmdClearDepthStencilImage
[vulkan] Loaded device function vkCmdClearAttachments
[vulkan] Loaded device function vkCmdResolveImage
[vulkan] Loaded device function vkCmdSetEvent
[vulkan] Loaded device function vkCmdResetEvent
[vulkan] Loaded device function vkCmdWaitEvents
[vulkan] Loaded device function vkCmdPipelineBarrier
[vulkan] Loaded device function vkCmdBeginQuery
[vulkan] Loaded device function vkCmdEndQuery
[vulkan] Loaded device function vkCmdResetQueryPool
[vulkan] Loaded device function vkCmdWriteTimestamp
[vulkan] Loaded device function vkCmdCopyQueryPoolResults
[vulkan] Loaded device function vkCmdPushConstants
[vulkan] Loaded device function vkCmdBeginRenderPass
[vulkan] Loaded device function vkCmdNextSubpass
[vulkan] Loaded device function vkCmdEndRenderPass
[vulkan] Loaded device function vkCmdExecuteCommands
[vulkan] Loaded device function vkGetImageMemoryRequirements2KHR
[vulkan] Loaded device function vkGetBufferMemoryRequirements2KHR
[vulkan] Loaded device function vkGetImageSparseMemoryRequirements2KHR
[vulkan] Loaded device function vkCreateDescriptorUpdateTemplateKHR
[vulkan] Loaded device function vkDestroyDescriptorUpdateTemplateKHR
[vulkan] Loaded device function vkUpdateDescriptorSetWithTemplateKHR
[vulkan] Loaded device function vkCmdBeginRenderPass2KHR
[vulkan] Loaded device function vkCmdEndRenderPass2KHR
[vulkan] Loaded device function vkCmdNextSubpass2KHR
[vulkan] Loaded device function vkCreateRenderPass2KHR
[vulkan] Loaded device function vkCmdSetVertexInputEXT
[vulkan] Loaded device function vkCmdSetFragmentShadingRateKHR
[vulkan] Failed to load device function vkGetFramebufferTilePropertiesQCOM
[vulkan] Loaded instance function vkGetFramebufferTilePropertiesQCOM
[vulkan] Failed to load device function vkDebugMarkerSetObjectTagEXT
[vulkan] Loaded instance function vkDebugMarkerSetObjectTagEXT
[vulkan] Failed to load device function vkDebugMarkerSetObjectNameEXT
[vulkan] Loaded instance function vkDebugMarkerSetObjectNameEXT
[vulkan] Failed to load device function vkCmdDebugMarkerBeginEXT
[vulkan] Loaded instance function vkCmdDebugMarkerBeginEXT
[vulkan] Failed to load device function vkCmdDebugMarkerEndEXT
[vulkan] Loaded instance function vkCmdDebugMarkerEndEXT
[vulkan] Failed to load device function vkCmdDebugMarkerInsertEXT
[vulkan] Loaded instance function vkCmdDebugMarkerInsertEXT
Vulkan API version 1.1.0 (1.4.354 supported by driver, 1.1.0 requested)
Vulkan vendor=[Intel] id=[8086]
Vulkan renderer=[Intel(R) Graphics (ADL-N)] id=[46d0]
Vulkan device type 1
Vulkan driverversion=[26.2.3 (0x06802003)] uint=[109060099]
Vulkan driverLibraryString=[Intel open-source Mesa driver (6), Mesa 26.2.3-arch1.1]
Vulkan PSO: cache data not found [path=/tmp/Chupacabras/Chupacabras — Prueba técnica/vulkan_pso_cache.bin]
Initialize mono
Mono path[0] = '/home/cacawatin/Unity/Hub/Editor/6000.3.22f1/Editor/Data/Managed'
Mono path[1] = '/home/cacawatin/Unity/Hub/Editor/6000.3.22f1/Editor/Data/MonoBleedingEdge/lib/mono/unityjit-linux'
Mono config path = '/home/cacawatin/Unity/Hub/Editor/6000.3.22f1/Editor/Data/MonoBleedingEdge/etc'
Using monoOptions --debugger-agent=transport=dt_socket,embedding=1,server=y,suspend=n,address=127.0.0.1:56376
Using cacheserver namespaces - metadata:defaultmetadata, artifacts:defaultartifacts
Using cacheserver namespaces - metadata:defaultmetadata, artifacts:defaultartifacts
ImportWorker Server TCP listen port: 0
AcceleratorClientConnectionCallback - disconnected - :0
Begin MonoManager ReloadAssembly
Registering precompiled unity dll's ...
Register platform support module: /home/cacawatin/Unity/Hub/Editor/6000.3.22f1/Editor/Data/PlaybackEngines/AndroidPlayer/UnityEditor.Android.Extensions.dll
Register platform support module: /home/cacawatin/Unity/Hub/Editor/6000.3.22f1/Editor/Data/PlaybackEngines/LinuxStandaloneSupport/UnityEditor.LinuxStandalone.Extensions.dll
Registered in 0.004091 seconds.
- Loaded All Assemblies, in  0.547 seconds
Native extension for LinuxStandalone target not found
Native extension for Android target not found
[Licensing::Client] Successfully resolved entitlement details
ScheduleIndexationOnStartup MainProcess:False IndexOnStartup:False
Mono: successfully reloaded assembly
- Finished resetting the current domain, in  1.589 seconds
Domain Reload Profiling: 2136ms
	BeginReloadAssembly (206ms)
		ExecutionOrderSort (0ms)
		DisableScriptedObjects (0ms)
		BackupInstance (0ms)
		ReleaseScriptingObjects (0ms)
		CreateAndSetChildDomain (17ms)
	RebuildCommonClasses (49ms)
	RebuildNativeTypeToScriptingClass (14ms)
	initialDomainReloadingComplete (69ms)
	LoadAllAssembliesAndSetupDomain (209ms)
		LoadAssemblies (193ms)
		RebuildTransferFunctionScriptingTraits (0ms)
		AnalyzeDomain (202ms)
			TypeCache.Refresh (200ms)
				TypeCache.ScanAssembly (183ms)
			BuildScriptInfoCaches (0ms)
			ResolveRequiredComponents (0ms)
	FinalizeReload (1590ms)
		ReleaseScriptCaches (0ms)
		RebuildScriptCaches (0ms)
		SetupLoadedEditorAssemblies (1543ms)
			LogAssemblyErrors (0ms)
			InitializePlatformSupportModulesInManaged (67ms)
			SetLoadedEditorAssemblies (6ms)
			BeforeProcessingInitializeOnLoad (117ms)
			ProcessInitializeOnLoadAttributes (169ms)
			ProcessInitializeOnLoadMethodAttributes (1184ms)
			AfterProcessingInitializeOnLoad (0ms)
			EditorAssembliesLoaded (0ms)
		ExecutionOrderSort2 (0ms)
		AwakeInstancesAfterBackupRestoration (0ms)
[Licensing::Client] Successfully resolved entitlement details
[Licensing::Client] Successfully resolved entitlement details
Application.AssetDatabase Initial Refresh Start
[Package Manager] Done resolving packages in 0.17 seconds
[Licensing::Client] Successfully resolved entitlement details
[Package Manager] Registered 50 packages:
  Packages from [https://packages.unity.com]:
    com.unity.burst@1.8.30 (location: /home/cacawatin/code/unity/chupacabras/Library/PackageCache/com.unity.burst@2f3d916873ea)
    com.unity.mathematics@1.3.2 (location: /home/cacawatin/code/unity/chupacabras/Library/PackageCache/com.unity.mathematics@8017b507cc74)
    com.unity.searcher@4.9.5 (location: /home/cacawatin/code/unity/chupacabras/Library/PackageCache/com.unity.searcher@a463122f2c00)
    com.unity.collections@2.6.8 (location: /home/cacawatin/code/unity/chupacabras/Library/PackageCache/com.unity.collections@84e8eb3fc12e)
    com.unity.nuget.mono-cecil@1.11.6 (location: /home/cacawatin/code/unity/chupacabras/Library/PackageCache/com.unity.nuget.mono-cecil@ecb9724e46ff)
    com.unity.test-framework.performance@3.5.0 (location: /home/cacawatin/code/unity/chupacabras/Library/PackageCache/com.unity.test-framework.performance@8b56083ec0f0)
  Built-in packages:
    com.unity.modules.accessibility@1.0.0 (location: /home/cacawatin/code/unity/chupacabras/Library/PackageCache/com.unity.modules.accessibility)
    com.unity.modules.adaptiveperformance@1.0.0 (location: /home/cacawatin/code/unity/chupacabras/Library/PackageCache/com.unity.modules.adaptiveperformance)
    com.unity.modules.ai@1.0.0 (location: /home/cacawatin/code/unity/chupacabras/Library/PackageCache/com.unity.modules.ai)
    com.unity.modules.androidjni@1.0.0 (location: /home/cacawatin/code/unity/chupacabras/Library/PackageCache/com.unity.modules.androidjni)
    com.unity.modules.animation@1.0.0 (location: /home/cacawatin/code/unity/chupacabras/Library/PackageCache/com.unity.modules.animation)
    com.unity.modules.assetbundle@1.0.0 (location: /home/cacawatin/code/unity/chupacabras/Library/PackageCache/com.unity.modules.assetbundle)
    com.unity.modules.audio@1.0.0 (location: /home/cacawatin/code/unity/chupacabras/Library/PackageCache/com.unity.modules.audio)
    com.unity.modules.cloth@1.0.0 (location: /home/cacawatin/code/unity/chupacabras/Library/PackageCache/com.unity.modules.cloth)
    com.unity.modules.director@1.0.0 (location: /home/cacawatin/code/unity/chupacabras/Library/PackageCache/com.unity.modules.director)
    com.unity.modules.imageconversion@1.0.0 (location: /home/cacawatin/code/unity/chupacabras/Library/PackageCache/com.unity.modules.imageconversion)
    com.unity.modules.imgui@1.0.0 (location: /home/cacawatin/code/unity/chupacabras/Library/PackageCache/com.unity.modules.imgui)
    com.unity.modules.jsonserialize@1.0.0 (location: /home/cacawatin/code/unity/chupacabras/Library/PackageCache/com.unity.modules.jsonserialize)
    com.unity.modules.particlesystem@1.0.0 (location: /home/cacawatin/code/unity/chupacabras/Library/PackageCache/com.unity.modules.particlesystem)
    com.unity.modules.physics@1.0.0 (location: /home/cacawatin/code/unity/chupacabras/Library/PackageCache/com.unity.modules.physics)
    com.unity.modules.physics2d@1.0.0 (location: /home/cacawatin/code/unity/chupacabras/Library/PackageCache/com.unity.modules.physics2d)
    com.unity.modules.screencapture@1.0.0 (location: /home/cacawatin/code/unity/chupacabras/Library/PackageCache/com.unity.modules.screencapture)
    com.unity.modules.terrain@1.0.0 (location: /home/cacawatin/code/unity/chupacabras/Library/PackageCache/com.unity.modules.terrain)
    com.unity.modules.terrainphysics@1.0.0 (location: /home/cacawatin/code/unity/chupacabras/Library/PackageCache/com.unity.modules.terrainphysics)
    com.unity.modules.tilemap@1.0.0 (location: /home/cacawatin/code/unity/chupacabras/Library/PackageCache/com.unity.modules.tilemap)
    com.unity.modules.ui@1.0.0 (location: /home/cacawatin/code/unity/chupacabras/Library/PackageCache/com.unity.modules.ui)
    com.unity.modules.uielements@1.0.0 (location: /home/cacawatin/code/unity/chupacabras/Library/PackageCache/com.unity.modules.uielements)
    com.unity.modules.umbra@1.0.0 (location: /home/cacawatin/code/unity/chupacabras/Library/PackageCache/com.unity.modules.umbra)
    com.unity.modules.unityanalytics@1.0.0 (location: /home/cacawatin/code/unity/chupacabras/Library/PackageCache/com.unity.modules.unityanalytics)
    com.unity.modules.unitywebrequest@1.0.0 (location: /home/cacawatin/code/unity/chupacabras/Library/PackageCache/com.unity.modules.unitywebrequest)
    com.unity.modules.unitywebrequestassetbundle@1.0.0 (location: /home/cacawatin/code/unity/chupacabras/Library/PackageCache/com.unity.modules.unitywebrequestassetbundle)
    com.unity.modules.unitywebrequestaudio@1.0.0 (location: /home/cacawatin/code/unity/chupacabras/Library/PackageCache/com.unity.modules.unitywebrequestaudio)
    com.unity.modules.unitywebrequesttexture@1.0.0 (location: /home/cacawatin/code/unity/chupacabras/Library/PackageCache/com.unity.modules.unitywebrequesttexture)
    com.unity.modules.unitywebrequestwww@1.0.0 (location: /home/cacawatin/code/unity/chupacabras/Library/PackageCache/com.unity.modules.unitywebrequestwww)
    com.unity.modules.vectorgraphics@1.0.0 (location: /home/cacawatin/code/unity/chupacabras/Library/PackageCache/com.unity.modules.vectorgraphics)
    com.unity.modules.vehicles@1.0.0 (location: /home/cacawatin/code/unity/chupacabras/Library/PackageCache/com.unity.modules.vehicles)
    com.unity.modules.video@1.0.0 (location: /home/cacawatin/code/unity/chupacabras/Library/PackageCache/com.unity.modules.video)
    com.unity.modules.vr@1.0.0 (location: /home/cacawatin/code/unity/chupacabras/Library/PackageCache/com.unity.modules.vr)
    com.unity.modules.wind@1.0.0 (location: /home/cacawatin/code/unity/chupacabras/Library/PackageCache/com.unity.modules.wind)
    com.unity.modules.xr@1.0.0 (location: /home/cacawatin/code/unity/chupacabras/Library/PackageCache/com.unity.modules.xr)
    com.unity.render-pipelines.universal@17.3.0 (location: /home/cacawatin/code/unity/chupacabras/Library/PackageCache/com.unity.render-pipelines.universal@5e938da7c22f)
    com.unity.render-pipelines.core@17.3.0 (location: /home/cacawatin/code/unity/chupacabras/Library/PackageCache/com.unity.render-pipelines.core@c02534ef9c73)
    com.unity.shadergraph@17.3.0 (location: /home/cacawatin/code/unity/chupacabras/Library/PackageCache/com.unity.shadergraph@9e626fc2249c)
    com.unity.render-pipelines.universal-config@17.0.3 (location: /home/cacawatin/code/unity/chupacabras/Library/PackageCache/com.unity.render-pipelines.universal-config@dbe3fd082d8f)
    com.unity.modules.subsystems@1.0.0 (location: /home/cacawatin/code/unity/chupacabras/Library/PackageCache/com.unity.modules.subsystems)
    com.unity.modules.hierarchycore@1.0.0 (location: /home/cacawatin/code/unity/chupacabras/Library/PackageCache/com.unity.modules.hierarchycore)
    com.unity.ugui@2.0.0 (location: /home/cacawatin/code/unity/chupacabras/Library/PackageCache/com.unity.ugui@3d5396063069)
    com.unity.test-framework@1.6.0 (location: /home/cacawatin/code/unity/chupacabras/Library/PackageCache/com.unity.test-framework@0bd5c5194236)
    com.unity.ext.nunit@2.0.5 (location: /home/cacawatin/code/unity/chupacabras/Library/PackageCache/com.unity.ext.nunit@ec2d0043d6fc)
  Embedded packages:
    jp.keijiro.apriltag@file:/home/cacawatin/code/unity/chupacabras/Packages/jp.keijiro.apriltag (location: /home/cacawatin/code/unity/chupacabras/Packages/jp.keijiro.apriltag)
[Subsystems] No new subsystems found in resolved package list.
[Package Manager] Done registering packages in 0.00 seconds
[40m[32minfo[39m[22m[49m: Microsoft.Hosting.Lifetime[14]
      Now listening on: http://unix:/tmp/ilpp.sock-4a514d1279f57a7cbee93c7b09d43e8f
[40m[32minfo[39m[22m[49m: Microsoft.Hosting.Lifetime[0]
      Application started. Press Ctrl+C to shut down.
[40m[32minfo[39m[22m[49m: Microsoft.Hosting.Lifetime[0]
      Hosting environment: Production
[40m[32minfo[39m[22m[49m: Microsoft.Hosting.Lifetime[0]
      Content root path: /home/cacawatin/code/unity/chupacabras/
[40m[32minfo[39m[22m[49m: Microsoft.AspNetCore.Hosting.Diagnostics[1]
      Request starting HTTP/2 POST http://ilpp/UnityILPP.PostProcessing/Ping application/grpc -
[40m[32minfo[39m[22m[49m: Microsoft.AspNetCore.Routing.EndpointMiddleware[0]
      Executing endpoint 'gRPC - /UnityILPP.PostProcessing/Ping'
[40m[32minfo[39m[22m[49m: Microsoft.AspNetCore.Routing.EndpointMiddleware[1]
      Executed endpoint 'gRPC - /UnityILPP.PostProcessing/Ping'
[40m[32minfo[39m[22m[49m: Microsoft.AspNetCore.Hosting.Diagnostics[2]
      Request finished HTTP/2 POST http://ilpp/UnityILPP.PostProcessing/Ping application/grpc - - 200 - application/grpc 59.1019ms
Starting: /home/cacawatin/Unity/Hub/Editor/6000.3.22f1/Editor/Data/Tools/BuildPipeline/bee_backend --ipc --defer-dag-verification --dagfile="Library/Bee/1300b0aE.dag" --continue-on-failure --profile="Library/Bee/backend1.traceevents" ScriptAssemblies
WorkingDir: /home/cacawatin/code/unity/chupacabras
[40m[32minfo[39m[22m[49m: Microsoft.AspNetCore.Hosting.Diagnostics[1]
      Request starting HTTP/2 POST http://ilpp/UnityILPP.PostProcessing/ConfigurePostProcessors application/grpc -
[40m[32minfo[39m[22m[49m: Microsoft.AspNetCore.Routing.EndpointMiddleware[0]
      Executing endpoint 'gRPC - /UnityILPP.PostProcessing/ConfigurePostProcessors'
[40m[1m[33mwarn[39m[22m[49m: Unity.ILPP.Runner.PostProcessingAssemblyLoadContext[0]
      Assembly system.runtime.interopservices.windowsruntime has duplicate hint path. Ignoring "/home/cacawatin/Unity/Hub/Editor/6000.3.22f1/Editor/Data/UnityReferenceAssemblies/unity-4.8-api/Facades/System.Runtime.InteropServices.WindowsRuntime.dll" in favor of "/home/cacawatin/Unity/Hub/Editor/6000.3.22f1/Editor/Data/NetStandard/Extensions/2.0.0/System.Runtime.InteropServices.WindowsRuntime.dll"
[40m[1m[33mwarn[39m[22m[49m: Unity.ILPP.Runner.PostProcessingAssemblyLoadContext[0]
      Assembly system.componentmodel.composition has duplicate hint path. Ignoring "/home/cacawatin/Unity/Hub/Editor/6000.3.22f1/Editor/Data/UnityReferenceAssemblies/unity-4.8-api/System.ComponentModel.Composition.dll" in favor of "/home/cacawatin/Unity/Hub/Editor/6000.3.22f1/Editor/Data/NetStandard/compat/2.1.0/shims/netfx/System.ComponentModel.Composition.dll"
[40m[32minfo[39m[22m[49m: Unity.ILPP.Runner.PostProcessingAssemblyLoadContext[0]
      Resolved Unity.Burst.Cecil, Version=0.11.6.0, Culture=neutral, PublicKeyToken=50cebf1cceb9d05e with Library/PackageCache/com.unity.burst@2f3d916873ea/Unity.Burst.CodeGen/Unity.Burst.Cecil.dll
[40m[32minfo[39m[22m[49m: Unity.ILPP.Runner.PostProcessingAssemblyLoadContext[0]
      Resolved Mono.Cecil, Version=0.11.5.0, Culture=neutral, PublicKeyToken=50cebf1cceb9d05e with Library/PackageCache/com.unity.nuget.mono-cecil@ecb9724e46ff/Mono.Cecil.dll
[40m[32minfo[39m[22m[49m: Microsoft.AspNetCore.Routing.EndpointMiddleware[1]
      Executed endpoint 'gRPC - /UnityILPP.PostProcessing/ConfigurePostProcessors'
DisplayProgressbar: Compiling Scripts
[40m[32minfo[39m[22m[49m: Microsoft.AspNetCore.Hosting.Diagnostics[2]
      Request finished HTTP/2 POST http://ilpp/UnityILPP.PostProcessing/ConfigurePostProcessors application/grpc - - 200 - application/grpc 35.2841ms
ExitCode: 0 Duration: 0s180ms
[437/549    0s] ILPP-Configuration Library/ilpp-configuration.nevergeneratedoutput
*** Tundra build success (0.15 seconds), 1 items updated, 549 evaluated
AssetDatabase: script compilation time: 0.915139s
Begin MonoManager ReloadAssembly
Total cache size 267218926
Total cache size after purge 267218926, took 00:00:00.0944875
- Loaded All Assemblies, in  0.652 seconds
Refreshing native plugins compatible for Editor in 0.35 ms, found 1 plugins.
Native extension for LinuxStandalone target not found
Native extension for Android target not found
ScheduleIndexationOnStartup MainProcess:True IndexOnStartup:True
Mono: successfully reloaded assembly
- Finished resetting the current domain, in  3.215 seconds
Domain Reload Profiling: 3867ms
	BeginReloadAssembly (189ms)
		ExecutionOrderSort (0ms)
		DisableScriptedObjects (24ms)
		BackupInstance (0ms)
		ReleaseScriptingObjects (0ms)
		CreateAndSetChildDomain (57ms)
	RebuildCommonClasses (41ms)
	RebuildNativeTypeToScriptingClass (14ms)
	initialDomainReloadingComplete (32ms)
	LoadAllAssembliesAndSetupDomain (375ms)
		LoadAssemblies (308ms)
		RebuildTransferFunctionScriptingTraits (0ms)
		AnalyzeDomain (138ms)
			TypeCache.Refresh (92ms)
				TypeCache.ScanAssembly (81ms)
			BuildScriptInfoCaches (36ms)
			ResolveRequiredComponents (8ms)
	FinalizeReload (3216ms)
		ReleaseScriptCaches (0ms)
		RebuildScriptCaches (0ms)
		SetupLoadedEditorAssemblies (2752ms)
			LogAssemblyErrors (0ms)
			InitializePlatformSupportModulesInManaged (40ms)
			SetLoadedEditorAssemblies (4ms)
			BeforeProcessingInitializeOnLoad (191ms)
			ProcessInitializeOnLoadAttributes (2262ms)
			ProcessInitializeOnLoadMethodAttributes (250ms)
			AfterProcessingInitializeOnLoad (4ms)
			EditorAssembliesLoaded (0ms)
		ExecutionOrderSort2 (0ms)
		AwakeInstancesAfterBackupRestoration (27ms)
Start importing Packages/com.unity.render-pipelines.core/Runtime/Lighting/ProbeVolume/ProbeVolumeUploadDataL2.compute using Guid(6196f34ed825db14b81fb3eb0ea8d931) (ComputeShaderImporter)Launched and connected shader compiler UnityShaderCompiler after 0.05 seconds
 -> (artifact id: '70ea3cb523af30fc98486a6971c565cc') in 0.128678545 seconds
Start importing Packages/com.unity.render-pipelines.universal/Runtime/RendererFeatures/SurfaceCacheGI/SurfaceCacheCore/Defrag.compute using Guid(a183a2d0b1da4904fb3bd71c6111ebb1) (ComputeShaderImporter) -> (artifact id: '9caab6ae72472f95cb7c9be7272b76d3') in 0.00728587 seconds
Start importing Packages/com.unity.render-pipelines.core/Runtime/UnifiedRayTracing/Compute/RadeonRays/kernels/scatter.compute using Guid(a2eaeefdac4637a44b734e85b7be9186) (ComputeShaderImporter) -> (artifact id: 'aa407f701b2b63eea3a7c425e067ed37') in 0.003796134 seconds
Start importing Packages/com.unity.render-pipelines.core/Runtime/RenderPipelineResources/GPUDriven/OcclusionCullingDebug.compute using Guid(b23e766bcf50ca4438ef186b174557df) (ComputeShaderImporter) -> (artifact id: 'a74fa4cbece1555c95322e6441fab96f') in 0.006803723 seconds
Start importing Packages/com.unity.render-pipelines.universal/Runtime/RendererFeatures/SurfaceCacheGI/SurfaceCacheCore/TemporalFiltering.compute using Guid(c23523f04780d754f927b9daf4f975b9) (ComputeShaderImporter) -> (artifact id: '3c5a731b495cf0cc8b0699acb963f150') in 0.002265747 seconds
Start importing Packages/com.unity.render-pipelines.universal/Runtime/RendererFeatures/SurfaceCacheGI/FlatNormalResolution.compute using Guid(134e9451a58aaba43ba713adbd103d92) (ComputeShaderImporter) -> (artifact id: 'b256f91cd6eb5245b1d79d3e7a3b6697') in 0.011284236 seconds
Start importing Packages/com.unity.render-pipelines.core/Runtime/STP/StpSetup.compute using Guid(33be2e9a5506b2843bdb2bdff9cad5e1) (ComputeShaderImporter) -> (artifact id: 'c15f45820d3afc0dfc899c06d4018c0f') in 0.013574922 seconds
Start importing Packages/com.unity.render-pipelines.universal/Shaders/Debug/ProbeVolumeSamplingDebugPositionNormal.compute using Guid(53626a513ea68ce47b59dc1299fe3959) (ComputeShaderImporter) -> (artifact id: 'e0f33b240d10a442362af1900c3060c3') in 0.0088411 seconds
Start importing Packages/com.unity.render-pipelines.core/Runtime/RenderPipelineResources/GPUDriven/InstanceDataBufferUploadKernels.compute using Guid(53864816eb00f2343b60e1a2c5a262ef) (ComputeShaderImporter) -> (artifact id: '69e90fcf5320646230381169864e5fb6') in 0.002232751 seconds
Start importing Packages/com.unity.render-pipelines.universal/Runtime/RendererFeatures/SurfaceCacheGI/SurfaceCacheCore/SpatialFiltering.compute using Guid(63e59de460463bb4c9d64bc58051d12c) (ComputeShaderImporter) -> (artifact id: '1b8ea53ea27384082a12aa19c8b6b6ee') in 0.055790731 seconds
Start importing Packages/com.unity.render-pipelines.core/Runtime/Lighting/ProbeVolume/ProbeVolumeBlendStates.compute using Guid(a3f7b8c99de28a94684cb1daebeccf5d) (ComputeShaderImporter) -> (artifact id: 'a6d30fc4891026cb6ca51d48235dd893') in 0.004467338 seconds
Start importing Packages/com.unity.render-pipelines.universal/Runtime/RendererFeatures/SurfaceCacheGI/SurfaceCacheCore/RestirEstimation.compute using Guid(b5dbdcea251f42c4a9b8721877f436bf) (ComputeShaderImporter) -> (artifact id: '6bdb890cea1cc789b4117ff5d6d69083') in 0.002556433 seconds
Start importing Packages/com.unity.render-pipelines.core/Runtime/UnifiedRayTracing/Compute/RadeonRays/kernels/restructure_bvh.compute using Guid(56641cb88dcb31a4398a4997ef7a7a8c) (ComputeShaderImporter) -> (artifact id: 'eb7d257f49fe24e4935b685444c4d163') in 0.054188712 seconds
Start importing Packages/com.unity.render-pipelines.core/Tests/Editor/CopyDepthToBuffer.compute using Guid(6666e5f03ff07054dbb7a7ac6e6aaee0) (ComputeShaderImporter) -> (artifact id: '0fd3bf2ad6311315a6ce9a241bb28239') in 0.001886566 seconds
Start importing Packages/com.unity.render-pipelines.core/Runtime/UnifiedRayTracing/Compute/RadeonRays/kernels/bit_histogram.compute using Guid(8670f7ce4b60cef43bed36148aa1b0a2) (ComputeShaderImporter) -> (artifact id: 'd5e012467d8cab06981a30091a243eb1') in 0.001856755 seconds
Start importing Packages/com.unity.render-pipelines.core/Runtime/STP/StpPreTaa.compute using Guid(a679dba8ec4d9ce45884a270b0e22dda) (ComputeShaderImporter) -> (artifact id: 'a864d6995a4bc0e8fb57daab315db1cc') in 0.004201617 seconds
Start importing Packages/com.unity.render-pipelines.core/Runtime/RenderPipelineResources/GPUDriven/InstanceOcclusionCullingKernels.compute using Guid(f6d223acabc2f974795a5a7864b50e6c) (ComputeShaderImporter) -> (artifact id: '634eb8f6121d1a42ecaa00d57e61b40d') in 0.013507331 seconds
Start importing Packages/com.unity.render-pipelines.universal/Runtime/RendererFeatures/SurfaceCacheGI/SurfaceCacheCore/Scrolling.compute using Guid(47bbc3edf61978b498603cc2a1b87eea) (ComputeShaderImporter) -> (artifact id: 'fecfa8b5aa23dddfc5c05b0f3b2f7282') in 0.002367079 seconds
Start importing Packages/com.unity.render-pipelines.core/Tests/Runtime/Threading/FunctionTestsGroup.compute using Guid(77f6c3e00d2daf84ba7b57e205d5dd64) (ComputeShaderImporter) -> (artifact id: '3bcf3071489711bf612418f95c1367b4') in 0.020218891 seconds
Start importing Packages/com.unity.render-pipelines.core/Runtime/RenderPipelineResources/GPUDriven/OccluderDepthPyramidKernels.compute using Guid(08b2b5fb307b0d249860612774a987da) (ComputeShaderImporter) -> (artifact id: 'fc656c17acb1d801205e767e883414bb') in 0.015718042 seconds
Start importing Packages/com.unity.render-pipelines.core/Runtime/UnifiedRayTracing/Common/GeometryPool/GeometryPoolKernels.compute using Guid(98e3d58cae7210c4786f67f504c9e899) (ComputeShaderImporter) -> (artifact id: '37edcdd6b81565860c7fe558d779ecd0') in 0.003441199 seconds
Start importing Packages/com.unity.render-pipelines.core/Runtime/Lighting/ProbeVolume/ProbeVolumeUploadData.compute using Guid(0951de5992461754fa73650732c4954c) (ComputeShaderImporter) -> (artifact id: '679f0a9fb3044ffdfab9aff5019113e4') in 0.017611124 seconds
Start importing Packages/com.unity.render-pipelines.core/Runtime/STP/StpTaa.compute using Guid(3923900e2b41b5e47bc25bfdcbcdc9e6) (ComputeShaderImporter) -> (artifact id: 'c4db49fb0d7c8bf1f7d369795b0cd594') in 0.009201652 seconds
Start importing Packages/com.unity.render-pipelines.universal/Runtime/RendererFeatures/SurfaceCacheGI/SurfaceCacheCore/Eviction.compute using Guid(c9f2aeed6ef396f4d9134e4da1edfe19) (ComputeShaderImporter) -> (artifact id: 'd5e63560c501521753707f151922ed58') in 0.002525807 seconds
Start importing Packages/com.unity.render-pipelines.core/Runtime/RenderPipelineResources/GPUDriven/InstanceDataBufferCopyKernels.compute using Guid(f984aeb540ded8b4fbb8a2047ab5b2e2) (ComputeShaderImporter) -> (artifact id: '028b1170c45ab685fb1e26c33e6daa2f') in 0.001943621 seconds
Start importing Packages/com.unity.render-pipelines.core/Runtime/UnifiedRayTracing/Compute/RadeonRays/kernels/CopyPositions.compute using Guid(1ad53a96b58d3c3488dde4f14db1aaeb) (ComputeShaderImporter) -> (artifact id: 'e89afaa189ae7a91c3718c327a52a14b') in 0.0018837 seconds
Start importing Packages/com.unity.render-pipelines.core/Runtime/RenderPipelineResources/GPUDriven/InstanceTransformUpdateKernels.compute using Guid(2a567b9b2733f8d47a700c3c85bed75b) (ComputeShaderImporter) -> (artifact id: '4b3bb4f0df55dda07fa37f460d0eb795') in 0.004123648 seconds
Start importing Packages/com.unity.render-pipelines.core/Runtime/Vrs/Shaders/VrsTexture.compute using Guid(cacb30de6c40c7444bbc78cb0a81fd2a) (ComputeShaderImporter) -> (artifact id: '68cc6c3de67fa49c51e074652b760192') in 0.003648661 seconds
Start importing Packages/com.unity.render-pipelines.core/Runtime/UnifiedRayTracing/Common/Utilities/CopyBuffer.compute using Guid(1b95b5dcf48d1914c9e1e7405c7660e3) (ComputeShaderImporter) -> (artifact id: 'a6921a6b240c534d50d92ce050ad196b') in 0.002012192 seconds
Start importing Packages/com.unity.render-pipelines.core/Editor/Lighting/ProbeVolume/ProbeVolumeCellDilation.compute using Guid(6bb382f7de370af41b775f54182e491d) (ComputeShaderImporter) -> (artifact id: '7955b2cd6496ab4b8137f24931dcc468') in 0.005381231 seconds
Start importing Packages/com.unity.render-pipelines.core/Tests/Editor/BufferCopyTest.compute using Guid(8ba6ac699baf35242857feaf27c9cc2a) (ComputeShaderImporter) -> (artifact id: '933836b075e7c63312513d5211f6dd8a') in 0.001498252 seconds
Start importing Packages/com.unity.render-pipelines.universal/Runtime/RendererFeatures/SurfaceCacheGI/SurfaceCacheCore/RestirSpatial.compute using Guid(8bf708594b6a9224b9a0915f3db08c5d) (ComputeShaderImporter) -> (artifact id: '08ac6b2b1f931dcb426d660f9da0a754') in 0.002290272 seconds
Start importing Packages/com.unity.render-pipelines.core/Editor/Lighting/ProbeVolume/ProbeVolumeSubdivide.compute using Guid(bb86f1f0af829fd45b2ebddda1245c22) (ComputeShaderImporter) -> (artifact id: 'ddbfb74faf96565b2730364120687c6d') in 0.003677655 seconds
Start importing Packages/com.unity.render-pipelines.universal/Runtime/RendererFeatures/SurfaceCacheGI/ScreenResolveUpsampling.compute using Guid(7c302ee1d7410a6458981a5f329520b4) (ComputeShaderImporter) -> (artifact id: '0ef749561b617e2257af1af6a9b9c389') in 0.007004928 seconds
Start importing Packages/com.unity.render-pipelines.core/Tests/Runtime/Threading/FunctionTestsWave.compute using Guid(7cce01e3b2c07a34b8a6cfa8dcd99d0b) (ComputeShaderImporter) -> (artifact id: 'f071fb9d9ad066f8d843335daaea533e') in 0.008092506 seconds
Start importing Packages/com.unity.render-pipelines.core/Runtime/UnifiedRayTracing/Compute/RadeonRays/kernels/build_hlbvh.compute using Guid(2d70cd6be91bd7843a39a54b51c15b13) (ComputeShaderImporter) -> (artifact id: 'b008641525965f98d3e327a65d7a40d5') in 0.003561598 seconds
Start importing Packages/com.unity.render-pipelines.universal/Runtime/RendererFeatures/SurfaceCacheGI/PatchAllocation.compute using Guid(3d9fc4c0ae8e22f49a8ebefad82718d9) (ComputeShaderImporter) -> (artifact id: '55632fee20922557a5ed3e5b36caef81') in 0.005448883 seconds
Start importing Packages/com.unity.render-pipelines.universal/Runtime/RendererFeatures/SurfaceCacheGI/Debug.compute using Guid(4d40202dfa5473d44bcdc97e00d74703) (ComputeShaderImporter) -> (artifact id: '4074517026be9d05bc31aaebd811c343') in 0.005599052 seconds
Start importing Packages/com.unity.render-pipelines.universal/Runtime/RendererFeatures/SurfaceCacheGI/ScreenResolveLookup.compute using Guid(4d271c06564c6784392d81f949558e5c) (ComputeShaderImporter) -> (artifact id: '507bf0694bd13f07e62c5bb16d1b092f') in 0.009899593 seconds
Start importing Packages/com.unity.render-pipelines.core/Runtime/UnifiedRayTracing/Compute/RadeonRays/kernels/block_scan.compute using Guid(4d6d5de35fa45ef4a92119397a045cc9) (ComputeShaderImporter) -> (artifact id: '6f4349ba4c44636b50cd9a4d2e6e3441') in 0.001824438 seconds
Start importing Packages/com.unity.render-pipelines.core/Runtime/RenderPipelineResources/GPUDriven/InstanceWindDataUpdateKernels.compute using Guid(fde76746e4fd0ed418c224f6b4084114) (ComputeShaderImporter) -> (artifact id: 'd6349becc136e553078d9213bafb5ca8') in 0.003058608 seconds
Start importing Packages/com.unity.render-pipelines.core/Runtime/UnifiedRayTracing/Compute/RadeonRays/kernels/block_reduce_part.compute using Guid(4e034cc8ea2635c4e9f063e5ddc7ea7a) (ComputeShaderImporter) -> (artifact id: '24455cb9116a98b82529b14772f54d57') in 0.0015812 seconds
Start importing Packages/com.unity.render-pipelines.core/Tests/Editor/UnifiedRayTracing/TraceRays.urtshader using Guid(1142bbad8b9e8c44c83a9775ff120d37) (ScriptedImporter) -> (artifact id: '558112a470cffdd554d44b5de0283d29') in 0.013609727 seconds
Start importing Packages/com.unity.render-pipelines.universal/Runtime/RendererFeatures/SurfaceCacheGI/SurfaceCacheCore/RisEstimation.urtshader using Guid(713f6141bd66a134383b787f2eaa7c11) (ScriptedImporter) -> (artifact id: '8728f249d9dd7c5923ba97c0ac5c2449') in 0.007262715 seconds
Start importing Packages/com.unity.render-pipelines.core/Editor/Lighting/ProbeVolume/RenderingLayerMask/TraceRenderingLayerMask.urtshader using Guid(94a070d33e408384bafc1dea4a565df9) (ScriptedImporter) -> (artifact id: '2bb2644909d2951120435018d7d0b496') in 0.014771255 seconds
Start importing Packages/com.unity.render-pipelines.universal/Runtime/RendererFeatures/SurfaceCacheGI/SurfaceCacheCore/UniformEstimation.urtshader using Guid(94a39d12848d8d64ca962a72b74e7c50) (ScriptedImporter) -> (artifact id: '1ee338b5f6f1f3d9166535bf49d4f800') in 0.016577689 seconds
Start importing Packages/com.unity.render-pipelines.core/Tests/Editor/UnifiedRayTracing/TraceTransparentRays.urtshader using Guid(6513c3b892e933c4f8d00c19d5c47532) (ScriptedImporter) -> (artifact id: 'a5ed10e57820dc541d7f059348996600') in 0.027921672 seconds
Start importing Packages/com.unity.render-pipelines.core/Editor/Lighting/ProbeVolume/DynamicGI/DynamicGISkyOcclusion.urtshader using Guid(5a2a534753fbdb44e96c3c78b5a6999d) (ScriptedImporter) -> (artifact id: '25cc6bf4ae0dc2496bb0b11eef4c073f') in 0.00625693 seconds
Start importing Packages/com.unity.render-pipelines.core/Tests/Editor/UnifiedRayTracing/TraceRaysAndFetchAttributes.urtshader using Guid(fbc59f55df2416344b008dc23753cae2) (ScriptedImporter) -> (artifact id: '191018d564792afc62e064848628cd59') in 0.004414273 seconds
Start importing Packages/com.unity.render-pipelines.universal/Runtime/RendererFeatures/SurfaceCacheGI/SurfaceCacheCore/RestirCandidateTemporal.urtshader using Guid(ad3a9f9982f8c4f4a839a78955e78458) (ScriptedImporter) -> (artifact id: 'a8bed262f6830c9a1a3084d9a1e6f3da') in 0.004851622 seconds
Start importing Packages/com.unity.render-pipelines.core/Editor/Lighting/ProbeVolume/VirtualOffset/TraceVirtualOffset.urtshader using Guid(ff2cbab5da58bf04d82c5f34037ed123) (ScriptedImporter) -> (artifact id: '0d55038df3222f011780586304442221') in 0.005469305 seconds
Refreshing native plugins compatible for Editor in 0.39 ms, found 1 plugins.
Preloading 0 native plugins for Editor in 0.00 ms.
Asset Pipeline Refresh (id=5467fbad90c87dcbcb833fe15714b91d): Total: 6.669 seconds - Initiated by InitialRefreshV2(ForceSynchronousImport)
	Summary:
		Imports: total=51 (actual=51, local cache=0, cache server=0)
		Asset DB Process Time: managed=14 ms, native=4312 ms
		Asset DB Callback time: managed=527 ms, native=213 ms
		Scripting: domain reloads=1, domain reload time=652 ms, compile time=918 ms, other=29 ms
		Project Asset Count: scripts=757, non-scripts=1483
		Asset File Changes: new=0, changed=0, moved=0, deleted=0
		Scan Filter Count: 1
	InvokeCustomDependenciesCallbacks: 0.003ms
	InvokePackagesCallback: 178.813ms
	ApplyChangesToAssetFolders: 0.339ms
	Scan: 276.835ms
	OnSourceAssetsModified: 0.004ms
	CategorizeAssetsWithTransientArtifact: 26.408ms
	ProcessAssetsWithTransientArtifactChanges: 50.187ms
	CategorizeAssets: 46.365ms
	ImportOutOfDateAssets: 3821.487ms (2294.823ms without children)
		ImportManagerImport: 596.454ms (15.043ms without children)
			ImportInProcess: 579.314ms
			UpdateCategorizedAssets: 2.098ms
		CompileScripts: 918.430ms
		ReloadNativeAssets: 0.027ms
		UnloadImportedAssets: 1.589ms
		ReloadImportedAssets: 9.129ms
		EnsureUptoDateAssetsAreRegisteredWithGuidPM: 0.467ms
		InitializingProgressBar: 0.007ms
		PostProcessAllAssetNotificationsAddChangedAssets: 0.002ms
		OnDemandSchedulerStart: 0.560ms
	PostProcessAllAssets: 561.805ms
	Hotreload: 1.799ms
	GatherAllCurrentPrimaryArtifactRevisions: 0.000ms
	UnloadStreamsBegin: 2.082ms
	PersistCurrentRevisions: 0.412ms
	UnloadStreamsEnd: 0.001ms
	GenerateScriptTypeHashes: 3.480ms
	Untracked: 1702.541ms

Application.AssetDatabase Initial Refresh End
Scanning for USB devices : 6.920ms
Initializing Unity extensions:
UpdateMenuTitleForLanguage: 10
[MODES] ModeService[none].Initialize
[MODES] ModeService[none].LoadModes
[MODES] Loading mode Default (0) for mode-current-id-Chupacabras — Prueba técnica
Unloading 39 Unused Serialized files (Serialized files now loaded: 0)
Unloading 3200 unused Assets / (7.1 MB). Loaded Objects now: 4011.
Memory consumption went from 172.4 MB to 165.3 MB.
Total: 14.895806 ms (FindLiveObjects: 0.491204 ms CreateObjectMapping: 0.214418 ms MarkObjects: 9.882209 ms  DeleteObjects: 4.306306 ms)

Opening scene 'Assets/Scenes/02_DetectorSmoke.unity'
Unloading 0 Unused Serialized files (Serialized files now loaded: 0)
Loaded scene 'Assets/Scenes/02_DetectorSmoke.unity'
	Deserialize:            3.990 ms
	Integration:            265.255 ms
	Integration of assets:  0.006 ms
	Thread Wait Time:       0.006 ms
	Total Operation Time:   269.257 ms
Unloading 1 unused Assets / (Unknown). Loaded Objects now: 4018.
Memory consumption went from 157.1 MB to 159.1 MB.
Total: 9.077652 ms (FindLiveObjects: 0.243475 ms CreateObjectMapping: 0.084555 ms MarkObjects: 8.713959 ms  DeleteObjects: 0.033989 ms)

[Project] Loading completed in 12.660 seconds
	Project init time: 				10.581 seconds
		Template init time: 		0.000 seconds
		Package Manager init time: 		0.241 seconds
		Asset Database init time: 		0.220 seconds
		Global illumination init time: 	0.004 seconds
		Assemblies load time: 			2.155 seconds
		Unity extensions init time: 	0.006 seconds
		Asset Database refresh time: 	6.669 seconds
	Scene opening time: 			1.653 seconds
##utp:{"type":"ProjectInfo","version":2,"phase":"Immediate","time":1790197728954,"processId":21376,"projectLoad":12.65979737,"projectInit":10.581473173,"templateInit":0.0,"packageManagerInit":0.241387093,"assetDatabaseInit":0.220476975,"globalIlluminationInit":0.003779385,"assembliesLoad":2.155353041,"unityExtensionsInit":0.005940095,"assetDatabaseRefresh":6.669166015,"sceneOpening":1.653431911}
##utp:{"type":"EditorInfo","version":2,"phase":"Immediate","time":1790197728954,"processId":21376,"editorVersion":"6000.3.22f1 (1c726e1fb402)","branch":"6000.3/staging","buildType":"Release","platform":"Linux"}
Reloading assemblies for play mode.
Reloading assemblies after forced synchronous recompile.
Begin MonoManager ReloadAssembly
- Loaded All Assemblies, in  0.918 seconds
Refreshing native plugins compatible for Editor in 0.46 ms, found 1 plugins.
Native extension for LinuxStandalone target not found
Native extension for Android target not found
ScheduleIndexationOnStartup MainProcess:True IndexOnStartup:True
[MODES] ModeService[none].Initialize
[MODES] ModeService[none].LoadModes
Mono: successfully reloaded assembly
- Finished resetting the current domain, in  1.072 seconds
Domain Reload Profiling: 1992ms
	BeginReloadAssembly (632ms)
		ExecutionOrderSort (0ms)
		DisableScriptedObjects (51ms)
		BackupInstance (0ms)
		ReleaseScriptingObjects (0ms)
		CreateAndSetChildDomain (368ms)
	RebuildCommonClasses (44ms)
	RebuildNativeTypeToScriptingClass (13ms)
	initialDomainReloadingComplete (31ms)
	LoadAllAssembliesAndSetupDomain (200ms)
		LoadAssemblies (239ms)
		RebuildTransferFunctionScriptingTraits (0ms)
		AnalyzeDomain (130ms)
			TypeCache.Refresh (8ms)
				TypeCache.ScanAssembly (0ms)
			BuildScriptInfoCaches (88ms)
			ResolveRequiredComponents (31ms)
	FinalizeReload (1073ms)
		ReleaseScriptCaches (0ms)
		RebuildScriptCaches (0ms)
		SetupLoadedEditorAssemblies (478ms)
			LogAssemblyErrors (0ms)
			InitializePlatformSupportModulesInManaged (39ms)
			SetLoadedEditorAssemblies (6ms)
			BeforeProcessingInitializeOnLoad (153ms)
			ProcessInitializeOnLoadAttributes (197ms)
			ProcessInitializeOnLoadMethodAttributes (78ms)
			AfterProcessingInitializeOnLoad (4ms)
			EditorAssembliesLoaded (0ms)
		ExecutionOrderSort2 (0ms)
		AwakeInstancesAfterBackupRestoration (244ms)
Asset Pipeline Refresh (id=95d0dd14e27c7f12db8e0b3dcab99b04): Total: 2.129 seconds - Initiated by StopAssetImportingV2(ForceSynchronousImport | ForceDomainReload)
	Summary:
		Imports: total=0 (actual=0, local cache=0, cache server=0)
		Asset DB Process Time: managed=0 ms, native=1166 ms
		Asset DB Callback time: managed=30 ms, native=0 ms
		Scripting: domain reloads=1, domain reload time=929 ms, compile time=2 ms, other=0 ms
		Project Asset Count: scripts=757, non-scripts=1483
		Asset File Changes: new=0, changed=0, moved=0, deleted=0
		Scan Filter Count: 0
	InvokeCustomDependenciesCallbacks: 0.010ms
	InvokePackagesCallback: 0.671ms
	ApplyChangesToAssetFolders: 0.344ms
	Scan: 0.001ms
	OnSourceAssetsModified: 0.003ms
	CategorizeAssetsWithTransientArtifact: 0.004ms
	ProcessAssetsWithTransientArtifactChanges: 2.109ms
	CategorizeAssets: 43.039ms
	ImportOutOfDateAssets: 1079.124ms (1073.614ms without children)
		CompileScripts: 1.706ms
		CollectScriptTypesHashes: 2.205ms
		ReloadNativeAssets: 0.892ms
		UnloadImportedAssets: 0.091ms
		EnsureUptoDateAssetsAreRegisteredWithGuidPM: 0.341ms
		InitializingProgressBar: 0.000ms
		PostProcessAllAssetNotificationsAddChangedAssets: 0.000ms
		OnDemandSchedulerStart: 0.275ms
	PostProcessAllAssets: 30.805ms
	GatherAllCurrentPrimaryArtifactRevisions: 0.411ms
	UnloadStreamsBegin: 1.536ms
	PersistCurrentRevisions: 0.088ms
	UnloadStreamsEnd: 0.001ms
	GenerateScriptTypeHashes: 4.648ms
	Untracked: 970.542ms

Loaded scene 'Temp/__Backupscenes/0.backup'
	Deserialize:            0.757 ms
	Integration:            284.472 ms
	Integration of assets:  0.001 ms
	Thread Wait Time:       0.024 ms
	Total Operation Time:   285.254 ms
CHUPACABRAS_DETECTOR_OK {
    "unity": "6000.3.22f1",
    "platform": "LinuxEditor",
    "family": "tagStandard41h12",
    "id": 0,
    "detections": 1,
    "blankDetections": 0,
    "position": {
        "x": -0.000034351243812125176,
        "y": 0.00011600770085351542,
        "z": 0.27719518542289736
    },
    "rotation": {
        "x": 0.00254121795296669,
        "y": -0.001034087035804987,
        "z": -0.00020371917344164103,
        "w": 0.9999962449073792
    },
    "passed": true,
    "limitation": "Imagen sintética; cámara, proyección y teléfono pendientes"
}
UnityEngine.Debug:ExtractStackTraceNoAlloc (byte*,int,string)
UnityEngine.StackTraceUtility:ExtractStackTrace () (at /home/bokken/build/output/unity/unity/Runtime/Export/Scripting/StackTrace.cs:35)
UnityEngine.DebugLogHandler:Internal_Log (UnityEngine.LogType,UnityEngine.LogOption,string,UnityEngine.Object)
UnityEngine.DebugLogHandler:LogFormat (UnityEngine.LogType,UnityEngine.Object,string,object[])
UnityEngine.Logger:Log (UnityEngine.LogType,object)
UnityEngine.Debug:Log (object)
Chupacabras.DiagnosticScreen:Start () (at Assets/Scripts/DiagnosticScreen.cs:26)

(Filename: Assets/Scripts/DiagnosticScreen.cs Line: 26)

[UnityConnectServicesConfig] Service configuration:
    "servicesConfigBaseUrl": "",
    "disableServicesWindow": false,
    "disableUserLogin": false,
    "entitlementCacheTimeoutInSeconds": 60,
    "clientConnectTimeoutSec": 60,
    "clientHandshakeTimeoutSec": 30,
    "clientResolveEntitlementsTimeoutSec": 30,
    "clientUpdateLicenseTimeoutSec": 30,
    "licensingServiceBaseUrl": "",
    "enableProxyAutoconfig": "false"

Launched and connected shader compiler UnityShaderCompiler after 0.05 seconds
[Licensing::Client] Successfully resolved entitlement details
DisplayProgressbar: Material Upgrader re-import
Start importing Packages/com.unity.render-pipelines.universal/Runtime/Materials/Decal.mat using Guid(31d0dcc6f2dd4e4408d18036a2c93862) (NativeFormatImporter) -> (artifact id: '8f3d32c29394a79b41f28a25b53defe8') in 0.008609507 seconds
Start importing Packages/com.unity.render-pipelines.universal/Runtime/Materials/Lit.mat using Guid(31321ba15b8f8eb4c954353edc038b1d) (NativeFormatImporter) -> (artifact id: '960643f9fe6857c5d72b0d2fd2085c0e') in 0.001922574 seconds
Start importing Packages/com.unity.render-pipelines.universal/Runtime/Materials/Mesh2D-Unlit-Default.mat using Guid(71942363c5608a64bb62421349d39c9c) (NativeFormatImporter) -> (artifact id: 'ef7311a66811940111367c78fa0cdd5d') in 0.001567324 seconds
Start importing Packages/com.unity.render-pipelines.universal/Editor/SceneTemplates/Materials/Emissive.mat using Guid(92f845725428c954b878da352f657fe5) (NativeFormatImporter) -> (artifact id: 'b1f26f5eeb8ffbff6a8f6611506c4115') in 0.001568398 seconds
Start importing Packages/com.unity.render-pipelines.universal/Editor/SceneTemplates/Materials/Gold.mat using Guid(c2e40fa84d53ccd428f640eac126b1fb) (NativeFormatImporter) -> (artifact id: '9f9661d44e363023702c87ca4956e3f6') in 0.001930968 seconds
Start importing Packages/com.unity.render-pipelines.universal/Editor/SceneTemplates/Materials/Metal_Black.mat using Guid(b34b07a45ba63ce47896c9e674f3a7a7) (NativeFormatImporter) -> (artifact id: '2e543c70b0a48798291a154a0176c0e2') in 0.001447406 seconds
Start importing Packages/com.unity.render-pipelines.universal/Runtime/Materials/Mesh2D-Lit-Default.mat using Guid(9452ae1262a74094f8a68013fbcd1834) (NativeFormatImporter) -> (artifact id: 'a9f6a1c64081483a70fbc1be53f18baa') in 0.001045118 seconds
Start importing Packages/com.unity.render-pipelines.universal/Runtime/Materials/SpriteMask-Default.mat using Guid(15d0c3709176029428a0da2f8cecf0b5) (NativeFormatImporter) -> (artifact id: '9b9123c1145efbdb38e316f85cad951e') in 0.000820296 seconds
Start importing Packages/com.unity.render-pipelines.universal/Runtime/Materials/SpatialMappingOcclusion.mat using Guid(b51db210fe78df745a372851b3db949e) (NativeFormatImporter) -> (artifact id: 'e725b235a682e6bf286c10ab07552b74') in 0.000913732 seconds
Start importing Packages/com.unity.render-pipelines.universal/Editor/SceneTemplates/Materials/Ground.mat using Guid(761d8e1f988ed2345a28312145c79c6e) (NativeFormatImporter) -> (artifact id: '27ce923cbd5bcc4047b0e855e6fb0af9') in 0.00090967 seconds
Start importing Packages/com.unity.render-pipelines.universal/Runtime/Materials/RenderAs2D-Flattening.mat using Guid(b697f6a938056384e968ccf6527dac83) (NativeFormatImporter) -> (artifact id: '5ecfe90ca8080262222ed764ee85060b') in 0.00075021 seconds
Start importing Packages/com.unity.render-pipelines.universal/Runtime/Materials/FullscreenInvertColors.mat using Guid(78a08787ca30045abb69f6f7dd878e09) (NativeFormatImporter) -> (artifact id: 'ee24d1240c4d3093a35a8ce9cd6a6123') in 0.00188767 seconds
Start importing Packages/com.unity.render-pipelines.universal/Runtime/Materials/SpatialMappingWireframe.mat using Guid(9875a245ac49007498213638a307faa1) (NativeFormatImporter) -> (artifact id: '40a3a03ad30c23572795ee7951b74454') in 0.001062258 seconds
Start importing Packages/com.unity.render-pipelines.universal/Runtime/Materials/ParticlesUnlit.mat using Guid(e823cd5b5d27c0f4b8256e7c12ee3e6d) (NativeFormatImporter) -> (artifact id: 'aa862bff269d59d834f13819255630e6') in 0.000826628 seconds
Start importing Packages/com.unity.render-pipelines.universal/Runtime/Materials/TerrainLit.mat using Guid(594ea882c5a793440b60ff72d896021e) (NativeFormatImporter) -> (artifact id: '32c0756065a4c99773d8b19abfdb7370') in 0.001006564 seconds
Start importing Packages/com.unity.render-pipelines.universal/Runtime/Materials/Sprite-Lit-Default.mat using Guid(a97c105638bdf8b4a8650670310a4cd3) (NativeFormatImporter) -> (artifact id: '6b65b378b739cf40c13c1e455b16dff7') in 0.000821677 seconds
Start importing Packages/com.unity.render-pipelines.universal/Editor/SceneTemplates/Materials/White.mat using Guid(f96821bbefeea864b9b418af4b8615ac) (NativeFormatImporter) -> (artifact id: 'b0a10ce88eba78cadb227317064359ad') in 0.001076983 seconds
Start importing Packages/com.unity.render-pipelines.universal/Runtime/Materials/SimpleLit.mat using Guid(6a1143ee683302f4aa628c052723efc1) (NativeFormatImporter) -> (artifact id: '4e947c4ad6c49ec8c3dbccd89f2ba9c5') in 0.001063436 seconds
Start importing Packages/com.unity.render-pipelines.universal/Runtime/RendererFeatures/SurfaceCacheGI/FallbackMaterial.mat using Guid(8a239b3da89050c4e89ac06b168fc684) (NativeFormatImporter) -> (artifact id: '365f287f19db505f8da5f5a7aa1bdbca') in 0.002355673 seconds
Start importing Packages/com.unity.render-pipelines.universal/Runtime/Materials/Sprite-Unlit-Default.mat using Guid(9dfc825aed78fcd4ba02077103263b40) (NativeFormatImporter) -> (artifact id: '3535407266e63a704ebed07394e8e29d') in 0.001153081 seconds
Start importing Packages/com.unity.render-pipelines.universal/Editor/SceneTemplates/Materials/Black.mat using Guid(4f1ef37ae953c484bbc5d5e4049147e5) (NativeFormatImporter) -> (artifact id: 'c073248664ba5268b69bc9cf80293393') in 0.001074774 seconds
Start importing Packages/com.unity.searcher/Editor/Resources/FlatSkin/Font/Roboto-Black.ttf using Guid(1062c701058745940ae5dca6219c64c8) (TrueTypeFontImporter) -> (artifact id: 'ef40083698085776e92e5bbc1f570257') in 0.004806205 seconds
Start importing Packages/com.unity.searcher/Editor/Resources/FlatSkin/Font/Roboto-Regular.ttf using Guid(30dc370b164eefc43b95744fc796dad0) (TrueTypeFontImporter) -> (artifact id: '683d18bf5e218c6eed63277e1dfcdc26') in 0.002060136 seconds
Start importing Packages/com.unity.searcher/Editor/Resources/FlatSkin/Font/Roboto-ThinItalic.ttf using Guid(b2ea3b3f1765e544b9eb5bd1a93a91ce) (TrueTypeFontImporter) -> (artifact id: '98a0173ec4c4b18b1e46b80ef84829c8') in 0.002187763 seconds
Start importing Packages/com.unity.render-pipelines.core/Runtime/Debugging/Prefabs/Fonts/PerfectDOSVGA437.ttf using Guid(74a5091d8707f334b9a5c31ef71a64ba) (TrueTypeFontImporter) -> (artifact id: 'afc42752fbac610139faf8202cae9a2f') in 0.002237727 seconds
Start importing Packages/com.unity.searcher/Editor/Resources/FlatSkin/Font/Roboto-Medium.ttf using Guid(a51a3aebb43ac044989270407476b208) (TrueTypeFontImporter) -> (artifact id: '70bf20ea527719e334eeefed822698f2') in 0.002200011 seconds
Start importing Packages/com.unity.searcher/Editor/Resources/FlatSkin/Font/Roboto-Bold.ttf using Guid(3750c318f40cab44a97d3a81beaefeb3) (TrueTypeFontImporter) -> (artifact id: '54ca8da51f5228d5a2ee84f99e52c983') in 0.002429136 seconds
Start importing Packages/com.unity.searcher/Editor/Resources/FlatSkin/Font/Roboto-Italic.ttf using Guid(c839255fc8f6b4b4d90bf8c1af9f9bd1) (TrueTypeFontImporter) -> (artifact id: '5f67d0067cb7ea1922d4470b646f5ca5') in 0.002261631 seconds
Start importing Packages/com.unity.searcher/Editor/Resources/FlatSkin/Font/Roboto-Thin.ttf using Guid(19a9abb883540be48b75b951a927ae03) (TrueTypeFontImporter) -> (artifact id: 'f4c3c7cad9adae040ee3a0f81b3e8d55') in 0.001920283 seconds
Start importing Packages/com.unity.searcher/Editor/Resources/FlatSkin/Font/Roboto-MediumItalic.ttf using Guid(d93c1bc57fdf1ac4dad1bf04fac05464) (TrueTypeFontImporter) -> (artifact id: 'd3d6c6a515a906a78e7bc0dbb255b55d') in 0.00197139 seconds
Start importing Packages/com.unity.searcher/Editor/Resources/FlatSkin/Font/Roboto-BlackItalic.ttf using Guid(f95147a9bab9fe649b8070170fa7ebd2) (TrueTypeFontImporter) -> (artifact id: '74922d17deadaaf4ecb443424c733337') in 0.002067277 seconds
Start importing Packages/com.unity.searcher/Editor/Resources/FlatSkin/Font/Roboto-Light.ttf using Guid(2a29e27936eb547458f646f71125b264) (TrueTypeFontImporter) -> (artifact id: '6dd51b7e81add7cb67c487e7f4a41244') in 0.002412706 seconds
Start importing Packages/com.unity.searcher/Editor/Resources/FlatSkin/Font/Roboto-LightItalic.ttf using Guid(5e63515167650a541b309ba3bfd4db3d) (TrueTypeFontImporter) -> (artifact id: '4d62425f2d2a99688f9daf772e087739') in 0.002685589 seconds
Start importing Packages/com.unity.searcher/Editor/Resources/FlatSkin/Font/Roboto-BoldItalic.ttf using Guid(dfb97a9307a577a41bcacba34b9a7e32) (TrueTypeFontImporter) -> (artifact id: 'b5beb24ec7566a26ec0a194c52c4fb56') in 0.002332251 seconds
Start importing Packages/com.unity.shadergraph/GraphTemplates/BuiltIn/BuiltIn Lit Basic.shadergraph using Guid(2019d78ad3d1c5c4a8d309a857ca449f) (ScriptedImporter) -> (artifact id: 'd4f6124547e6bb37b0fa22d6d8e2ad3b') in 0.705000712 seconds
Start importing Packages/com.unity.render-pipelines.universal/Runtime/Materials/ArnoldStandardSurface/ArnoldStandardSurfaceTransparent.shadergraph using Guid(30fa68ce467463643a86b839ca0eb195) (ScriptedImporter) -> (artifact id: '3b3acd8582dd6d1b99ced0a6f764d3c3') in 0.535990117 seconds
Start importing Packages/com.unity.render-pipelines.universal/Shaders/AutodeskInteractive/AutodeskInteractiveMasked.shadergraph using Guid(80aa867ac363ac043847b06ad71604cd) (ScriptedImporter) -> (artifact id: 'a297340971d96b1450254505278d2654') in 0.38861467 seconds
Start importing Packages/com.unity.shadergraph/GraphTemplates/Cross Pipeline/0_Lit Basic.shadergraph using Guid(a2407126e3372f64cacb75ed466a5621) (ScriptedImporter) -> (artifact id: 'efd7ad95c9b32f1e67829a3c4c662425') in 0.374749498 seconds
Start importing Packages/com.unity.shadergraph/GraphTemplates/Cross Pipeline/Unlit Simple.shadergraph using Guid(2476a2d151e824143af40dce1fc93a12) (ScriptedImporter) -> (artifact id: '85812abdce51216dc21fae45a5825b14') in 0.353178887 seconds
Start importing Packages/com.unity.render-pipelines.universal/Shaders/2D/VFXSpriteLit.shadergraph using Guid(24a73dccd7b6fad4798be282f96a21f4) (ScriptedImporter) -> (artifact id: 'ac1b3793152002330013d1dd5ddf024d') in 0.099040193 seconds
Start importing Packages/com.unity.render-pipelines.universal/Runtime/Materials/PhysicalMaterial3DsMax/PhysicalMaterial3DsMax.shadergraph using Guid(44245ab89240f51459a5077d7145c452) (ScriptedImporter) -> (artifact id: 'd85680997c60cb212add81478ac1f5db') in 0.38868676 seconds
Start importing Packages/com.unity.render-pipelines.universal/Editor/ShaderGraph/GraphTemplates/2D/1_2D Sprite Unlit.shadergraph using Guid(25a0ebb4827f3cc47a1af2c79005f65b) (ScriptedImporter) -> (artifact id: 'e0c8cecef148db23bbdfbc905b3c0eab') in 0.10277222 seconds
Start importing Packages/com.unity.shadergraph/GraphTemplates/BuiltIn/BuiltIn Unlit Basic.shadergraph using Guid(9618d41bb71f74048bb6cace8785b93d) (ScriptedImporter) -> (artifact id: '9e6c809f7280924680433eaa58c1f78d') in 0.335759153 seconds
Start importing Packages/com.unity.shadergraph/GraphTemplates/Cross Pipeline/2_Particle Lit.shadergraph using Guid(a680d9a9f8b66514abbfd3ae1c8f77f7) (ScriptedImporter) -> (artifact id: 'c0cc86cc1d24544f170ceefc15cccdbf') in 0.41704625 seconds
Start importing Packages/com.unity.render-pipelines.universal/Editor/ShaderGraph/GraphTemplates/UITKBasicTemplate.shadergraph using Guid(0738648e2f2f84b489a2f0076b69e30a) (ScriptedImporter) -> (artifact id: 'f0ed44c2ed8fee35264d6f6cc6301d67') in 0.074736998 seconds
Start importing Packages/com.unity.shadergraph/GraphTemplates/Cross Pipeline/1_Decal Material Volume.shadergraph using Guid(1716ff8c1e51af14280cc97fbcba3b11) (ScriptedImporter) -> (artifact id: '22ff3f19c2bb27d63f65e38048f880a4') in 0.191577356 seconds
Start importing Packages/com.unity.render-pipelines.universal/Runtime/Materials/ArnoldStandardSurface/ArnoldStandardSurface.shadergraph using Guid(3739e562a03fc0b4982d8aa66cc50865) (ScriptedImporter) -> (artifact id: '756112249da4a94e4f5a379ae76843dc') in 0.326320917 seconds
Start importing Packages/com.unity.render-pipelines.universal/Shaders/2D/VFXSpriteUnlit.shadergraph using Guid(d7288f66e4fb0634c9afef98c31b722a) (ScriptedImporter) -> (artifact id: 'a9aab6fd69ff5f657bb30eedd3a8050a') in 0.064387798 seconds
Start importing Packages/com.unity.shadergraph/GraphTemplates/Cross Pipeline/0_Decal Simple.shadergraph using Guid(39144937a5efe954dac51acbbe54157e) (ScriptedImporter) -> (artifact id: '122e4edc55db7814ca0faaef93090376') in 0.102561672 seconds
Start importing Packages/com.unity.render-pipelines.universal/Shaders/Nature/SpeedTree8_PBRLit.shadergraph using Guid(9920c1f1781549a46ba081a2a15a16ec) (ScriptedImporter) -> (artifact id: '2cccf112749f1cb76570ed4839b76221') in 0.539500007 seconds
Start importing Packages/com.unity.render-pipelines.universal/Runtime/Materials/PhysicalMaterial3DsMax/PhysicalMaterial3DsMaxTransparent.shadergraph using Guid(1a207e3bee00db44b940e6f362a8e148) (ScriptedImporter) -> (artifact id: '7cb59e889bc6157908a4d9e2f9377266') in 0.306932486 seconds
Start importing Packages/com.unity.shadergraph/GraphTemplates/Cross Pipeline/UGUI Canvas Basic.shadergraph using Guid(5a4a765e921b8554eb959f7cf697b3be) (ScriptedImporter) -> (artifact id: 'c5cbfb3272c9e295782c442fa5b7238c') in 0.065191176 seconds
Start importing Packages/com.unity.render-pipelines.universal/Shaders/Decal.shadergraph using Guid(9b4e681081e2b4c469111bb649e2f7ee) (ScriptedImporter) -> (artifact id: 'a3357797e0486409a90f7a84d8687325') in 0.076497301 seconds
Start importing Packages/com.unity.render-pipelines.universal/Shaders/Nature/SpeedTree9_URP.shadergraph using Guid(cbd3e1cc4ae141c42a30e33b4d666a61) (ScriptedImporter) -> (artifact id: '732ea990719e4e4e45b9299481a7ce7c') in 0.464579265 seconds
Start importing Packages/com.unity.render-pipelines.universal/Shaders/FullscreenInvertColors.shadergraph using Guid(fb6390f650ca44a5ba3246d8dda47927) (ScriptedImporter) -> (artifact id: '3436f1b84c037e1445a134efc49a7251') in 0.055329976 seconds
Start importing Packages/com.unity.render-pipelines.universal/Shaders/AutodeskInteractive/AutodeskInteractiveTransparent.shadergraph using Guid(5c81372d981403744adbdda4433c9c11) (ScriptedImporter) -> (artifact id: 'b4610ee54b3bfcd5fc7f74834b8bc45f') in 0.288995083 seconds
Start importing Packages/com.unity.render-pipelines.universal/Editor/ShaderGraph/GraphTemplates/Terrain Standard 4 Layers URP.shadergraph using Guid(bc3def193b270c649b041063a70a1a1f) (ScriptedImporter)Shader 'Hidden/Terrain/Terrain Standard 4 Layers URP': dependency 'AddPassShader' shader 'Hidden/Hidden/Terrain/Terrain Standard 4 Layers URP_AddPass' not found
Shader 'Hidden/Terrain/Terrain Standard 4 Layers URP': dependency 'BaseMapGenShader' shader 'Hidden/Hidden/Terrain/Terrain Standard 4 Layers URP_BaseMapGen' not found
Shader 'Hidden/Terrain/Terrain Standard 4 Layers URP': dependency 'AddPassShader' shader 'Hidden/Hidden/Terrain/Terrain Standard 4 Layers URP_AddPass' not found
Shader 'Hidden/Terrain/Terrain Standard 4 Layers URP': dependency 'BaseMapGenShader' shader 'Hidden/Hidden/Terrain/Terrain Standard 4 Layers URP_BaseMapGen' not found
 -> (artifact id: '2972eb4ffa35a350357e20778d5d2232') in 0.561370006 seconds
Start importing Packages/com.unity.shadergraph/GraphTemplates/Cross Pipeline/UGUI Canvas Meter.shadergraph using Guid(9d4e8ca8c5046914c87ca6ccef140dac) (ScriptedImporter) -> (artifact id: 'bef0c667addcba86f7287b2ee27bd150') in 0.059455145 seconds
Start importing Packages/com.unity.render-pipelines.universal/Editor/ShaderGraph/GraphTemplates/2D/0_2D Sprite Lit.shadergraph using Guid(bde135b320597544b9ac325092409f8b) (ScriptedImporter) -> (artifact id: 'bc767743cd5230d9fa3b47d766507770') in 0.073080207 seconds
Start importing Packages/com.unity.render-pipelines.universal/Shaders/AutodeskInteractive/AutodeskInteractive.shadergraph using Guid(0e9d5a909a1f7e84882a534d0d11e49f) (ScriptedImporter) -> (artifact id: '244dea8bf10ac5fa2c90bf39ef5413d5') in 0.286651918 seconds
Start importing Packages/com.unity.render-pipelines.universal/Editor/ShaderGraph/GraphTemplates/UITKFullTemplate.shadergraph using Guid(3e01bbae25716b24ea9da11102b44902) (ScriptedImporter) -> (artifact id: '89bdb65d43632fbc8f2a2cb39fa2c6cf') in 0.043382724 seconds
Start importing Packages/com.unity.shadergraph/GraphTemplates/Custom Render Texture.shadergraph using Guid(7ef2cf71ad164fe479662ae612dff99e) (ScriptedImporter) -> (artifact id: '472354f2eccc5d69d6e988f455631fc4') in 0.019906977 seconds
Start importing Packages/com.unity.shadergraph/GraphTemplates/Cross Pipeline/1_Lit Full.shadergraph using Guid(aee84ce0dab81b049bb88017d78a63cd) (ScriptedImporter) -> (artifact id: '593d4a6ad7b991c8115b150aaee75168') in 0.367181568 seconds
Start importing Packages/com.unity.shadergraph/GraphTemplates/Cross Pipeline/Terrain Simple.shadergraph using Guid(def488a52add6574d9f295a507032cb8) (ScriptedImporter)Shader 'Hidden/Terrain/Terrain Simple': dependency 'AddPassShader' shader 'Hidden/Hidden/Terrain/Terrain Simple_AddPass' not found
Shader 'Hidden/Terrain/Terrain Simple': dependency 'BaseMapGenShader' shader 'Hidden/Hidden/Terrain/Terrain Simple_BaseMapGen' not found
Shader 'Hidden/Terrain/Terrain Simple': dependency 'AddPassShader' shader 'Hidden/Hidden/Terrain/Terrain Simple_AddPass' not found
Shader 'Hidden/Terrain/Terrain Simple': dependency 'BaseMapGenShader' shader 'Hidden/Hidden/Terrain/Terrain Simple_BaseMapGen' not found
 -> (artifact id: '01af0bbbe3703a3bbdbc6e73f3637dcd') in 0.23868646 seconds
Start importing Packages/com.unity.shadergraph/GraphTemplates/Cross Pipeline/0_Particle Unlit.shadergraph using Guid(af66091e0eca0c04a9c3584ae867418a) (ScriptedImporter) -> (artifact id: 'f9efee81ab54eca626bc43e90b551f07') in 0.334670529 seconds
Start importing Packages/com.unity.render-pipelines.universal/Editor/ShaderGraph/GraphTemplates/2D/2_2D Sprite Custom Lit.shadergraph using Guid(bfad0aba0faa90547b68abd10bb6be86) (ScriptedImporter) -> (artifact id: '322a16f30c1475da8e77123b614f2dc1') in 0.096342115 seconds
Start importing Packages/com.unity.render-pipelines.universal/Editor/ShaderGraph/GraphTemplates/Fullscreen Basic URP.shadergraph using Guid(df41eefe8c13d444ca890dddbbc61f8d) (ScriptedImporter) -> (artifact id: '447b1dfd33be18af62325bb7b1163a51') in 0.081061084 seconds
Start importing Packages/com.unity.render-pipelines.core/Runtime/RenderPipelineResources/Mesh/SamplesFixture.fbx using Guid(b28fa67a0ff82c5478f27368dc627683) (FBXImporter) -> (artifact id: 'f580cff2fc6f2303a5c1e281a78304a6') in 0.156233803 seconds
Start importing Packages/com.unity.render-pipelines.core/Runtime/RenderPipelineResources/Mesh/SamplesFloorSpotlight.fbx using Guid(1dbf28c1bb322474d981b2dc555e28b0) (FBXImporter) -> (artifact id: '5e1183843000890a26ded6b6815d218f') in 0.018481172 seconds
Refreshing native plugins compatible for Editor in 0.51 ms, found 1 plugins.
Preloading 0 native plugins for Editor in 0.00 ms.
Asset Pipeline Refresh (id=a6cb2288696341d419bb7d967267ca76): Total: 9.029 seconds - Initiated by StopAssetImportingV2(NoUpdateAssetOptions)
	Summary:
		Imports: total=69 (actual=69, local cache=0, cache server=0)
		Asset DB Process Time: managed=101 ms, native=8757 ms
		Asset DB Callback time: managed=53 ms, native=116 ms
		Scripting: domain reloads=0, domain reload time=0 ms, compile time=0 ms, other=0 ms
		Project Asset Count: scripts=757, non-scripts=1483
		Asset File Changes: new=0, changed=0, moved=0, deleted=0
		Scan Filter Count: 102
	InvokeCustomDependenciesCallbacks: 0.002ms
	InvokePackagesCallback: 0.002ms
	ApplyChangesToAssetFolders: 0.242ms
	Scan: 31.597ms
	OnSourceAssetsModified: 0.001ms
	CategorizeAssetsWithTransientArtifact: 0.256ms
	ProcessAssetsWithTransientArtifactChanges: 0.311ms
	CategorizeAssets: 3.297ms
	ImportOutOfDateAssets: 8813.007ms (-6.637ms without children)
		ImportManagerImport: 8809.269ms (124.294ms without children)
			ImportInProcess: 8677.801ms
			UpdateCategorizedAssets: 7.174ms
		ReloadNativeAssets: 0.051ms
		UnloadImportedAssets: 2.488ms
		ReloadImportedAssets: 6.897ms
		EnsureUptoDateAssetsAreRegisteredWithGuidPM: 0.472ms
		InitializingProgressBar: 0.007ms
		PostProcessAllAssetNotificationsAddChangedAssets: 0.001ms
		OnDemandSchedulerStart: 0.458ms
	PostProcessAllAssets: 163.857ms
	Hotreload: 6.096ms
	GatherAllCurrentPrimaryArtifactRevisions: 0.242ms
	UnloadStreamsBegin: 2.451ms
	PersistCurrentRevisions: 0.256ms
	UnloadStreamsEnd: 0.079ms
	Untracked: 7.257ms

Start Indexing on Editor startup
ArgumentOutOfRangeException: Index was out of range. Must be non-negative and less than the size of the collection.
Parameter name: index
  at System.Collections.Generic.List`1[T].get_Item (System.Int32 index) [0x00009] in <e605204d165a49d89ae7579f3d894429>:0 
  at UnityEditor.Search.SearchDatabase+<EnumerateAll>d__81.MoveNext () [0x00106] in /home/bokken/build/output/unity/unity/Modules/QuickSearch/Editor/Indexing/SearchDatabase.cs:449 
  at System.Linq.Enumerable.TryGetFirst[TSource] (System.Collections.Generic.IEnumerable`1[T] source, System.Boolean& found) [0x00045] in <30cb9806a8774f11bb35ea6b11076cb4>:0 
  at System.Linq.Enumerable.First[TSource] (System.Collections.Generic.IEnumerable`1[T] source) [0x00000] in <30cb9806a8774f11bb35ea6b11076cb4>:0 
  at UnityEditor.Search.SearchDatabase.GetDefaultSearchDatabase () [0x00001] in /home/bokken/build/output/unity/unity/Modules/QuickSearch/Editor/Indexing/SearchDatabase.cs:424 
  at UnityEditor.Search.SearchInit.IndexationOnStartup () [0x0000c] in /home/bokken/build/output/unity/unity/Modules/QuickSearch/Editor/SearchInit.cs:109 
  at UnityEditor.EditorApplication.Internal_CallDelayFunctions () [0x0002c] in /home/bokken/build/output/unity/unity/Editor/Mono/EditorApplication.cs:407 

(Filename: /home/bokken/build/output/unity/unity/Modules/QuickSearch/Editor/Indexing/SearchDatabase.cs Line: 449)

Created GICache directory at /home/cacawatin/.cache/unity3d/GiCache. Took: 0.028s, timestamps: [17.570 - 17.598]
CHUPACABRAS_EDITOR_PREVIEW docs/evidencias/editor_diagnostic_20260923_210848.png
UnityEngine.Debug:ExtractStackTraceNoAlloc (byte*,int,string)
UnityEngine.StackTraceUtility:ExtractStackTrace () (at /home/bokken/build/output/unity/unity/Runtime/Export/Scripting/StackTrace.cs:35)
UnityEngine.DebugLogHandler:Internal_Log (UnityEngine.LogType,UnityEngine.LogOption,string,UnityEngine.Object)
UnityEngine.DebugLogHandler:LogFormat (UnityEngine.LogType,UnityEngine.Object,string,object[])
UnityEngine.Logger:Log (UnityEngine.LogType,object)
UnityEngine.Debug:Log (object)
DiagnosticPreview:Tick () (at Assets/Editor/DiagnosticPreview.cs:50)
UnityEditor.EditorApplication:Internal_CallUpdateFunctions () (at /home/bokken/build/output/unity/unity/Editor/Mono/EditorApplication.cs:392)

(Filename: Assets/Editor/DiagnosticPreview.cs Line: 50)

Killing ADB server in 0.066273 seconds.
The command could not be loaded, possibly because:
  * You intended to execute a .NET application:
      The application 'build-server' does not exist.
  * You intended to execute a .NET SDK command:
      No .NET SDKs were found.

Download a .NET SDK:
https://aka.ms/dotnet-download

Learn about SDK resolution:
https://aka.ms/dotnet/sdk-not-found
[Physics::Module] Cleanup current backend.
[Physics::Module] Id: 0xf2b8ea05
Input System module state changed to: ShutdownInProgress.
Input System polling thread exited.
Input System module state changed to: Shutdown.
[Licensing::IpcConnector] LicenseClient-cacawatin-notifications channel disconnected successfully.
[Licensing::IpcConnector] LicenseClient-cacawatin channel disconnected successfully.
AcceleratorClientConnectionCallback - disconnected - :0
[40m[32minfo[39m[22m[49m: Microsoft.Hosting.Lifetime[0]
      Application is shutting down...
[40m[32minfo[39m[22m[49m: Unity.ILPP.Runner.PostProcessingAssemblyLoadContext[0]
      ALC ILPP context 1 is unloading
Cleanup mono
debugger-agent: Unable to listen on 76
Vulkan PSO: data extracted [new size=57007, old size=0, incomplete=0]
Vulkan PSO: Saved size[57007] path[/tmp/Chupacabras/Chupacabras — Prueba técnica/vulkan_pso_cache.bin] success=1 headerChanged=1 sizeChanged=1
[Package Manager] Server process was shutdown
Checking for leaked weakptr:
  Found no leaked weakptrs.
##utp:{"type":"MemoryLeaks","version":2,"phase":"Immediate","time":1790197745546,"processId":21376,"allocatedMemory":12001201,"memoryLabels":[{"Default":24121},{"Permanent":15960},{"Thread":1086856},{"Manager":805969},{"VertexData":8},{"Geometry":408},{"Texture":296},{"Shader":88112},{"Material":6294},{"GfxDevice":41936},{"Animation":456},{"Audio":2656},{"Font":1782565},{"FreeType":63508},{"FontEngine":736},{"Physics":2146},{"Physics2D":16},{"Serialization":360},{"Input":26888},{"JobScheduler":33024},{"TextLib":280},{"Mono":32},{"MonoCode":96},{"ScriptingNativeRuntime":155096},{"BaseObject":1622952},{"Resource":1064},{"Renderer":3000},{"Transform":4717},{"File":3757},{"WebCam":80},{"Culling":32},{"Terrain":11298},{"Wind":24},{"String":52599},{"DynamicArray":98281},{"HashMap":141120},{"Utility":2660352},{"Curl":2450},{"PoolAlloc":2048},{"AI":80},{"TypeTree":5341},{"ScriptManager":512},{"RuntimeInitializeOnLoadManager":64},{"SpriteAtlas":112},{"GI":7384},{"Director":8208},{"CloudService":19104},{"WebRequest":14367},{"VR":47754},{"SceneManager":536},{"Video":64},{"LazyScriptCache":32},{"Camera":17},{"Secure":10161},{"SerializationCache":1576},{"APIUpdating":10320},{"Subsystems":336},{"VirtualTexturing":57552},{"StaticSafetyDebugInfo":278528},{"Analytics":464},{"Hierarchy":1416},{"CoreStats":13112},{"Identifiers":6480},{"Gui":623},{"EditorUtility":111477},{"VersionControl":4},{"Undo":979},{"AssetDatabase":2617490},{"EditorGi":328},{"UnityConnect":29432},{"Upm":1744},{"AssetCompliance":64},{"DrivenProperties":72},{"LocalIPC":152},{"ProfilerEditor":9746},{"CoreBusinessMetrics":2377},{"Licensing":1640},{"AssetReference":32},{"IPCStream":32}]}
